Struthio camelus,Least Concern
Struthio molybdophanes,Vulnerable
Dromaius novaehollandiae,Least Concern
Casuarius bennetti,Least Concern
Casuarius casuarius,Least Concern
Casuarius unappendiculatus,Least Concern
Apteryx australis,Vulnerable
Apteryx mantelli,Vulnerable
Apteryx maxima,Vulnerable
Apteryx owenii,Near Threatened
Apteryx rowi,Vulnerable
Rhea americana,Near Threatened
Rhea pennata,Least Concern
Tinamotis ingoufi,Least Concern
Tinamotis pentlandii,Least Concern
Eudromia elegans,Least Concern
Eudromia formosa,Least Concern
Taoniscus nanus,Endangered
Nothura boraquira,Least Concern
Nothura darwinii,Least Concern
Nothura maculosa,Least Concern
Nothura minor,Vulnerable
Rhynchotus maculicollis,Least Concern
Rhynchotus rufescens,Least Concern
Nothoprocta cinerascens,Least Concern
Nothoprocta curvirostris,Least Concern
Nothoprocta ornata,Least Concern
Nothoprocta pentlandii,Least Concern
Nothoprocta perdicaria,Least Concern
Nothoprocta taczanowskii,Vulnerable
Nothocercus bonapartei,Least Concern
Nothocercus julius,Least Concern
Nothocercus nigrocapillus,Least Concern
Tinamus guttatus,Near Threatened
Tinamus major,Least Concern
Tinamus osgoodi,Vulnerable
Tinamus solitarius,Near Threatened
Tinamus tao,Vulnerable
Crypturellus atrocapillus,Least Concern
Crypturellus bartletti,Least Concern
Crypturellus berlepschi,Least Concern
Crypturellus boucardi,Vulnerable
Crypturellus brevirostris,Least Concern
Crypturellus casiquiare,Least Concern
Crypturellus cinereus,Least Concern
Crypturellus cinnamomeus,Least Concern
Crypturellus duidae,Least Concern
Crypturellus erythropus,Least Concern
Crypturellus kerriae,Near Threatened
Crypturellus noctivagus,Near Threatened
Crypturellus obsoletus,Least Concern
Crypturellus parvirostris,Least Concern
Crypturellus ptaritepui,Least Concern
Crypturellus soui,Least Concern
Crypturellus strigulosus,Least Concern
Crypturellus tataupa,Least Concern
Crypturellus transfasciatus,Near Threatened
Crypturellus undulatus,Least Concern
Crypturellus variegatus,Least Concern
Anhima cornuta,Least Concern
Chauna chavaria,Least Concern
Chauna torquata,Least Concern
Anseranas semipalmata,Least Concern
Thalassornis leuconotus,Least Concern
Dendrocygna arborea,Near Threatened
Dendrocygna arcuata,Least Concern
Dendrocygna autumnalis,Least Concern
Dendrocygna bicolor,Least Concern
Dendrocygna eytoni,Least Concern
Dendrocygna guttata,Least Concern
Dendrocygna javanica,Least Concern
Dendrocygna viduata,Least Concern
Biziura lobata,Least Concern
Nettapus auritus,Least Concern
Nettapus coromandelianus,Least Concern
Nettapus pulchellus,Least Concern
Stictonetta naevosa,Least Concern
Heteronetta atricapilla,Least Concern
Nomonyx dominicus,Least Concern
Oxyura australis,Least Concern
Oxyura jamaicensis,Least Concern
Oxyura leucocephala,Endangered
Oxyura maccoa,Endangered
Oxyura vittata,Least Concern
Plectropterus gambensis,Least Concern
Malacorhynchus membranaceus,Least Concern
Coscoroba coscoroba,Least Concern
Cereopsis novaehollandiae,Least Concern
Cygnus atratus,Least Concern
Cygnus buccinator,Least Concern
Cygnus columbianus,Least Concern
Cygnus cygnus,Least Concern
Cygnus melancoryphus,Least Concern
Cygnus olor,Least Concern
Branta bernicla,Least Concern
Branta canadensis,Least Concern
Branta hutchinsii,Least Concern
Branta leucopsis,Least Concern
Branta ruficollis,Vulnerable
Branta sandvicensis,Near Threatened
Anser albifrons,Least Concern
Anser anser,Least Concern
Anser brachyrhynchus,Least Concern
Anser caerulescens,Least Concern
Anser canagicus,Least Concern
Anser cygnoides,Vulnerable
Anser erythropus,Vulnerable
Anser fabalis,Least Concern
Anser indicus,Least Concern
Anser rossii,Least Concern
Anser serrirostris,Unknown
Merganetta armata,Least Concern
Callonetta leucophrys,Least Concern
Cairina moschata,Least Concern
Aix galericulata,Least Concern
Aix sponsa,Least Concern
Neochen jubata,Near Threatened
Chloephaga hybrida,Least Concern
Chloephaga melanoptera,Least Concern
Chloephaga picta,Least Concern
Chloephaga poliocephala,Least Concern
Chloephaga rubidiceps,Least Concern
Radjah radjah,Least Concern
Alopochen aegyptiaca,Least Concern
Alopochen kervazoi,Extinct
Alopochen mauritiana,Extinct
Tadorna cana,Least Concern
Tadorna cristata,Critically Endangered
Tadorna ferruginea,Least Concern
Tadorna tadorna,Least Concern
Tadorna tadornoides,Least Concern
Tadorna variegata,Least Concern
Clangula hyemalis,Vulnerable
Polysticta stelleri,Vulnerable
Camptorhynchus labradorius,Extinct
Somateria fischeri,Near Threatened
Somateria mollissima,Near Threatened
Somateria spectabilis,Least Concern
Histrionicus histrionicus,Least Concern
Melanitta americana,Near Threatened
Melanitta deglandi,Least Concern
Melanitta fusca,Vulnerable
Melanitta nigra,Least Concern
Melanitta perspicillata,Least Concern
Melanitta stejnegeri,Least Concern
Bucephala albeola,Least Concern
Bucephala clangula,Least Concern
Bucephala islandica,Least Concern
Mergellus albellus,Least Concern
Lophodytes cucullatus,Least Concern
Mergus australis,Extinct
Mergus merganser,Least Concern
Mergus octosetaceus,Critically Endangered
Mergus serrator,Least Concern
Mergus squamatus,Endangered
Sarkidiornis melanotos,Least Concern
Sarkidiornis sylvicola,Least Concern
Hymenolaimus malacorhynchos,Endangered
Chenonetta jubata,Least Concern
Cyanochen cyanoptera,Near Threatened
Pteronetta hartlaubii,Least Concern
Marmaronetta angustirostris,Near Threatened
Asarcornis scutulata,Critically Endangered
Rhodonessa caryophyllacea,Critically Endangered
Netta erythrophthalma,Least Concern
Netta peposaca,Least Concern
Netta rufina,Least Concern
Aythya affinis,Least Concern
Aythya americana,Least Concern
Aythya australis,Least Concern
Aythya baeri,Critically Endangered
Aythya collaris,Least Concern
Aythya ferina,Vulnerable
Aythya fuligula,Least Concern
Aythya innotata,Critically Endangered
Aythya marila,Least Concern
Aythya novaeseelandiae,Least Concern
Aythya nyroca,Near Threatened
Aythya valisineria,Least Concern
Salvadorina waigiuensis,Least Concern
Lophonetta specularioides,Least Concern
Speculanas specularis,Near Threatened
Amazonetta brasiliensis,Least Concern
Tachyeres brachypterus,Least Concern
Tachyeres leucocephalus,Vulnerable
Tachyeres patachonicus,Least Concern
Tachyeres pteneres,Least Concern
Sibirionetta formosa,Least Concern
Spatula clypeata,Least Concern
Spatula cyanoptera,Least Concern
Spatula discors,Least Concern
Spatula hottentota,Least Concern
Spatula platalea,Least Concern
Spatula puna,Least Concern
Spatula querquedula,Least Concern
Spatula rhynchotis,Least Concern
Spatula smithii,Least Concern
Spatula versicolor,Least Concern
Mareca americana,Least Concern
Mareca falcata,Least Concern
Mareca marecula,Extinct
Mareca penelope,Least Concern
Mareca sibilatrix,Least Concern
Mareca strepera,Least Concern
Anas acuta,Least Concern
Anas albogularis,Near Threatened
Anas andium,Least Concern
Anas aucklandica,Near Threatened
Anas bahamensis,Least Concern
Anas bernieri,Endangered
Anas capensis,Least Concern
Anas castanea,Least Concern
Anas chlorotis,Near Threatened
Anas crecca,Least Concern
Anas diazi,Unknown
Anas eatoni,Vulnerable
Anas erythrorhyncha,Least Concern
Anas flavirostris,Least Concern
Anas fulvigula,Least Concern
Anas georgica,Least Concern
Anas gibberifrons,Near Threatened
Anas gracilis,Least Concern
Anas laysanensis,Critically Endangered
Anas luzonica,Vulnerable
Anas melleri,Endangered
Anas nesiotis,Vulnerable
Anas platyrhynchos,Least Concern
Anas poecilorhyncha,Least Concern
Anas rubripes,Least Concern
Anas sparsa,Least Concern
Anas superciliosa,Least Concern
Anas theodori,Extinct
Anas undulata,Least Concern
Anas wyvilliana,Vulnerable
Anas zonorhyncha,Least Concern
Leipoa ocellata,Vulnerable
Talegalla cuvieri,Least Concern
Talegalla fuscirostris,Least Concern
Talegalla jobiensis,Least Concern
Alectura lathami,Least Concern
Aepypodius arfakianus,Least Concern
Aepypodius bruijnii,Endangered
Macrocephalon maleo,Critically Endangered
Eulipoa wallacei,Vulnerable
Megapodius bernsteinii,Vulnerable
Megapodius cumingii,Least Concern
Megapodius decollatus,Least Concern
Megapodius eremita,Least Concern
Megapodius freycinet,Least Concern
Megapodius geelvinkianus,Near Threatened
Megapodius laperouse,Near Threatened
Megapodius layardi,Least Concern
Megapodius nicobariensis,Vulnerable
Megapodius pritchardii,Vulnerable
Megapodius reinwardt,Least Concern
Megapodius tenimberensis,Vulnerable
Penelopina nigra,Vulnerable
Chamaepetes goudotii,Least Concern
Chamaepetes unicolor,Least Concern
Aburria aburri,Least Concern
Pipile cujubi,Vulnerable
Pipile cumanensis,Least Concern
Pipile grayi,Near Threatened
Pipile jacutinga,Endangered
Pipile pipile,Critically Endangered
Penelope albipennis,Endangered
Penelope argyrotis,Least Concern
Penelope barbata,Near Threatened
Penelope bridgesi,Unknown
Penelope dabbenei,Least Concern
Penelope jacquacu,Least Concern
Penelope jacucaca,Vulnerable
Penelope marail,Least Concern
Penelope montagnii,Least Concern
Penelope obscura,Least Concern
Penelope ochrogaster,Vulnerable
Penelope ortoni,Endangered
Penelope perspicax,Vulnerable
Penelope pileata,Vulnerable
Penelope purpurascens,Near Threatened
Penelope superciliaris,Near Threatened
Oreophasis derbianus,Endangered
Crax alberti,Critically Endangered
Crax alector,Least Concern
Crax blumenbachii,Endangered
Crax daubentoni,Near Threatened
Crax fasciolata,Vulnerable
Crax globulosa,Endangered
Crax rubra,Vulnerable
Pauxi koepckeae,Critically Endangered
Pauxi pauxi,Vulnerable
Pauxi unicornis,Critically Endangered
Nothocrax urumutum,Least Concern
Mitu mitu,Extinct in the Wild
Mitu salvini,Least Concern
Mitu tomentosum,Least Concern
Mitu tuberosum,Near Threatened
Ortalis araucuan,Least Concern
Ortalis canicollis,Least Concern
Ortalis cinereiceps,Least Concern
Ortalis columbiana,Least Concern
Ortalis erythroptera,Vulnerable
Ortalis garrula,Least Concern
Ortalis guttata,Least Concern
Ortalis leucogastra,Least Concern
Ortalis motmot,Least Concern
Ortalis poliocephala,Least Concern
Ortalis ruficauda,Least Concern
Ortalis ruficeps,Unknown
Ortalis squamata,Least Concern
Ortalis superciliaris,Least Concern
Ortalis vetula,Least Concern
Ortalis wagleri,Least Concern
Numida meleagris,Least Concern
Agelastes meleagrides,Vulnerable
Agelastes niger,Least Concern
Acryllium vulturinum,Least Concern
Guttera edouardi,Least Concern
Guttera plumifera,Least Concern
Guttera pucherani,Least Concern
Guttera verreauxi,Least Concern
Ptilopachus nahani,Vulnerable
Ptilopachus petrosus,Least Concern
Rhynchortyx cinctus,Near Threatened
Oreortyx pictus,Least Concern
Dendrortyx barbatus,Vulnerable
Dendrortyx leucophrys,Least Concern
Dendrortyx macroura,Least Concern
Philortyx fasciatus,Least Concern
Colinus cristatus,Least Concern
Colinus leucopogon,Least Concern
Colinus nigrogularis,Least Concern
Colinus virginianus,Near Threatened
Callipepla californica,Least Concern
Callipepla douglasii,Least Concern
Callipepla gambelii,Least Concern
Callipepla squamata,Least Concern
Cyrtonyx montezumae,Least Concern
Cyrtonyx ocellatus,Vulnerable
Dactylortyx thoracicus,Least Concern
Odontophorus atrifrons,Least Concern
Odontophorus balliviani,Least Concern
Odontophorus capueira,Least Concern
Odontophorus columbianus,Near Threatened
Odontophorus dialeucos,Least Concern
Odontophorus erythrops,Least Concern
Odontophorus gujanensis,Least Concern
Odontophorus guttatus,Least Concern
Odontophorus hyperythrus,Least Concern
Odontophorus leucolaemus,Least Concern
Odontophorus melanonotus,Least Concern
Odontophorus melanotis,Near Threatened
Odontophorus speciosus,Least Concern
Odontophorus stellatus,Least Concern
Odontophorus strophium,Vulnerable
Xenoperdix udzungwensis,Endangered
Caloperdix oculeus,Near Threatened
Rollulus rouloul,Vulnerable
Melanoperdix niger,Vulnerable
Arborophila ardens,Vulnerable
Arborophila atrogularis,Least Concern
Arborophila brunneopectus,Least Concern
Arborophila cambodiana,Least Concern
Arborophila campbelli,Least Concern
Arborophila crudigularis,Least Concern
Arborophila davidi,Near Threatened
Arborophila gingica,Near Threatened
Arborophila hyperythra,Least Concern
Arborophila javanica,Least Concern
Arborophila mandellii,Near Threatened
Arborophila orientalis,Vulnerable
Arborophila rolli,Least Concern
Arborophila rubrirostris,Least Concern
Arborophila rufipectus,Vulnerable
Arborophila rufogularis,Least Concern
Arborophila sumatrana,Least Concern
Arborophila torqueola,Least Concern
Lerwa lerwa,Least Concern
Ithaginis cruentus,Least Concern
Tragopan blythii,Vulnerable
Tragopan caboti,Vulnerable
Tragopan melanocephalus,Vulnerable
Tragopan satyra,Least Concern
Tragopan temminckii,Least Concern
Tetraophasis obscurus,Least Concern
Tetraophasis szechenyii,Least Concern
Lophophorus impejanus,Least Concern
Lophophorus lhuysii,Vulnerable
Lophophorus sclateri,Least Concern
Rhizothera dulitensis,Data Deficient
Rhizothera longirostris,Near Threatened
Pucrasia macrolopha,Least Concern
Meleagris gallopavo,Least Concern
Meleagris ocellata,Near Threatened
Bonasa umbellus,Least Concern
Tetrastes bonasia,Least Concern
Tetrastes sewerzowi,Near Threatened
Centrocercus minimus,Endangered
Centrocercus urophasianus,Near Threatened
Dendragapus fuliginosus,Least Concern
Dendragapus obscurus,Least Concern
Tympanuchus cupido,Near Threatened
Tympanuchus pallidicinctus,Vulnerable
Tympanuchus phasianellus,Least Concern
Lagopus lagopus,Least Concern
Lagopus leucura,Least Concern
Lagopus muta,Least Concern
Lagopus scotica,Unknown
Falcipennis falcipennis,Near Threatened
Canachites canadensis,Least Concern
Tetrao urogalloides,Least Concern
Tetrao urogallus,Least Concern
Lyrurus mlokosiewiczi,Near Threatened
Lyrurus tetrix,Least Concern
Perdix dauurica,Least Concern
Perdix hodgsoniae,Least Concern
Perdix perdix,Least Concern
Syrmaticus ellioti,Least Concern
Syrmaticus humiae,Vulnerable
Syrmaticus mikado,Least Concern
Syrmaticus reevesii,Vulnerable
Syrmaticus soemmerringii,Near Threatened
Chrysolophus amherstiae,Least Concern
Chrysolophus pictus,Least Concern
Phasianus colchicus,Least Concern
Phasianus versicolor,Least Concern
Catreus wallichii,Vulnerable
Crossoptilon auritum,Least Concern
Crossoptilon crossoptilon,Least Concern
Crossoptilon harmani,Least Concern
Crossoptilon mantchuricum,Least Concern
Lophura bulweri,Vulnerable
Lophura diardi,Least Concern
Lophura edwardsi,Critically Endangered
Lophura erythrophthalma,Critically Endangered
Lophura ignita,Vulnerable
Lophura inornata,Near Threatened
Lophura leucomelanos,Least Concern
Lophura nycthemera,Least Concern
Lophura pyronota,Endangered
Lophura rufa,Vulnerable
Lophura swinhoii,Near Threatened
Argusianus argus,Vulnerable
Rheinardia nigrescens,Near Threatened
Rheinardia ocellata,Critically Endangered
Afropavo congensis,Near Threatened
Pavo cristatus,Least Concern
Pavo muticus,Endangered
Tropicoperdix charltonii,Vulnerable
Tropicoperdix chloropus,Least Concern
Tropicoperdix graydoni,Near Threatened
Haematortyx sanguiniceps,Least Concern
Galloperdix bicalcarata,Least Concern
Galloperdix lunulata,Least Concern
Galloperdix spadicea,Least Concern
Polyplectron bicalcaratum,Least Concern
Polyplectron chalcurum,Least Concern
Polyplectron germaini,Vulnerable
Polyplectron inopinatum,Near Threatened
Polyplectron katsumatae,Endangered
Polyplectron malacense,Endangered
Polyplectron napoleonis,Vulnerable
Polyplectron schleiermacheri,Endangered
Bambusicola fytchii,Least Concern
Bambusicola sonorivox,Least Concern
Bambusicola thoracicus,Least Concern
Gallus gallus,Least Concern
Gallus lafayettii,Least Concern
Gallus sonneratii,Least Concern
Gallus varius,Least Concern
Peliperdix lathami,Least Concern
Campocolinus albogularis,Least Concern
Campocolinus coqui,Least Concern
Campocolinus schlegelii,Least Concern
Scleroptila afra,Least Concern
Scleroptila elgonensis,Least Concern
Scleroptila finschi,Least Concern
Scleroptila gutturalis,Least Concern
Scleroptila levaillantii,Least Concern
Scleroptila psilolaema,Near Threatened
Scleroptila shelleyi,Least Concern
Scleroptila streptophora,Least Concern
Scleroptila whytei,Least Concern
Ortygornis gularis,Near Threatened
Ortygornis pondicerianus,Least Concern
Ortygornis sephaena,Least Concern
Francolinus francolinus,Least Concern
Francolinus pictus,Least Concern
Francolinus pintadeanus,Least Concern
Tetraogallus altaicus,Least Concern
Tetraogallus caspius,Least Concern
Tetraogallus caucasicus,Least Concern
Tetraogallus himalayensis,Least Concern
Tetraogallus tibetanus,Least Concern
Ammoperdix griseogularis,Least Concern
Ammoperdix heyi,Least Concern
Synoicus adansonii,Least Concern
Synoicus chinensis,Least Concern
Synoicus monorthonyx,Near Threatened
Synoicus ypsilophorus,Least Concern
Margaroperdix madagarensis,Least Concern
Coturnix coromandelica,Least Concern
Coturnix coturnix,Least Concern
Coturnix delegorguei,Least Concern
Coturnix japonica,Near Threatened
Coturnix novaezelandiae,Extinct
Coturnix pectoralis,Least Concern
Alectoris barbara,Least Concern
Alectoris chukar,Least Concern
Alectoris graeca,Near Threatened
Alectoris magna,Least Concern
Alectoris melanocephala,Least Concern
Alectoris philbyi,Least Concern
Alectoris rufa,Near Threatened
Ophrysia superciliosa,Critically Endangered
Perdicula argoondah,Least Concern
Perdicula asiatica,Least Concern
Perdicula erythrorhyncha,Least Concern
Perdicula manipurensis,Critically Endangered
Pternistis adspersus,Least Concern
Pternistis afer,Least Concern
Pternistis ahantensis,Least Concern
Pternistis bicalcaratus,Least Concern
Pternistis camerunensis,Endangered
Pternistis capensis,Least Concern
Pternistis castaneicollis,Least Concern
Pternistis clappertoni,Least Concern
Pternistis erckelii,Least Concern
Pternistis griseostriatus,Least Concern
Pternistis hartlaubi,Least Concern
Pternistis harwoodi,Near Threatened
Pternistis hildebrandti,Least Concern
Pternistis icterorhynchus,Least Concern
Pternistis jacksoni,Least Concern
Pternistis leucoscepus,Least Concern
Pternistis natalensis,Least Concern
Pternistis nobilis,Least Concern
Pternistis ochropectus,Critically Endangered
Pternistis rufopictus,Least Concern
Pternistis squamatus,Least Concern
Pternistis swainsonii,Least Concern
Pternistis swierstrai,Vulnerable
Phoeniconaias minor,Near Threatened
Phoenicoparrus andinus,Vulnerable
Phoenicoparrus jamesi,Near Threatened
Phoenicopterus chilensis,Near Threatened
Phoenicopterus roseus,Least Concern
Phoenicopterus ruber,Least Concern
Rollandia microptera,Endangered
Rollandia rolland,Least Concern
Tachybaptus dominicus,Least Concern
Tachybaptus novaehollandiae,Least Concern
Tachybaptus pelzelnii,Endangered
Tachybaptus ruficollis,Least Concern
Tachybaptus rufolavatus,Extinct
Podilymbus gigas,Extinct
Podilymbus podiceps,Least Concern
Poliocephalus poliocephalus,Least Concern
Poliocephalus rufopectus,Least Concern
Podiceps andinus,Extinct
Podiceps auritus,Vulnerable
Podiceps cristatus,Least Concern
Podiceps gallardoi,Critically Endangered
Podiceps grisegena,Least Concern
Podiceps major,Least Concern
Podiceps nigricollis,Least Concern
Podiceps occipitalis,Least Concern
Podiceps taczanowskii,Endangered
Aechmophorus clarkii,Least Concern
Aechmophorus occidentalis,Least Concern
Corythaeola cristata,Least Concern
Crinifer concolor,Least Concern
Crinifer leucogaster,Least Concern
Crinifer personatus,Unknown
Crinifer piscator,Least Concern
Crinifer zonurus,Least Concern
Gallirex johnstoni,Least Concern
Gallirex porphyreolophus,Least Concern
Menelikornis leucotis,Least Concern
Menelikornis ruspolii,Vulnerable
Tauraco bannermani,Endangered
Tauraco corythaix,Least Concern
Tauraco erythrolophus,Least Concern
Tauraco fischeri,Near Threatened
Tauraco hartlaubi,Least Concern
Tauraco leucolophus,Least Concern
Tauraco livingstonii,Least Concern
Tauraco macrorhynchus,Least Concern
Tauraco persa,Least Concern
Tauraco rossae,Least Concern
Tauraco schalowi,Least Concern
Tauraco schuettii,Least Concern
Tauraco violaceus,Least Concern
Otis tarda,Endangered
Ardeotis arabs,Near Threatened
Ardeotis australis,Least Concern
Ardeotis kori,Near Threatened
Ardeotis nigriceps,Critically Endangered
Chlamydotis macqueenii,Vulnerable
Chlamydotis undulata,Vulnerable
Neotis denhami,Near Threatened
Neotis heuglinii,Least Concern
Neotis ludwigii,Endangered
Neotis nuba,Near Threatened
Eupodotis caerulescens,Near Threatened
Eupodotis senegalensis,Least Concern
Heterotetrax humilis,Near Threatened
Heterotetrax rueppelii,Least Concern
Heterotetrax vigorsii,Least Concern
Lophotis gindiana,Least Concern
Lophotis ruficrista,Least Concern
Lophotis savilei,Least Concern
Afrotis afra,Vulnerable
Afrotis afraoides,Least Concern
Lissotis hartlaubii,Least Concern
Lissotis melanogaster,Least Concern
Houbaropsis bengalensis,Critically Endangered
Sypheotides indicus,Critically Endangered
Tetrax tetrax,Near Threatened
Guira guira,Least Concern
Crotophaga ani,Least Concern
Crotophaga major,Least Concern
Crotophaga sulcirostris,Least Concern
Tapera naevia,Least Concern
Dromococcyx pavoninus,Least Concern
Dromococcyx phasianellus,Least Concern
Morococcyx erythropygus,Least Concern
Geococcyx californianus,Least Concern
Geococcyx velox,Least Concern
Neomorphus geoffroyi,Vulnerable
Neomorphus pucheranii,Least Concern
Neomorphus radiolosus,Vulnerable
Neomorphus rufipennis,Least Concern
Neomorphus squamiger,Unknown
Carpococcyx radiceus,Vulnerable
Carpococcyx renauldi,Endangered
Carpococcyx viridis,Critically Endangered
Coua caerulea,Least Concern
Coua coquereli,Least Concern
Coua cristata,Least Concern
Coua cursor,Least Concern
Coua delalandei,Extinct
Coua gigas,Least Concern
Coua olivaceiceps,Least Concern
Coua reynaudii,Least Concern
Coua ruficeps,Least Concern
Coua serriana,Least Concern
Coua verreauxi,Least Concern
Centropus andamanensis,Least Concern
Centropus anselli,Least Concern
Centropus ateralbus,Least Concern
Centropus bengalensis,Least Concern
Centropus bernsteini,Least Concern
Centropus burchellii,Unknown
Centropus celebensis,Least Concern
Centropus chalybeus,Near Threatened
Centropus chlororhynchos,Vulnerable
Centropus cupreicaudus,Least Concern
Centropus goliath,Least Concern
Centropus grillii,Least Concern
Centropus leucogaster,Least Concern
Centropus melanops,Least Concern
Centropus menbeki,Least Concern
Centropus milo,Least Concern
Centropus monachus,Least Concern
Centropus nigrorufus,Vulnerable
Centropus phasianinus,Least Concern
Centropus rectunguis,Vulnerable
Centropus senegalensis,Least Concern
Centropus sinensis,Least Concern
Centropus steerii,Critically Endangered
Centropus superciliosus,Least Concern
Centropus toulou,Least Concern
Centropus unirufus,Near Threatened
Centropus violaceus,Least Concern
Centropus viridis,Least Concern
Rhinortha chlorophaea,Least Concern
Ceuthmochares aereus,Least Concern
Ceuthmochares australis,Least Concern
Taccocua leschenaultii,Least Concern
Zanclostomus javanicus,Least Concern
Phaenicophaeus curvirostris,Least Concern
Phaenicophaeus diardi,Near Threatened
Phaenicophaeus oeneicaudus,Least Concern
Phaenicophaeus pyrrhocephalus,Vulnerable
Phaenicophaeus sumatranus,Near Threatened
Phaenicophaeus tristis,Least Concern
Phaenicophaeus viridirostris,Least Concern
Rhamphococcyx calyorhynchus,Least Concern
Dasylophus cumingi,Unknown
Dasylophus superciliosus,Least Concern
Clamator coromandus,Least Concern
Clamator glandarius,Least Concern
Clamator jacobinus,Least Concern
Clamator levaillantii,Least Concern
Coccycua cinerea,Least Concern
Coccycua minuta,Least Concern
Coccycua pumila,Least Concern
Piaya cayana,Least Concern
Piaya melanogaster,Least Concern
Piaya mexicana,Unknown
Coccyzus americanus,Least Concern
Coccyzus erythropthalmus,Least Concern
Coccyzus euleri,Least Concern
Coccyzus ferrugineus,Vulnerable
Coccyzus lansbergi,Least Concern
Coccyzus longirostris,Least Concern
Coccyzus melacoryphus,Least Concern
Coccyzus merlini,Least Concern
Coccyzus minor,Least Concern
Coccyzus pluvialis,Least Concern
Coccyzus rufigularis,Endangered
Coccyzus vetula,Least Concern
Coccyzus vieilloti,Least Concern
Nannococcyx psix,Extinct
Pachycoccyx audeberti,Least Concern
Microdynamis parva,Least Concern
Eudynamys melanorhynchus,Unknown
Eudynamys orientalis,Least Concern
Eudynamys scolopaceus,Least Concern
Urodynamis taitensis,Least Concern
Scythrops novaehollandiae,Least Concern
Chrysococcyx caprius,Least Concern
Chrysococcyx cupreus,Least Concern
Chrysococcyx flavigularis,Least Concern
Chrysococcyx klaas,Least Concern
Chrysococcyx maculatus,Least Concern
Chrysococcyx xanthorhynchus,Least Concern
Chalcites basalis,Least Concern
Chalcites crassirostris,Least Concern
Chalcites lucidus,Least Concern
Chalcites megarhynchus,Least Concern
Chalcites meyerii,Least Concern
Chalcites minutillus,Least Concern
Chalcites osculans,Least Concern
Chalcites ruficollis,Least Concern
Heteroscenes pallidus,Least Concern
Caliechthrus leucolophus,Least Concern
Cacomantis addendus,Unknown
Cacomantis aeruginosus,Least Concern
Cacomantis blandus,Unknown
Cacomantis castaneiventris,Least Concern
Cacomantis flabelliformis,Least Concern
Cacomantis merulinus,Least Concern
Cacomantis passerinus,Least Concern
Cacomantis sepulcralis,Unknown
Cacomantis sonneratii,Least Concern
Cacomantis variolosus,Least Concern
Cacomantis virescens,Unknown
Cercococcyx mechowi,Least Concern
Cercococcyx montanus,Least Concern
Cercococcyx olivinus,Least Concern
Surniculus dicruroides,Least Concern
Surniculus lugubris,Least Concern
Surniculus musschenbroeki,Least Concern
Surniculus velutinus,Least Concern
Hierococcyx bocki,Least Concern
Hierococcyx fugax,Least Concern
Hierococcyx hyperythrus,Least Concern
Hierococcyx nisicolor,Least Concern
Hierococcyx pectoralis,Least Concern
Hierococcyx sparverioides,Least Concern
Hierococcyx vagans,Near Threatened
Hierococcyx varius,Least Concern
Cuculus canorus,Least Concern
Cuculus clamosus,Least Concern
Cuculus crassirostris,Least Concern
Cuculus gularis,Least Concern
Cuculus lepidus,Least Concern
Cuculus micropterus,Least Concern
Cuculus optatus,Least Concern
Cuculus poliocephalus,Least Concern
Cuculus rochii,Least Concern
Cuculus saturatus,Least Concern
Cuculus solitarius,Least Concern
Monias benschi,Vulnerable
Mesitornis unicolor,Vulnerable
Mesitornis variegatus,Vulnerable
Syrrhaptes paradoxus,Least Concern
Syrrhaptes tibetanus,Least Concern
Pterocles alchata,Least Concern
Pterocles bicinctus,Least Concern
Pterocles burchelli,Least Concern
Pterocles coronatus,Least Concern
Pterocles decoratus,Least Concern
Pterocles exustus,Least Concern
Pterocles gutturalis,Least Concern
Pterocles indicus,Least Concern
Pterocles lichtensteinii,Least Concern
Pterocles namaqua,Least Concern
Pterocles orientalis,Least Concern
Pterocles personatus,Least Concern
Pterocles quadricinctus,Least Concern
Pterocles senegallus,Least Concern
Claravis pretiosa,Least Concern
Uropelia campestris,Least Concern
Paraclaravis geoffroyi,Critically Endangered
Paraclaravis mondetoura,Least Concern
Metriopelia aymara,Least Concern
Metriopelia ceciliae,Least Concern
Metriopelia melanoptera,Least Concern
Metriopelia morenoi,Least Concern
Columbina buckleyi,Least Concern
Columbina cruziana,Least Concern
Columbina cyanopis,Critically Endangered
Columbina inca,Least Concern
Columbina minuta,Least Concern
Columbina passerina,Least Concern
Columbina picui,Least Concern
Columbina squammata,Least Concern
Columbina talpacoti,Least Concern
Starnoenas cyanocephala,Endangered
Geotrygon caniceps,Vulnerable
Geotrygon chrysia,Least Concern
Geotrygon leucometopia,Endangered
Geotrygon montana,Least Concern
Geotrygon mystacea,Least Concern
Geotrygon purpurata,Endangered
Geotrygon saphirina,Least Concern
Geotrygon versicolor,Near Threatened
Geotrygon violacea,Least Concern
Leptotrygon veraguensis,Least Concern
Leptotila cassinii,Least Concern
Leptotila conoveri,Near Threatened
Leptotila jamaicensis,Least Concern
Leptotila megalura,Least Concern
Leptotila ochraceiventris,Vulnerable
Leptotila pallida,Least Concern
Leptotila plumbeiceps,Least Concern
Leptotila rufaxilla,Least Concern
Leptotila verreauxi,Least Concern
Leptotila wellsi,Critically Endangered
Zenaida asiatica,Least Concern
Zenaida auriculata,Least Concern
Zenaida aurita,Least Concern
Zenaida galapagoensis,Near Threatened
Zenaida graysoni,Extinct in the Wild
Zenaida macroura,Least Concern
Zenaida meloda,Least Concern
Zentrygon albifacies,Least Concern
Zentrygon carrikeri,Endangered
Zentrygon chiriquensis,Least Concern
Zentrygon costaricensis,Least Concern
Zentrygon frenata,Least Concern
Zentrygon goldmani,Near Threatened
Zentrygon lawrencii,Least Concern
Zentrygon linearis,Least Concern
Reinwardtoena browni,Near Threatened
Reinwardtoena crassirostris,Least Concern
Reinwardtoena reinwardti,Least Concern
Turacoena manadensis,Least Concern
Turacoena modesta,Near Threatened
Turacoena sulaensis,Least Concern
Macropygia amboinensis,Least Concern
Macropygia cinnamomea,Near Threatened
Macropygia doreya,Unknown
Macropygia emiliana,Least Concern
Macropygia macassariensis,Least Concern
Macropygia mackinlayi,Least Concern
Macropygia magna,Least Concern
Macropygia modiglianii,Unknown
Macropygia nigrirostris,Least Concern
Macropygia phasianella,Least Concern
Macropygia ruficeps,Least Concern
Macropygia rufipennis,Least Concern
Macropygia tenuirostris,Least Concern
Macropygia timorlaoensis,Least Concern
Macropygia unchall,Least Concern
Ectopistes migratorius,Extinct
Patagioenas araucana,Least Concern
Patagioenas caribaea,Vulnerable
Patagioenas cayennensis,Least Concern
Patagioenas corensis,Least Concern
Patagioenas fasciata,Least Concern
Patagioenas flavirostris,Least Concern
Patagioenas goodsoni,Least Concern
Patagioenas inornata,Near Threatened
Patagioenas leucocephala,Near Threatened
Patagioenas maculosa,Least Concern
Patagioenas nigrirostris,Least Concern
Patagioenas oenops,Near Threatened
Patagioenas picazuro,Least Concern
Patagioenas plumbea,Least Concern
Patagioenas speciosa,Least Concern
Patagioenas squamosa,Least Concern
Patagioenas subvinacea,Least Concern
Spilopelia chinensis,Least Concern
Spilopelia senegalensis,Least Concern
Nesoenas mayeri,Vulnerable
Nesoenas picturatus,Least Concern
Nesoenas rodericanus,Extinct
Aplopelia larvata,Least Concern
Streptopelia bitorquata,Least Concern
Streptopelia capicola,Least Concern
Streptopelia decaocto,Least Concern
Streptopelia decipiens,Least Concern
Streptopelia dusumieri,Vulnerable
Streptopelia hypopyrrha,Least Concern
Streptopelia lugens,Least Concern
Streptopelia orientalis,Least Concern
Streptopelia reichenowi,Least Concern
Streptopelia roseogrisea,Least Concern
Streptopelia semitorquata,Least Concern
Streptopelia tranquebarica,Least Concern
Streptopelia turtur,Vulnerable
Streptopelia vinacea,Least Concern
Streptopelia xanthocycla,Least Concern
Columba albinucha,Least Concern
Columba albitorques,Least Concern
Columba argentina,Critically Endangered
Columba arquatrix,Least Concern
Columba bollii,Least Concern
Columba delegorguei,Least Concern
Columba elphinstonii,Vulnerable
Columba eversmanni,Vulnerable
Columba guinea,Least Concern
Columba hodgsonii,Least Concern
Columba iriditorques,Least Concern
Columba janthina,Least Concern
Columba jouyi,Extinct
Columba junoniae,Near Threatened
Columba leucomela,Least Concern
Columba leuconota,Least Concern
Columba livia,Least Concern
Columba malherbii,Near Threatened
Columba oenas,Least Concern
Columba oliviae,Least Concern
Columba pallidiceps,Vulnerable
Columba palumboides,Near Threatened
Columba palumbus,Least Concern
Columba pollenii,Near Threatened
Columba pulchricollis,Least Concern
Columba punicea,Vulnerable
Columba rupestris,Least Concern
Columba sjostedti,Least Concern
Columba thomensis,Endangered
Columba torringtoniae,Vulnerable
Columba trocaz,Least Concern
Columba unicincta,Least Concern
Columba versicolor,Extinct
Columba vitiensis,Least Concern
Chalcophaps indica,Least Concern
Chalcophaps longirostris,Least Concern
Chalcophaps stephani,Least Concern
Oena capensis,Least Concern
Turtur abyssinicus,Least Concern
Turtur afer,Least Concern
Turtur brehmeri,Least Concern
Turtur chalcospilos,Least Concern
Turtur tympanistria,Least Concern
Treron affinis,Least Concern
Treron apicauda,Least Concern
Treron aromaticus,Near Threatened
Treron australis,Least Concern
Treron axillaris,Least Concern
Treron bicinctus,Least Concern
Treron calvus,Least Concern
Treron capellei,Vulnerable
Treron chloropterus,Near Threatened
Treron curvirostra,Least Concern
Treron floris,Vulnerable
Treron formosae,Near Threatened
Treron fulvicollis,Vulnerable
Treron griseicauda,Least Concern
Treron griveaudi,Endangered
Treron olax,Least Concern
Treron oxyurus,Near Threatened
Treron pembaensis,Vulnerable
Treron phayrei,Near Threatened
Treron phoenicopterus,Least Concern
Treron pompadora,Least Concern
Treron psittaceus,Endangered
Treron sanctithomae,Endangered
Treron seimundi,Least Concern
Treron sieboldii,Least Concern
Treron sphenurus,Least Concern
Treron teysmannii,Near Threatened
Treron vernans,Least Concern
Treron waalia,Least Concern
Phapitreron amethystinus,Least Concern
Phapitreron brunneiceps,Vulnerable
Phapitreron cinereiceps,Endangered
Phapitreron leucotis,Least Concern
Gallicolumba crinigera,Vulnerable
Gallicolumba keayi,Critically Endangered
Gallicolumba luzonica,Near Threatened
Gallicolumba menagei,Critically Endangered
Gallicolumba platenae,Critically Endangered
Gallicolumba rufigula,Least Concern
Gallicolumba tristigmata,Least Concern
Henicophaps albifrons,Least Concern
Henicophaps foersteri,Vulnerable
Pampusana beccarii,Least Concern
Pampusana canifrons,Endangered
Pampusana erythroptera,Critically Endangered
Pampusana ferruginea,Extinct
Pampusana hoedtii,Endangered
Pampusana jobiensis,Least Concern
Pampusana kubaryi,Endangered
Pampusana norfolkensis,Extinct
Pampusana rubescens,Endangered
Pampusana salamonis,Extinct
Pampusana sanctaecrucis,Endangered
Pampusana stairi,Least Concern
Pampusana xanthonura,Near Threatened
Leucosarcia melanoleuca,Least Concern
Phaps chalcoptera,Least Concern
Phaps elegans,Least Concern
Phaps histrionica,Least Concern
Geopelia cuneata,Least Concern
Geopelia humeralis,Least Concern
Geopelia maugeus,Least Concern
Geopelia placida,Least Concern
Geopelia striata,Least Concern
Petrophassa albipennis,Least Concern
Petrophassa rufipennis,Least Concern
Ocyphaps lophotes,Least Concern
Geophaps plumifera,Least Concern
Geophaps scripta,Least Concern
Geophaps smithii,Least Concern
Trugon terrestris,Least Concern
Microgoura meeki,Extinct
Otidiphaps nobilis,Least Concern
Goura cristata,Vulnerable
Goura scheepmakeri,Vulnerable
Goura sclaterii,Near Threatened
Goura victoria,Near Threatened
Didunculus strigirostris,Critically Endangered
Raphus cucullatus,Extinct
Pezophaps solitaria,Extinct
Caloenas maculata,Extinct
Caloenas nicobarica,Near Threatened
Hemiphaga chathamensis,Vulnerable
Hemiphaga novaeseelandiae,Least Concern
Cryptophaps poecilorrhoa,Least Concern
Lopholaimus antarcticus,Least Concern
Gymnophaps albertisii,Least Concern
Gymnophaps mada,Least Concern
Gymnophaps solomonensis,Least Concern
Gymnophaps stalkeri,Least Concern
Ducula aenea,Near Threatened
Ducula aurorae,Endangered
Ducula badia,Least Concern
Ducula bakeri,Least Concern
Ducula basilica,Least Concern
Ducula bicolor,Least Concern
Ducula brenchleyi,Near Threatened
Ducula carola,Vulnerable
Ducula chalconota,Least Concern
Ducula cineracea,Near Threatened
Ducula concinna,Least Concern
Ducula cuprea,Least Concern
Ducula finschii,Near Threatened
Ducula forsteni,Least Concern
Ducula galeata,Endangered
Ducula geelvinkiana,Least Concern
Ducula goliath,Near Threatened
Ducula lacernulata,Least Concern
Ducula latrans,Least Concern
Ducula luctuosa,Least Concern
Ducula melanochroa,Least Concern
Ducula mindorensis,Near Threatened
Ducula mullerii,Least Concern
Ducula myristicivora,Least Concern
Ducula neglecta,Least Concern
Ducula nicobarica,Near Threatened
Ducula oceanica,Vulnerable
Ducula oenothorax,Near Threatened
Ducula pacifica,Least Concern
Ducula perspicillata,Least Concern
Ducula pickeringii,Vulnerable
Ducula pinon,Least Concern
Ducula pistrinaria,Least Concern
Ducula poliocephala,Near Threatened
Ducula radiata,Least Concern
Ducula rosacea,Near Threatened
Ducula rubricera,Least Concern
Ducula rufigaster,Least Concern
Ducula spilorrhoa,Least Concern
Ducula subflavescens,Near Threatened
Ducula whartoni,Least Concern
Ducula zoeae,Least Concern
Megaloprepia formosa,Least Concern
Megaloprepia magnifica,Unknown
Ramphiculus fischeri,Unknown
Ramphiculus gularis,Least Concern
Ramphiculus jambu,Near Threatened
Ramphiculus leclancheri,Least Concern
Ramphiculus mangoliensis,Near Threatened
Ramphiculus marchei,Vulnerable
Ramphiculus merrilli,Near Threatened
Ramphiculus occipitalis,Least Concern
Ramphiculus subgularis,Vulnerable
Alectroenas madagascariensis,Least Concern
Alectroenas nitidissimus,Extinct
Alectroenas pulcherrimus,Least Concern
Alectroenas sganzini,Near Threatened
Ptilinopus alligator,Least Concern
Ptilinopus arcanus,Critically Endangered
Ptilinopus aurantiifrons,Least Concern
Ptilinopus chalcurus,Vulnerable
Ptilinopus chrysogaster,Endangered
Ptilinopus cinctus,Least Concern
Ptilinopus coralensis,Near Threatened
Ptilinopus coronulatus,Least Concern
Ptilinopus dohertyi,Vulnerable
Ptilinopus dupetithouarsii,Least Concern
Ptilinopus eugeniae,Least Concern
Ptilinopus granulifrons,Vulnerable
Ptilinopus greyi,Least Concern
Ptilinopus hernsheimi,Least Concern
Ptilinopus holosericea,Least Concern
Ptilinopus huttoni,Critically Endangered
Ptilinopus hyogastrus,Least Concern
Ptilinopus insolitus,Least Concern
Ptilinopus insularis,Vulnerable
Ptilinopus iozonus,Least Concern
Ptilinopus layardi,Near Threatened
Ptilinopus luteovirens,Least Concern
Ptilinopus melanospilus,Least Concern
Ptilinopus mercierii,Extinct
Ptilinopus monacha,Least Concern
Ptilinopus nainus,Least Concern
Ptilinopus ornatus,Least Concern
Ptilinopus pelewensis,Least Concern
Ptilinopus perlatus,Least Concern
Ptilinopus perousii,Least Concern
Ptilinopus ponapensis,Least Concern
Ptilinopus porphyraceus,Least Concern
Ptilinopus porphyreus,Least Concern
Ptilinopus pulchellus,Least Concern
Ptilinopus purpuratus,Least Concern
Ptilinopus rarotongensis,Near Threatened
Ptilinopus regina,Least Concern
Ptilinopus richardsii,Least Concern
Ptilinopus rivoli,Least Concern
Ptilinopus roseicapilla,Near Threatened
Ptilinopus solomonensis,Least Concern
Ptilinopus speciosus,Least Concern
Ptilinopus superbus,Least Concern
Ptilinopus tannensis,Least Concern
Ptilinopus victor,Least Concern
Ptilinopus viridis,Least Concern
Ptilinopus wallacii,Least Concern
Opisthocomus hoazin,Least Concern
Psophia crepitans,Least Concern
Psophia leucoptera,Least Concern
Psophia viridis,Vulnerable
Aramus guarauna,Least Concern
Balearica pavonina,Vulnerable
Balearica regulorum,Endangered
Leucogeranus leucogeranus,Critically Endangered
Antigone antigone,Vulnerable
Antigone canadensis,Least Concern
Antigone rubicunda,Least Concern
Antigone vipio,Vulnerable
Grus americana,Endangered
Grus carunculata,Vulnerable
Grus grus,Least Concern
Grus japonensis,Vulnerable
Grus monacha,Vulnerable
Grus nigricollis,Near Threatened
Grus paradisea,Vulnerable
Grus virgo,Least Concern
Podica senegalensis,Least Concern
Heliornis fulica,Least Concern
Heliopais personatus,Critically Endangered
Mentocrex beankaensis,Vulnerable
Mentocrex kioloides,Least Concern
Rallicula forbesi,Least Concern
Rallicula leucospila,Least Concern
Rallicula mayri,Least Concern
Rallicula rubra,Least Concern
Sarothrura affinis,Least Concern
Sarothrura ayresi,Critically Endangered
Sarothrura boehmi,Least Concern
Sarothrura elegans,Least Concern
Sarothrura insularis,Least Concern
Sarothrura lugens,Least Concern
Sarothrura pulchra,Least Concern
Sarothrura rufa,Least Concern
Sarothrura watersi,Near Threatened
Anurolimnas castaneiceps,Least Concern
Pardirallus maculatus,Least Concern
Pardirallus nigricans,Least Concern
Pardirallus sanguinolentus,Least Concern
Mustelirallus albicollis,Least Concern
Mustelirallus cerverai,Critically Endangered
Mustelirallus colombianus,Data Deficient
Mustelirallus erythrops,Least Concern
Amaurolimnas concolor,Least Concern
Aramides albiventris,Least Concern
Aramides axillaris,Least Concern
Aramides cajaneus,Least Concern
Aramides calopterus,Least Concern
Aramides mangle,Least Concern
Aramides saracura,Least Concern
Aramides wolfi,Vulnerable
Aramides ypecaha,Least Concern
Canirallus oculeus,Least Concern
Rallus aequatorialis,Unknown
Rallus antarcticus,Vulnerable
Rallus aquaticus,Least Concern
Rallus caerulescens,Least Concern
Rallus crepitans,Least Concern
Rallus elegans,Near Threatened
Rallus indicus,Least Concern
Rallus limicola,Least Concern
Rallus longirostris,Least Concern
Rallus madagascariensis,Vulnerable
Rallus obsoletus,Near Threatened
Rallus semiplumbeus,Vulnerable
Rallus tenuirostris,Near Threatened
Rallus wetmorei,Endangered
Rougetius rougetii,Near Threatened
Crecopsis egregia,Least Concern
Dryolimnas augusti,Extinct
Dryolimnas cuvieri,Least Concern
Aphanapteryx bonasia,Extinct
Erythromachus leguati,Extinct
Diaphorapteryx hawkinsi,Extinct
Aphanocrex podarces,Extinct
Mundia elpenor,Extinct
Crex crex,Least Concern
Aramidopsis plateni,Vulnerable
Lewinia mirifica,Data Deficient
Lewinia muelleri,Vulnerable
Lewinia pectoralis,Least Concern
Lewinia striata,Least Concern
Gallirallus australis,Vulnerable
Gallirallus calayanensis,Vulnerable
Gallirallus castaneoventris,Least Concern
Gallirallus dieffenbachii,Extinct
Gallirallus insignis,Near Threatened
Gallirallus lafresnayanus,Extinct
Gallirallus modestus,Extinct
Gallirallus okinawae,Endangered
Gallirallus owstoni,Critically Endangered
Gallirallus pacificus,Extinct
Gallirallus philippensis,Least Concern
Gallirallus poecilopterus,Extinct
Gallirallus rovianae,Least Concern
Gallirallus sylvestris,Endangered
Gallirallus torquatus,Least Concern
Gallirallus wakensis,Extinct
Gallirallus wallacii,Vulnerable
Gallirallus woodfordi,Least Concern
Himantornis haematopus,Least Concern
Gymnocrex plumbeiventris,Least Concern
Gymnocrex rosenbergii,Vulnerable
Gymnocrex talaudensis,Endangered
Porphyriops melanops,Least Concern
Tribonyx mortierii,Least Concern
Tribonyx ventralis,Least Concern
Porzana carolina,Least Concern
Porzana fluminea,Least Concern
Porzana porzana,Least Concern
Paragallinula angulata,Least Concern
Gallinula chloropus,Least Concern
Gallinula comeri,Vulnerable
Gallinula galeata,Least Concern
Gallinula nesiotis,Extinct
Gallinula pacifica,Extinct
Gallinula silvestris,Critically Endangered
Gallinula tenebrosa,Least Concern
Fulica alai,Near Threatened
Fulica americana,Least Concern
Fulica ardesiaca,Least Concern
Fulica armillata,Least Concern
Fulica atra,Least Concern
Fulica cornuta,Near Threatened
Fulica cristata,Least Concern
Fulica gigantea,Least Concern
Fulica leucoptera,Least Concern
Fulica newtonii,Extinct
Fulica rufifrons,Least Concern
Porphyrio albus,Extinct
Porphyrio alleni,Least Concern
Porphyrio flavirostris,Least Concern
Porphyrio hochstetteri,Endangered
Porphyrio mantelli,Extinct
Porphyrio martinica,Least Concern
Porphyrio paepae,Extinct
Porphyrio porphyrio,Unknown
Rufirallus fasciatus,Least Concern
Rufirallus leucopyrrhus,Least Concern
Rufirallus schomburgkii,Least Concern
Rufirallus viridis,Least Concern
Rufirallus xenopterus,Vulnerable
Coturnicops exquisitus,Least Concern
Coturnicops noveboracensis,Least Concern
Laterallus albigularis,Least Concern
Laterallus exilis,Least Concern
Laterallus flaviventer,Least Concern
Laterallus jamaicensis,Endangered
Laterallus levraudi,Vulnerable
Laterallus melanophaius,Least Concern
Laterallus notatus,Least Concern
Laterallus rogersi,Vulnerable
Laterallus ruber,Least Concern
Laterallus spilonota,Vulnerable
Laterallus spiloptera,Vulnerable
Poliolimnas cinereus,Least Concern
Megacrex inepta,Least Concern
Aenigmatolimnas marginalis,Least Concern
Gallicrex cinerea,Least Concern
Amaurornis isabellina,Least Concern
Amaurornis magnirostris,Vulnerable
Amaurornis moluccana,Least Concern
Amaurornis olivacea,Least Concern
Amaurornis phoenicurus,Least Concern
Rallina canningi,Least Concern
Rallina eurizonoides,Least Concern
Rallina fasciata,Least Concern
Rallina tricolor,Least Concern
Zapornia akool,Least Concern
Zapornia astrictocarpus,Extinct
Zapornia atra,Vulnerable
Zapornia bicolor,Least Concern
Zapornia flavirostra,Least Concern
Zapornia fusca,Least Concern
Zapornia monasa,Extinct
Zapornia nigra,Extinct
Zapornia olivieri,Endangered
Zapornia palmeri,Extinct
Zapornia parva,Least Concern
Zapornia paykullii,Near Threatened
Zapornia pusilla,Least Concern
Zapornia sandwichensis,Extinct
Zapornia tabuensis,Least Concern
Pluvianellus socialis,Vulnerable
Chionis albus,Least Concern
Chionis minor,Least Concern
Hesperoburhinus bistriatus,Least Concern
Hesperoburhinus superciliaris,Least Concern
Esacus magnirostris,Near Threatened
Esacus recurvirostris,Near Threatened
Burhinus capensis,Least Concern
Burhinus grallarius,Least Concern
Burhinus indicus,Least Concern
Burhinus oedicnemus,Least Concern
Burhinus senegalensis,Least Concern
Burhinus vermiculatus,Least Concern
Pluvianus aegyptius,Least Concern
Cladorhynchus leucocephalus,Least Concern
Recurvirostra americana,Least Concern
Recurvirostra andina,Least Concern
Recurvirostra avosetta,Least Concern
Recurvirostra novaehollandiae,Least Concern
Himantopus himantopus,Least Concern
Himantopus leucocephalus,Unknown
Himantopus mexicanus,Unknown
Himantopus novaezelandiae,Critically Endangered
Ibidorhyncha struthersii,Least Concern
Haematopus ater,Least Concern
Haematopus bachmani,Unknown
Haematopus chathamensis,Endangered
Haematopus finschi,Least Concern
Haematopus fuliginosus,Least Concern
Haematopus leucopodus,Least Concern
Haematopus longirostris,Least Concern
Haematopus meadewaldoi,Extinct
Haematopus moquini,Least Concern
Haematopus ostralegus,Near Threatened
Haematopus palliatus,Least Concern
Haematopus unicolor,Least Concern
Pluvialis apricaria,Least Concern
Pluvialis dominica,Least Concern
Pluvialis fulva,Least Concern
Pluvialis squatarola,Vulnerable
Oreopholus ruficollis,Least Concern
Hoploxypterus cayanus,Least Concern
Phegornis mitchellii,Near Threatened
Zonibyx modestus,Least Concern
Eudromias morinellus,Least Concern
Charadrius hiaticula,Least Concern
Charadrius melodus,Near Threatened
Charadrius semipalmatus,Least Concern
Charadrius vociferus,Near Threatened
Thinornis cucullatus,Vulnerable
Thinornis dubius,Least Concern
Thinornis forbesi,Least Concern
Thinornis melanops,Least Concern
Thinornis novaeseelandiae,Endangered
Thinornis placidus,Least Concern
Thinornis tricollaris,Least Concern
Vanellus albiceps,Least Concern
Vanellus armatus,Least Concern
Vanellus chilensis,Least Concern
Vanellus cinereus,Least Concern
Vanellus coronatus,Least Concern
Vanellus crassirostris,Least Concern
Vanellus duvaucelii,Near Threatened
Vanellus gregarius,Critically Endangered
Vanellus indicus,Least Concern
Vanellus leucurus,Least Concern
Vanellus lugubris,Least Concern
Vanellus macropterus,Critically Endangered
Vanellus malabaricus,Least Concern
Vanellus melanocephalus,Least Concern
Vanellus melanopterus,Least Concern
Vanellus miles,Least Concern
Vanellus resplendens,Least Concern
Vanellus senegallus,Least Concern
Vanellus spinosus,Least Concern
Vanellus superciliosus,Least Concern
Vanellus tectus,Least Concern
Vanellus tricolor,Least Concern
Vanellus vanellus,Near Threatened
Erythrogonys cinctus,Least Concern
Peltohyas australis,Least Concern
Anarhynchus alexandrinus,Least Concern
Anarhynchus alticola,Least Concern
Anarhynchus asiaticus,Least Concern
Anarhynchus atrifrons,Unknown
Anarhynchus bicinctus,Near Threatened
Anarhynchus collaris,Least Concern
Anarhynchus dealbatus,Data Deficient
Anarhynchus falklandicus,Least Concern
Anarhynchus frontalis,Vulnerable
Anarhynchus javanicus,Least Concern
Anarhynchus leschenaultii,Least Concern
Anarhynchus marginatus,Least Concern
Anarhynchus mongolus,Least Concern
Anarhynchus montanus,Near Threatened
Anarhynchus nivosus,Near Threatened
Anarhynchus obscurus,Critically Endangered
Anarhynchus pallidus,Least Concern
Anarhynchus pecuarius,Least Concern
Anarhynchus peronii,Near Threatened
Anarhynchus ruficapillus,Least Concern
Anarhynchus sanctaehelenae,Vulnerable
Anarhynchus thoracicus,Vulnerable
Anarhynchus veredus,Least Concern
Anarhynchus wilsonia,Least Concern
Pedionomus torquatus,Endangered
Attagis gayi,Least Concern
Attagis malouinus,Least Concern
Thinocorus orbignyianus,Least Concern
Thinocorus rumicivorus,Least Concern
Nycticryphes semicollaris,Near Threatened
Rostratula australis,Endangered
Rostratula benghalensis,Least Concern
Hydrophasianus chirurgus,Least Concern
Jacana jacana,Least Concern
Jacana spinosa,Least Concern
Microparra capensis,Least Concern
Irediparra gallinacea,Least Concern
Metopidius indicus,Least Concern
Actophilornis africanus,Least Concern
Actophilornis albinucha,Endangered
Bartramia longicauda,Least Concern
Numenius americanus,Least Concern
Numenius arquata,Near Threatened
Numenius borealis,Critically Endangered
Numenius hudsonicus,Unknown
Numenius madagascariensis,Endangered
Numenius minutus,Least Concern
Numenius phaeopus,Least Concern
Numenius tahitiensis,Near Threatened
Numenius tenuirostris,Critically Endangered
Limosa fedoa,Vulnerable
Limosa haemastica,Vulnerable
Limosa lapponica,Near Threatened
Limosa limosa,Near Threatened
Limnodromus griseus,Vulnerable
Limnodromus scolopaceus,Near Threatened
Limnodromus semipalmatus,Near Threatened
Lymnocryptes minimus,Least Concern
Scolopax bukidnonensis,Least Concern
Scolopax celebensis,Least Concern
Scolopax minor,Least Concern
Scolopax mira,Vulnerable
Scolopax rochussenii,Vulnerable
Scolopax rosenbergii,Least Concern
Scolopax rusticola,Least Concern
Scolopax saturata,Near Threatened
Coenocorypha aucklandica,Near Threatened
Coenocorypha barrierensis,Extinct
Coenocorypha huegeli,Near Threatened
Coenocorypha iredalei,Extinct
Coenocorypha pusilla,Vulnerable
Gallinago andina,Least Concern
Gallinago delicata,Least Concern
Gallinago gallinago,Least Concern
Gallinago hardwickii,Near Threatened
Gallinago imperialis,Near Threatened
Gallinago jamesoni,Least Concern
Gallinago macrodactyla,Vulnerable
Gallinago magellanica,Least Concern
Gallinago media,Near Threatened
Gallinago megala,Least Concern
Gallinago nemoricola,Vulnerable
Gallinago nigripennis,Least Concern
Gallinago nobilis,Near Threatened
Gallinago paraguaiae,Least Concern
Gallinago solitaria,Least Concern
Gallinago stenura,Least Concern
Gallinago stricklandii,Near Threatened
Gallinago undulata,Least Concern
Xenus cinereus,Least Concern
Actitis hypoleucos,Least Concern
Actitis macularius,Least Concern
Phalaropus fulicarius,Least Concern
Phalaropus lobatus,Least Concern
Phalaropus tricolor,Unknown
Tringa brevipes,Least Concern
Tringa erythropus,Least Concern
Tringa flavipes,Vulnerable
Tringa glareola,Least Concern
Tringa guttifer,Endangered
Tringa incana,Least Concern
Tringa melanoleuca,Near Threatened
Tringa nebularia,Least Concern
Tringa ochropus,Least Concern
Tringa semipalmata,Least Concern
Tringa solitaria,Least Concern
Tringa stagnatilis,Least Concern
Tringa totanus,Least Concern
Prosobonia cancellata,Extinct
Prosobonia ellisi,Extinct
Prosobonia leucoptera,Extinct
Prosobonia parvirostris,Endangered
Arenaria interpres,Near Threatened
Arenaria melanocephala,Least Concern
Calidris acuminata,Vulnerable
Calidris alba,Least Concern
Calidris alpina,Near Threatened
Calidris bairdii,Least Concern
Calidris canutus,Near Threatened
Calidris falcinellus,Vulnerable
Calidris ferruginea,Vulnerable
Calidris fuscicollis,Vulnerable
Calidris himantopus,Near Threatened
Calidris maritima,Least Concern
Calidris mauri,Least Concern
Calidris melanotos,Least Concern
Calidris minuta,Least Concern
Calidris minutilla,Near Threatened
Calidris ptilocnemis,Least Concern
Calidris pugnax,Least Concern
Calidris pusilla,Near Threatened
Calidris pygmaea,Critically Endangered
Calidris ruficollis,Near Threatened
Calidris subminuta,Least Concern
Calidris subruficollis,Vulnerable
Calidris temminckii,Least Concern
Calidris tenuirostris,Endangered
Calidris virgata,Least Concern
Ortyxelos meiffrenii,Least Concern
Turnix castanotus,Least Concern
Turnix everetti,Least Concern
Turnix hottentottus,Least Concern
Turnix maculosus,Least Concern
Turnix melanogaster,Vulnerable
Turnix nanus,Least Concern
Turnix nigricollis,Least Concern
Turnix novaecaledoniae,Critically Endangered
Turnix ocellatus,Least Concern
Turnix olivii,Critically Endangered
Turnix pyrrhothorax,Least Concern
Turnix suscitator,Least Concern
Turnix sylvaticus,Least Concern
Turnix tanki,Least Concern
Turnix varius,Least Concern
Turnix velox,Least Concern
Turnix worcesteri,Data Deficient
Dromas ardeola,Least Concern
Smutsornis africanus,Least Concern
Rhinoptilus bitorquatus,Critically Endangered
Rhinoptilus chalcopterus,Least Concern
Rhinoptilus cinctus,Least Concern
Cursorius coromandelicus,Least Concern
Cursorius cursor,Least Concern
Cursorius rufus,Least Concern
Cursorius somalensis,Least Concern
Cursorius temminckii,Least Concern
Glareola cinerea,Least Concern
Glareola isabella,Least Concern
Glareola lactea,Least Concern
Glareola maldivarum,Least Concern
Glareola nordmanni,Near Threatened
Glareola nuchalis,Least Concern
Glareola ocularis,Near Threatened
Glareola pratincola,Least Concern
Stercorarius antarcticus,Least Concern
Stercorarius chilensis,Least Concern
Stercorarius longicaudus,Least Concern
Stercorarius maccormicki,Least Concern
Stercorarius parasiticus,Least Concern
Stercorarius pomarinus,Least Concern
Stercorarius skua,Least Concern
Cerorhinca monocerata,Least Concern
Fratercula arctica,Vulnerable
Fratercula cirrhata,Least Concern
Fratercula corniculata,Least Concern
Ptychoramphus aleuticus,Near Threatened
Aethia cristatella,Least Concern
Aethia psittacula,Least Concern
Aethia pusilla,Least Concern
Aethia pygmaea,Least Concern
Synthliboramphus antiquus,Least Concern
Synthliboramphus craveri,Vulnerable
Synthliboramphus hypoleucus,Endangered
Synthliboramphus scrippsi,Vulnerable
Synthliboramphus wumizusume,Vulnerable
Brachyramphus brevirostris,Near Threatened
Brachyramphus marmoratus,Endangered
Brachyramphus perdix,Near Threatened
Cepphus carbo,Least Concern
Cepphus columba,Least Concern
Cepphus grylle,Least Concern
Alca torda,Least Concern
Pinguinus impennis,Extinct
Alle alle,Least Concern
Uria aalge,Least Concern
Uria lomvia,Least Concern
Rynchops albicollis,Endangered
Rynchops flavirostris,Least Concern
Rynchops niger,Least Concern
Gygis alba,Least Concern
Gygis candida,Unknown
Gygis microrhyncha,Unknown
Anous albivitta,Least Concern
Anous ceruleus,Least Concern
Anous minutus,Least Concern
Anous stolidus,Least Concern
Anous tenuirostris,Least Concern
Onychoprion aleuticus,Vulnerable
Onychoprion anaethetus,Least Concern
Onychoprion fuscatus,Least Concern
Onychoprion lunatus,Least Concern
Sternula albifrons,Least Concern
Sternula antillarum,Least Concern
Sternula balaenarum,Least Concern
Sternula lorata,Endangered
Sternula nereis,Vulnerable
Sternula saundersi,Least Concern
Sternula superciliaris,Least Concern
Phaetusa simplex,Least Concern
Hydroprogne caspia,Least Concern
Gelochelidon macrotarsa,Least Concern
Gelochelidon nilotica,Least Concern
Larosterna inca,Near Threatened
Chlidonias albostriatus,Endangered
Chlidonias hybrida,Least Concern
Chlidonias leucopterus,Least Concern
Chlidonias niger,Least Concern
Thalasseus albididorsalis,Unknown
Thalasseus bengalensis,Least Concern
Thalasseus bergii,Least Concern
Thalasseus bernsteini,Critically Endangered
Thalasseus elegans,Near Threatened
Thalasseus maximus,Least Concern
Thalasseus sandvicensis,Least Concern
Sterna acuticauda,Endangered
Sterna aurantia,Vulnerable
Sterna dougallii,Least Concern
Sterna forsteri,Least Concern
Sterna hirundinacea,Least Concern
Sterna hirundo,Least Concern
Sterna paradisaea,Least Concern
Sterna repressa,Least Concern
Sterna striata,Near Threatened
Sterna sumatrana,Least Concern
Sterna trudeaui,Least Concern
Sterna virgata,Near Threatened
Sterna vittata,Least Concern
Creagrus furcatus,Least Concern
Hydrocoloeus minutus,Least Concern
Rhodostethia rosea,Least Concern
Rissa brevirostris,Vulnerable
Rissa tridactyla,Vulnerable
Xema sabini,Least Concern
Pagophila eburnea,Near Threatened
Saundersilarus saundersi,Vulnerable
Chroicocephalus brunnicephalus,Least Concern
Chroicocephalus bulleri,Near Threatened
Chroicocephalus cirrocephalus,Least Concern
Chroicocephalus genei,Least Concern
Chroicocephalus hartlaubii,Least Concern
Chroicocephalus maculipennis,Least Concern
Chroicocephalus novaehollandiae,Least Concern
Chroicocephalus philadelphia,Least Concern
Chroicocephalus ridibundus,Least Concern
Chroicocephalus serranus,Least Concern
Leucophaeus atricilla,Unknown
Leucophaeus fuliginosus,Unknown
Leucophaeus modestus,Unknown
Leucophaeus pipixcan,Unknown
Leucophaeus scoresbii,Unknown
Ichthyaetus audouinii,Vulnerable
Ichthyaetus hemprichii,Least Concern
Ichthyaetus ichthyaetus,Least Concern
Ichthyaetus leucophthalmus,Least Concern
Ichthyaetus melanocephalus,Least Concern
Ichthyaetus relictus,Vulnerable
Larus argentatus,Least Concern
Larus armenicus,Least Concern
Larus atlanticus,Near Threatened
Larus belcheri,Least Concern
Larus brachyrhynchus,Unknown
Larus cachinnans,Least Concern
Larus californicus,Least Concern
Larus canus,Least Concern
Larus crassirostris,Least Concern
Larus delawarensis,Least Concern
Larus dominicanus,Least Concern
Larus fuscus,Least Concern
Larus glaucescens,Least Concern
Larus glaucoides,Least Concern
Larus heermanni,Near Threatened
Larus hyperboreus,Least Concern
Larus livens,Least Concern
Larus marinus,Least Concern
Larus michahellis,Least Concern
Larus mongolicus,Unknown
Larus occidentalis,Least Concern
Larus pacificus,Least Concern
Larus schistisagus,Least Concern
Larus smithsonianus,Least Concern
Larus vegae,Unknown
Eurypyga helias,Least Concern
Rhynochetos jubatus,Endangered
Phaethon aethereus,Least Concern
Phaethon lepturus,Least Concern
Phaethon rubricauda,Least Concern
Gavia adamsii,Near Threatened
Gavia arctica,Least Concern
Gavia immer,Least Concern
Gavia pacifica,Least Concern
Gavia stellata,Least Concern
Aptenodytes forsteri,Near Threatened
Aptenodytes patagonicus,Least Concern
Pygoscelis adeliae,Least Concern
Pygoscelis antarcticus,Least Concern
Pygoscelis papua,Least Concern
Eudyptula minor,Least Concern
Spheniscus demersus,Critically Endangered
Spheniscus humboldti,Vulnerable
Spheniscus magellanicus,Least Concern
Spheniscus mendiculus,Endangered
Megadyptes antipodes,Endangered
Eudyptes chrysocome,Vulnerable
Eudyptes chrysolophus,Vulnerable
Eudyptes filholi,Unknown
Eudyptes moseleyi,Endangered
Eudyptes pachyrhynchus,Near Threatened
Eudyptes robustus,Vulnerable
Eudyptes schlegeli,Least Concern
Eudyptes sclateri,Endangered
Phoebastria albatrus,Vulnerable
Phoebastria immutabilis,Near Threatened
Phoebastria irrorata,Critically Endangered
Phoebastria nigripes,Near Threatened
Diomedea amsterdamensis,Endangered
Diomedea antipodensis,Endangered
Diomedea dabbenena,Critically Endangered
Diomedea epomophora,Vulnerable
Diomedea exulans,Vulnerable
Diomedea sanfordi,Endangered
Phoebetria fusca,Endangered
Phoebetria palpebrata,Near Threatened
Thalassarche bulleri,Near Threatened
Thalassarche carteri,Endangered
Thalassarche cauta,Near Threatened
Thalassarche chlororhynchos,Endangered
Thalassarche chrysostoma,Endangered
Thalassarche eremita,Vulnerable
Thalassarche melanophris,Least Concern
Thalassarche salvini,Vulnerable
Oceanites gracilis,Data Deficient
Oceanites oceanicus,Least Concern
Oceanites pincoyae,Data Deficient
Nesofregetta fuliginosa,Endangered
Garrodia nereis,Least Concern
Pelagodroma marina,Least Concern
Fregetta grallaria,Least Concern
Fregetta lineata,Data Deficient
Fregetta maoriana,Critically Endangered
Fregetta tropica,Least Concern
Hydrobates castro,Least Concern
Hydrobates cheimomnestes,Vulnerable
Hydrobates furcatus,Least Concern
Hydrobates homochroa,Endangered
Hydrobates hornbyi,Near Threatened
Hydrobates jabejabe,Least Concern
Hydrobates leucorhous,Vulnerable
Hydrobates macrodactylus,Critically Endangered
Hydrobates markhami,Near Threatened
Hydrobates matsudairae,Vulnerable
Hydrobates melania,Least Concern
Hydrobates microsoma,Least Concern
Hydrobates monorhis,Near Threatened
Hydrobates monteiroi,Vulnerable
Hydrobates pelagicus,Least Concern
Hydrobates socorroensis,Endangered
Hydrobates tethys,Least Concern
Hydrobates tristrami,Least Concern
Pagodroma nivea,Least Concern
Thalassoica antarctica,Least Concern
Daption capense,Least Concern
Macronectes giganteus,Least Concern
Macronectes halli,Least Concern
Fulmarus glacialis,Least Concern
Fulmarus glacialoides,Least Concern
Bulweria bifax,Extinct
Bulweria bulwerii,Least Concern
Bulweria fallax,Near Threatened
Pseudobulweria aterrima,Critically Endangered
Pseudobulweria becki,Critically Endangered
Pseudobulweria macgillivrayi,Critically Endangered
Pseudobulweria rostrata,Near Threatened
Procellaria aequinoctialis,Vulnerable
Procellaria cinerea,Near Threatened
Procellaria conspicillata,Vulnerable
Procellaria parkinsoni,Vulnerable
Procellaria westlandica,Endangered
Calonectris borealis,Least Concern
Calonectris diomedea,Least Concern
Calonectris edwardsii,Near Threatened
Calonectris leucomelas,Near Threatened
Ardenna bulleri,Vulnerable
Ardenna carneipes,Near Threatened
Ardenna creatopus,Vulnerable
Ardenna gravis,Least Concern
Ardenna grisea,Near Threatened
Ardenna pacifica,Least Concern
Ardenna tenuirostris,Least Concern
Puffinus assimilis,Least Concern
Puffinus auricularis,Critically Endangered
Puffinus bailloni,Least Concern
Puffinus bannermani,Endangered
Puffinus baroli,Unknown
Puffinus boydi,Unknown
Puffinus bryani,Critically Endangered
Puffinus elegans,Least Concern
Puffinus gavia,Least Concern
Puffinus heinrothi,Vulnerable
Puffinus huttoni,Endangered
Puffinus lherminieri,Least Concern
Puffinus myrtae,Critically Endangered
Puffinus nativitatis,Least Concern
Puffinus newelli,Critically Endangered
Puffinus opisthomelas,Near Threatened
Puffinus persicus,Least Concern
Puffinus puffinus,Least Concern
Puffinus subalaris,Least Concern
Puffinus yelkouan,Vulnerable
Pelecanoides garnotii,Near Threatened
Pelecanoides georgicus,Least Concern
Pelecanoides magellani,Least Concern
Pelecanoides urinatrix,Least Concern
Halobaena caerulea,Least Concern
Pachyptila belcheri,Least Concern
Pachyptila crassirostris,Least Concern
Pachyptila desolata,Least Concern
Pachyptila macgillivrayi,Critically Endangered
Pachyptila salvini,Least Concern
Pachyptila turtur,Least Concern
Pachyptila vittata,Least Concern
Aphrodroma brevirostris,Least Concern
Pterodroma alba,Vulnerable
Pterodroma arminjoniana,Vulnerable
Pterodroma atrata,Endangered
Pterodroma axillaris,Vulnerable
Pterodroma baraui,Endangered
Pterodroma brevipes,Vulnerable
Pterodroma cahow,Endangered
Pterodroma caribbaea,Critically Endangered
Pterodroma cervicalis,Vulnerable
Pterodroma cookii,Vulnerable
Pterodroma defilippiana,Vulnerable
Pterodroma deserta,Vulnerable
Pterodroma externa,Vulnerable
Pterodroma feae,Near Threatened
Pterodroma gouldi,Least Concern
Pterodroma hasitata,Endangered
Pterodroma heraldica,Least Concern
Pterodroma hypoleuca,Least Concern
Pterodroma incerta,Endangered
Pterodroma inexpectata,Near Threatened
Pterodroma lessonii,Least Concern
Pterodroma leucoptera,Vulnerable
Pterodroma longirostris,Vulnerable
Pterodroma macroptera,Least Concern
Pterodroma madeira,Endangered
Pterodroma magentae,Critically Endangered
Pterodroma mollis,Least Concern
Pterodroma neglecta,Least Concern
Pterodroma nigripennis,Least Concern
Pterodroma phaeopygia,Critically Endangered
Pterodroma pycrofti,Vulnerable
Pterodroma rupinarum,Extinct
Pterodroma sandwichensis,Endangered
Pterodroma solandri,Least Concern
Pterodroma ultima,Least Concern
Anastomus lamelligerus,Least Concern
Anastomus oscitans,Least Concern
Leptoptilos crumenifer,Least Concern
Leptoptilos dubius,Near Threatened
Leptoptilos javanicus,Near Threatened
Mycteria americana,Least Concern
Mycteria cinerea,Endangered
Mycteria ibis,Least Concern
Mycteria leucocephala,Least Concern
Jabiru mycteria,Least Concern
Ephippiorhynchus asiaticus,Near Threatened
Ephippiorhynchus senegalensis,Least Concern
Ciconia abdimii,Least Concern
Ciconia boyciana,Endangered
Ciconia ciconia,Least Concern
Ciconia episcopus,Near Threatened
Ciconia maguari,Least Concern
Ciconia microscelis,Least Concern
Ciconia nigra,Least Concern
Ciconia stormi,Endangered
Fregata andrewsi,Vulnerable
Fregata aquila,Vulnerable
Fregata ariel,Least Concern
Fregata magnificens,Least Concern
Fregata minor,Least Concern
Papasula abbotti,Endangered
Morus bassanus,Least Concern
Morus capensis,Endangered
Morus serrator,Least Concern
Sula brewsteri,Unknown
Sula dactylatra,Least Concern
Sula granti,Least Concern
Sula leucogaster,Least Concern
Sula nebouxii,Least Concern
Sula sula,Least Concern
Sula variegata,Least Concern
Anhinga anhinga,Least Concern
Anhinga melanogaster,Least Concern
Anhinga novaehollandiae,Least Concern
Anhinga rufa,Least Concern
Microcarbo africanus,Least Concern
Microcarbo coronatus,Least Concern
Microcarbo melanoleucos,Least Concern
Microcarbo niger,Least Concern
Microcarbo pygmaeus,Least Concern
Poikilocarbo gaimardi,Near Threatened
Gulosus aristotelis,Least Concern
Nannopterum auritum,Least Concern
Nannopterum brasilianum,Least Concern
Nannopterum harrisi,Vulnerable
Leucocarbo atriceps,Least Concern
Leucocarbo bougainvilliorum,Near Threatened
Leucocarbo campbelli,Vulnerable
Leucocarbo carunculatus,Vulnerable
Leucocarbo chalconotus,Vulnerable
Leucocarbo colensoi,Vulnerable
Leucocarbo magellanicus,Least Concern
Leucocarbo onslowi,Critically Endangered
Leucocarbo ranfurlyi,Vulnerable
Urile pelagicus,Least Concern
Urile penicillatus,Least Concern
Urile perspicillatus,Extinct
Urile urile,Least Concern
Phalacrocorax capensis,Endangered
Phalacrocorax capillatus,Least Concern
Phalacrocorax carbo,Least Concern
Phalacrocorax featherstoni,Endangered
Phalacrocorax fuscescens,Least Concern
Phalacrocorax fuscicollis,Least Concern
Phalacrocorax neglectus,Endangered
Phalacrocorax nigrogularis,Vulnerable
Phalacrocorax punctatus,Least Concern
Phalacrocorax sulcirostris,Least Concern
Phalacrocorax varius,Least Concern
Eudocimus albus,Least Concern
Eudocimus ruber,Least Concern
Theristicus branickii,Near Threatened
Theristicus caerulescens,Least Concern
Theristicus caudatus,Least Concern
Theristicus melanopis,Least Concern
Cercibis oxycerca,Least Concern
Mesembrinibis cayennensis,Least Concern
Phimosus infuscatus,Least Concern
Plegadis chihi,Least Concern
Plegadis falcinellus,Least Concern
Plegadis ridgwayi,Least Concern
Lophotibis cristata,Vulnerable
Bostrychia bocagei,Critically Endangered
Bostrychia carunculata,Least Concern
Bostrychia hagedash,Least Concern
Bostrychia olivacea,Least Concern
Bostrychia rara,Least Concern
Nipponia nippon,Endangered
Geronticus calvus,Near Threatened
Geronticus eremita,Endangered
Pseudibis davisoni,Critically Endangered
Pseudibis gigantea,Critically Endangered
Pseudibis papillosa,Least Concern
Platalea ajaja,Least Concern
Platalea alba,Least Concern
Platalea flavipes,Least Concern
Platalea leucorodia,Least Concern
Platalea minor,Endangered
Platalea regia,Least Concern
Threskiornis aethiopicus,Least Concern
Threskiornis bernieri,Endangered
Threskiornis melanocephalus,Least Concern
Threskiornis molucca,Least Concern
Threskiornis solitarius,Extinct
Threskiornis spinicollis,Least Concern
Balaeniceps rex,Vulnerable
Scopus umbretta,Least Concern
Pelecanus conspicillatus,Least Concern
Pelecanus crispus,Near Threatened
Pelecanus erythrorhynchos,Least Concern
Pelecanus occidentalis,Least Concern
Pelecanus onocrotalus,Least Concern
Pelecanus philippensis,Near Threatened
Pelecanus rufescens,Least Concern
Pelecanus thagus,Near Threatened
Tigriornis leucolopha,Least Concern
Tigrisoma fasciatum,Least Concern
Tigrisoma lineatum,Least Concern
Tigrisoma mexicanum,Least Concern
Cochlearius cochlearius,Least Concern
Agamia agami,Near Threatened
Zebrilus undulatus,Least Concern
Botaurus cinnamomeus,Least Concern
Botaurus dubius,Least Concern
Botaurus eurhythmus,Least Concern
Botaurus exilis,Least Concern
Botaurus flavicollis,Least Concern
Botaurus involucris,Least Concern
Botaurus lentiginosus,Least Concern
Botaurus minutus,Least Concern
Botaurus novaezelandiae,Extinct
Botaurus pinnatus,Least Concern
Botaurus poiciloptilus,Vulnerable
Botaurus sinensis,Least Concern
Botaurus stellaris,Least Concern
Botaurus sturmii,Least Concern
Gorsachius goisagi,Vulnerable
Gorsachius melanolophus,Least Concern
Calherodius leuconotus,Least Concern
Oroanassa magnifica,Endangered
Pilherodius pileatus,Least Concern
Syrigma sibilatrix,Least Concern
Egretta ardesiaca,Least Concern
Egretta caerulea,Least Concern
Egretta eulophotes,Vulnerable
Egretta garzetta,Least Concern
Egretta gularis,Least Concern
Egretta novaehollandiae,Least Concern
Egretta picata,Least Concern
Egretta rufescens,Near Threatened
Egretta sacra,Least Concern
Egretta thula,Least Concern
Egretta tricolor,Least Concern
Egretta vinaceigula,Vulnerable
Nyctanassa carcinocatactes,Extinct
Nyctanassa violacea,Least Concern
Nycticorax caledonicus,Least Concern
Nycticorax duboisi,Extinct
Nycticorax mauritianus,Extinct
Nycticorax megacephalus,Extinct
Nycticorax nycticorax,Least Concern
Nycticorax olsoni,Extinct
Butorides atricapilla,Unknown
Butorides striata,Least Concern
Butorides sundevalli,Unknown
Butorides virescens,Unknown
Zonerodius heliosylus,Near Threatened
Ardeola bacchus,Least Concern
Ardeola grayii,Least Concern
Ardeola idae,Endangered
Ardeola ralloides,Least Concern
Ardeola rufiventris,Least Concern
Ardeola speciosa,Least Concern
Ardea alba,Least Concern
Ardea brachyrhyncha,Least Concern
Ardea cinerea,Least Concern
Ardea cocoi,Least Concern
Ardea coromanda,Least Concern
Ardea goliath,Least Concern
Ardea herodias,Least Concern
Ardea humbloti,Endangered
Ardea ibis,Least Concern
Ardea insignis,Critically Endangered
Ardea intermedia,Least Concern
Ardea melanocephala,Least Concern
Ardea pacifica,Least Concern
Ardea plumifera,Least Concern
Ardea purpurea,Least Concern
Ardea sumatrana,Least Concern
Eurostopodus archboldi,Least Concern
Eurostopodus argus,Least Concern
Eurostopodus diabolicus,Least Concern
Eurostopodus exul,Critically Endangered
Eurostopodus mystacalis,Least Concern
Eurostopodus nigripennis,Vulnerable
Eurostopodus papuensis,Least Concern
Lyncornis macrotis,Least Concern
Lyncornis temminckii,Least Concern
Gactornis enarratus,Least Concern
Lurocalis rufiventris,Least Concern
Lurocalis semitorquatus,Least Concern
Nyctiprogne leucopyga,Least Concern
Nyctiprogne vielliardi,Least Concern
Nyctipolus hirundinaceus,Least Concern
Nyctipolus nigrescens,Least Concern
Nyctidromus albicollis,Least Concern
Nyctidromus anthonyi,Least Concern
Tepuiornis whitelyi,Least Concern
Uropsalis lyra,Least Concern
Uropsalis segmentata,Least Concern
Quechuavis decussata,Least Concern
Setopagis heterura,Least Concern
Setopagis maculosa,Data Deficient
Setopagis parvula,Least Concern
Systellura longirostris,Least Concern
Eleothreptus anomalus,Vulnerable
Eleothreptus candicans,Vulnerable
Antiurus maculicaudus,Least Concern
Hydropsalis cayennensis,Least Concern
Hydropsalis climacocerca,Least Concern
Hydropsalis forcipata,Least Concern
Hydropsalis torquata,Least Concern
Siphonorhis americana,Critically Endangered
Siphonorhis brewsteri,Near Threatened
Nyctiphrynus mcleodii,Least Concern
Nyctiphrynus ocellatus,Least Concern
Nyctiphrynus rosenbergi,Least Concern
Nyctiphrynus yucatanicus,Least Concern
Phalaenoptilus nuttallii,Least Concern
Antrostomus arizonae,Least Concern
Antrostomus badius,Least Concern
Antrostomus carolinensis,Near Threatened
Antrostomus cubanensis,Least Concern
Antrostomus ekmani,Least Concern
Antrostomus noctitherus,Vulnerable
Antrostomus ridgwayi,Least Concern
Antrostomus rufus,Least Concern
Antrostomus salvini,Least Concern
Antrostomus saturatus,Least Concern
Antrostomus sericocaudatus,Least Concern
Antrostomus vociferus,Near Threatened
Chordeiles acutipennis,Least Concern
Chordeiles gundlachii,Least Concern
Chordeiles minor,Least Concern
Chordeiles nacunda,Least Concern
Chordeiles pusillus,Least Concern
Chordeiles rupestris,Least Concern
Veles binotatus,Least Concern
Caprimulgus aegyptius,Least Concern
Caprimulgus affinis,Least Concern
Caprimulgus andamanicus,Least Concern
Caprimulgus asiaticus,Least Concern
Caprimulgus atripennis,Least Concern
Caprimulgus batesi,Least Concern
Caprimulgus celebensis,Least Concern
Caprimulgus clarus,Least Concern
Caprimulgus climacurus,Least Concern
Caprimulgus concretus,Vulnerable
Caprimulgus donaldsoni,Least Concern
Caprimulgus europaeus,Least Concern
Caprimulgus eximius,Least Concern
Caprimulgus fossii,Least Concern
Caprimulgus fraenatus,Least Concern
Caprimulgus griseatus,Unknown
Caprimulgus indicus,Least Concern
Caprimulgus inornatus,Least Concern
Caprimulgus jotaka,Least Concern
Caprimulgus longipennis,Least Concern
Caprimulgus macrurus,Least Concern
Caprimulgus madagascariensis,Least Concern
Caprimulgus mahrattensis,Least Concern
Caprimulgus manillensis,Least Concern
Caprimulgus meesi,Least Concern
Caprimulgus natalensis,Least Concern
Caprimulgus nubicus,Least Concern
Caprimulgus pectoralis,Least Concern
Caprimulgus phalaena,Least Concern
Caprimulgus poliocephalus,Least Concern
Caprimulgus prigoginei,Data Deficient
Caprimulgus pulchellus,Least Concern
Caprimulgus ritae,Unknown
Caprimulgus ruficollis,Near Threatened
Caprimulgus rufigena,Least Concern
Caprimulgus solala,Vulnerable
Caprimulgus stellatus,Least Concern
Caprimulgus tristigma,Least Concern
Caprimulgus vexillarius,Least Concern
Steatornis caripensis,Least Concern
Phyllaemulor bracteatus,Least Concern
Nyctibius aethereus,Least Concern
Nyctibius grandis,Least Concern
Nyctibius griseus,Least Concern
Nyctibius jamaicensis,Least Concern
Nyctibius leucopterus,Least Concern
Nyctibius maculosus,Least Concern
Rigidipenna inexpectata,Near Threatened
Podargus ocellatus,Least Concern
Podargus papuensis,Least Concern
Podargus strigoides,Least Concern
Batrachostomus affinis,Unknown
Batrachostomus auritus,Vulnerable
Batrachostomus chaseni,Unknown
Batrachostomus cornutus,Least Concern
Batrachostomus harterti,Least Concern
Batrachostomus hodgsoni,Least Concern
Batrachostomus javensis,Least Concern
Batrachostomus mixtus,Least Concern
Batrachostomus moniliger,Least Concern
Batrachostomus poliolophus,Least Concern
Batrachostomus septimus,Least Concern
Batrachostomus stellatus,Near Threatened
Aegotheles affinis,Near Threatened
Aegotheles albertisi,Least Concern
Aegotheles bennettii,Least Concern
Aegotheles crinifrons,Least Concern
Aegotheles cristatus,Least Concern
Aegotheles insignis,Least Concern
Aegotheles savesi,Critically Endangered
Aegotheles tatei,Least Concern
Aegotheles terborghi,Unknown
Aegotheles wallacii,Least Concern
Hemiprocne comata,Least Concern
Hemiprocne coronata,Least Concern
Hemiprocne longipennis,Least Concern
Hemiprocne mystacea,Least Concern
Streptoprocne biscutata,Least Concern
Streptoprocne phelpsi,Least Concern
Streptoprocne rutila,Least Concern
Streptoprocne semicollaris,Least Concern
Streptoprocne zonaris,Least Concern
Cypseloides cherriei,Least Concern
Cypseloides cryptus,Least Concern
Cypseloides fumigatus,Least Concern
Cypseloides lemosi,Least Concern
Cypseloides niger,Vulnerable
Cypseloides rothschildi,Least Concern
Cypseloides senex,Least Concern
Cypseloides storeri,Data Deficient
Hirundapus caudacutus,Least Concern
Hirundapus celebensis,Least Concern
Hirundapus cochinchinensis,Least Concern
Hirundapus giganteus,Least Concern
Mearnsia novaeguineae,Least Concern
Mearnsia picina,Near Threatened
Rhaphidura leucopygialis,Least Concern
Rhaphidura sabini,Least Concern
Neafrapus boehmi,Least Concern
Neafrapus cassini,Least Concern
Telacanthura melanopygia,Least Concern
Telacanthura ussheri,Least Concern
Zoonavena grandidieri,Least Concern
Zoonavena sylvatica,Least Concern
Zoonavena thomensis,Least Concern
Chaetura andrei,Vulnerable
Chaetura brachyura,Least Concern
Chaetura chapmani,Least Concern
Chaetura cinereiventris,Least Concern
Chaetura egregia,Least Concern
Chaetura fumosa,Least Concern
Chaetura martinica,Least Concern
Chaetura meridionalis,Least Concern
Chaetura pelagica,Vulnerable
Chaetura spinicaudus,Least Concern
Chaetura vauxi,Least Concern
Aeronautes andecolus,Least Concern
Aeronautes montivagus,Least Concern
Aeronautes saxatalis,Least Concern
Tachornis furcata,Least Concern
Tachornis phoenicobia,Least Concern
Tachornis squamata,Least Concern
Panyptila cayennensis,Least Concern
Panyptila sanctihieronymi,Least Concern
Cypsiurus balasiensis,Least Concern
Cypsiurus gracilis,Least Concern
Cypsiurus parvus,Least Concern
Tachymarptis aequatorialis,Least Concern
Tachymarptis melba,Least Concern
Schoutedenapus myoptilus,Least Concern
Apus acuticauda,Near Threatened
Apus affinis,Least Concern
Apus alexandri,Least Concern
Apus apus,Least Concern
Apus balstoni,Least Concern
Apus barbatus,Least Concern
Apus batesi,Least Concern
Apus berliozi,Least Concern
Apus bradfieldi,Least Concern
Apus caffer,Least Concern
Apus horus,Least Concern
Apus niansae,Least Concern
Apus nipalensis,Least Concern
Apus pacificus,Least Concern
Apus pallidus,Least Concern
Apus unicolor,Least Concern
Collocalia affinis,Unknown
Collocalia dodgei,Unknown
Collocalia esculenta,Least Concern
Collocalia isonota,Unknown
Collocalia linchi,Least Concern
Collocalia marginata,Unknown
Collocalia natalis,Unknown
Collocalia neglecta,Unknown
Collocalia sumbawae,Unknown
Collocalia troglodytes,Least Concern
Collocalia uropygialis,Unknown
Hydrochous gigas,Near Threatened
Aerodramus amelis,Unknown
Aerodramus bartschi,Vulnerable
Aerodramus brevirostris,Least Concern
Aerodramus elaphrus,Vulnerable
Aerodramus francicus,Near Threatened
Aerodramus fuciphagus,Least Concern
Aerodramus hirundinaceus,Least Concern
Aerodramus infuscatus,Least Concern
Aerodramus inquietus,Least Concern
Aerodramus leucophaeus,Least Concern
Aerodramus maximus,Least Concern
Aerodramus mearnsi,Least Concern
Aerodramus nuditarsus,Least Concern
Aerodramus orientalis,Data Deficient
Aerodramus papuensis,Data Deficient
Aerodramus pelewensis,Least Concern
Aerodramus salangana,Least Concern
Aerodramus sawtelli,Vulnerable
Aerodramus spodiopygius,Least Concern
Aerodramus terraereginae,Least Concern
Aerodramus unicolor,Least Concern
Aerodramus vanikorensis,Least Concern
Aerodramus vulcanorum,Least Concern
Aerodramus whiteheadi,Data Deficient
Florisuga fusca,Least Concern
Florisuga mellivora,Least Concern
Topaza pella,Least Concern
Topaza pyra,Least Concern
Eutoxeres aquila,Least Concern
Eutoxeres condamini,Least Concern
Ramphodon naevius,Least Concern
Glaucis aeneus,Least Concern
Glaucis dohrnii,Vulnerable
Glaucis hirsutus,Least Concern
Threnetes leucurus,Least Concern
Threnetes niger,Least Concern
Threnetes ruckeri,Least Concern
Anopetia gounellei,Least Concern
Phaethornis aethopygus,Vulnerable
Phaethornis anthophilus,Least Concern
Phaethornis atrimentalis,Least Concern
Phaethornis augusti,Least Concern
Phaethornis bourcieri,Least Concern
Phaethornis eurynome,Least Concern
Phaethornis griseogularis,Least Concern
Phaethornis guy,Least Concern
Phaethornis hispidus,Least Concern
Phaethornis idaliae,Least Concern
Phaethornis koepckeae,Least Concern
Phaethornis longirostris,Least Concern
Phaethornis longuemareus,Least Concern
Phaethornis malaris,Least Concern
Phaethornis mexicanus,Least Concern
Phaethornis nattereri,Least Concern
Phaethornis philippii,Least Concern
Phaethornis pretrei,Least Concern
Phaethornis ruber,Least Concern
Phaethornis rupurumii,Least Concern
Phaethornis squalidus,Least Concern
Phaethornis striigularis,Least Concern
Phaethornis stuarti,Least Concern
Phaethornis subochraceus,Least Concern
Phaethornis superciliosus,Least Concern
Phaethornis syrmatophorus,Least Concern
Phaethornis yaruqui,Least Concern
Doryfera johannae,Least Concern
Doryfera ludovicae,Least Concern
Schistes albogularis,Least Concern
Schistes geoffroyi,Least Concern
Augastes lumachella,Near Threatened
Augastes scutatus,Least Concern
Colibri coruscans,Least Concern
Colibri cyanotus,Unknown
Colibri delphinae,Least Concern
Colibri serrirostris,Least Concern
Colibri thalassinus,Least Concern
Heliactin bilophus,Least Concern
Androdon aequatorialis,Least Concern
Heliothryx auritus,Least Concern
Heliothryx barroti,Least Concern
Polytmus guainumbi,Least Concern
Polytmus milleri,Least Concern
Polytmus theresiae,Least Concern
Avocettula recurvirostris,Least Concern
Chrysolampis mosquitus,Least Concern
Eulampis holosericeus,Least Concern
Eulampis jugularis,Least Concern
Anthracothorax aurulentus,Least Concern
Anthracothorax dominicus,Least Concern
Anthracothorax mango,Least Concern
Anthracothorax nigricollis,Least Concern
Anthracothorax prevostii,Least Concern
Anthracothorax veraguensis,Least Concern
Anthracothorax viridigula,Least Concern
Anthracothorax viridis,Least Concern
Haplophaedia assimilis,Least Concern
Haplophaedia aureliae,Least Concern
Haplophaedia lugens,Near Threatened
Loddigesia mirabilis,Near Threatened
Eriocnemis aline,Least Concern
Eriocnemis cupreoventris,Least Concern
Eriocnemis derbyi,Least Concern
Eriocnemis glaucopoides,Least Concern
Eriocnemis godini,Critically Endangered
Eriocnemis isabellae,Critically Endangered
Eriocnemis luciani,Least Concern
Eriocnemis mirabilis,Endangered
Eriocnemis mosquera,Least Concern
Eriocnemis nigrivestis,Endangered
Eriocnemis vestita,Least Concern
Lafresnaya lafresnayi,Least Concern
Aglaeactis aliciae,Vulnerable
Aglaeactis castelnaudii,Near Threatened
Aglaeactis cupripennis,Least Concern
Aglaeactis pamela,Least Concern
Coeligena bonapartei,Least Concern
Coeligena coeligena,Least Concern
Coeligena conradii,Least Concern
Coeligena consita,Endangered
Coeligena eos,Least Concern
Coeligena helianthea,Least Concern
Coeligena inca,Least Concern
Coeligena iris,Least Concern
Coeligena lutetiae,Least Concern
Coeligena orina,Endangered
Coeligena phalerata,Near Threatened
Coeligena prunellei,Vulnerable
Coeligena torquata,Least Concern
Coeligena violifer,Least Concern
Coeligena wilsoni,Least Concern
Ensifera ensifera,Least Concern
Pterophanes cyanopterus,Least Concern
Boissonneaua flavescens,Least Concern
Boissonneaua jardini,Least Concern
Boissonneaua matthewsii,Least Concern
Urosticte benjamini,Least Concern
Urosticte ruficrissa,Least Concern
Ocreatus addae,Unknown
Ocreatus peruanus,Unknown
Ocreatus underwoodii,Least Concern
Urochroa bougueri,Least Concern
Urochroa leucura,Least Concern
Hylonympha macrocerca,Endangered
Sternoclyta cyanopectus,Least Concern
Heliodoxa aurescens,Least Concern
Heliodoxa branickii,Least Concern
Heliodoxa gularis,Least Concern
Heliodoxa imperatrix,Least Concern
Heliodoxa jacula,Least Concern
Heliodoxa leadbeateri,Least Concern
Heliodoxa rubinoides,Least Concern
Heliodoxa rubricauda,Least Concern
Heliodoxa schreibersii,Least Concern
Heliodoxa xanthogonys,Least Concern
Sephanoides fernandensis,Critically Endangered
Sephanoides sephaniodes,Least Concern
Discosura conversii,Least Concern
Discosura langsdorffi,Least Concern
Discosura letitiae,Data Deficient
Discosura longicaudus,Least Concern
Discosura popelairii,Least Concern
Lophornis adorabilis,Least Concern
Lophornis brachylophus,Critically Endangered
Lophornis chalybeus,Least Concern
Lophornis delattrei,Least Concern
Lophornis gouldii,Near Threatened
Lophornis helenae,Least Concern
Lophornis magnificus,Least Concern
Lophornis ornatus,Least Concern
Lophornis pavoninus,Least Concern
Lophornis stictolophus,Least Concern
Lophornis verreauxii,Least Concern
Phlogophilus harterti,Least Concern
Phlogophilus hemileucurus,Least Concern
Heliangelus amethysticollis,Least Concern
Heliangelus clarisse,Least Concern
Heliangelus exortis,Least Concern
Heliangelus mavors,Least Concern
Heliangelus micraster,Least Concern
Heliangelus regalis,Near Threatened
Heliangelus spencei,Least Concern
Heliangelus strophianus,Least Concern
Heliangelus viola,Least Concern
Adelomyia melanogenys,Least Concern
Taphrolesbia griseiventris,Endangered
Aglaiocercus berlepschi,Vulnerable
Aglaiocercus coelestis,Least Concern
Aglaiocercus kingii,Least Concern
Sappho sparganurus,Least Concern
Ramphomicron dorsale,Near Threatened
Ramphomicron microrhynchum,Least Concern
Lesbia nuna,Least Concern
Lesbia victoriae,Least Concern
Oreotrochilus adela,Least Concern
Oreotrochilus chimborazo,Least Concern
Oreotrochilus cyanolaemus,Critically Endangered
Oreotrochilus estella,Least Concern
Oreotrochilus leucopleurus,Least Concern
Oreotrochilus melanogaster,Least Concern
Oreotrochilus stolzmanni,Least Concern
Polyonymus caroli,Least Concern
Opisthoprora euryptera,Least Concern
Metallura aeneocauda,Least Concern
Metallura baroni,Vulnerable
Metallura eupogon,Least Concern
Metallura iracunda,Near Threatened
Metallura odomae,Least Concern
Metallura phoebe,Least Concern
Metallura theresiae,Least Concern
Metallura tyrianthina,Least Concern
Metallura williami,Least Concern
Oreonympha nobilis,Least Concern
Oxypogon cyanolaemus,Endangered
Oxypogon guerinii,Least Concern
Oxypogon lindenii,Least Concern
Oxypogon stuebelii,Vulnerable
Chalcostigma herrani,Least Concern
Chalcostigma heteropogon,Least Concern
Chalcostigma olivaceum,Least Concern
Chalcostigma ruficeps,Least Concern
Chalcostigma stanleyi,Least Concern
Patagona gigas,Least Concern
Lampornis amethystinus,Least Concern
Lampornis calolaemus,Least Concern
Lampornis castaneoventris,Least Concern
Lampornis clemenciae,Least Concern
Lampornis hemileucus,Least Concern
Lampornis sybillae,Least Concern
Lampornis viridipallens,Least Concern
Lamprolaima rhami,Least Concern
Eugenes fulgens,Least Concern
Eugenes spectabilis,Least Concern
Panterpe insignis,Least Concern
Heliomaster constantii,Least Concern
Heliomaster furcifer,Least Concern
Heliomaster longirostris,Least Concern
Heliomaster squamosus,Least Concern
Tilmatura dupontii,Least Concern
Calliphlox amethystina,Least Concern
Thaumastura cora,Least Concern
Myrmia micrura,Least Concern
Myrtis fanny,Least Concern
Rhodopis vesper,Least Concern
Eulidia yarrellii,Critically Endangered
Philodice bryantae,Least Concern
Philodice mitchellii,Least Concern
Microstilbon burmeisteri,Least Concern
Chaetocercus astreans,Least Concern
Chaetocercus berlepschi,Vulnerable
Chaetocercus bombus,Near Threatened
Chaetocercus heliodor,Least Concern
Chaetocercus jourdanii,Least Concern
Chaetocercus mulsant,Least Concern
Calothorax lucifer,Least Concern
Calothorax pulcher,Least Concern
Doricha eliza,Near Threatened
Doricha enicura,Least Concern
Archilochus alexandri,Least Concern
Archilochus colubris,Least Concern
Nesophlox evelynae,Least Concern
Nesophlox lyrura,Least Concern
Mellisuga helenae,Near Threatened
Mellisuga minima,Least Concern
Calypte anna,Least Concern
Calypte costae,Least Concern
Selasphorus ardens,Endangered
Selasphorus calliope,Least Concern
Selasphorus ellioti,Least Concern
Selasphorus flammula,Least Concern
Selasphorus heloisa,Least Concern
Selasphorus platycercus,Least Concern
Selasphorus rufus,Near Threatened
Selasphorus sasin,Least Concern
Selasphorus scintilla,Least Concern
Phaeoptila sordida,Least Concern
Riccordia bicolor,Near Threatened
Riccordia bracei,Extinct
Riccordia maugaeus,Least Concern
Riccordia ricordii,Least Concern
Riccordia swainsonii,Least Concern
Cynanthus auriceps,Least Concern
Cynanthus canivetii,Least Concern
Cynanthus doubledayi,Least Concern
Cynanthus forficatus,Least Concern
Cynanthus latirostris,Least Concern
Cynanthus lawrencei,Near Threatened
Chlorostilbon alice,Least Concern
Chlorostilbon assimilis,Least Concern
Chlorostilbon gibsoni,Least Concern
Chlorostilbon lucidus,Least Concern
Chlorostilbon melanorhynchus,Unknown
Chlorostilbon mellisugus,Least Concern
Chlorostilbon olivaresi,Least Concern
Chlorostilbon poortmani,Least Concern
Chlorostilbon russatus,Least Concern
Chlorostilbon stenurus,Least Concern
Basilinna leucotis,Least Concern
Basilinna xantusii,Least Concern
Pampa curvipennis,Least Concern
Pampa rufa,Least Concern
Abeillia abeillei,Least Concern
Klais guimeti,Least Concern
Orthorhyncus cristatus,Least Concern
Anthocephala berlepschi,Vulnerable
Anthocephala floriceps,Vulnerable
Stephanoxis lalandi,Least Concern
Stephanoxis loddigesii,Least Concern
Campylopterus calcirupicola,Vulnerable
Campylopterus diamantinensis,Near Threatened
Campylopterus duidae,Least Concern
Campylopterus ensipennis,Near Threatened
Campylopterus falcatus,Least Concern
Campylopterus hemileucurus,Least Concern
Campylopterus hyperythrus,Least Concern
Campylopterus largipennis,Least Concern
Campylopterus phainopeplus,Critically Endangered
Campylopterus villaviscensio,Least Concern
Chalybura buffonii,Least Concern
Chalybura urochrysia,Least Concern
Thalurania colombica,Least Concern
Thalurania furcata,Least Concern
Thalurania glaucopis,Least Concern
Thalurania watertonii,Endangered
Microchera albocoronata,Least Concern
Microchera chionura,Least Concern
Microchera cupreiceps,Least Concern
Goldmania bella,Near Threatened
Goldmania violiceps,Near Threatened
Eupherusa cyanophrys,Endangered
Eupherusa eximia,Least Concern
Eupherusa nigriventris,Least Concern
Eupherusa poliocerca,Near Threatened
Eupherusa ridgwayi,Vulnerable
Leucippus fallax,Least Concern
Phaeochroa cuvierii,Least Concern
Thaumasius baeri,Least Concern
Thaumasius taczanowskii,Least Concern
Taphrospilus hypostictus,Least Concern
Eupetomena cirrochloris,Least Concern
Eupetomena macroura,Least Concern
Talaphorus chlorocercus,Least Concern
Trochilus polytmus,Least Concern
Trochilus scitulus,Least Concern
Ramosomyia violiceps,Least Concern
Ramosomyia viridifrons,Unknown
Saucerottia beryllina,Least Concern
Saucerottia castaneiventris,Near Threatened
Saucerottia cupreicauda,Least Concern
Saucerottia cyanifrons,Least Concern
Saucerottia cyanocephala,Least Concern
Saucerottia cyanura,Least Concern
Saucerottia edward,Least Concern
Saucerottia hoffmanni,Unknown
Saucerottia saucerottei,Least Concern
Saucerottia tobaci,Least Concern
Saucerottia viridigaster,Least Concern
Amazilia luciae,Vulnerable
Amazilia rutila,Least Concern
Amazilia tzacatl,Least Concern
Amazilia yucatanensis,Least Concern
Amazilis amazilia,Least Concern
Uranomitra franciae,Least Concern
Chrysuronia boucardi,Endangered
Chrysuronia brevirostris,Least Concern
Chrysuronia coeruleogularis,Least Concern
Chrysuronia goudoti,Least Concern
Chrysuronia grayi,Least Concern
Chrysuronia humboldtii,Least Concern
Chrysuronia leucogaster,Least Concern
Chrysuronia lilliae,Endangered
Chrysuronia oenone,Least Concern
Chrysuronia versicolor,Least Concern
Leucochloris albicollis,Least Concern
Chionomesa fimbriata,Least Concern
Chionomesa lactea,Least Concern
Hylocharis chrysura,Least Concern
Hylocharis sapphirina,Least Concern
Elliotomyia chionogaster,Least Concern
Elliotomyia viridicauda,Least Concern
Polyerata amabilis,Least Concern
Polyerata decora,Least Concern
Polyerata rosenbergi,Least Concern
Chlorestes candida,Least Concern
Chlorestes cyanus,Least Concern
Chlorestes eliciae,Least Concern
Chlorestes julie,Least Concern
Chlorestes notata,Least Concern
Phodilus assimilis,Least Concern
Phodilus badius,Least Concern
Tyto alba,Least Concern
Tyto aurantia,Vulnerable
Tyto capensis,Least Concern
Tyto deroepstorffi,Unknown
Tyto furcata,Unknown
Tyto glaucops,Least Concern
Tyto inexspectata,Least Concern
Tyto javanica,Unknown
Tyto longimembris,Least Concern
Tyto nigrobrunnea,Near Threatened
Tyto novaehollandiae,Least Concern
Tyto prigoginei,Endangered
Tyto rosenbergii,Least Concern
Tyto soumagnei,Vulnerable
Tyto tenebricosa,Least Concern
Uroglaux dimorpha,Least Concern
Margarobyas lawrencii,Least Concern
Ninox affinis,Least Concern
Ninox albifacies,Extinct
Ninox boobook,Least Concern
Ninox burhani,Near Threatened
Ninox connivens,Least Concern
Ninox forbesi,Least Concern
Ninox fusca,Least Concern
Ninox hantu,Least Concern
Ninox hypogramma,Least Concern
Ninox ios,Least Concern
Ninox japonica,Least Concern
Ninox leucopsis,Least Concern
Ninox leventisi,Vulnerable
Ninox meeki,Least Concern
Ninox mindorensis,Vulnerable
Ninox natalis,Vulnerable
Ninox novaeseelandiae,Least Concern
Ninox obscura,Least Concern
Ninox ochracea,Near Threatened
Ninox odiosa,Vulnerable
Ninox philippensis,Least Concern
Ninox plesseni,Least Concern
Ninox punctulata,Least Concern
Ninox randi,Near Threatened
Ninox reyi,Vulnerable
Ninox rotiensis,Near Threatened
Ninox rudolfi,Near Threatened
Ninox rufa,Least Concern
Ninox rumseyi,Vulnerable
Ninox scutulata,Least Concern
Ninox spilocephala,Near Threatened
Ninox spilonotus,Endangered
Ninox squamipila,Least Concern
Ninox strenua,Least Concern
Ninox sumbaensis,Endangered
Ninox theomacha,Least Concern
Ninox variegata,Least Concern
Taenioptynx brodiei,Least Concern
Taenioptynx sylvaticus,Unknown
Xenoglaux loweryi,Vulnerable
Micrathene whitneyi,Least Concern
Aegolius acadicus,Least Concern
Aegolius funereus,Least Concern
Aegolius gradyi,Extinct
Aegolius harrisii,Least Concern
Aegolius ridgwayi,Least Concern
Athene blewitti,Endangered
Athene brama,Least Concern
Athene cunicularia,Least Concern
Athene granti,Near Threatened
Athene jacquinoti,Least Concern
Athene malaitae,Vulnerable
Athene noctua,Least Concern
Athene roseoaxillaris,Vulnerable
Athene superciliaris,Least Concern
Surnia ulula,Least Concern
Glaucidium albertinum,Near Threatened
Glaucidium bolivianum,Least Concern
Glaucidium brasilianum,Least Concern
Glaucidium capense,Least Concern
Glaucidium castanopterum,Least Concern
Glaucidium castanotum,Near Threatened
Glaucidium costaricanum,Least Concern
Glaucidium cuculoides,Least Concern
Glaucidium gnoma,Least Concern
Glaucidium griseiceps,Least Concern
Glaucidium hardyi,Least Concern
Glaucidium jardinii,Least Concern
Glaucidium minutissimum,Least Concern
Glaucidium mooreorum,Critically Endangered
Glaucidium nana,Least Concern
Glaucidium nubicola,Vulnerable
Glaucidium palmarum,Least Concern
Glaucidium parkeri,Least Concern
Glaucidium passerinum,Least Concern
Glaucidium perlatum,Least Concern
Glaucidium peruanum,Least Concern
Glaucidium radiatum,Least Concern
Glaucidium sanchezi,Near Threatened
Glaucidium siju,Least Concern
Glaucidium sjostedti,Least Concern
Glaucidium tephronotum,Least Concern
Otus alfredi,Endangered
Otus alius,Near Threatened
Otus angelinae,Vulnerable
Otus bakkamoena,Least Concern
Otus balli,Least Concern
Otus beccarii,Near Threatened
Otus bikegila,Critically Endangered
Otus brookii,Least Concern
Otus brucei,Least Concern
Otus capnodes,Endangered
Otus collari,Least Concern
Otus cyprius,Least Concern
Otus elegans,Near Threatened
Otus enganensis,Least Concern
Otus everetti,Least Concern
Otus fuliginosus,Least Concern
Otus grucheti,Extinct
Otus gurneyi,Vulnerable
Otus hartlaubi,Vulnerable
Otus icterorhynchus,Least Concern
Otus insularis,Critically Endangered
Otus ireneae,Endangered
Otus jolandae,Near Threatened
Otus lempiji,Least Concern
Otus lettia,Least Concern
Otus longicornis,Least Concern
Otus magicus,Least Concern
Otus manadensis,Least Concern
Otus mantananensis,Least Concern
Otus mayottensis,Least Concern
Otus megalotis,Least Concern
Otus mendeni,Near Threatened
Otus mentawi,Least Concern
Otus mindorensis,Near Threatened
Otus mirus,Least Concern
Otus moheliensis,Endangered
Otus murivorus,Extinct
Otus nigrorum,Vulnerable
Otus pamelae,Least Concern
Otus pauliani,Endangered
Otus pembaensis,Vulnerable
Otus podarginus,Least Concern
Otus rufescens,Near Threatened
Otus rutilus,Least Concern
Otus sagittatus,Vulnerable
Otus sauzieri,Extinct
Otus scops,Least Concern
Otus semitorques,Least Concern
Otus senegalensis,Least Concern
Otus siaoensis,Critically Endangered
Otus silvicola,Least Concern
Otus socotranus,Least Concern
Otus spilocephalus,Least Concern
Otus sulaensis,Near Threatened
Otus sunia,Least Concern
Otus tempestatis,Least Concern
Otus thilohoffmanni,Endangered
Otus umbra,Least Concern
Ptilopsis granti,Least Concern
Ptilopsis leucotis,Least Concern
Asio abyssinicus,Least Concern
Asio capensis,Least Concern
Asio clamator,Least Concern
Asio flammeus,Least Concern
Asio grammicus,Unknown
Asio madagascariensis,Least Concern
Asio otus,Least Concern
Asio solomonensis,Unknown
Asio stygius,Least Concern
Jubula lettii,Data Deficient
Bubo africanus,Least Concern
Bubo ascalaphus,Least Concern
Bubo bengalensis,Least Concern
Bubo bubo,Least Concern
Bubo capensis,Least Concern
Bubo cinerascens,Least Concern
Bubo magellanicus,Least Concern
Bubo milesi,Least Concern
Bubo scandiacus,Vulnerable
Bubo virginianus,Least Concern
Scotopelia bouvieri,Least Concern
Scotopelia peli,Least Concern
Scotopelia ussheri,Vulnerable
Ketupa blakistoni,Endangered
Ketupa coromanda,Least Concern
Ketupa flavipes,Least Concern
Ketupa ketupu,Least Concern
Ketupa lactea,Least Concern
Ketupa leucosticta,Least Concern
Ketupa nipalensis,Least Concern
Ketupa philippensis,Vulnerable
Ketupa poensis,Least Concern
Ketupa shelleyi,Vulnerable
Ketupa sumatrana,Near Threatened
Ketupa zeylonensis,Least Concern
Psiloscops flammeolus,Least Concern
Gymnasio nudipes,Least Concern
Megascops albogularis,Least Concern
Megascops asio,Least Concern
Megascops atricapilla,Least Concern
Megascops barbarus,Least Concern
Megascops centralis,Unknown
Megascops choliba,Least Concern
Megascops clarkii,Least Concern
Megascops cooperi,Least Concern
Megascops gilesi,Vulnerable
Megascops guatemalae,Least Concern
Megascops hoyi,Least Concern
Megascops ingens,Least Concern
Megascops kennicottii,Least Concern
Megascops koepckeae,Least Concern
Megascops marshalli,Near Threatened
Megascops petersoni,Least Concern
Megascops roboratus,Least Concern
Megascops roraimae,Unknown
Megascops sanctaecatarinae,Least Concern
Megascops seductus,Least Concern
Megascops trichopsis,Least Concern
Megascops watsonii,Least Concern
Lophostrix cristata,Least Concern
Pulsatrix koeniswaldiana,Least Concern
Pulsatrix melanota,Least Concern
Pulsatrix perspicillata,Least Concern
Strix albitarsis,Unknown
Strix aluco,Least Concern
Strix butleri,Least Concern
Strix chacoensis,Near Threatened
Strix fulvescens,Least Concern
Strix hadorami,Least Concern
Strix huhula,Unknown
Strix hylophila,Least Concern
Strix leptogrammica,Least Concern
Strix nebulosa,Least Concern
Strix nigrolineata,Unknown
Strix nivicolum,Least Concern
Strix occidentalis,Near Threatened
Strix ocellata,Least Concern
Strix rufipes,Least Concern
Strix sartorii,Unknown
Strix seloputo,Least Concern
Strix uralensis,Least Concern
Strix varia,Least Concern
Strix virgata,Unknown
Strix woodfordii,Least Concern
Gymnogyps californianus,Critically Endangered
Sarcoramphus papa,Least Concern
Vultur gryphus,Vulnerable
Coragyps atratus,Least Concern
Cathartes aura,Least Concern
Cathartes burrovianus,Least Concern
Cathartes melambrotus,Least Concern
Sagittarius serpentarius,Endangered
Pandion haliaetus,Least Concern
Gampsonyx swainsonii,Least Concern
Chelictinia riocourii,Vulnerable
Elanus axillaris,Least Concern
Elanus caeruleus,Least Concern
Elanus leucurus,Least Concern
Elanus scriptus,Near Threatened
Polyboroides radiatus,Least Concern
Polyboroides typus,Least Concern
Gypohierax angolensis,Least Concern
Gypaetus barbatus,Near Threatened
Neophron percnopterus,Endangered
Eutriorchis astur,Endangered
Leptodon cayanensis,Least Concern
Leptodon forbesi,Endangered
Chondrohierax uncinatus,Least Concern
Chondrohierax wilsonii,Critically Endangered
Aviceda cuculoides,Least Concern
Aviceda jerdoni,Least Concern
Aviceda leuphotes,Least Concern
Aviceda madagascariensis,Least Concern
Aviceda subcristata,Least Concern
Pernis apivorus,Least Concern
Pernis celebensis,Least Concern
Pernis ptilorhynchus,Least Concern
Pernis steerei,Least Concern
Elanoides forficatus,Least Concern
Hamirostra melanosternon,Least Concern
Lophoictinia isura,Least Concern
Henicopernis infuscatus,Vulnerable
Henicopernis longicauda,Least Concern
Sarcogyps calvus,Critically Endangered
Trigonoceps occipitalis,Critically Endangered
Aegypius monachus,Near Threatened
Torgos tracheliotos,Endangered
Necrosyrtes monachus,Critically Endangered
Gyps africanus,Critically Endangered
Gyps bengalensis,Critically Endangered
Gyps coprotheres,Vulnerable
Gyps fulvus,Least Concern
Gyps himalayensis,Near Threatened
Gyps indicus,Critically Endangered
Gyps rueppelli,Critically Endangered
Gyps tenuirostris,Critically Endangered
Spilornis cheela,Least Concern
Spilornis elgini,Vulnerable
Spilornis holospilus,Least Concern
Spilornis kinabaluensis,Near Threatened
Spilornis klossi,Endangered
Spilornis rufipectus,Least Concern
Pithecophaga jefferyi,Critically Endangered
Terathopius ecaudatus,Endangered
Circaetus beaudouini,Vulnerable
Circaetus cinerascens,Least Concern
Circaetus cinereus,Least Concern
Circaetus fasciolatus,Near Threatened
Circaetus gallicus,Least Concern
Circaetus pectoralis,Least Concern
Circaetus spectabilis,Least Concern
Stephanoaetus coronatus,Near Threatened
Nisaetus alboniger,Least Concern
Nisaetus bartelsi,Endangered
Nisaetus cirrhatus,Least Concern
Nisaetus floris,Endangered
Nisaetus kelaarti,Unknown
Nisaetus lanceolatus,Least Concern
Nisaetus nanus,Vulnerable
Nisaetus nipalensis,Near Threatened
Nisaetus philippensis,Endangered
Nisaetus pinskeri,Endangered
Spizaetus isidori,Endangered
Spizaetus melanoleucus,Least Concern
Spizaetus ornatus,Near Threatened
Spizaetus tyrannus,Least Concern
Lophotriorchis kienerii,Near Threatened
Polemaetus bellicosus,Endangered
Lophaetus occipitalis,Least Concern
Ictinaetus malaiensis,Least Concern
Clanga clanga,Vulnerable
Clanga hastata,Vulnerable
Clanga pomarina,Least Concern
Hieraaetus ayresii,Least Concern
Hieraaetus morphnoides,Least Concern
Hieraaetus pennatus,Least Concern
Hieraaetus wahlbergi,Least Concern
Hieraaetus weiskei,Least Concern
Aquila adalberti,Vulnerable
Aquila africana,Least Concern
Aquila audax,Least Concern
Aquila chrysaetos,Least Concern
Aquila fasciata,Least Concern
Aquila gurneyi,Near Threatened
Aquila heliaca,Vulnerable
Aquila nipalensis,Endangered
Aquila rapax,Vulnerable
Aquila spilogaster,Least Concern
Aquila verreauxii,Least Concern
Harpyopsis novaeguineae,Vulnerable
Macheiramphus alcinus,Least Concern
Harpia harpyja,Vulnerable
Morphnus guianensis,Near Threatened
Lophospiza griseiceps,Least Concern
Lophospiza trivirgata,Least Concern
Micronisus gabar,Least Concern
Urotriorchis macrourus,Least Concern
Melierax canorus,Least Concern
Melierax metabates,Least Concern
Melierax poliopterus,Least Concern
Kaupifalco monogrammicus,Least Concern
Aerospiza castanilius,Least Concern
Aerospiza tachiro,Least Concern
Tachyspiza albogularis,Least Concern
Tachyspiza badia,Least Concern
Tachyspiza brachyura,Vulnerable
Tachyspiza brevipes,Least Concern
Tachyspiza butleri,Vulnerable
Tachyspiza cirrocephala,Least Concern
Tachyspiza erythrauchen,Near Threatened
Tachyspiza erythropus,Least Concern
Tachyspiza fasciata,Least Concern
Tachyspiza francesiae,Least Concern
Tachyspiza gularis,Least Concern
Tachyspiza haplochrous,Near Threatened
Tachyspiza henicogramma,Near Threatened
Tachyspiza hiogaster,Least Concern
Tachyspiza imitator,Near Threatened
Tachyspiza luteoschistacea,Vulnerable
Tachyspiza melanochlamys,Least Concern
Tachyspiza minulla,Least Concern
Tachyspiza nanus,Least Concern
Tachyspiza novaehollandiae,Least Concern
Tachyspiza poliocephala,Least Concern
Tachyspiza princeps,Vulnerable
Tachyspiza rhodogaster,Least Concern
Tachyspiza rufitorques,Least Concern
Tachyspiza soloensis,Least Concern
Tachyspiza trinotata,Least Concern
Tachyspiza virgata,Least Concern
Erythrotriorchis buergersi,Near Threatened
Erythrotriorchis radiatus,Endangered
Accipiter madagascariensis,Near Threatened
Accipiter nisus,Least Concern
Accipiter ovampensis,Least Concern
Accipiter poliogaster,Near Threatened
Accipiter rufiventris,Least Concern
Accipiter striatus,Least Concern
Astur atricapillus,Unknown
Astur bicolor,Least Concern
Astur chilensis,Unknown
Astur cooperii,Least Concern
Astur gentilis,Least Concern
Astur gundlachi,Endangered
Astur henstii,Vulnerable
Astur melanoleucus,Least Concern
Astur meyerianus,Least Concern
Megatriorchis doriae,Least Concern
Circus aeruginosus,Least Concern
Circus approximans,Least Concern
Circus assimilis,Least Concern
Circus buffoni,Least Concern
Circus cinereus,Least Concern
Circus cyaneus,Least Concern
Circus hudsonius,Least Concern
Circus macrosceles,Endangered
Circus macrourus,Near Threatened
Circus maillardi,Endangered
Circus maurus,Endangered
Circus melanoleucos,Least Concern
Circus pygargus,Least Concern
Circus ranivorus,Least Concern
Circus spilonotus,Least Concern
Circus spilothorax,Least Concern
Harpagus bidentatus,Least Concern
Harpagus diodon,Least Concern
Microspizias collaris,Least Concern
Microspizias superciliosus,Least Concern
Haliastur indus,Least Concern
Haliastur sphenurus,Least Concern
Milvus migrans,Least Concern
Milvus milvus,Least Concern
Haliaeetus albicilla,Least Concern
Haliaeetus leucocephalus,Least Concern
Haliaeetus leucoryphus,Endangered
Haliaeetus pelagicus,Vulnerable
Icthyophaga humilis,Near Threatened
Icthyophaga ichthyaetus,Near Threatened
Icthyophaga leucogaster,Least Concern
Icthyophaga sanfordi,Vulnerable
Icthyophaga vocifer,Least Concern
Icthyophaga vociferoides,Critically Endangered
Butastur indicus,Least Concern
Butastur liventer,Least Concern
Butastur rufipennis,Least Concern
Butastur teesa,Least Concern
Ictinia mississippiensis,Least Concern
Ictinia plumbea,Least Concern
Geranospiza caerulescens,Least Concern
Busarellus nigricollis,Least Concern
Helicolestes hamatus,Least Concern
Rostrhamus sociabilis,Least Concern
Morphnarchus princeps,Least Concern
Cryptoleucopteryx plumbea,Near Threatened
Buteogallus aequinoctialis,Near Threatened
Buteogallus anthracinus,Least Concern
Buteogallus coronatus,Endangered
Buteogallus gundlachii,Near Threatened
Buteogallus lacernulatus,Vulnerable
Buteogallus meridionalis,Least Concern
Buteogallus schistaceus,Least Concern
Buteogallus solitarius,Near Threatened
Buteogallus urubitinga,Least Concern
Rupornis magnirostris,Least Concern
Parabuteo leucorrhous,Least Concern
Parabuteo unicinctus,Least Concern
Pseudastur albicollis,Least Concern
Pseudastur occidentalis,Vulnerable
Pseudastur polionotus,Near Threatened
Geranoaetus albicaudatus,Least Concern
Geranoaetus melanoleucus,Least Concern
Geranoaetus polyosoma,Least Concern
Leucopternis kuhli,Least Concern
Leucopternis melanops,Least Concern
Leucopternis semiplumbeus,Least Concern
Bermuteo avivorus,Extinct
Buteo albigula,Least Concern
Buteo albonotatus,Least Concern
Buteo augur,Least Concern
Buteo auguralis,Least Concern
Buteo brachypterus,Least Concern
Buteo brachyurus,Least Concern
Buteo buteo,Least Concern
Buteo galapagoensis,Vulnerable
Buteo hemilasius,Least Concern
Buteo jamaicensis,Least Concern
Buteo japonicus,Least Concern
Buteo lagopus,Least Concern
Buteo lineatus,Least Concern
Buteo nitidus,Least Concern
Buteo oreophilus,Near Threatened
Buteo plagiatus,Least Concern
Buteo platypterus,Least Concern
Buteo refectus,Least Concern
Buteo regalis,Least Concern
Buteo ridgwayi,Critically Endangered
Buteo rufinus,Least Concern
Buteo rufofuscus,Least Concern
Buteo socotraensis,Vulnerable
Buteo solitarius,Near Threatened
Buteo swainsoni,Least Concern
Buteo trizonatus,Near Threatened
Buteo ventralis,Vulnerable
Urocolius indicus,Least Concern
Urocolius macrourus,Least Concern
Colius castanotus,Least Concern
Colius colius,Least Concern
Colius leucocephalus,Least Concern
Colius striatus,Least Concern
Leptosomus discolor,Least Concern
Apaloderma aequatoriale,Least Concern
Apaloderma narina,Least Concern
Apaloderma vittatum,Least Concern
Apalharpactes mackloti,Least Concern
Apalharpactes reinwardtii,Vulnerable
Harpactes ardens,Least Concern
Harpactes diardii,Near Threatened
Harpactes duvaucelii,Near Threatened
Harpactes erythrocephalus,Least Concern
Harpactes fasciatus,Least Concern
Harpactes kasumba,Near Threatened
Harpactes oreskios,Least Concern
Harpactes orrhophaeus,Vulnerable
Harpactes wardi,Least Concern
Harpactes whiteheadi,Least Concern
Euptilotis neoxenus,Least Concern
Pharomachrus antisianus,Least Concern
Pharomachrus auriceps,Least Concern
Pharomachrus fulgidus,Least Concern
Pharomachrus mocinno,Near Threatened
Pharomachrus pavoninus,Least Concern
Priotelus roseigaster,Unknown
Priotelus temnurus,Least Concern
Trogon ambiguus,Unknown
Trogon bairdii,Near Threatened
Trogon caligatus,Unknown
Trogon chionurus,Least Concern
Trogon chrysochloros,Unknown
Trogon citreolus,Least Concern
Trogon clathratus,Least Concern
Trogon collaris,Least Concern
Trogon comptus,Least Concern
Trogon cupreicauda,Unknown
Trogon curucui,Least Concern
Trogon elegans,Least Concern
Trogon massena,Least Concern
Trogon melanocephalus,Least Concern
Trogon melanurus,Least Concern
Trogon mesurus,Least Concern
Trogon mexicanus,Least Concern
Trogon personatus,Least Concern
Trogon ramonianus,Unknown
Trogon rufus,Least Concern
Trogon surrucura,Least Concern
Trogon tenellus,Unknown
Trogon violaceus,Least Concern
Trogon viridis,Least Concern
Upupa antaios,Extinct
Upupa epops,Least Concern
Upupa marginata,Least Concern
Rhinopomastus aterrimus,Least Concern
Rhinopomastus castaneiceps,Least Concern
Rhinopomastus cyanomelas,Least Concern
Rhinopomastus minor,Least Concern
Phoeniculus bollei,Least Concern
Phoeniculus damarensis,Least Concern
Phoeniculus purpureus,Least Concern
Phoeniculus somaliensis,Least Concern
Bucorvus abyssinicus,Vulnerable
Bucorvus leadbeateri,Vulnerable
Lophoceros alboterminatus,Least Concern
Lophoceros bradfieldi,Least Concern
Lophoceros camurus,Least Concern
Lophoceros fasciatus,Least Concern
Lophoceros hemprichii,Least Concern
Lophoceros nasutus,Least Concern
Lophoceros pallidirostris,Least Concern
Lophoceros semifasciatus,Least Concern
Tockus damarensis,Least Concern
Tockus deckeni,Least Concern
Tockus erythrorhynchus,Least Concern
Tockus flavirostris,Least Concern
Tockus jacksoni,Least Concern
Tockus kempi,Unknown
Tockus leucomelas,Least Concern
Tockus monteiri,Least Concern
Tockus ruahae,Unknown
Tockus rufirostris,Unknown
Berenicornis comatus,Endangered
Horizocerus albocristatus,Least Concern
Horizocerus cassini,Least Concern
Horizocerus granti,Least Concern
Horizocerus hartlaubi,Least Concern
Ceratogymna atrata,Least Concern
Ceratogymna elata,Vulnerable
Bycanistes albotibialis,Least Concern
Bycanistes brevis,Least Concern
Bycanistes bucinator,Least Concern
Bycanistes cylindricus,Vulnerable
Bycanistes fistulator,Least Concern
Bycanistes subcylindricus,Least Concern
Rhinoplax vigil,Critically Endangered
Buceros bicornis,Vulnerable
Buceros hydrocorax,Vulnerable
Buceros rhinoceros,Vulnerable
Anorrhinus austeni,Near Threatened
Anorrhinus galeritus,Near Threatened
Anorrhinus tickelli,Near Threatened
Ocyceros birostris,Least Concern
Ocyceros gingalensis,Least Concern
Ocyceros griseus,Vulnerable
Anthracoceros albirostris,Least Concern
Anthracoceros coronatus,Near Threatened
Anthracoceros malayanus,Vulnerable
Anthracoceros marchei,Vulnerable
Anthracoceros montani,Critically Endangered
Aceros nipalensis,Vulnerable
Rhyticeros cassidix,Vulnerable
Rhyticeros everetti,Endangered
Rhyticeros narcondami,Vulnerable
Rhyticeros plicatus,Least Concern
Rhyticeros subruficollis,Vulnerable
Rhyticeros undulatus,Vulnerable
Rhabdotorrhinus corrugatus,Endangered
Rhabdotorrhinus exarhatus,Vulnerable
Rhabdotorrhinus leucocephalus,Near Threatened
Rhabdotorrhinus waldeni,Critically Endangered
Penelopides affinis,Least Concern
Penelopides manillae,Least Concern
Penelopides mindorensis,Endangered
Penelopides panini,Endangered
Penelopides samarensis,Unknown
Geobiastes squamiger,Vulnerable
Brachypteracias leptosomus,Vulnerable
Uratelornis chimaera,Vulnerable
Atelornis crossleyi,Near Threatened
Atelornis pittoides,Least Concern
Eurystomus azureus,Near Threatened
Eurystomus glaucurus,Least Concern
Eurystomus gularis,Least Concern
Eurystomus orientalis,Least Concern
Coracias abyssinicus,Least Concern
Coracias affinis,Least Concern
Coracias benghalensis,Least Concern
Coracias caudatus,Least Concern
Coracias cyanogaster,Least Concern
Coracias garrulus,Least Concern
Coracias naevius,Least Concern
Coracias spatulatus,Least Concern
Coracias temminckii,Least Concern
Nyctyornis amictus,Least Concern
Nyctyornis athertoni,Least Concern
Meropogon forsteni,Least Concern
Merops albicollis,Least Concern
Merops americanus,Least Concern
Merops apiaster,Least Concern
Merops boehmi,Least Concern
Merops breweri,Least Concern
Merops bullockoides,Least Concern
Merops bulocki,Least Concern
Merops cyanophrys,Least Concern
Merops gularis,Least Concern
Merops hirundineus,Least Concern
Merops lafresnayii,Least Concern
Merops leschenaulti,Least Concern
Merops malimbicus,Least Concern
Merops mentalis,Near Threatened
Merops muelleri,Least Concern
Merops nubicoides,Least Concern
Merops nubicus,Least Concern
Merops oreobates,Least Concern
Merops orientalis,Least Concern
Merops ornatus,Least Concern
Merops persicus,Least Concern
Merops philippinus,Least Concern
Merops pusillus,Least Concern
Merops revoilii,Least Concern
Merops superciliosus,Least Concern
Merops variegatus,Least Concern
Merops viridis,Least Concern
Merops viridissimus,Least Concern
Todus angustirostris,Least Concern
Todus mexicanus,Least Concern
Todus multicolor,Least Concern
Todus subulatus,Least Concern
Todus todus,Least Concern
Hylomanes momotula,Least Concern
Eumomota superciliosa,Least Concern
Electron carinatum,Vulnerable
Electron platyrhynchum,Least Concern
Aspatha gularis,Least Concern
Baryphthengus martii,Least Concern
Baryphthengus ruficapillus,Least Concern
Momotus aequatorialis,Least Concern
Momotus bahamensis,Least Concern
Momotus coeruliceps,Least Concern
Momotus lessonii,Least Concern
Momotus mexicanus,Least Concern
Momotus momota,Least Concern
Momotus subrufescens,Least Concern
Ispidina lecontei,Least Concern
Ispidina picta,Least Concern
Corythornis cristatus,Least Concern
Corythornis leucogaster,Least Concern
Corythornis madagascariensis,Least Concern
Corythornis vintsioides,Least Concern
Alcedo atthis,Least Concern
Alcedo coerulescens,Least Concern
Alcedo euryzona,Critically Endangered
Alcedo hercules,Near Threatened
Alcedo meninting,Least Concern
Alcedo peninsulae,Near Threatened
Alcedo quadribrachys,Least Concern
Alcedo semitorquata,Least Concern
Ceyx argentatus,Near Threatened
Ceyx azureus,Least Concern
Ceyx cajeli,Near Threatened
Ceyx collectoris,Least Concern
Ceyx cyanopectus,Least Concern
Ceyx dispar,Near Threatened
Ceyx erithaca,Near Threatened
Ceyx fallax,Least Concern
Ceyx flumenicola,Near Threatened
Ceyx gentianus,Least Concern
Ceyx lepidus,Least Concern
Ceyx margarethae,Least Concern
Ceyx meeki,Least Concern
Ceyx melanurus,Least Concern
Ceyx mulcatus,Least Concern
Ceyx nigromaxilla,Least Concern
Ceyx pusillus,Least Concern
Ceyx rufidorsa,Least Concern
Ceyx sacerdotis,Least Concern
Ceyx sangirensis,Critically Endangered
Ceyx solitarius,Least Concern
Ceyx wallacii,Near Threatened
Ceyx websteri,Vulnerable
Megaceryle alcyon,Least Concern
Megaceryle lugubris,Least Concern
Megaceryle maxima,Least Concern
Megaceryle torquata,Least Concern
Ceryle rudis,Least Concern
Chloroceryle aenea,Least Concern
Chloroceryle amazona,Least Concern
Chloroceryle americana,Least Concern
Chloroceryle inda,Least Concern
Lacedo pulchella,Least Concern
Pelargopsis amauroptera,Near Threatened
Pelargopsis capensis,Least Concern
Pelargopsis melanorhyncha,Least Concern
Halcyon albiventris,Least Concern
Halcyon badia,Least Concern
Halcyon chelicuti,Least Concern
Halcyon coromanda,Least Concern
Halcyon cyanoventris,Least Concern
Halcyon gularis,Least Concern
Halcyon leucocephala,Least Concern
Halcyon malimbica,Least Concern
Halcyon pileata,Vulnerable
Halcyon senegalensis,Least Concern
Halcyon senegaloides,Least Concern
Halcyon smyrnensis,Least Concern
Cittura cyanotis,Least Concern
Cittura sanghirensis,Near Threatened
Tanysiptera carolinae,Near Threatened
Tanysiptera danae,Least Concern
Tanysiptera ellioti,Near Threatened
Tanysiptera galatea,Least Concern
Tanysiptera hydrocharis,Data Deficient
Tanysiptera nigriceps,Least Concern
Tanysiptera nympha,Least Concern
Tanysiptera riedelii,Near Threatened
Tanysiptera sylvia,Least Concern
Melidora macrorrhina,Least Concern
Dacelo gaudichaud,Least Concern
Dacelo leachii,Least Concern
Dacelo novaeguineae,Least Concern
Dacelo rex,Least Concern
Dacelo tyro,Least Concern
Caridonax fulgidus,Least Concern
Actenoides bougainvillei,Least Concern
Actenoides concretus,Near Threatened
Actenoides hombroni,Least Concern
Actenoides lindsayi,Least Concern
Actenoides monachus,Near Threatened
Actenoides princeps,Least Concern
Syma megarhyncha,Least Concern
Syma torotoro,Least Concern
Todiramphus albicilla,Unknown
Todiramphus albonotatus,Near Threatened
Todiramphus australasia,Least Concern
Todiramphus chloris,Least Concern
Todiramphus cinnamominus,Extinct in the Wild
Todiramphus colonus,Unknown
Todiramphus diops,Least Concern
Todiramphus enigma,Near Threatened
Todiramphus farquhari,Near Threatened
Todiramphus funebris,Least Concern
Todiramphus gambieri,Critically Endangered
Todiramphus godeffroyi,Critically Endangered
Todiramphus lazuli,Least Concern
Todiramphus leucopygius,Least Concern
Todiramphus macleayii,Least Concern
Todiramphus nigrocyaneus,Near Threatened
Todiramphus pelewensis,Near Threatened
Todiramphus pyrrhopygius,Least Concern
Todiramphus recurvirostris,Least Concern
Todiramphus reichenbachii,Vulnerable
Todiramphus ruficollaris,Least Concern
Todiramphus sacer,Unknown
Todiramphus sanctus,Least Concern
Todiramphus saurophagus,Least Concern
Todiramphus sordidus,Unknown
Todiramphus tristrami,Unknown
Todiramphus tutus,Near Threatened
Todiramphus veneratus,Near Threatened
Todiramphus winchelli,Vulnerable
Jacamaralcyon tridactyla,Near Threatened
Brachygalba albogularis,Least Concern
Brachygalba goeringi,Least Concern
Brachygalba lugubris,Least Concern
Brachygalba salmoni,Least Concern
Jacamerops aureus,Least Concern
Galbalcyrhynchus leucotis,Least Concern
Galbalcyrhynchus purusianus,Least Concern
Galbula albirostris,Least Concern
Galbula chalcothorax,Least Concern
Galbula cyanescens,Least Concern
Galbula cyanicollis,Least Concern
Galbula dea,Least Concern
Galbula galbula,Least Concern
Galbula leucogastra,Least Concern
Galbula pastazae,Least Concern
Galbula ruficauda,Least Concern
Galbula tombacea,Least Concern
Bucco capensis,Least Concern
Bucco macrodactylus,Unknown
Bucco noanamae,Unknown
Bucco tamatia,Unknown
Nystalus chacuru,Least Concern
Nystalus maculatus,Least Concern
Nystalus obamai,Unknown
Nystalus radiatus,Least Concern
Nystalus striolatus,Least Concern
Chelidoptera tenebrosa,Least Concern
Monasa atra,Least Concern
Monasa flavirostris,Least Concern
Monasa morphoeus,Least Concern
Monasa nigrifrons,Least Concern
Nonnula amaurocephala,Least Concern
Nonnula brunnea,Least Concern
Nonnula frontalis,Least Concern
Nonnula rubecula,Least Concern
Nonnula ruficapilla,Least Concern
Nonnula sclateri,Least Concern
Malacoptila fulvogularis,Least Concern
Malacoptila fusca,Least Concern
Malacoptila mystacalis,Least Concern
Malacoptila panamensis,Least Concern
Malacoptila rufa,Least Concern
Malacoptila semicincta,Least Concern
Malacoptila striata,Least Concern
Hapaloptila castanea,Least Concern
Micromonacha lanceolata,Least Concern
Hypnelus bicinctus,Least Concern
Hypnelus ruficollis,Least Concern
Notharchus hyperrhynchus,Least Concern
Notharchus macrorhynchos,Least Concern
Notharchus ordii,Least Concern
Notharchus pectoralis,Least Concern
Notharchus swainsoni,Least Concern
Notharchus tectus,Least Concern
Caloramphus fuliginosus,Least Concern
Caloramphus hayii,Near Threatened
Psilopogon annamensis,Least Concern
Psilopogon armillaris,Least Concern
Psilopogon asiaticus,Least Concern
Psilopogon auricularis,Least Concern
Psilopogon australis,Least Concern
Psilopogon chersonesus,Least Concern
Psilopogon chrysopogon,Least Concern
Psilopogon corvinus,Least Concern
Psilopogon cyanotis,Least Concern
Psilopogon duvaucelii,Least Concern
Psilopogon eximius,Least Concern
Psilopogon faber,Least Concern
Psilopogon faiostrictus,Least Concern
Psilopogon flavifrons,Least Concern
Psilopogon franklinii,Least Concern
Psilopogon haemacephalus,Least Concern
Psilopogon henricii,Near Threatened
Psilopogon incognitus,Least Concern
Psilopogon javensis,Least Concern
Psilopogon lagrandieri,Least Concern
Psilopogon lineatus,Least Concern
Psilopogon malabaricus,Least Concern
Psilopogon monticola,Least Concern
Psilopogon mystacophanos,Near Threatened
Psilopogon nuchalis,Least Concern
Psilopogon oorti,Least Concern
Psilopogon pulcherrimus,Least Concern
Psilopogon pyrolophus,Least Concern
Psilopogon rafflesii,Near Threatened
Psilopogon rubricapillus,Least Concern
Psilopogon virens,Least Concern
Psilopogon viridis,Least Concern
Psilopogon zeylanicus,Least Concern
Trachylaemus goffinii,Unknown
Trachylaemus purpuratus,Unknown
Trachyphonus darnaudii,Least Concern
Trachyphonus erythrocephalus,Least Concern
Trachyphonus margaritatus,Least Concern
Trachyphonus vaillantii,Least Concern
Cryptolybia olivacea,Least Concern
Buccanodon duchaillui,Least Concern
Stactolaema anchietae,Least Concern
Stactolaema leucotis,Least Concern
Stactolaema whytii,Least Concern
Gymnobucco bonapartei,Least Concern
Gymnobucco calvus,Least Concern
Gymnobucco peli,Least Concern
Gymnobucco sladeni,Least Concern
Pogoniulus atroflavus,Least Concern
Pogoniulus bilineatus,Least Concern
Pogoniulus chrysoconus,Least Concern
Pogoniulus coryphaea,Least Concern
Pogoniulus leucomystax,Least Concern
Pogoniulus pusillus,Least Concern
Pogoniulus scolopaceus,Least Concern
Pogoniulus simplex,Least Concern
Pogoniulus subsulphureus,Least Concern
Pogoniulus uropygialis,Unknown
Tricholaema diademata,Least Concern
Tricholaema frontata,Least Concern
Tricholaema hirsuta,Least Concern
Tricholaema lacrymosa,Least Concern
Tricholaema leucomelas,Least Concern
Tricholaema melanocephala,Least Concern
Pogonornis bidentatus,Least Concern
Pogonornis dubius,Least Concern
Pogonornis melanopterus,Least Concern
Pogonornis minor,Least Concern
Pogonornis rolleti,Least Concern
Lybius chaplini,Vulnerable
Lybius guifsobalito,Least Concern
Lybius leucocephalus,Least Concern
Lybius rubrifacies,Near Threatened
Lybius torquatus,Least Concern
Lybius undatus,Least Concern
Lybius vieilloti,Least Concern
Eubucco bourcierii,Least Concern
Eubucco richardsoni,Least Concern
Eubucco tucinkae,Least Concern
Eubucco versicolor,Least Concern
Capito auratus,Least Concern
Capito aurovirens,Least Concern
Capito brunneipectus,Least Concern
Capito dayi,Near Threatened
Capito fitzpatricki,Near Threatened
Capito hypoleucus,Least Concern
Capito maculicoronatus,Least Concern
Capito niger,Least Concern
Capito quinticolor,Near Threatened
Capito squamatus,Least Concern
Capito wallacei,Vulnerable
Semnornis frantzii,Least Concern
Semnornis ramphastinus,Near Threatened
Ramphastos ambiguus,Least Concern
Ramphastos brevis,Least Concern
Ramphastos dicolorus,Least Concern
Ramphastos sulfuratus,Near Threatened
Ramphastos toco,Least Concern
Ramphastos tucanus,Least Concern
Ramphastos vitellinus,Least Concern
Pteroglossus aracari,Least Concern
Pteroglossus azara,Least Concern
Pteroglossus bailloni,Near Threatened
Pteroglossus beauharnaisii,Least Concern
Pteroglossus bitorquatus,Near Threatened
Pteroglossus castanotis,Least Concern
Pteroglossus erythropygius,Least Concern
Pteroglossus frantzii,Least Concern
Pteroglossus inscriptus,Least Concern
Pteroglossus pluricinctus,Least Concern
Pteroglossus torquatus,Least Concern
Pteroglossus viridis,Least Concern
Aulacorhynchus albivitta,Least Concern
Aulacorhynchus coeruleicinctis,Least Concern
Aulacorhynchus derbianus,Least Concern
Aulacorhynchus haematopygus,Least Concern
Aulacorhynchus huallagae,Near Threatened
Aulacorhynchus prasinus,Least Concern
Aulacorhynchus sulcatus,Least Concern
Aulacorhynchus whitelianus,Least Concern
Andigena cucullata,Least Concern
Andigena hypoglauca,Least Concern
Andigena laminirostris,Near Threatened
Andigena nigrirostris,Least Concern
Selenidera gouldii,Least Concern
Selenidera maculirostris,Least Concern
Selenidera nattereri,Least Concern
Selenidera piperivora,Least Concern
Selenidera reinwardtii,Least Concern
Selenidera spectabilis,Least Concern
Prodotiscus insignis,Least Concern
Prodotiscus regulus,Least Concern
Prodotiscus zambesiae,Least Concern
Melichneutes robustus,Least Concern
Melignomon eisentrauti,Near Threatened
Melignomon zenkeri,Least Concern
Indicator archipelagicus,Near Threatened
Indicator exilis,Least Concern
Indicator indicator,Least Concern
Indicator maculatus,Least Concern
Indicator meliphilus,Least Concern
Indicator minor,Least Concern
Indicator pumilio,Least Concern
Indicator variegatus,Least Concern
Indicator willcocksi,Least Concern
Indicator xanthonotus,Least Concern
Jynx ruficollis,Least Concern
Jynx torquilla,Least Concern
Picumnus albosquamatus,Least Concern
Picumnus aurifrons,Least Concern
Picumnus castelnau,Least Concern
Picumnus cinnamomeus,Least Concern
Picumnus cirratus,Least Concern
Picumnus dorbignyanus,Least Concern
Picumnus exilis,Least Concern
Picumnus fuscus,Least Concern
Picumnus granadensis,Least Concern
Picumnus innominatus,Least Concern
Picumnus lafresnayi,Least Concern
Picumnus limae,Least Concern
Picumnus minutissimus,Least Concern
Picumnus nebulosus,Near Threatened
Picumnus olivaceus,Least Concern
Picumnus pumilus,Least Concern
Picumnus pygmaeus,Least Concern
Picumnus rufiventris,Least Concern
Picumnus sclateri,Least Concern
Picumnus spilogaster,Least Concern
Picumnus squamulatus,Least Concern
Picumnus steindachneri,Near Threatened
Picumnus subtilis,Least Concern
Picumnus temminckii,Least Concern
Picumnus varzeae,Near Threatened
Verreauxia africana,Least Concern
Sasia abnormis,Least Concern
Sasia ochracea,Least Concern
Nesoctites micromegas,Least Concern
Hemicircus canente,Least Concern
Hemicircus concretus,Least Concern
Micropternus brachyurus,Least Concern
Meiglyptes grammithorax,Least Concern
Meiglyptes jugularis,Least Concern
Meiglyptes tristis,Endangered
Meiglyptes tukki,Near Threatened
Gecinulus grantia,Least Concern
Gecinulus rafflesii,Near Threatened
Gecinulus viridis,Least Concern
Dinopium benghalense,Least Concern
Dinopium everetti,Near Threatened
Dinopium javanense,Least Concern
Dinopium psarodes,Least Concern
Dinopium shorii,Least Concern
Picus awokera,Least Concern
Picus canus,Least Concern
Picus chlorolophus,Least Concern
Picus erythropygius,Least Concern
Picus puniceus,Least Concern
Picus rabieri,Near Threatened
Picus sharpei,Least Concern
Picus squamatus,Least Concern
Picus vaillantii,Least Concern
Picus viridanus,Least Concern
Picus viridis,Least Concern
Picus vittatus,Least Concern
Picus xanthopygaeus,Least Concern
Chrysophlegma flavinucha,Least Concern
Chrysophlegma mentale,Near Threatened
Chrysophlegma miniaceum,Least Concern
Pardipicus caroli,Least Concern
Pardipicus nivosus,Least Concern
Geocolaptes olivaceus,Near Threatened
Campethera abingoni,Least Concern
Campethera bennettii,Least Concern
Campethera maculosa,Least Concern
Campethera mombassica,Least Concern
Campethera notata,Near Threatened
Campethera nubica,Least Concern
Campethera punctuligera,Least Concern
Campethera scriptoricauda,Least Concern
Campethera taeniolaema,Least Concern
Campethera tullbergi,Least Concern
Mulleripicus fuliginosus,Vulnerable
Mulleripicus fulvus,Least Concern
Mulleripicus funebris,Near Threatened
Mulleripicus pulverulentus,Vulnerable
Dryocopus hodgei,Vulnerable
Dryocopus javensis,Least Concern
Dryocopus lineatus,Unknown
Dryocopus martius,Least Concern
Dryocopus pileatus,Least Concern
Dryocopus schulzii,Near Threatened
Celeus castaneus,Least Concern
Celeus elegans,Least Concern
Celeus flavescens,Least Concern
Celeus flavus,Least Concern
Celeus galeatus,Vulnerable
Celeus loricatus,Least Concern
Celeus lugubris,Least Concern
Celeus obrieni,Vulnerable
Celeus ochraceus,Least Concern
Celeus spectabilis,Least Concern
Celeus torquatus,Least Concern
Celeus undatus,Least Concern
Piculus aurulentus,Near Threatened
Piculus callopterus,Least Concern
Piculus chrysochloros,Least Concern
Piculus flavigula,Least Concern
Piculus leucolaemus,Least Concern
Piculus litae,Least Concern
Piculus simplex,Least Concern
Colaptes atricollis,Least Concern
Colaptes auratus,Least Concern
Colaptes auricularis,Least Concern
Colaptes campestris,Least Concern
Colaptes chrysoides,Least Concern
Colaptes fernandinae,Endangered
Colaptes melanochloros,Least Concern
Colaptes mexicanoides,Least Concern
Colaptes oceanicus,Extinct
Colaptes pitius,Least Concern
Colaptes punctigula,Least Concern
Colaptes rivolii,Least Concern
Colaptes rubiginosus,Least Concern
Colaptes rupicola,Least Concern
Campephilus gayaquilensis,Least Concern
Campephilus guatemalensis,Least Concern
Campephilus haematogaster,Least Concern
Campephilus imperialis,Critically Endangered
Campephilus leucopogon,Least Concern
Campephilus magellanicus,Least Concern
Campephilus melanoleucos,Least Concern
Campephilus pollens,Least Concern
Campephilus principalis,Critically Endangered
Campephilus robustus,Least Concern
Campephilus rubricollis,Least Concern
Campephilus splendens,Least Concern
Blythipicus pyrrhotis,Least Concern
Blythipicus rubiginosus,Least Concern
Chrysocolaptes erythrocephalus,Near Threatened
Chrysocolaptes festivus,Least Concern
Chrysocolaptes guttacristatus,Least Concern
Chrysocolaptes haematribon,Least Concern
Chrysocolaptes lucidus,Least Concern
Chrysocolaptes socialis,Unknown
Chrysocolaptes stricklandi,Least Concern
Chrysocolaptes strictus,Near Threatened
Chrysocolaptes validus,Least Concern
Chrysocolaptes xanthocephalus,Endangered
Sphyrapicus nuchalis,Least Concern
Sphyrapicus ruber,Least Concern
Sphyrapicus thyroideus,Least Concern
Sphyrapicus varius,Least Concern
Xiphidiopicus percussus,Least Concern
Melanerpes aurifrons,Least Concern
Melanerpes cactorum,Least Concern
Melanerpes candidus,Least Concern
Melanerpes carolinus,Least Concern
Melanerpes chrysauchen,Least Concern
Melanerpes chrysogenys,Least Concern
Melanerpes cruentatus,Least Concern
Melanerpes erythrocephalus,Least Concern
Melanerpes flavifrons,Least Concern
Melanerpes formicivorus,Least Concern
Melanerpes herminieri,Least Concern
Melanerpes hoffmannii,Least Concern
Melanerpes hypopolius,Least Concern
Melanerpes lewis,Least Concern
Melanerpes portoricensis,Least Concern
Melanerpes pucherani,Least Concern
Melanerpes pulcher,Least Concern
Melanerpes pygmaeus,Least Concern
Melanerpes radiolatus,Least Concern
Melanerpes rubricapillus,Least Concern
Melanerpes striatus,Least Concern
Melanerpes superciliaris,Least Concern
Melanerpes uropygialis,Least Concern
Picoides arcticus,Least Concern
Picoides dorsalis,Unknown
Picoides tridactylus,Least Concern
Yungipicus canicapillus,Least Concern
Yungipicus kizuki,Least Concern
Yungipicus maculatus,Least Concern
Yungipicus moluccensis,Least Concern
Yungipicus nanus,Least Concern
Yungipicus ramsayi,Vulnerable
Yungipicus temminckii,Least Concern
Leiopicus mahrattensis,Least Concern
Dendrocoptes auriceps,Unknown
Dendrocoptes dorae,Unknown
Dendrocoptes medius,Unknown
Chloropicus namaquus,Least Concern
Chloropicus pyrrhogaster,Least Concern
Chloropicus xantholophus,Least Concern
Dendropicos abyssinicus,Least Concern
Dendropicos elachus,Least Concern
Dendropicos elliotii,Least Concern
Dendropicos fuscescens,Least Concern
Dendropicos gabonensis,Least Concern
Dendropicos goertae,Least Concern
Dendropicos griseocephalus,Least Concern
Dendropicos lugubris,Least Concern
Dendropicos obsoletus,Least Concern
Dendropicos poecilolaemus,Least Concern
Dendropicos spodocephalus,Least Concern
Dendropicos stierlingi,Near Threatened
Dendrocopos analis,Least Concern
Dendrocopos assimilis,Least Concern
Dendrocopos atratus,Least Concern
Dendrocopos darjellensis,Least Concern
Dendrocopos himalayensis,Least Concern
Dendrocopos hyperythrus,Least Concern
Dendrocopos leucopterus,Least Concern
Dendrocopos leucotos,Least Concern
Dendrocopos macei,Least Concern
Dendrocopos major,Least Concern
Dendrocopos noguchii,Endangered
Dendrocopos syriacus,Least Concern
Dryobates cathpharius,Least Concern
Dryobates minor,Least Concern
Dryobates nuttallii,Least Concern
Dryobates pernyii,Least Concern
Dryobates pubescens,Least Concern
Dryobates scalaris,Least Concern
Leuconotopicus albolarvatus,Least Concern
Leuconotopicus arizonae,Least Concern
Leuconotopicus borealis,Near Threatened
Leuconotopicus fumigatus,Least Concern
Leuconotopicus stricklandi,Least Concern
Leuconotopicus villosus,Least Concern
Veniliornis affinis,Least Concern
Veniliornis callonotus,Least Concern
Veniliornis cassini,Least Concern
Veniliornis chocoensis,Least Concern
Veniliornis dignus,Least Concern
Veniliornis frontalis,Least Concern
Veniliornis kirkii,Least Concern
Veniliornis lignarius,Least Concern
Veniliornis maculifrons,Least Concern
Veniliornis mixtus,Least Concern
Veniliornis nigriceps,Least Concern
Veniliornis passerinus,Least Concern
Veniliornis sanguineus,Least Concern
Veniliornis spilogaster,Least Concern
Cariama cristata,Least Concern
Chunga burmeisteri,Least Concern
Herpetotheres cachinnans,Least Concern
Micrastur buckleyi,Least Concern
Micrastur gilvicollis,Least Concern
Micrastur mintoni,Near Threatened
Micrastur mirandollei,Least Concern
Micrastur plumbeus,Vulnerable
Micrastur ruficollis,Least Concern
Micrastur semitorquatus,Least Concern
Spiziapteryx circumcincta,Least Concern
Caracara lutosa,Extinct
Caracara plancus,Least Concern
Ibycter americanus,Least Concern
Daptrius albogularis,Least Concern
Daptrius ater,Least Concern
Daptrius australis,Near Threatened
Daptrius carunculatus,Least Concern
Daptrius chimachima,Least Concern
Daptrius chimango,Least Concern
Daptrius megalopterus,Least Concern
Polihierax semitorquatus,Least Concern
Microhierax caerulescens,Least Concern
Microhierax erythrogenys,Least Concern
Microhierax fringillarius,Least Concern
Microhierax latifrons,Near Threatened
Microhierax melanoleucos,Least Concern
Neohierax insignis,Near Threatened
Falco alopex,Least Concern
Falco amurensis,Least Concern
Falco araeus,Vulnerable
Falco ardosiaceus,Least Concern
Falco berigora,Least Concern
Falco biarmicus,Least Concern
Falco cenchroides,Least Concern
Falco cherrug,Endangered
Falco chicquera,Near Threatened
Falco columbarius,Least Concern
Falco concolor,Vulnerable
Falco cuvierii,Least Concern
Falco deiroleucus,Near Threatened
Falco dickinsoni,Least Concern
Falco duboisi,Extinct
Falco eleonorae,Least Concern
Falco fasciinucha,Vulnerable
Falco femoralis,Least Concern
Falco hypoleucos,Vulnerable
Falco jugger,Near Threatened
Falco longipennis,Least Concern
Falco mexicanus,Least Concern
Falco moluccensis,Least Concern
Falco naumanni,Least Concern
Falco newtoni,Least Concern
Falco novaeseelandiae,Least Concern
Falco peregrinus,Least Concern
Falco punctatus,Endangered
Falco rufigularis,Least Concern
Falco rupicoloides,Least Concern
Falco rupicolus,Unknown
Falco rusticolus,Least Concern
Falco severus,Least Concern
Falco sparverius,Least Concern
Falco subbuteo,Least Concern
Falco subniger,Least Concern
Falco tinnunculus,Least Concern
Falco vespertinus,Vulnerable
Falco zoniventris,Least Concern
Strigops habroptilus,Critically Endangered
Nestor meridionalis,Vulnerable
Nestor notabilis,Endangered
Nestor productus,Extinct
Calyptorhynchus banksii,Least Concern
Calyptorhynchus lathami,Vulnerable
Zanda baudinii,Critically Endangered
Zanda funerea,Least Concern
Zanda latirostris,Endangered
Nymphicus hollandicus,Least Concern
Probosciger aterrimus,Near Threatened
Callocephalon fimbriatum,Vulnerable
Eolophus roseicapilla,Least Concern
Cacatua alba,Endangered
Cacatua citrinocristata,Critically Endangered
Cacatua ducorpsii,Least Concern
Cacatua galerita,Least Concern
Cacatua goffiniana,Near Threatened
Cacatua haematuropygia,Critically Endangered
Cacatua leadbeateri,Least Concern
Cacatua moluccensis,Endangered
Cacatua ophthalmica,Vulnerable
Cacatua pastinator,Least Concern
Cacatua sanguinea,Least Concern
Cacatua sulphurea,Critically Endangered
Cacatua tenuirostris,Least Concern
Psittacus erithacus,Endangered
Psittacus timneh,Endangered
Poicephalus crassus,Least Concern
Poicephalus cryptoxanthus,Least Concern
Poicephalus flavifrons,Least Concern
Poicephalus fuscicollis,Least Concern
Poicephalus gulielmi,Least Concern
Poicephalus meyeri,Least Concern
Poicephalus robustus,Vulnerable
Poicephalus rueppellii,Least Concern
Poicephalus rufiventris,Least Concern
Poicephalus senegalus,Least Concern
Psilopsiagon aurifrons,Least Concern
Psilopsiagon aymara,Least Concern
Nannopsittaca dachilleae,Least Concern
Nannopsittaca panychlora,Least Concern
Bolborhynchus ferrugineifrons,Vulnerable
Bolborhynchus lineola,Least Concern
Bolborhynchus orbygnesius,Least Concern
Touit batavicus,Least Concern
Touit costaricensis,Near Threatened
Touit dilectissimus,Least Concern
Touit huetii,Least Concern
Touit melanonotus,Near Threatened
Touit purpuratus,Least Concern
Touit stictopterus,Near Threatened
Touit surdus,Vulnerable
Forpus coelestis,Least Concern
Forpus conspicillatus,Least Concern
Forpus crassirostris,Unknown
Forpus cyanopygius,Near Threatened
Forpus modestus,Least Concern
Forpus passerinus,Least Concern
Forpus spengeli,Least Concern
Forpus xanthops,Vulnerable
Forpus xanthopterygius,Least Concern
Myiopsitta luchsi,Near Threatened
Myiopsitta monachus,Least Concern
Brotogeris chiriri,Least Concern
Brotogeris chrysoptera,Least Concern
Brotogeris cyanoptera,Least Concern
Brotogeris jugularis,Least Concern
Brotogeris pyrrhoptera,Vulnerable
Brotogeris sanctithomae,Least Concern
Brotogeris tirica,Least Concern
Brotogeris versicolurus,Least Concern
Pionopsitta pileata,Least Concern
Triclaria malachitacea,Least Concern
Hapalopsittaca amazonina,Near Threatened
Hapalopsittaca fuertesi,Endangered
Hapalopsittaca melanotis,Least Concern
Hapalopsittaca pyrrhops,Endangered
Pyrilia aurantiocephala,Near Threatened
Pyrilia barrabandi,Least Concern
Pyrilia caica,Least Concern
Pyrilia haematotis,Least Concern
Pyrilia pulchra,Least Concern
Pyrilia pyrilia,Near Threatened
Pyrilia vulturina,Least Concern
Graydidascalus brachyurus,Least Concern
Alipiopsitta xanthops,Near Threatened
Pionus chalcopterus,Least Concern
Pionus fuscus,Least Concern
Pionus maximiliani,Least Concern
Pionus menstruus,Least Concern
Pionus senilis,Least Concern
Pionus sordidus,Least Concern
Pionus tumultuosus,Least Concern
Amazona aestiva,Near Threatened
Amazona agilis,Endangered
Amazona albifrons,Least Concern
Amazona amazonica,Least Concern
Amazona arausiaca,Vulnerable
Amazona auropalliata,Critically Endangered
Amazona autumnalis,Least Concern
Amazona barbadensis,Near Threatened
Amazona brasiliensis,Near Threatened
Amazona collaria,Vulnerable
Amazona diadema,Least Concern
Amazona dufresniana,Near Threatened
Amazona farinosa,Least Concern
Amazona festiva,Least Concern
Amazona finschi,Endangered
Amazona guildingii,Vulnerable
Amazona imperialis,Critically Endangered
Amazona kawalli,Least Concern
Amazona leucocephala,Near Threatened
Amazona lilacina,Unknown
Amazona mercenarius,Least Concern
Amazona ochrocephala,Least Concern
Amazona oratrix,Endangered
Amazona pretrei,Vulnerable
Amazona rhodocorytha,Vulnerable
Amazona tucumana,Vulnerable
Amazona ventralis,Vulnerable
Amazona versicolor,Vulnerable
Amazona vinacea,Endangered
Amazona viridigenalis,Endangered
Amazona vittata,Critically Endangered
Amazona xantholora,Least Concern
Deroptyus accipitrinus,Least Concern
Pionites leucogaster,Vulnerable
Pionites melanocephalus,Least Concern
Rhynchopsitta pachyrhyncha,Endangered
Rhynchopsitta terrisi,Endangered
Pyrrhura albipectus,Vulnerable
Pyrrhura amazonum,Near Threatened
Pyrrhura caeruleiceps,Unknown
Pyrrhura calliptera,Vulnerable
Pyrrhura cruentata,Vulnerable
Pyrrhura devillei,Least Concern
Pyrrhura egregia,Least Concern
Pyrrhura emma,Least Concern
Pyrrhura frontalis,Least Concern
Pyrrhura griseipectus,Endangered
Pyrrhura hoematotis,Least Concern
Pyrrhura hoffmanni,Least Concern
Pyrrhura lepida,Vulnerable
Pyrrhura leucotis,Vulnerable
Pyrrhura lucianii,Least Concern
Pyrrhura melanura,Least Concern
Pyrrhura molinae,Least Concern
Pyrrhura orcesi,Endangered
Pyrrhura perlata,Least Concern
Pyrrhura pfrimeri,Endangered
Pyrrhura picta,Least Concern
Pyrrhura rhodocephala,Least Concern
Pyrrhura roseifrons,Least Concern
Pyrrhura rupicola,Least Concern
Pyrrhura subandina,Unknown
Pyrrhura viridicata,Endangered
Enicognathus ferrugineus,Least Concern
Enicognathus leptorhynchus,Least Concern
Cyanoliseus patagonus,Least Concern
Anodorhynchus glaucus,Critically Endangered
Anodorhynchus hyacinthinus,Vulnerable
Anodorhynchus leari,Endangered
Conuropsis carolinensis,Extinct
Aratinga auricapillus,Least Concern
Aratinga jandaya,Least Concern
Aratinga maculata,Least Concern
Aratinga nenday,Least Concern
Aratinga solstitialis,Endangered
Aratinga weddellii,Least Concern
Cyanopsitta spixii,Extinct in the Wild
Orthopsittaca manilatus,Least Concern
Primolius auricollis,Least Concern
Primolius couloni,Vulnerable
Primolius maracana,Near Threatened
Ara ambiguus,Critically Endangered
Ara ararauna,Least Concern
Ara chloropterus,Least Concern
Ara glaucogularis,Critically Endangered
Ara macao,Least Concern
Ara militaris,Vulnerable
Ara rubrogenys,Critically Endangered
Ara severus,Least Concern
Ara tricolor,Extinct
Eupsittula aurea,Least Concern
Eupsittula cactorum,Least Concern
Eupsittula canicularis,Vulnerable
Eupsittula nana,Near Threatened
Eupsittula pertinax,Least Concern
Ognorhynchus icterotis,Vulnerable
Leptosittaca branickii,Least Concern
Thectocercus acuticaudatus,Unknown
Guaruba guarouba,Vulnerable
Diopsittaca nobilis,Least Concern
Psittacara brevipes,Unknown
Psittacara chloropterus,Vulnerable
Psittacara erythrogenys,Near Threatened
Psittacara euops,Vulnerable
Psittacara finschi,Least Concern
Psittacara frontatus,Near Threatened
Psittacara holochlorus,Least Concern
Psittacara leucophthalmus,Least Concern
Psittacara maugei,Extinct
Psittacara mitratus,Least Concern
Psittacara strenuus,Unknown
Psittacara wagleri,Near Threatened
Psittrichas fulgidus,Vulnerable
Coracopsis barklyi,Vulnerable
Coracopsis nigra,Least Concern
Coracopsis sibilans,Near Threatened
Coracopsis vasa,Least Concern
Micropsitta bruijnii,Least Concern
Micropsitta finschii,Least Concern
Micropsitta geelvinkiana,Least Concern
Micropsitta keiensis,Least Concern
Micropsitta meeki,Least Concern
Micropsitta pusio,Least Concern
Alisterus amboinensis,Least Concern
Alisterus chloropterus,Least Concern
Alisterus scapularis,Least Concern
Aprosmictus erythropterus,Least Concern
Aprosmictus jonquillaceus,Near Threatened
Polytelis alexandrae,Near Threatened
Polytelis anthopeplus,Least Concern
Polytelis swainsonii,Least Concern
Prioniturus discurus,Least Concern
Prioniturus flavicans,Near Threatened
Prioniturus luconensis,Endangered
Prioniturus mada,Least Concern
Prioniturus mindorensis,Vulnerable
Prioniturus montanus,Near Threatened
Prioniturus platenae,Vulnerable
Prioniturus platurus,Least Concern
Prioniturus verticalis,Critically Endangered
Prioniturus waterstradti,Near Threatened
Eclectus cornelia,Endangered
Eclectus infectus,Extinct
Eclectus polychloros,Least Concern
Eclectus riedeli,Vulnerable
Eclectus roratus,Least Concern
Geoffroyus geoffroyi,Least Concern
Geoffroyus heteroclitus,Least Concern
Geoffroyus simplex,Least Concern
Psittinus abbotti,Near Threatened
Psittinus cyanurus,Near Threatened
Mascarinus mascarinus,Extinct
Lophopsittacus mauritianus,Extinct
Necropsittacus rodricanus,Extinct
Tanygnathus everetti,Endangered
Tanygnathus gramineus,Vulnerable
Tanygnathus lucionensis,Near Threatened
Tanygnathus megalorynchos,Least Concern
Tanygnathus sumatranus,Least Concern
Psittacula alexandri,Near Threatened
Psittacula bensoni,Extinct
Psittacula calthrapae,Least Concern
Psittacula caniceps,Near Threatened
Psittacula columboides,Least Concern
Psittacula cyanocephala,Least Concern
Psittacula derbiana,Least Concern
Psittacula eques,Vulnerable
Psittacula eupatria,Near Threatened
Psittacula exsul,Extinct
Psittacula finschii,Near Threatened
Psittacula himalayana,Least Concern
Psittacula krameri,Least Concern
Psittacula longicauda,Vulnerable
Psittacula roseata,Near Threatened
Psittacula wardi,Extinct
Psittacella brehmii,Least Concern
Psittacella madaraszi,Least Concern
Psittacella modesta,Least Concern
Psittacella picta,Least Concern
Pezoporus occidentalis,Critically Endangered
Pezoporus wallicus,Least Concern
Neopsephotus bourkii,Least Concern
Neophema chrysogaster,Critically Endangered
Neophema chrysostoma,Vulnerable
Neophema elegans,Least Concern
Neophema petrophila,Least Concern
Neophema pulchella,Least Concern
Neophema splendida,Least Concern
Lathamus discolor,Critically Endangered
Prosopeia personata,Near Threatened
Prosopeia splendens,Near Threatened
Prosopeia tabuensis,Least Concern
Eunymphicus cornutus,Vulnerable
Eunymphicus uvaeensis,Vulnerable
Cyanoramphus auriceps,Near Threatened
Cyanoramphus cookii,Unknown
Cyanoramphus forbesi,Vulnerable
Cyanoramphus malherbi,Critically Endangered
Cyanoramphus novaezelandiae,Least Concern
Cyanoramphus saisseti,Unknown
Cyanoramphus ulietanus,Extinct
Cyanoramphus unicolor,Vulnerable
Cyanoramphus zealandicus,Extinct
Barnardius zonarius,Least Concern
Platycercus adscitus,Least Concern
Platycercus caledonicus,Least Concern
Platycercus elegans,Least Concern
Platycercus eximius,Least Concern
Platycercus icterotis,Least Concern
Platycercus venustus,Least Concern
Psephotus haematonotus,Least Concern
Northiella haematogaster,Least Concern
Northiella narethae,Unknown
Purpureicephalus spurius,Least Concern
Psephotellus chrysopterygius,Endangered
Psephotellus dissimilis,Least Concern
Psephotellus pulcherrimus,Extinct
Psephotellus varius,Least Concern
Bolbopsittacus lunulatus,Least Concern
Agapornis canus,Least Concern
Agapornis fischeri,Near Threatened
Agapornis lilianae,Near Threatened
Agapornis nigrigenis,Vulnerable
Agapornis personatus,Least Concern
Agapornis pullarius,Least Concern
Agapornis roseicollis,Least Concern
Agapornis swindernianus,Least Concern
Agapornis taranta,Least Concern
Loriculus amabilis,Least Concern
Loriculus aurantiifrons,Least Concern
Loriculus beryllinus,Least Concern
Loriculus bonapartei,Unknown
Loriculus camiguinensis,Unknown
Loriculus catamene,Near Threatened
Loriculus exilis,Least Concern
Loriculus flosculus,Vulnerable
Loriculus galgulus,Least Concern
Loriculus philippensis,Least Concern
Loriculus pusillus,Near Threatened
Loriculus sclateri,Least Concern
Loriculus stigmatus,Least Concern
Loriculus tener,Least Concern
Loriculus vernalis,Least Concern
Nannopsittacus gulielmitertii,Least Concern
Nannopsittacus melanogenia,Least Concern
Nannopsittacus nigrifrons,Least Concern
Cyclopsitta desmarestii,Least Concern
Cyclopsitta diophthalma,Least Concern
Cyclopsitta edwardsii,Least Concern
Cyclopsitta salvadorii,Least Concern
Melopsittacus undulatus,Least Concern
Oreopsittacus arfaki,Least Concern
Charminetta wilhelminae,Least Concern
Hypocharmosyna placentis,Least Concern
Hypocharmosyna rubronotata,Least Concern
Charmosynopsis pulchella,Least Concern
Charmosynopsis toxopei,Critically Endangered
Charmosyna josefinae,Least Concern
Charmosyna multistriata,Near Threatened
Charmosyna papou,Least Concern
Charmosyna stellae,Least Concern
Vini amabilis,Critically Endangered
Vini australis,Least Concern
Vini diadema,Critically Endangered
Vini kuhlii,Endangered
Vini margarethae,Near Threatened
Vini meeki,Near Threatened
Vini palmarum,Vulnerable
Vini peruviana,Vulnerable
Vini rubrigularis,Least Concern
Vini solitaria,Least Concern
Vini stepheni,Vulnerable
Vini ultramarina,Critically Endangered
Neopsittacus musschenbroekii,Least Concern
Neopsittacus pullicauda,Least Concern
Lorius albidinucha,Near Threatened
Lorius chlorocercus,Least Concern
Lorius domicella,Endangered
Lorius garrulus,Vulnerable
Lorius hypoinochrous,Least Concern
Lorius lory,Least Concern
Psitteuteles versicolor,Least Concern
Parvipsitta porphyrocephala,Least Concern
Parvipsitta pusilla,Least Concern
Chalcopsitta atra,Least Concern
Chalcopsitta cardinalis,Least Concern
Chalcopsitta duivenbodei,Least Concern
Chalcopsitta fuscata,Least Concern
Chalcopsitta scintillata,Least Concern
Glossoptilus goldiei,Least Concern
Trichoglossus borneus,Least Concern
Trichoglossus capistratus,Least Concern
Trichoglossus chlorolepidotus,Least Concern
Trichoglossus concinnus,Least Concern
Trichoglossus cyanogenius,Near Threatened
Trichoglossus euteles,Least Concern
Trichoglossus flavoviridis,Least Concern
Trichoglossus forsteni,Endangered
Trichoglossus haematodus,Least Concern
Trichoglossus histrio,Endangered
Trichoglossus iris,Near Threatened
Trichoglossus johnstoniae,Near Threatened
Trichoglossus meyeri,Least Concern
Trichoglossus moluccanus,Least Concern
Trichoglossus ornatus,Least Concern
Trichoglossus reticulatus,Near Threatened
Trichoglossus rosenbergii,Vulnerable
Trichoglossus rubiginosus,Near Threatened
Trichoglossus rubritorquis,Least Concern
Trichoglossus semilarvatus,Near Threatened
Trichoglossus squamatus,Least Concern
Trichoglossus weberi,Near Threatened
Traversia lyalli,Extinct
Acanthisitta chloris,Least Concern
Xenicus gilviventris,Endangered
Xenicus longipes,Extinct
Philepitta castanea,Least Concern
Philepitta schlegeli,Near Threatened
Neodrepanis coruscans,Least Concern
Neodrepanis hypoxantha,Vulnerable
Pseudocalyptomena graueri,Vulnerable
Corydon sumatranus,Least Concern
Psarisomus dalhousiae,Least Concern
Sarcophanops samarensis,Vulnerable
Sarcophanops steerii,Vulnerable
Eurylaimus javanicus,Least Concern
Eurylaimus ochromalus,Near Threatened
Cymbirhynchus macrorhynchos,Least Concern
Serilophus lunatus,Least Concern
Serilophus rubropygius,Least Concern
Calyptomena hosii,Least Concern
Calyptomena viridis,Near Threatened
Calyptomena whiteheadi,Least Concern
Smithornis capensis,Least Concern
Smithornis rufolateralis,Least Concern
Smithornis sharpei,Least Concern
Sapayoa aenigma,Least Concern
Erythropitta arquata,Least Concern
Erythropitta celebensis,Least Concern
Erythropitta dohertyi,Least Concern
Erythropitta erythrogaster,Least Concern
Erythropitta granatina,Near Threatened
Erythropitta kochi,Least Concern
Erythropitta macklotii,Least Concern
Erythropitta meeki,Data Deficient
Erythropitta novaehibernicae,Least Concern
Erythropitta rubrinucha,Least Concern
Erythropitta rufiventris,Least Concern
Erythropitta ussheri,Least Concern
Erythropitta venusta,Least Concern
Hydrornis baudii,Vulnerable
Hydrornis caeruleus,Near Threatened
Hydrornis cyaneus,Least Concern
Hydrornis elliotii,Least Concern
Hydrornis guajanus,Least Concern
Hydrornis gurneyi,Critically Endangered
Hydrornis irena,Near Threatened
Hydrornis nipalensis,Least Concern
Hydrornis oatesi,Least Concern
Hydrornis phayrei,Least Concern
Hydrornis schneideri,Least Concern
Hydrornis schwaneri,Least Concern
Hydrornis soror,Least Concern
Pitta abbotti,Unknown
Pitta anerythra,Near Threatened
Pitta angolensis,Least Concern
Pitta brachyura,Least Concern
Pitta concinna,Least Concern
Pitta elegans,Least Concern
Pitta forsteni,Unknown
Pitta iris,Least Concern
Pitta maxima,Least Concern
Pitta megarhyncha,Near Threatened
Pitta moluccensis,Least Concern
Pitta novaeguineae,Least Concern
Pitta nympha,Vulnerable
Pitta reichenowi,Least Concern
Pitta rosenbergii,Near Threatened
Pitta sordida,Least Concern
Pitta steerii,Vulnerable
Pitta superba,Endangered
Pitta versicolor,Least Concern
Pitta vigorsii,Least Concern
Tyranneutes stolzmanni,Least Concern
Tyranneutes virescens,Least Concern
Neopelma aurifrons,Near Threatened
Neopelma chrysocephalum,Least Concern
Neopelma chrysolophum,Least Concern
Neopelma pallescens,Least Concern
Neopelma sulphureiventer,Least Concern
Ilicura militaris,Least Concern
Masius chrysopterus,Least Concern
Corapipo altera,Unknown
Corapipo gutturalis,Least Concern
Corapipo leucorrhoa,Least Concern
Chiroxiphia bokermanni,Critically Endangered
Chiroxiphia boliviana,Least Concern
Chiroxiphia caudata,Least Concern
Chiroxiphia galeata,Least Concern
Chiroxiphia lanceolata,Least Concern
Chiroxiphia linearis,Least Concern
Chiroxiphia pareola,Least Concern
Xenopipo atronitens,Least Concern
Xenopipo uniformis,Least Concern
Chloropipo flavicapilla,Vulnerable
Chloropipo unicolor,Least Concern
Cryptopipo holochlora,Least Concern
Cryptopipo litae,Least Concern
Lepidothrix coeruleocapilla,Least Concern
Lepidothrix coronata,Least Concern
Lepidothrix iris,Vulnerable
Lepidothrix isidorei,Least Concern
Lepidothrix nattereri,Least Concern
Lepidothrix serena,Least Concern
Lepidothrix suavissima,Least Concern
Lepidothrix velutina,Unknown
Lepidothrix vilasboasi,Least Concern
Heterocercus aurantiivertex,Least Concern
Heterocercus flavivertex,Least Concern
Heterocercus linteatus,Least Concern
Manacus aurantiacus,Least Concern
Manacus candei,Least Concern
Manacus manacus,Least Concern
Manacus vitellinus,Least Concern
Pipra aureola,Least Concern
Pipra fasciicauda,Least Concern
Pipra filicauda,Least Concern
Machaeropterus deliciosus,Least Concern
Machaeropterus eckelberryi,Least Concern
Machaeropterus pyrocephalus,Least Concern
Machaeropterus regulus,Least Concern
Machaeropterus striolatus,Least Concern
Pseudopipra pipra,Least Concern
Ceratopipra chloromeros,Least Concern
Ceratopipra cornuta,Least Concern
Ceratopipra erythrocephala,Least Concern
Ceratopipra mentalis,Least Concern
Ceratopipra rubrocapilla,Least Concern
Ampelioides tschudii,Least Concern
Pipreola arcuata,Least Concern
Pipreola aureopectus,Least Concern
Pipreola chlorolepidota,Least Concern
Pipreola formosa,Least Concern
Pipreola frontalis,Least Concern
Pipreola intermedia,Least Concern
Pipreola jucunda,Least Concern
Pipreola lubomirskii,Least Concern
Pipreola pulchra,Least Concern
Pipreola riefferii,Least Concern
Pipreola whitelyi,Least Concern
Carpornis cucullata,Least Concern
Carpornis melanocephala,Near Threatened
Snowornis cryptolophus,Least Concern
Snowornis subalaris,Least Concern
Phoenicircus carnifex,Least Concern
Phoenicircus nigricollis,Least Concern
Rupicola peruvianus,Least Concern
Rupicola rupicola,Least Concern
Zaratornis stresemanni,Near Threatened
Phibalura flavirostris,Least Concern
Phytotoma raimondii,Vulnerable
Phytotoma rara,Least Concern
Phytotoma rutila,Least Concern
Doliornis remseni,Near Threatened
Doliornis sclateri,Near Threatened
Ampelion rubrocristatus,Least Concern
Ampelion rufaxilla,Least Concern
Haematoderus militaris,Least Concern
Querula purpurata,Least Concern
Pyroderus scutatus,Least Concern
Perissocephalus tricolor,Least Concern
Cephalopterus glabricollis,Endangered
Cephalopterus ornatus,Least Concern
Cephalopterus penduliger,Vulnerable
Porphyrolaema porphyrolaema,Least Concern
Gymnoderus foetidus,Least Concern
Conioptilon mcilhennyi,Least Concern
Xipholena atropurpurea,Vulnerable
Xipholena lamellipennis,Near Threatened
Xipholena punicea,Least Concern
Carpodectes antoniae,Near Threatened
Carpodectes hopkei,Least Concern
Carpodectes nitidus,Least Concern
Cotinga amabilis,Least Concern
Cotinga cayana,Least Concern
Cotinga cotinga,Least Concern
Cotinga maculata,Critically Endangered
Cotinga maynana,Least Concern
Cotinga nattererii,Least Concern
Cotinga ridgwayi,Vulnerable
Procnias albus,Least Concern
Procnias averano,Least Concern
Procnias nudicollis,Near Threatened
Procnias tricarunculatus,Vulnerable
Lipaugus ater,Least Concern
Lipaugus conditus,Vulnerable
Lipaugus fuscocinereus,Least Concern
Lipaugus lanioides,Least Concern
Lipaugus streptophorus,Least Concern
Lipaugus unirufus,Least Concern
Lipaugus uropygialis,Vulnerable
Lipaugus vociferans,Least Concern
Lipaugus weberi,Critically Endangered
Laniisoma buckleyi,Least Concern
Laniisoma elegans,Near Threatened
Laniocera hypopyrra,Least Concern
Laniocera rufescens,Least Concern
Schiffornis aenea,Least Concern
Schiffornis major,Least Concern
Schiffornis olivacea,Least Concern
Schiffornis stenorhyncha,Least Concern
Schiffornis turdina,Least Concern
Schiffornis veraepacis,Least Concern
Schiffornis virescens,Least Concern
Iodopleura fusca,Least Concern
Iodopleura isabellae,Least Concern
Iodopleura pipra,Endangered
Tityra cayana,Least Concern
Tityra inquisitor,Least Concern
Tityra leucura,Data Deficient
Tityra semifasciata,Least Concern
Xenopsaris albinucha,Least Concern
Pachyramphus aglaiae,Least Concern
Pachyramphus albogriseus,Least Concern
Pachyramphus castaneus,Least Concern
Pachyramphus cinnamomeus,Least Concern
Pachyramphus homochrous,Least Concern
Pachyramphus major,Least Concern
Pachyramphus marginatus,Least Concern
Pachyramphus minor,Least Concern
Pachyramphus niger,Least Concern
Pachyramphus polychopterus,Least Concern
Pachyramphus rufus,Least Concern
Pachyramphus salvini,Unknown
Pachyramphus spodiurus,Vulnerable
Pachyramphus surinamus,Least Concern
Pachyramphus validus,Least Concern
Pachyramphus versicolor,Least Concern
Pachyramphus viridis,Least Concern
Oxyruncus cristatus,Least Concern
Onychorhynchus coronatus,Least Concern
Onychorhynchus swainsoni,Vulnerable
Terenotriccus erythrurus,Least Concern
Myiobius atricaudus,Least Concern
Myiobius barbatus,Least Concern
Myiobius sulphureipygius,Least Concern
Myiobius villosus,Least Concern
Piprites chloris,Least Concern
Piprites griseiceps,Least Concern
Piprites pileata,Near Threatened
Neopipo cinnamomea,Least Concern
Calyptura cristata,Critically Endangered
Platyrinchus cancrominus,Least Concern
Platyrinchus coronatus,Least Concern
Platyrinchus flavigularis,Least Concern
Platyrinchus leucoryphus,Vulnerable
Platyrinchus mystaceus,Least Concern
Platyrinchus platyrhynchos,Least Concern
Platyrinchus saturatus,Least Concern
Tachuris rubrigastra,Least Concern
Corythopis delalandi,Least Concern
Corythopis torquatus,Least Concern
Pseudotriccus pelzelni,Least Concern
Pseudotriccus ruficeps,Least Concern
Pseudotriccus simplex,Least Concern
Leptopogon amaurocephalus,Least Concern
Leptopogon rufipectus,Least Concern
Leptopogon superciliaris,Least Concern
Leptopogon taczanowskii,Least Concern
Mionectes macconnelli,Least Concern
Mionectes oleagineus,Least Concern
Mionectes olivaceus,Least Concern
Mionectes roraimae,Least Concern
Mionectes rufiventris,Least Concern
Mionectes striaticollis,Least Concern
Pogonotriccus chapmani,Least Concern
Pogonotriccus difficilis,Least Concern
Pogonotriccus eximius,Near Threatened
Pogonotriccus lanyoni,Vulnerable
Pogonotriccus ophthalmicus,Least Concern
Pogonotriccus orbitalis,Least Concern
Pogonotriccus paulista,Near Threatened
Pogonotriccus poecilotis,Least Concern
Pogonotriccus venezuelanus,Near Threatened
Phylloscartes beckeri,Endangered
Phylloscartes ceciliae,Critically Endangered
Phylloscartes flaviventris,Near Threatened
Phylloscartes flavovirens,Least Concern
Phylloscartes gualaquizae,Least Concern
Phylloscartes kronei,Least Concern
Phylloscartes nigrifrons,Least Concern
Phylloscartes oustaleti,Least Concern
Phylloscartes parkeri,Least Concern
Phylloscartes roquettei,Endangered
Phylloscartes superciliaris,Least Concern
Phylloscartes sylviolus,Least Concern
Phylloscartes ventralis,Least Concern
Phylloscartes virescens,Least Concern
Rhynchocyclus aequinoctialis,Least Concern
Rhynchocyclus brevirostris,Least Concern
Rhynchocyclus fulvipectus,Least Concern
Rhynchocyclus olivaceus,Least Concern
Rhynchocyclus pacificus,Least Concern
Tolmomyias assimilis,Least Concern
Tolmomyias flaviventris,Least Concern
Tolmomyias flavotectus,Least Concern
Tolmomyias poliocephalus,Least Concern
Tolmomyias sulphurescens,Least Concern
Tolmomyias traylori,Least Concern
Tolmomyias viridiceps,Least Concern
Taeniotriccus andrei,Least Concern
Cnipodectes subbrunneus,Least Concern
Cnipodectes superrufus,Vulnerable
Todirostrum chrysocrotaphum,Least Concern
Todirostrum cinereum,Least Concern
Todirostrum maculatum,Least Concern
Todirostrum nigriceps,Least Concern
Todirostrum pictum,Least Concern
Todirostrum poliocephalum,Least Concern
Todirostrum viridanum,Least Concern
Poecilotriccus albifacies,Least Concern
Poecilotriccus calopterus,Least Concern
Poecilotriccus capitalis,Least Concern
Poecilotriccus fumifrons,Least Concern
Poecilotriccus latirostris,Least Concern
Poecilotriccus luluae,Least Concern
Poecilotriccus plumbeiceps,Least Concern
Poecilotriccus pulchellus,Least Concern
Poecilotriccus ruficeps,Least Concern
Poecilotriccus russatus,Least Concern
Poecilotriccus senex,Least Concern
Poecilotriccus sylvia,Least Concern
Hemitriccus cinnamomeipectus,Least Concern
Hemitriccus cohnhafti,Near Threatened
Hemitriccus diops,Least Concern
Hemitriccus flammulatus,Least Concern
Hemitriccus furcatus,Vulnerable
Hemitriccus granadensis,Least Concern
Hemitriccus griseipectus,Least Concern
Hemitriccus inornatus,Least Concern
Hemitriccus iohannis,Least Concern
Hemitriccus josephinae,Least Concern
Hemitriccus kaempferi,Vulnerable
Hemitriccus margaritaceiventer,Least Concern
Hemitriccus minimus,Least Concern
Hemitriccus minor,Least Concern
Hemitriccus mirandae,Vulnerable
Hemitriccus nidipendulus,Least Concern
Hemitriccus obsoletus,Least Concern
Hemitriccus orbitatus,Least Concern
Hemitriccus rufigularis,Least Concern
Hemitriccus spodiops,Least Concern
Hemitriccus striaticollis,Least Concern
Hemitriccus zosterops,Least Concern
Myiornis albiventris,Least Concern
Myiornis atricapillus,Least Concern
Myiornis auricularis,Least Concern
Myiornis ecaudatus,Least Concern
Atalotriccus pilaris,Least Concern
Lophotriccus eulophotes,Least Concern
Lophotriccus galeatus,Least Concern
Lophotriccus pileatus,Least Concern
Lophotriccus vitiosus,Least Concern
Oncostoma cinereigulare,Least Concern
Oncostoma olivaceum,Least Concern
Hirundinea ferruginea,Least Concern
Pyrrhomyias cinnamomeus,Least Concern
Myiotriccus ornatus,Least Concern
Nephelomyias lintoni,Least Concern
Nephelomyias ochraceiventris,Least Concern
Nephelomyias pulcher,Least Concern
Zimmerius acer,Least Concern
Zimmerius albigularis,Least Concern
Zimmerius bolivianus,Least Concern
Zimmerius chicomendesi,Near Threatened
Zimmerius chrysops,Least Concern
Zimmerius cinereicapilla,Least Concern
Zimmerius gracilipes,Least Concern
Zimmerius improbus,Least Concern
Zimmerius parvus,Least Concern
Zimmerius petersi,Least Concern
Zimmerius vilissimus,Least Concern
Zimmerius villarejoi,Least Concern
Zimmerius viridiflavus,Least Concern
Stigmatura bahiae,Least Concern
Stigmatura budytoides,Least Concern
Stigmatura napensis,Least Concern
Euscarthmus fulviceps,Least Concern
Euscarthmus meloryphus,Least Concern
Euscarthmus rufomarginatus,Least Concern
Inezia caudata,Least Concern
Inezia inornata,Least Concern
Inezia subflava,Least Concern
Inezia tenuirostris,Least Concern
Acrochordopus burmeisteri,Least Concern
Acrochordopus zeledoni,Least Concern
Tyranniscus cinereiceps,Least Concern
Tyranniscus nigrocapillus,Least Concern
Tyranniscus uropygialis,Least Concern
Ornithion brunneicapillus,Least Concern
Ornithion inerme,Least Concern
Ornithion semiflavum,Least Concern
Camptostoma imberbe,Least Concern
Camptostoma obsoletum,Least Concern
Tyrannulus elatus,Least Concern
Myiopagis caniceps,Least Concern
Myiopagis cinerea,Least Concern
Myiopagis cotta,Least Concern
Myiopagis flavivertex,Least Concern
Myiopagis gaimardii,Least Concern
Myiopagis olallai,Least Concern
Myiopagis parambae,Least Concern
Myiopagis subplacens,Least Concern
Myiopagis viridicata,Least Concern
Elaenia albiceps,Least Concern
Elaenia brachyptera,Least Concern
Elaenia cherriei,Unknown
Elaenia chiriquensis,Least Concern
Elaenia cristata,Least Concern
Elaenia dayi,Least Concern
Elaenia fallax,Least Concern
Elaenia flavogaster,Least Concern
Elaenia frantzii,Least Concern
Elaenia gigas,Least Concern
Elaenia martinica,Least Concern
Elaenia mesoleuca,Least Concern
Elaenia obscura,Least Concern
Elaenia olivina,Least Concern
Elaenia pallatangae,Least Concern
Elaenia parvirostris,Least Concern
Elaenia pelzelni,Least Concern
Elaenia ridleyana,Vulnerable
Elaenia ruficeps,Least Concern
Elaenia sordida,Least Concern
Elaenia spectabilis,Least Concern
Elaenia strepera,Least Concern
Suiriri suiriri,Least Concern
Pseudelaenia leucospodia,Least Concern
Capsiempis flaveola,Least Concern
Phyllomyias fasciatus,Least Concern
Phyllomyias griseiceps,Least Concern
Phyllomyias griseocapilla,Near Threatened
Phyllomyias plumbeiceps,Least Concern
Phyllomyias reiseri,Least Concern
Phyllomyias sclateri,Least Concern
Phyllomyias urichi,Endangered
Phyllomyias virescens,Least Concern
Phyllomyias weedeni,Vulnerable
Nesotriccus maranonicus,Unknown
Nesotriccus murinus,Unknown
Nesotriccus ridgwayi,Vulnerable
Nesotriccus tumbezanus,Least Concern
Mecocerculus calopterus,Least Concern
Mecocerculus hellmayri,Least Concern
Mecocerculus leucophrys,Least Concern
Mecocerculus minor,Least Concern
Mecocerculus poecilocercus,Least Concern
Mecocerculus stictopterus,Least Concern
Culicivora caudacuta,Least Concern
Pseudocolopteryx acutipennis,Least Concern
Pseudocolopteryx citreola,Least Concern
Pseudocolopteryx dinelliana,Near Threatened
Pseudocolopteryx flaviventris,Least Concern
Pseudocolopteryx sclateri,Least Concern
Polystictus pectoralis,Near Threatened
Polystictus superciliaris,Least Concern
Serpophaga cinerea,Least Concern
Serpophaga griseicapilla,Least Concern
Serpophaga hypoleuca,Least Concern
Serpophaga nigricans,Least Concern
Serpophaga subcristata,Least Concern
Uromyias agilis,Least Concern
Uromyias agraphia,Least Concern
Anairetes alpinus,Endangered
Anairetes fernandezianus,Endangered
Anairetes flavirostris,Least Concern
Anairetes nigrocristatus,Least Concern
Anairetes parulus,Least Concern
Anairetes reguloides,Least Concern
Ramphotrigon flammulatum,Least Concern
Ramphotrigon fuscicauda,Least Concern
Ramphotrigon megacephalum,Least Concern
Ramphotrigon ruficauda,Least Concern
Sirystes albocinereus,Least Concern
Sirystes albogriseus,Least Concern
Sirystes sibilator,Least Concern
Sirystes subcanescens,Least Concern
Casiornis fuscus,Least Concern
Casiornis rufus,Least Concern
Rhytipterna holerythra,Least Concern
Rhytipterna immunda,Least Concern
Rhytipterna simplex,Least Concern
Myiarchus antillarum,Least Concern
Myiarchus apicalis,Least Concern
Myiarchus barbirostris,Least Concern
Myiarchus cephalotes,Least Concern
Myiarchus cinerascens,Least Concern
Myiarchus crinitus,Least Concern
Myiarchus ferox,Least Concern
Myiarchus magnirostris,Least Concern
Myiarchus nugator,Least Concern
Myiarchus nuttingi,Least Concern
Myiarchus oberi,Least Concern
Myiarchus panamensis,Least Concern
Myiarchus phaeocephalus,Least Concern
Myiarchus sagrae,Least Concern
Myiarchus semirufus,Vulnerable
Myiarchus stolidus,Least Concern
Myiarchus swainsoni,Least Concern
Myiarchus tuberculifer,Least Concern
Myiarchus tyrannulus,Least Concern
Myiarchus validus,Least Concern
Myiarchus venezuelensis,Least Concern
Myiarchus yucatanensis,Least Concern
Legatus leucophaius,Least Concern
Attila bolivianus,Least Concern
Attila cinnamomeus,Least Concern
Attila citriniventris,Least Concern
Attila phoenicurus,Least Concern
Attila rufus,Least Concern
Attila spadiceus,Least Concern
Attila torridus,Near Threatened
Machetornis rixosa,Least Concern
Philohydor lictor,Least Concern
Pitangus sulphuratus,Least Concern
Myiozetetes cayanensis,Least Concern
Myiozetetes granadensis,Least Concern
Myiozetetes luteiventris,Least Concern
Myiozetetes similis,Least Concern
Myiodynastes bairdii,Least Concern
Myiodynastes chrysocephalus,Least Concern
Myiodynastes hemichrysus,Least Concern
Myiodynastes luteiventris,Least Concern
Myiodynastes maculatus,Least Concern
Tyrannopsis sulphurea,Least Concern
Megarynchus pitangua,Least Concern
Conopias albovittatus,Least Concern
Conopias cinchoneti,Least Concern
Conopias parvus,Least Concern
Conopias trivirgatus,Least Concern
Empidonomus aurantioatrocristatus,Least Concern
Empidonomus varius,Least Concern
Tyrannus albogularis,Least Concern
Tyrannus caudifasciatus,Least Concern
Tyrannus couchii,Least Concern
Tyrannus crassirostris,Least Concern
Tyrannus cubensis,Endangered
Tyrannus dominicensis,Least Concern
Tyrannus forficatus,Least Concern
Tyrannus melancholicus,Least Concern
Tyrannus niveigularis,Least Concern
Tyrannus savana,Least Concern
Tyrannus tyrannus,Least Concern
Tyrannus verticalis,Least Concern
Tyrannus vociferans,Least Concern
Muscigralla brevicauda,Least Concern
Myiophobus crypterythrus,Least Concern
Myiophobus cryptoxanthus,Least Concern
Myiophobus fasciatus,Least Concern
Myiophobus flavicans,Least Concern
Myiophobus inornatus,Least Concern
Myiophobus phoenicomitra,Least Concern
Myiophobus roraimae,Least Concern
Myiophobus rufescens,Least Concern
Silvicultrix diadema,Least Concern
Silvicultrix frontalis,Least Concern
Silvicultrix jelskii,Least Concern
Silvicultrix pulchella,Least Concern
Silvicultrix spodionota,Unknown
Colorhamphus parvirostris,Least Concern
Ochthoeca cinnamomeiventris,Least Concern
Ochthoeca fumicolor,Least Concern
Ochthoeca leucophrys,Least Concern
Ochthoeca nigrita,Least Concern
Ochthoeca oenanthoides,Least Concern
Ochthoeca piurae,Least Concern
Ochthoeca rufipectoralis,Least Concern
Ochthoeca salvini,Near Threatened
Ochthoeca superciliosa,Least Concern
Ochthoeca thoracica,Least Concern
Phelpsia inornata,Least Concern
Guyramemua affine,Near Threatened
Sublegatus arenarum,Least Concern
Sublegatus modestus,Least Concern
Sublegatus obscurior,Least Concern
Colonia colonus,Least Concern
Arundinicola leucocephala,Least Concern
Fluvicola albiventer,Least Concern
Fluvicola nengeta,Least Concern
Fluvicola pica,Least Concern
Pyrocephalus nanus,Near Threatened
Pyrocephalus rubinus,Least Concern
Muscipipra vetula,Least Concern
Gubernetes yetapa,Least Concern
Heteroxolmis dominicana,Vulnerable
Alectrurus risora,Vulnerable
Alectrurus tricolor,Vulnerable
Ochthornis littoralis,Least Concern
Cnemotriccus fuscatus,Least Concern
Aphanotriccus audax,Near Threatened
Aphanotriccus capitalis,Vulnerable
Lathrotriccus euleri,Least Concern
Lathrotriccus griseipectus,Least Concern
Xenotriccus callizonus,Least Concern
Xenotriccus mexicanus,Least Concern
Sayornis nigricans,Least Concern
Sayornis phoebe,Least Concern
Sayornis saya,Least Concern
Empidonax affinis,Least Concern
Empidonax albigularis,Least Concern
Empidonax alnorum,Least Concern
Empidonax atriceps,Least Concern
Empidonax difficilis,Least Concern
Empidonax flavescens,Least Concern
Empidonax flaviventris,Least Concern
Empidonax fulvifrons,Least Concern
Empidonax hammondii,Least Concern
Empidonax minimus,Least Concern
Empidonax oberholseri,Least Concern
Empidonax traillii,Least Concern
Empidonax virescens,Least Concern
Empidonax wrightii,Least Concern
Mitrephanes olivaceus,Least Concern
Mitrephanes phaeocercus,Least Concern
Contopus albogularis,Least Concern
Contopus bogotensis,Least Concern
Contopus caribaeus,Least Concern
Contopus cinereus,Least Concern
Contopus cooperi,Near Threatened
Contopus fumigatus,Least Concern
Contopus hispaniolensis,Least Concern
Contopus latirostris,Least Concern
Contopus lugubris,Least Concern
Contopus nigrescens,Least Concern
Contopus ochraceus,Least Concern
Contopus pallidus,Least Concern
Contopus pertinax,Least Concern
Contopus punensis,Least Concern
Contopus sordidulus,Least Concern
Contopus virens,Least Concern
Satrapa icterophrys,Least Concern
Syrtidicola fluviatilis,Least Concern
Muscisaxicola albifrons,Least Concern
Muscisaxicola albilora,Least Concern
Muscisaxicola alpinus,Least Concern
Muscisaxicola capistratus,Least Concern
Muscisaxicola cinereus,Least Concern
Muscisaxicola flavinucha,Least Concern
Muscisaxicola frontalis,Least Concern
Muscisaxicola griseus,Least Concern
Muscisaxicola juninensis,Least Concern
Muscisaxicola maclovianus,Least Concern
Muscisaxicola maculirostris,Least Concern
Muscisaxicola rufivertex,Least Concern
Lessonia oreas,Least Concern
Lessonia rufa,Least Concern
Hymenops perspicillatus,Least Concern
Knipolegus aterrimus,Least Concern
Knipolegus cabanisi,Least Concern
Knipolegus cyanirostris,Least Concern
Knipolegus franciscanus,Least Concern
Knipolegus hudsoni,Least Concern
Knipolegus lophotes,Least Concern
Knipolegus nigerrimus,Least Concern
Knipolegus orenocensis,Least Concern
Knipolegus poecilocercus,Least Concern
Knipolegus poecilurus,Least Concern
Knipolegus signatus,Least Concern
Knipolegus striaticeps,Least Concern
Cnemarchus erythropygius,Least Concern
Cnemarchus rufipennis,Least Concern
Xolmis irupero,Least Concern
Xolmis velatus,Least Concern
Pyrope pyrope,Least Concern
Nengetus cinereus,Least Concern
Neoxolmis coronatus,Least Concern
Neoxolmis rubetra,Least Concern
Neoxolmis rufiventris,Least Concern
Neoxolmis salinarum,Near Threatened
Myiotheretes fumigatus,Least Concern
Myiotheretes fuscorufus,Least Concern
Myiotheretes pernix,Endangered
Myiotheretes striaticollis,Least Concern
Agriornis albicauda,Vulnerable
Agriornis lividus,Least Concern
Agriornis micropterus,Least Concern
Agriornis montanus,Least Concern
Agriornis murinus,Least Concern
Melanopareia elegans,Least Concern
Melanopareia maranonica,Least Concern
Melanopareia maximiliani,Least Concern
Melanopareia torquata,Least Concern
Pittasoma michleri,Least Concern
Pittasoma rufopileatum,Least Concern
Conopophaga ardesiaca,Least Concern
Conopophaga aurita,Least Concern
Conopophaga castaneiceps,Least Concern
Conopophaga cearae,Near Threatened
Conopophaga lineata,Least Concern
Conopophaga melanogaster,Least Concern
Conopophaga melanops,Least Concern
Conopophaga peruviana,Least Concern
Conopophaga roberti,Least Concern
Conopophaga snethlageae,Least Concern
Myrmornis torquata,Least Concern
Pygiptila stellaris,Least Concern
Thamnistes anabatinus,Least Concern
Thamnistes rufescens,Unknown
Euchrepomis callinota,Least Concern
Euchrepomis humeralis,Least Concern
Euchrepomis sharpei,Near Threatened
Euchrepomis spodioptila,Least Concern
Myrmorchilus strigilatus,Least Concern
Microrhopias quixensis,Least Concern
Aprositornis disjuncta,Least Concern
Ammonastes pelzelni,Least Concern
Myrmophylax atrothorax,Least Concern
Neoctantes niger,Least Concern
Clytoctantes alixii,Endangered
Clytoctantes atrogularis,Near Threatened
Epinecrophylla amazonica,Least Concern
Epinecrophylla erythrura,Least Concern
Epinecrophylla fulviventris,Least Concern
Epinecrophylla gutturalis,Least Concern
Epinecrophylla haematonota,Least Concern
Epinecrophylla leucophthalma,Least Concern
Epinecrophylla ornata,Least Concern
Epinecrophylla spodionota,Least Concern
Terenura maculata,Least Concern
Terenura sicki,Critically Endangered
Myrmochanes hemileucus,Least Concern
Myrmotherula ambigua,Least Concern
Myrmotherula assimilis,Least Concern
Myrmotherula axillaris,Least Concern
Myrmotherula behni,Least Concern
Myrmotherula brachyura,Least Concern
Myrmotherula cherriei,Least Concern
Myrmotherula fluminensis,Unknown
Myrmotherula grisea,Least Concern
Myrmotherula ignota,Least Concern
Myrmotherula iheringi,Least Concern
Myrmotherula klagesi,Vulnerable
Myrmotherula longicauda,Least Concern
Myrmotherula longipennis,Least Concern
Myrmotherula menetriesii,Least Concern
Myrmotherula minor,Vulnerable
Myrmotherula multostriata,Least Concern
Myrmotherula pacifica,Least Concern
Myrmotherula schisticolor,Least Concern
Myrmotherula sclateri,Least Concern
Myrmotherula snowi,Critically Endangered
Myrmotherula sunensis,Least Concern
Myrmotherula surinamensis,Least Concern
Myrmotherula unicolor,Least Concern
Myrmotherula urosticta,Vulnerable
Formicivora acutirostris,Near Threatened
Formicivora erythronotos,Endangered
Formicivora grantsaui,Endangered
Formicivora grisea,Least Concern
Formicivora iheringi,Least Concern
Formicivora intermedia,Least Concern
Formicivora melanogaster,Least Concern
Formicivora rufa,Least Concern
Formicivora serrana,Least Concern
Isleria guttata,Least Concern
Isleria hauxwelli,Least Concern
Xenornis setifrons,Near Threatened
Thamnomanes ardesiacus,Least Concern
Thamnomanes caesius,Least Concern
Thamnomanes saturninus,Least Concern
Thamnomanes schistogynus,Least Concern
Megastictus margaritatus,Least Concern
Rhopias gularis,Least Concern
Dichrozona cincta,Least Concern
Cymbilaimus lineatus,Least Concern
Cymbilaimus sanctaemariae,Least Concern
Taraba major,Least Concern
Hypoedaleus guttatus,Least Concern
Batara cinerea,Least Concern
Mackenziaena leachii,Least Concern
Mackenziaena severa,Least Concern
Frederickena fulva,Unknown
Frederickena unduliger,Least Concern
Frederickena viridis,Least Concern
Sakesphoroides cristatus,Least Concern
Biatas nigropectus,Vulnerable
Radinopsyche sellowi,Least Concern
Dysithamnus leucostictus,Least Concern
Dysithamnus mentalis,Least Concern
Dysithamnus occidentalis,Near Threatened
Dysithamnus plumbeus,Vulnerable
Dysithamnus puncticeps,Least Concern
Dysithamnus stictothorax,Near Threatened
Dysithamnus striaticeps,Least Concern
Dysithamnus xanthopterus,Least Concern
Herpsilochmus atricapillus,Least Concern
Herpsilochmus axillaris,Least Concern
Herpsilochmus dorsimaculatus,Least Concern
Herpsilochmus dugandi,Least Concern
Herpsilochmus frater,Unknown
Herpsilochmus gentryi,Least Concern
Herpsilochmus longirostris,Least Concern
Herpsilochmus motacilloides,Least Concern
Herpsilochmus parkeri,Vulnerable
Herpsilochmus pectoralis,Vulnerable
Herpsilochmus pileatus,Near Threatened
Herpsilochmus praedictus,Least Concern
Herpsilochmus roraimae,Least Concern
Herpsilochmus rufimarginatus,Least Concern
Herpsilochmus stictocephalus,Least Concern
Herpsilochmus sticturus,Least Concern
Herpsilochmus stotzi,Least Concern
Sakesphorus canadensis,Least Concern
Sakesphorus luctuosus,Least Concern
Sakesphorus pulchellus,Unknown
Thamnophilus aethiops,Least Concern
Thamnophilus amazonicus,Least Concern
Thamnophilus ambiguus,Least Concern
Thamnophilus aroyae,Least Concern
Thamnophilus atrinucha,Least Concern
Thamnophilus bernardi,Least Concern
Thamnophilus bridgesi,Least Concern
Thamnophilus caerulescens,Least Concern
Thamnophilus cryptoleucus,Least Concern
Thamnophilus divisorius,Least Concern
Thamnophilus doliatus,Least Concern
Thamnophilus insignis,Least Concern
Thamnophilus melanonotus,Least Concern
Thamnophilus melanothorax,Least Concern
Thamnophilus multistriatus,Least Concern
Thamnophilus murinus,Least Concern
Thamnophilus nigriceps,Least Concern
Thamnophilus nigrocinereus,Least Concern
Thamnophilus palliatus,Least Concern
Thamnophilus pelzelni,Least Concern
Thamnophilus praecox,Near Threatened
Thamnophilus punctatus,Least Concern
Thamnophilus ruficapillus,Least Concern
Thamnophilus schistaceus,Least Concern
Thamnophilus shumbae,Unknown
Thamnophilus stictocephalus,Least Concern
Thamnophilus sticturus,Least Concern
Thamnophilus tenuepunctatus,Least Concern
Thamnophilus torquatus,Least Concern
Thamnophilus unicolor,Least Concern
Thamnophilus zarumae,Least Concern
Phaenostictus mcleannani,Least Concern
Pithys albifrons,Least Concern
Pithys castaneus,Near Threatened
Willisornis poecilinotus,Least Concern
Willisornis vidua,Least Concern
Phlegopsis borbae,Least Concern
Phlegopsis erythroptera,Least Concern
Phlegopsis nigromaculata,Least Concern
Oneillornis lunulatus,Least Concern
Oneillornis salvini,Least Concern
Gymnopithys bicolor,Least Concern
Gymnopithys leucaspis,Least Concern
Gymnopithys rufigula,Least Concern
Rhegmatorhina berlepschi,Least Concern
Rhegmatorhina cristata,Least Concern
Rhegmatorhina gymnops,Vulnerable
Rhegmatorhina hoffmannsi,Least Concern
Rhegmatorhina melanosticta,Least Concern
Cercomacra brasiliana,Near Threatened
Cercomacra carbonaria,Vulnerable
Cercomacra cinerascens,Least Concern
Cercomacra ferdinandi,Near Threatened
Cercomacra manu,Least Concern
Cercomacra melanaria,Least Concern
Cercomacra nigricans,Least Concern
Cercomacroides fuscicauda,Least Concern
Cercomacroides laeta,Least Concern
Cercomacroides nigrescens,Least Concern
Cercomacroides parkeri,Least Concern
Cercomacroides serva,Least Concern
Cercomacroides tyrannina,Least Concern
Sciaphylax castanea,Least Concern
Sciaphylax hemimelaena,Least Concern
Hypocnemis cantator,Least Concern
Hypocnemis flavescens,Least Concern
Hypocnemis hypoxantha,Least Concern
Hypocnemis ochrogyna,Vulnerable
Hypocnemis peruviana,Least Concern
Hypocnemis rondoni,Least Concern
Hypocnemis striata,Least Concern
Hypocnemis subflava,Least Concern
Drymophila caudata,Least Concern
Drymophila devillei,Least Concern
Drymophila ferruginea,Least Concern
Drymophila genei,Least Concern
Drymophila hellmayri,Near Threatened
Drymophila klagesi,Least Concern
Drymophila malura,Least Concern
Drymophila ochropyga,Least Concern
Drymophila rubricollis,Least Concern
Drymophila squamata,Least Concern
Drymophila striaticeps,Least Concern
Poliocrania exsul,Least Concern
Ampelornis griseiceps,Near Threatened
Sipia berlepschi,Least Concern
Sipia laemosticta,Least Concern
Sipia nigricauda,Least Concern
Sipia palliata,Near Threatened
Myrmoderus eowilsoni,Near Threatened
Myrmoderus ferrugineus,Least Concern
Myrmoderus loricatus,Least Concern
Myrmoderus ruficauda,Endangered
Myrmoderus squamosus,Least Concern
Hypocnemoides maculicauda,Least Concern
Hypocnemoides melanopogon,Least Concern
Hylophylax naevioides,Least Concern
Hylophylax naevius,Least Concern
Hylophylax punctulatus,Least Concern
Sclateria naevia,Least Concern
Myrmelastes brunneiceps,Least Concern
Myrmelastes caurensis,Least Concern
Myrmelastes humaythae,Least Concern
Myrmelastes hyperythrus,Least Concern
Myrmelastes leucostigma,Least Concern
Myrmelastes rufifacies,Least Concern
Myrmelastes saturatus,Least Concern
Myrmelastes schistaceus,Least Concern
Myrmeciza longipes,Least Concern
Rhopornis ardesiacus,Endangered
Myrmoborus leucophrys,Least Concern
Myrmoborus lophotes,Least Concern
Myrmoborus lugubris,Least Concern
Myrmoborus melanurus,Near Threatened
Myrmoborus myotherinus,Least Concern
Pyriglena atra,Endangered
Pyriglena leuconota,Least Concern
Pyriglena leucoptera,Least Concern
Pyriglena maura,Unknown
Pyriglena similis,Unknown
Gymnocichla nudiceps,Least Concern
Akletos goeldii,Least Concern
Akletos melanoceps,Least Concern
Percnostola arenarum,Vulnerable
Percnostola rufifrons,Least Concern
Hafferia fortis,Least Concern
Hafferia immaculata,Least Concern
Hafferia zeledoni,Least Concern
Cryptopezus nattereri,Least Concern
Grallaricula cucullata,Near Threatened
Grallaricula cumanensis,Vulnerable
Grallaricula ferrugineipectus,Least Concern
Grallaricula flavirostris,Least Concern
Grallaricula leymebambae,Least Concern
Grallaricula lineifrons,Least Concern
Grallaricula loricata,Near Threatened
Grallaricula nana,Least Concern
Grallaricula ochraceifrons,Vulnerable
Grallaricula peruviana,Near Threatened
Hylopezus auricularis,Vulnerable
Hylopezus macularius,Least Concern
Hylopezus ochroleucus,Least Concern
Hylopezus paraensis,Unknown
Hylopezus perspicillatus,Least Concern
Hylopezus whittakeri,Unknown
Myrmothera berlepschi,Least Concern
Myrmothera campanisona,Least Concern
Myrmothera dives,Least Concern
Myrmothera fulviventris,Least Concern
Myrmothera simplex,Least Concern
Myrmothera subcanescens,Least Concern
Grallaria albigula,Least Concern
Grallaria alleni,Vulnerable
Grallaria alticola,Least Concern
Grallaria alvarezi,Unknown
Grallaria andicolus,Least Concern
Grallaria atuensis,Least Concern
Grallaria ayacuchensis,Unknown
Grallaria bangsi,Vulnerable
Grallaria blakei,Least Concern
Grallaria cajamarcae,Unknown
Grallaria capitalis,Least Concern
Grallaria carrikeri,Least Concern
Grallaria centralis,Unknown
Grallaria chthonia,Critically Endangered
Grallaria cochabambae,Unknown
Grallaria dignissima,Least Concern
Grallaria eludens,Least Concern
Grallaria erythroleuca,Least Concern
Grallaria erythrotis,Least Concern
Grallaria excelsa,Near Threatened
Grallaria flavotincta,Least Concern
Grallaria gigantea,Vulnerable
Grallaria gravesi,Unknown
Grallaria griseonucha,Least Concern
Grallaria guatimalensis,Least Concern
Grallaria haplonota,Least Concern
Grallaria hypoleuca,Least Concern
Grallaria kaestneri,Endangered
Grallaria milleri,Vulnerable
Grallaria nuchalis,Least Concern
Grallaria obscura,Unknown
Grallaria occabambae,Unknown
Grallaria oneilli,Unknown
Grallaria przewalskii,Least Concern
Grallaria quitensis,Least Concern
Grallaria ridgelyi,Endangered
Grallaria ruficapilla,Least Concern
Grallaria rufocinerea,Least Concern
Grallaria rufula,Least Concern
Grallaria saltuensis,Near Threatened
Grallaria saturata,Unknown
Grallaria sinaensis,Unknown
Grallaria spatiator,Unknown
Grallaria squamigera,Least Concern
Grallaria urraoensis,Unknown
Grallaria varia,Least Concern
Grallaria watkinsi,Near Threatened
Scelorchilus albicollis,Least Concern
Scelorchilus rubecula,Least Concern
Pteroptochos castaneus,Least Concern
Pteroptochos megapodius,Least Concern
Pteroptochos tarnii,Least Concern
Psilorhamphus guttatus,Least Concern
Liosceles thoracicus,Least Concern
Acropternis orthonyx,Least Concern
Teledromas fuscus,Least Concern
Rhinocrypta lanceolata,Least Concern
Merulaxis ater,Least Concern
Merulaxis stresemanni,Critically Endangered
Eleoscytalopus indigoticus,Least Concern
Eleoscytalopus psychopompus,Endangered
Myornis senilis,Least Concern
Eugralla paradoxa,Least Concern
Scytalopus acutirostris,Least Concern
Scytalopus affinis,Least Concern
Scytalopus altirostris,Least Concern
Scytalopus alvarezlopezi,Near Threatened
Scytalopus androstictus,Unknown
Scytalopus argentifrons,Least Concern
Scytalopus atratus,Least Concern
Scytalopus bolivianus,Least Concern
Scytalopus canus,Near Threatened
Scytalopus caracae,Least Concern
Scytalopus chocoensis,Least Concern
Scytalopus diamantinensis,Endangered
Scytalopus femoralis,Least Concern
Scytalopus frankeae,Unknown
Scytalopus fuscus,Least Concern
Scytalopus gettyae,Near Threatened
Scytalopus gonzagai,Endangered
Scytalopus griseicollis,Least Concern
Scytalopus intermedius,Unknown
Scytalopus iraiensis,Vulnerable
Scytalopus krabbei,Unknown
Scytalopus latebricola,Near Threatened
Scytalopus latrans,Least Concern
Scytalopus macropus,Least Concern
Scytalopus magellanicus,Least Concern
Scytalopus meridanus,Least Concern
Scytalopus micropterus,Least Concern
Scytalopus novacapitalis,Endangered
Scytalopus opacus,Least Concern
Scytalopus pachecoi,Least Concern
Scytalopus panamensis,Near Threatened
Scytalopus parkeri,Least Concern
Scytalopus parvirostris,Least Concern
Scytalopus perijanus,Near Threatened
Scytalopus petrophilus,Least Concern
Scytalopus robbinsi,Endangered
Scytalopus rodriguezi,Endangered
Scytalopus sanctaemartae,Near Threatened
Scytalopus schulenbergi,Least Concern
Scytalopus simonsi,Least Concern
Scytalopus speluncae,Least Concern
Scytalopus spillmanni,Least Concern
Scytalopus stilesi,Least Concern
Scytalopus superciliaris,Least Concern
Scytalopus unicolor,Near Threatened
Scytalopus urubambae,Least Concern
Scytalopus vicinior,Least Concern
Scytalopus whitneyi,Unknown
Scytalopus zimmeri,Least Concern
Chamaeza campanisona,Least Concern
Chamaeza meruloides,Least Concern
Chamaeza mollissima,Least Concern
Chamaeza nobilis,Least Concern
Chamaeza ruficauda,Least Concern
Chamaeza turdina,Least Concern
Formicarius analis,Least Concern
Formicarius colma,Least Concern
Formicarius moniliger,Least Concern
Formicarius nigricapillus,Least Concern
Formicarius rufifrons,Least Concern
Formicarius rufipectus,Least Concern
Sclerurus albigularis,Least Concern
Sclerurus caudacutus,Least Concern
Sclerurus guatemalensis,Least Concern
Sclerurus mexicanus,Least Concern
Sclerurus obscurior,Unknown
Sclerurus rufigularis,Least Concern
Sclerurus scansor,Least Concern
Geositta antarctica,Least Concern
Geositta crassirostris,Least Concern
Geositta cunicularia,Least Concern
Geositta isabellina,Least Concern
Geositta maritima,Least Concern
Geositta peruviana,Least Concern
Geositta poeciloptera,Vulnerable
Geositta punensis,Least Concern
Geositta rufipennis,Least Concern
Geositta saxicolina,Least Concern
Geositta tenuirostris,Least Concern
Glyphorynchus spirurus,Least Concern
Certhiasomus stictolaemus,Least Concern
Sittasomus griseicapillus,Least Concern
Deconychura longicauda,Least Concern
Deconychura pallida,Least Concern
Deconychura typica,Least Concern
Dendrocincla anabatina,Least Concern
Dendrocincla fuliginosa,Least Concern
Dendrocincla homochroa,Least Concern
Dendrocincla merula,Least Concern
Dendrocincla turdina,Least Concern
Dendrocincla tyrannina,Least Concern
Nasica longirostris,Least Concern
Dendrexetastes rufigula,Least Concern
Dendrocolaptes certhia,Least Concern
Dendrocolaptes hoffmannsi,Least Concern
Dendrocolaptes picumnus,Least Concern
Dendrocolaptes platyrostris,Least Concern
Dendrocolaptes sanctithomae,Least Concern
Hylexetastes perrotii,Least Concern
Hylexetastes stresemanni,Least Concern
Hylexetastes uniformis,Vulnerable
Xiphocolaptes albicollis,Least Concern
Xiphocolaptes falcirostris,Vulnerable
Xiphocolaptes major,Least Concern
Xiphocolaptes promeropirhynchus,Least Concern
Xiphorhynchus atlanticus,Vulnerable
Xiphorhynchus elegans,Least Concern
Xiphorhynchus erythropygius,Least Concern
Xiphorhynchus flavigaster,Least Concern
Xiphorhynchus fuscus,Least Concern
Xiphorhynchus guttatus,Least Concern
Xiphorhynchus lachrymosus,Least Concern
Xiphorhynchus obsoletus,Least Concern
Xiphorhynchus ocellatus,Least Concern
Xiphorhynchus pardalotus,Least Concern
Xiphorhynchus spixii,Least Concern
Xiphorhynchus susurrans,Least Concern
Xiphorhynchus triangularis,Least Concern
Dendroplex kienerii,Least Concern
Dendroplex picus,Least Concern
Campylorhamphus falcularius,Least Concern
Campylorhamphus multostriatus,Near Threatened
Campylorhamphus probatus,Least Concern
Campylorhamphus procurvoides,Least Concern
Campylorhamphus pusillus,Least Concern
Campylorhamphus trochilirostris,Least Concern
Drymornis bridgesii,Least Concern
Drymotoxeres pucheranii,Least Concern
Lepidocolaptes affinis,Least Concern
Lepidocolaptes albolineatus,Least Concern
Lepidocolaptes angustirostris,Least Concern
Lepidocolaptes duidae,Least Concern
Lepidocolaptes falcinellus,Least Concern
Lepidocolaptes fatimalimae,Least Concern
Lepidocolaptes fuscicapillus,Least Concern
Lepidocolaptes lacrymiger,Least Concern
Lepidocolaptes leucogaster,Least Concern
Lepidocolaptes souleyetii,Least Concern
Lepidocolaptes squamatus,Least Concern
Xenops genibarbis,Least Concern
Xenops mexicanus,Unknown
Xenops minutus,Least Concern
Xenops rutilans,Least Concern
Xenops tenuirostris,Least Concern
Berlepschia rikeri,Least Concern
Microxenops milleri,Least Concern
Pygarrhichas albogularis,Least Concern
Ochetorhynchus andaecola,Least Concern
Ochetorhynchus melanurus,Least Concern
Ochetorhynchus phoenicurus,Least Concern
Ochetorhynchus ruficaudus,Least Concern
Premnoplex brunnescens,Least Concern
Premnoplex tatei,Endangered
Margarornis bellulus,Near Threatened
Margarornis rubiginosus,Least Concern
Margarornis squamiger,Least Concern
Margarornis stellatus,Least Concern
Cichlocolaptes leucophrus,Least Concern
Cichlocolaptes mazarbarnetti,Extinct
Heliobletus contaminatus,Least Concern
Philydor atricapillus,Least Concern
Philydor novaesi,Extinct
Philydor pyrrhodes,Least Concern
Anabazenops dorsalis,Least Concern
Anabazenops fuscus,Least Concern
Neophilydor erythrocercum,Least Concern
Neophilydor fuscipenne,Least Concern
Megaxenops parnaguae,Least Concern
Anabacerthia amaurotis,Near Threatened
Anabacerthia lichtensteini,Least Concern
Anabacerthia ruficaudata,Least Concern
Anabacerthia striaticollis,Least Concern
Anabacerthia variegaticeps,Least Concern
Syndactyla dimidiata,Least Concern
Syndactyla guttulata,Least Concern
Syndactyla roraimae,Least Concern
Syndactyla ruficollis,Least Concern
Syndactyla rufosuperciliata,Least Concern
Syndactyla striata,Least Concern
Syndactyla subalaris,Least Concern
Syndactyla ucayalae,Least Concern
Ancistrops strigilatus,Least Concern
Dendroma erythroptera,Least Concern
Dendroma rufa,Least Concern
Clibanornis dendrocolaptoides,Least Concern
Clibanornis erythrocephalus,Near Threatened
Clibanornis rectirostris,Least Concern
Clibanornis rubiginosus,Least Concern
Clibanornis rufipectus,Vulnerable
Thripadectes flammulatus,Least Concern
Thripadectes holostictus,Least Concern
Thripadectes ignobilis,Least Concern
Thripadectes melanorhynchus,Least Concern
Thripadectes rufobrunneus,Least Concern
Thripadectes scrutator,Least Concern
Thripadectes virgaticeps,Least Concern
Automolus cervinigularis,Least Concern
Automolus exsertus,Least Concern
Automolus infuscatus,Least Concern
Automolus lammi,Endangered
Automolus leucophthalmus,Least Concern
Automolus melanopezus,Least Concern
Automolus ochrolaemus,Least Concern
Automolus paraensis,Least Concern
Automolus rufipileatus,Least Concern
Automolus subulatus,Least Concern
Automolus virgatus,Least Concern
Tarphonomus certhioides,Least Concern
Tarphonomus harterti,Least Concern
Premnornis guttuliger,Least Concern
Pseudocolaptes boissonneautii,Least Concern
Pseudocolaptes johnsoni,Least Concern
Pseudocolaptes lawrencii,Least Concern
Lochmias nematura,Least Concern
Limnornis curvirostris,Least Concern
Phleocryptes melanops,Least Concern
Furnarius cinnamomeus,Least Concern
Furnarius cristatus,Least Concern
Furnarius figulus,Least Concern
Furnarius leucopus,Least Concern
Furnarius longirostris,Least Concern
Furnarius minor,Least Concern
Furnarius rufus,Least Concern
Furnarius torridus,Least Concern
Geocerthia serrana,Least Concern
Upucerthia albigula,Least Concern
Upucerthia dumetaria,Least Concern
Upucerthia saturatior,Least Concern
Upucerthia validirostris,Least Concern
Cinclodes albidiventris,Least Concern
Cinclodes albiventris,Least Concern
Cinclodes antarcticus,Near Threatened
Cinclodes aricomae,Critically Endangered
Cinclodes atacamensis,Least Concern
Cinclodes comechingonus,Least Concern
Cinclodes excelsior,Least Concern
Cinclodes fuscus,Least Concern
Cinclodes nigrofumosus,Least Concern
Cinclodes olrogi,Least Concern
Cinclodes oustaleti,Least Concern
Cinclodes pabsti,Near Threatened
Cinclodes palliatus,Critically Endangered
Cinclodes patagonicus,Least Concern
Cinclodes taczanowskii,Least Concern
Aphrastura masafuerae,Critically Endangered
Aphrastura spinicauda,Least Concern
Sylviorthorhynchus desmurii,Least Concern
Sylviorthorhynchus yanacensis,Least Concern
Leptasthenura aegithaloides,Least Concern
Leptasthenura andicola,Least Concern
Leptasthenura fuliginiceps,Least Concern
Leptasthenura pileata,Least Concern
Leptasthenura platensis,Least Concern
Leptasthenura setaria,Least Concern
Leptasthenura striata,Least Concern
Leptasthenura striolata,Least Concern
Leptasthenura xenothorax,Near Threatened
Anumbius annumbi,Least Concern
Coryphistera alaudina,Least Concern
Phacellodomus dorsalis,Near Threatened
Phacellodomus erythrophthalmus,Least Concern
Phacellodomus ferrugineigula,Least Concern
Phacellodomus inornatus,Least Concern
Phacellodomus maculipectus,Least Concern
Phacellodomus ruber,Least Concern
Phacellodomus rufifrons,Least Concern
Phacellodomus sibilatrix,Least Concern
Phacellodomus striaticeps,Least Concern
Phacellodomus striaticollis,Least Concern
Hellmayrea gularis,Least Concern
Asthenes anthoides,Least Concern
Asthenes arequipae,Least Concern
Asthenes ayacuchensis,Least Concern
Asthenes baeri,Least Concern
Asthenes berlepschi,Near Threatened
Asthenes coryi,Least Concern
Asthenes dorbignyi,Least Concern
Asthenes flammulata,Least Concern
Asthenes fuliginosa,Least Concern
Asthenes griseomurina,Least Concern
Asthenes harterti,Least Concern
Asthenes helleri,Least Concern
Asthenes heterura,Least Concern
Asthenes huancavelicae,Least Concern
Asthenes hudsoni,Near Threatened
Asthenes humilis,Least Concern
Asthenes luizae,Near Threatened
Asthenes maculicauda,Least Concern
Asthenes modesta,Least Concern
Asthenes moreirae,Least Concern
Asthenes ottonis,Least Concern
Asthenes palpebralis,Least Concern
Asthenes perijana,Endangered
Asthenes pudibunda,Least Concern
Asthenes pyrrholeuca,Least Concern
Asthenes urubambensis,Near Threatened
Asthenes vilcabambae,Least Concern
Asthenes virgata,Least Concern
Asthenes wyatti,Least Concern
Spartonoica maluroides,Least Concern
Pseudoseisura cristata,Least Concern
Pseudoseisura gutturalis,Least Concern
Pseudoseisura lophotes,Least Concern
Pseudoseisura unirufa,Least Concern
Acrobatornis fonsecai,Vulnerable
Metopothrix aurantiaca,Least Concern
Xenerpestes minlosi,Least Concern
Xenerpestes singularis,Least Concern
Siptornis striaticollis,Least Concern
Roraimia adusta,Least Concern
Thripophaga amacurensis,Vulnerable
Thripophaga cherriei,Vulnerable
Thripophaga fusciceps,Least Concern
Thripophaga gutturata,Least Concern
Thripophaga macroura,Vulnerable
Limnoctites rectirostris,Near Threatened
Limnoctites sulphuriferus,Least Concern
Cranioleuca albicapilla,Least Concern
Cranioleuca albiceps,Least Concern
Cranioleuca antisiensis,Least Concern
Cranioleuca berlepschi,Near Threatened
Cranioleuca curtata,Least Concern
Cranioleuca demissa,Least Concern
Cranioleuca dissita,Least Concern
Cranioleuca erythrops,Least Concern
Cranioleuca hellmayri,Least Concern
Cranioleuca henricae,Vulnerable
Cranioleuca marcapatae,Least Concern
Cranioleuca muelleri,Least Concern
Cranioleuca obsoleta,Least Concern
Cranioleuca pallida,Least Concern
Cranioleuca pyrrhophia,Least Concern
Cranioleuca semicinerea,Least Concern
Cranioleuca subcristata,Least Concern
Cranioleuca vulpecula,Least Concern
Cranioleuca vulpina,Least Concern
Cranioleuca weskei,Least Concern
Pseudasthenes cactorum,Least Concern
Pseudasthenes humicola,Least Concern
Pseudasthenes patagonica,Least Concern
Pseudasthenes steinbachi,Least Concern
Mazaria propinqua,Least Concern
Schoeniophylax phryganophilus,Least Concern
Certhiaxis cinnamomeus,Least Concern
Certhiaxis mustelinus,Least Concern
Synallaxis albescens,Least Concern
Synallaxis albigularis,Least Concern
Synallaxis albilora,Least Concern
Synallaxis azarae,Least Concern
Synallaxis beverlyae,Near Threatened
Synallaxis brachyura,Least Concern
Synallaxis cabanisi,Least Concern
Synallaxis candei,Least Concern
Synallaxis castanea,Least Concern
Synallaxis cherriei,Least Concern
Synallaxis chinchipensis,Least Concern
Synallaxis cinerascens,Least Concern
Synallaxis cinerea,Near Threatened
Synallaxis cinnamomea,Least Concern
Synallaxis courseni,Near Threatened
Synallaxis erythrothorax,Least Concern
Synallaxis frontalis,Least Concern
Synallaxis fuscorufa,Near Threatened
Synallaxis gujanensis,Least Concern
Synallaxis hellmayri,Least Concern
Synallaxis hypochondriaca,Near Threatened
Synallaxis hypospodia,Least Concern
Synallaxis infuscata,Endangered
Synallaxis kollari,Endangered
Synallaxis macconnelli,Least Concern
Synallaxis maranonica,Critically Endangered
Synallaxis moesta,Least Concern
Synallaxis ruficapilla,Least Concern
Synallaxis rutilans,Least Concern
Synallaxis scutata,Least Concern
Synallaxis simoni,Least Concern
Synallaxis spixi,Least Concern
Synallaxis stictothorax,Least Concern
Synallaxis subpudica,Least Concern
Synallaxis tithys,Vulnerable
Synallaxis unirufa,Least Concern
Synallaxis zimmeri,Vulnerable
Menura alberti,Least Concern
Menura novaehollandiae,Least Concern
Atrichornis clamosus,Endangered
Atrichornis rufescens,Endangered
Cormobates leucophaea,Least Concern
Cormobates placens,Least Concern
Climacteris affinis,Least Concern
Climacteris erythrops,Least Concern
Climacteris melanurus,Least Concern
Climacteris picumnus,Least Concern
Climacteris rufus,Least Concern
Sericulus ardens,Least Concern
Sericulus aureus,Least Concern
Sericulus bakeri,Near Threatened
Sericulus chrysocephalus,Least Concern
Ptilonorhynchus violaceus,Least Concern
Chlamydera cerviniventris,Least Concern
Chlamydera guttata,Least Concern
Chlamydera lauterbachi,Least Concern
Chlamydera maculata,Least Concern
Chlamydera nuchalis,Least Concern
Ailuroedus buccoides,Least Concern
Ailuroedus crassirostris,Least Concern
Ailuroedus geislerorum,Unknown
Ailuroedus maculosus,Unknown
Ailuroedus melanotis,Least Concern
Ailuroedus stonii,Unknown
Scenopoeetes dentirostris,Near Threatened
Prionodura newtoniana,Near Threatened
Amblyornis flavifrons,Least Concern
Amblyornis inornata,Least Concern
Amblyornis macgregoriae,Least Concern
Amblyornis subalaris,Least Concern
Archboldia papuensis,Least Concern
Amytornis ballarae,Vulnerable
Amytornis barbatus,Least Concern
Amytornis dorotheae,Vulnerable
Amytornis goyderi,Least Concern
Amytornis housei,Least Concern
Amytornis merrotsyi,Near Threatened
Amytornis modestus,Least Concern
Amytornis oweni,Unknown
Amytornis purnelli,Least Concern
Amytornis rowleyi,Unknown
Amytornis striatus,Least Concern
Amytornis textilis,Least Concern
Amytornis whitei,Unknown
Amytornis woodwardi,Endangered
Stipiturus malachurus,Least Concern
Stipiturus mallee,Endangered
Stipiturus ruficeps,Least Concern
Sipodotus wallacii,Least Concern
Clytomyias insignis,Least Concern
Chenorhamphus campbelli,Unknown
Chenorhamphus grayi,Least Concern
Malurus alboscapulatus,Least Concern
Malurus amabilis,Least Concern
Malurus assimilis,Least Concern
Malurus coronatus,Least Concern
Malurus cyaneus,Least Concern
Malurus cyanocephalus,Least Concern
Malurus elegans,Least Concern
Malurus lamberti,Least Concern
Malurus leucopterus,Least Concern
Malurus melanocephalus,Least Concern
Malurus pulcherrimus,Least Concern
Malurus splendens,Least Concern
Dasyornis brachypterus,Vulnerable
Dasyornis broadbenti,Least Concern
Dasyornis longirostris,Endangered
Pardalotus punctatus,Least Concern
Pardalotus quadragintus,Endangered
Pardalotus rubricatus,Least Concern
Pardalotus striatus,Least Concern
Oreoscopus gutturalis,Endangered
Pachycare flavogriseum,Least Concern
Gerygone albofrontata,Least Concern
Gerygone chloronota,Least Concern
Gerygone chrysogaster,Least Concern
Gerygone citrina,Least Concern
Gerygone dorsalis,Least Concern
Gerygone flavolateralis,Least Concern
Gerygone fusca,Least Concern
Gerygone hypoxantha,Near Threatened
Gerygone igata,Least Concern
Gerygone inornata,Least Concern
Gerygone insularis,Extinct
Gerygone levigaster,Least Concern
Gerygone magnirostris,Least Concern
Gerygone modesta,Least Concern
Gerygone mouki,Least Concern
Gerygone olivacea,Least Concern
Gerygone palpebrosa,Least Concern
Gerygone ruficollis,Least Concern
Gerygone sulphurea,Least Concern
Gerygone tenebrosa,Least Concern
Acanthornis magna,Least Concern
Aphelocephala leucopsis,Vulnerable
Aphelocephala nigricincta,Least Concern
Aphelocephala pectoralis,Near Threatened
Acanthiza apicalis,Least Concern
Acanthiza chrysorrhoa,Least Concern
Acanthiza cinerea,Least Concern
Acanthiza ewingii,Least Concern
Acanthiza inornata,Least Concern
Acanthiza iredalei,Least Concern
Acanthiza katherina,Vulnerable
Acanthiza lineata,Least Concern
Acanthiza murina,Least Concern
Acanthiza nana,Least Concern
Acanthiza pusilla,Least Concern
Acanthiza reguloides,Least Concern
Acanthiza robustirostris,Least Concern
Acanthiza uropygialis,Least Concern
Smicrornis brevirostris,Least Concern
Pycnoptilus floccosus,Vulnerable
Pyrrholaemus brunneus,Least Concern
Pyrrholaemus sagittatus,Least Concern
Hylacola cauta,Least Concern
Hylacola pyrrhopygia,Least Concern
Calamanthus campestris,Least Concern
Calamanthus fuliginosus,Least Concern
Calamanthus montanellus,Least Concern
Origma murina,Least Concern
Origma robusta,Least Concern
Origma solitaria,Least Concern
Neosericornis citreogularis,Least Concern
Aethomyias arfakianus,Least Concern
Aethomyias nigrorufus,Least Concern
Aethomyias papuensis,Least Concern
Aethomyias perspicillatus,Least Concern
Aethomyias rufescens,Least Concern
Aethomyias spilodera,Least Concern
Sericornis beccarii,Least Concern
Sericornis frontalis,Least Concern
Sericornis humilis,Least Concern
Sericornis keri,Vulnerable
Sericornis maculatus,Unknown
Sericornis magnirostra,Least Concern
Sericornis nouhuysi,Least Concern
Myza celebensis,Least Concern
Myza sarasinorum,Least Concern
Acanthorhynchus superciliosus,Least Concern
Acanthorhynchus tenuirostris,Least Concern
Glycichaera fallax,Least Concern
Melionyx fuscus,Least Concern
Melionyx nouhuysi,Least Concern
Melionyx princeps,Vulnerable
Ptiloprora erythropleura,Least Concern
Ptiloprora guisei,Least Concern
Ptiloprora mayri,Least Concern
Ptiloprora meekiana,Least Concern
Ptiloprora perstriata,Least Concern
Ptiloprora plumbea,Least Concern
Ashbyia lovensis,Least Concern
Epthianura albifrons,Least Concern
Epthianura aurifrons,Least Concern
Epthianura crocea,Least Concern
Epthianura tricolor,Least Concern
Stresemannia bougainvillei,Least Concern
Ramsayornis fasciatus,Least Concern
Ramsayornis modestus,Least Concern
Conopophila albogularis,Least Concern
Conopophila rufogularis,Least Concern
Conopophila whitei,Least Concern
Melilestes megarhynchus,Least Concern
Timeliopsis fulvigula,Least Concern
Timeliopsis griseigula,Least Concern
Macgregoria pulchra,Vulnerable
Melipotes ater,Least Concern
Melipotes carolae,Least Concern
Melipotes fumigatus,Least Concern
Melipotes gymnops,Least Concern
Gliciphila melanops,Least Concern
Gliciphila notabilis,Unknown
Gliciphila undulata,Unknown
Prosthemadera novaeseelandiae,Least Concern
Anthornis melanocephala,Extinct
Anthornis melanura,Least Concern
Certhionyx variegatus,Least Concern
Pycnopygius cinereus,Least Concern
Pycnopygius ixoides,Least Concern
Pycnopygius stictocephalus,Least Concern
Sugomel nigrum,Least Concern
Melitograis gilolensis,Least Concern
Vosea whitemanensis,Near Threatened
Myzomela adolphinae,Least Concern
Myzomela albigula,Data Deficient
Myzomela batjanensis,Vulnerable
Myzomela blasii,Least Concern
Myzomela boiei,Least Concern
Myzomela caledonica,Least Concern
Myzomela cardinalis,Least Concern
Myzomela chermesina,Vulnerable
Myzomela chloroptera,Least Concern
Myzomela cineracea,Least Concern
Myzomela cruentata,Least Concern
Myzomela dammermani,Least Concern
Myzomela eichhorni,Least Concern
Myzomela eques,Least Concern
Myzomela erythrina,Least Concern
Myzomela erythrocephala,Least Concern
Myzomela erythromelas,Least Concern
Myzomela irianawidodoae,Unknown
Myzomela jugularis,Least Concern
Myzomela kuehni,Least Concern
Myzomela lafargei,Least Concern
Myzomela longirostris,Least Concern
Myzomela malaitae,Near Threatened
Myzomela melanocephala,Least Concern
Myzomela nigrita,Least Concern
Myzomela nigriventris,Unknown
Myzomela obscura,Least Concern
Myzomela pammelaena,Least Concern
Myzomela prawiradilagae,Vulnerable
Myzomela pulchella,Least Concern
Myzomela rosenbergii,Least Concern
Myzomela rubratra,Least Concern
Myzomela rubrobrunnea,Least Concern
Myzomela rubrotincta,Least Concern
Myzomela sanguinolenta,Least Concern
Myzomela sclateri,Least Concern
Myzomela simplex,Least Concern
Myzomela tristrami,Least Concern
Myzomela vulnerata,Least Concern
Myzomela wahe,Unknown
Myzomela wakoloensis,Least Concern
Gymnomyza aubryana,Critically Endangered
Gymnomyza brunneirostris,Least Concern
Gymnomyza samoensis,Endangered
Gymnomyza viridis,Least Concern
Plectorhyncha lanceolata,Least Concern
Grantiella picta,Least Concern
Xanthotis flaviventer,Least Concern
Xanthotis macleayanus,Least Concern
Xanthotis polygrammus,Least Concern
Philemon albitorques,Least Concern
Philemon argenticeps,Least Concern
Philemon brassi,Least Concern
Philemon buceroides,Least Concern
Philemon citreogularis,Least Concern
Philemon cockerelli,Least Concern
Philemon corniculatus,Least Concern
Philemon diemenensis,Least Concern
Philemon eichhorni,Least Concern
Philemon fuscicapillus,Near Threatened
Philemon inornatus,Least Concern
Philemon kisserensis,Least Concern
Philemon meyeri,Least Concern
Philemon moluccensis,Least Concern
Philemon plumigenis,Least Concern
Philemon subcorniculatus,Least Concern
Meliarchus sclateri,Least Concern
Guadalcanaria inexpectata,Least Concern
Meliphacator provocator,Least Concern
Foulehaio carunculatus,Least Concern
Foulehaio procerior,Least Concern
Foulehaio taviunensis,Least Concern
Trichodere cockerelli,Least Concern
Phylidonyris niger,Least Concern
Phylidonyris novaehollandiae,Least Concern
Phylidonyris pyrrhopterus,Least Concern
Cissomela pectoralis,Least Concern
Lichmera alboauricularis,Least Concern
Lichmera argentauris,Least Concern
Lichmera deningeri,Least Concern
Lichmera flavicans,Least Concern
Lichmera incana,Least Concern
Lichmera indistincta,Least Concern
Lichmera lombokia,Unknown
Lichmera monticola,Least Concern
Lichmera notabilis,Least Concern
Lichmera squamata,Least Concern
Nesoptilotis flavicollis,Least Concern
Nesoptilotis leucotis,Least Concern
Entomyzon cyanotis,Least Concern
Melithreptus affinis,Least Concern
Melithreptus albogularis,Least Concern
Melithreptus brevirostris,Least Concern
Melithreptus chloropsis,Least Concern
Melithreptus gularis,Least Concern
Melithreptus lunatus,Least Concern
Melithreptus validirostris,Vulnerable
Stomiopera flava,Least Concern
Stomiopera unicolor,Least Concern
Meliphaga albilineata,Unknown
Meliphaga albonotata,Unknown
Meliphaga analoga,Least Concern
Meliphaga aruensis,Least Concern
Meliphaga chrysogenys,Least Concern
Meliphaga cinereifrons,Least Concern
Meliphaga flavirictus,Least Concern
Meliphaga fordiana,Unknown
Meliphaga gracilis,Least Concern
Meliphaga imitatrix,Least Concern
Meliphaga lewinii,Least Concern
Meliphaga mimikae,Least Concern
Meliphaga montana,Least Concern
Meliphaga notata,Least Concern
Meliphaga orientalis,Least Concern
Meliphaga reticulata,Unknown
Meliphaga vicina,Least Concern
Purnella albifrons,Least Concern
Lichenostomus cratitius,Least Concern
Lichenostomus melanops,Least Concern
Gavicalis fasciogularis,Least Concern
Gavicalis versicolor,Least Concern
Gavicalis virescens,Least Concern
Ptilotula flavescens,Least Concern
Ptilotula fusca,Least Concern
Ptilotula keartlandi,Least Concern
Ptilotula ornata,Least Concern
Ptilotula penicillata,Least Concern
Ptilotula plumula,Least Concern
Caligavis chrysops,Least Concern
Caligavis obscura,Least Concern
Caligavis subfrenata,Least Concern
Acanthagenys rufogularis,Least Concern
Anthochaera carunculata,Least Concern
Anthochaera chrysoptera,Least Concern
Anthochaera lunulata,Least Concern
Anthochaera paradoxa,Least Concern
Anthochaera phrygia,Critically Endangered
Bolemoreus frenatus,Least Concern
Bolemoreus hindwoodi,Near Threatened
Manorina flavigula,Least Concern
Manorina melanocephala,Least Concern
Manorina melanophrys,Least Concern
Manorina melanotis,Endangered
Melidectes belfordi,Least Concern
Melidectes foersteri,Least Concern
Melidectes leucostephes,Least Concern
Melidectes ochromelas,Least Concern
Melidectes rufocrissalis,Least Concern
Melidectes torquatus,Least Concern
Orthonyx novaeguineae,Least Concern
Orthonyx spaldingii,Least Concern
Orthonyx temminckii,Least Concern
Garritornis isidorei,Least Concern
Pomatostomus halli,Least Concern
Pomatostomus ruficeps,Least Concern
Pomatostomus superciliosus,Least Concern
Pomatostomus temporalis,Least Concern
Ptilorrhoa caerulescens,Least Concern
Ptilorrhoa castanonota,Least Concern
Ptilorrhoa geislerorum,Least Concern
Ptilorrhoa leucosticta,Least Concern
Cinclosoma ajax,Least Concern
Cinclosoma alisteri,Least Concern
Cinclosoma castaneothorax,Least Concern
Cinclosoma castanotum,Least Concern
Cinclosoma cinnamomeum,Least Concern
Cinclosoma clarum,Unknown
Cinclosoma marginatum,Least Concern
Cinclosoma punctatum,Least Concern
Pericrocotus albifrons,Near Threatened
Pericrocotus brevirostris,Least Concern
Pericrocotus cantonensis,Least Concern
Pericrocotus cinnamomeus,Least Concern
Pericrocotus divaricatus,Least Concern
Pericrocotus erythropygius,Least Concern
Pericrocotus ethologus,Least Concern
Pericrocotus flammeus,Unknown
Pericrocotus igneus,Near Threatened
Pericrocotus lansbergei,Least Concern
Pericrocotus miniatus,Least Concern
Pericrocotus roseus,Least Concern
Pericrocotus solaris,Least Concern
Pericrocotus tegimae,Least Concern
Ceblepyris caesius,Least Concern
Ceblepyris cinereus,Least Concern
Ceblepyris cucullatus,Endangered
Ceblepyris graueri,Least Concern
Ceblepyris pectoralis,Least Concern
Coracina atriceps,Least Concern
Coracina bicolor,Near Threatened
Coracina boyeri,Least Concern
Coracina caeruleogrisea,Least Concern
Coracina caledonica,Least Concern
Coracina dobsoni,Near Threatened
Coracina fortis,Near Threatened
Coracina guillemardi,Unknown
Coracina javensis,Least Concern
Coracina kochii,Unknown
Coracina larutensis,Unknown
Coracina larvata,Least Concern
Coracina leucopygia,Least Concern
Coracina lineata,Least Concern
Coracina longicauda,Least Concern
Coracina macei,Least Concern
Coracina maxima,Least Concern
Coracina mindorensis,Unknown
Coracina novaehollandiae,Least Concern
Coracina panayensis,Least Concern
Coracina papuensis,Least Concern
Coracina parvula,Least Concern
Coracina personata,Least Concern
Coracina schistacea,Least Concern
Coracina striata,Least Concern
Coracina temminckii,Least Concern
Coracina welchmani,Least Concern
Lobotos lobatus,Vulnerable
Lobotos oriolinus,Data Deficient
Campephaga flava,Least Concern
Campephaga petiti,Least Concern
Campephaga phoenicea,Least Concern
Campephaga quiscalina,Least Concern
Campochaera sloetii,Least Concern
Malindangia mcgregori,Least Concern
Lalage atrovirens,Least Concern
Lalage aurea,Least Concern
Lalage conjuncta,Vulnerable
Lalage fimbriata,Least Concern
Lalage leucomela,Least Concern
Lalage leucoptera,Near Threatened
Lalage leucopyga,Least Concern
Lalage leucopygialis,Least Concern
Lalage maculosa,Least Concern
Lalage melanoleuca,Least Concern
Lalage melanoptera,Least Concern
Lalage melaschistos,Least Concern
Lalage moesta,Least Concern
Lalage newtoni,Critically Endangered
Lalage nigra,Least Concern
Lalage polioptera,Least Concern
Lalage sharpei,Near Threatened
Lalage sueurii,Least Concern
Lalage tricolor,Least Concern
Lalage typica,Vulnerable
Cyanograucalus azureus,Least Concern
Celebesica abbotti,Least Concern
Edolisoma admiralitatis,Unknown
Edolisoma amboinense,Unknown
Edolisoma anale,Near Threatened
Edolisoma ceramense,Least Concern
Edolisoma coerulescens,Least Concern
Edolisoma dispar,Least Concern
Edolisoma dohertyi,Least Concern
Edolisoma erythropygium,Unknown
Edolisoma grayi,Least Concern
Edolisoma holopolium,Least Concern
Edolisoma incertum,Least Concern
Edolisoma insperatum,Endangered
Edolisoma melas,Least Concern
Edolisoma meyerii,Least Concern
Edolisoma mindanense,Vulnerable
Edolisoma monacha,Least Concern
Edolisoma montanum,Least Concern
Edolisoma morio,Least Concern
Edolisoma nesiotis,Endangered
Edolisoma obiense,Least Concern
Edolisoma ostentum,Vulnerable
Edolisoma pelingi,Unknown
Edolisoma remotum,Least Concern
Edolisoma rostratum,Near Threatened
Edolisoma salomonis,Least Concern
Edolisoma salvadorii,Unknown
Edolisoma schisticeps,Least Concern
Edolisoma sula,Least Concern
Edolisoma tenuirostre,Least Concern
Edolisoma timoriense,Unknown
Edolisoma tricolor,Unknown
Mohoua albicilla,Least Concern
Mohoua novaeseelandiae,Least Concern
Mohoua ochrocephala,Near Threatened
Machaerirhynchus flaviventer,Least Concern
Machaerirhynchus nigripectus,Least Concern
Artamus cinereus,Least Concern
Artamus cyanopterus,Least Concern
Artamus fuscus,Least Concern
Artamus insignis,Least Concern
Artamus leucorynchus,Least Concern
Artamus maximus,Least Concern
Artamus mentalis,Least Concern
Artamus minor,Least Concern
Artamus monachus,Least Concern
Artamus personatus,Least Concern
Artamus superciliosus,Least Concern
Peltops blainvillii,Least Concern
Peltops montanus,Least Concern
Strepera fuliginosa,Least Concern
Strepera graculina,Least Concern
Strepera versicolor,Least Concern
Melloria quoyi,Least Concern
Gymnorhina tibicen,Least Concern
Cracticus argenteus,Least Concern
Cracticus cassicus,Least Concern
Cracticus louisiadensis,Near Threatened
Cracticus mentalis,Least Concern
Cracticus nigrogularis,Least Concern
Cracticus torquatus,Least Concern
Rhagologus leucostigma,Least Concern
Pityriasis gymnocephala,Vulnerable
Aegithina lafresnayei,Least Concern
Aegithina nigrolutea,Least Concern
Aegithina tiphia,Least Concern
Aegithina viridissima,Near Threatened
Nilaus afer,Least Concern
Bocagia minuta,Least Concern
Tchagra australis,Least Concern
Tchagra jamesi,Least Concern
Tchagra senegalus,Least Concern
Tchagra tchagra,Least Concern
Malaconotus alius,Endangered
Malaconotus blanchoti,Least Concern
Malaconotus cruentus,Least Concern
Malaconotus gladiator,Vulnerable
Malaconotus lagdeni,Near Threatened
Malaconotus monteiri,Near Threatened
Dryoscopus angolensis,Least Concern
Dryoscopus cubla,Least Concern
Dryoscopus gambensis,Least Concern
Dryoscopus pringlii,Least Concern
Dryoscopus sabini,Least Concern
Dryoscopus senegalensis,Least Concern
Rhodophoneus cruentus,Unknown
Telophorus dohertyi,Least Concern
Telophorus viridis,Least Concern
Telophorus zeylonus,Least Concern
Chlorophoneus bocagei,Least Concern
Chlorophoneus kupeensis,Endangered
Chlorophoneus multicolor,Least Concern
Chlorophoneus nigrifrons,Least Concern
Chlorophoneus olivaceus,Least Concern
Chlorophoneus sulfureopectus,Least Concern
Laniarius aethiopicus,Least Concern
Laniarius amboimensis,Endangered
Laniarius atrococcineus,Least Concern
Laniarius atroflavus,Least Concern
Laniarius barbarus,Least Concern
Laniarius bicolor,Least Concern
Laniarius brauni,Endangered
Laniarius erythrogaster,Least Concern
Laniarius ferrugineus,Least Concern
Laniarius fuelleborni,Least Concern
Laniarius funebris,Least Concern
Laniarius holomelas,Least Concern
Laniarius leucorhynchus,Least Concern
Laniarius luehderi,Least Concern
Laniarius major,Unknown
Laniarius mufumbiri,Near Threatened
Laniarius nigerrimus,Least Concern
Laniarius poensis,Least Concern
Laniarius ruficeps,Least Concern
Laniarius sublacteus,Least Concern
Laniarius turatii,Least Concern
Laniarius willardi,Unknown
Lanioturdus torquatus,Least Concern
Dyaphorophyia castanea,Least Concern
Dyaphorophyia hormophora,Least Concern
Dyaphorophyia tonsa,Least Concern
Platysteira albifrons,Near Threatened
Platysteira blissetti,Least Concern
Platysteira chalybea,Least Concern
Platysteira concreta,Unknown
Platysteira cyanea,Least Concern
Platysteira jamesoni,Least Concern
Platysteira laticincta,Endangered
Platysteira peltata,Least Concern
Batis capensis,Least Concern
Batis crypta,Least Concern
Batis dimorpha,Least Concern
Batis diops,Least Concern
Batis erlangeri,Least Concern
Batis fratrum,Least Concern
Batis ituriensis,Least Concern
Batis margaritae,Least Concern
Batis minima,Least Concern
Batis minor,Least Concern
Batis minulla,Least Concern
Batis mixta,Least Concern
Batis molitor,Least Concern
Batis occulta,Least Concern
Batis orientalis,Least Concern
Batis perkeo,Least Concern
Batis poensis,Least Concern
Batis pririt,Least Concern
Batis senegalensis,Least Concern
Batis soror,Least Concern
Philentoma pyrhoptera,Least Concern
Philentoma velata,Near Threatened
Prionops alberti,Vulnerable
Prionops caniceps,Least Concern
Prionops gabela,Endangered
Prionops plumatus,Least Concern
Prionops poliolophus,Near Threatened
Prionops retzii,Least Concern
Prionops rufiventris,Least Concern
Prionops scopifrons,Least Concern
Megabyas flammulatus,Least Concern
Bias musicus,Least Concern
Hemipus hirundinaceus,Least Concern
Hemipus picatus,Least Concern
Tephrodornis affinis,Least Concern
Tephrodornis pondicerianus,Least Concern
Tephrodornis sylvicola,Least Concern
Tephrodornis virgatus,Least Concern
Tylas eduardi,Least Concern
Calicalicus madagascariensis,Least Concern
Calicalicus rufocarpalis,Vulnerable
Newtonia amphichroa,Least Concern
Newtonia archboldi,Least Concern
Newtonia brunneicauda,Least Concern
Newtonia fanovanae,Vulnerable
Hypositta corallirostris,Least Concern
Leptopterus chabert,Least Concern
Mystacornis crossleyi,Least Concern
Cyanolanius comorensis,Endangered
Cyanolanius madagascarinus,Least Concern
Vanga curvirostris,Least Concern
Pseudobias wardi,Least Concern
Euryceros prevostii,Endangered
Schetba rufa,Least Concern
Xenopirostris damii,Endangered
Xenopirostris polleni,Vulnerable
Xenopirostris xenopirostris,Near Threatened
Oriolia bernieri,Endangered
Falculea palliata,Least Concern
Artamella viridis,Least Concern
Daphoenositta chrysoptera,Least Concern
Daphoenositta miranda,Least Concern
Daphoenositta papuensis,Least Concern
Androphobus viridis,Least Concern
Psophodes cristatus,Least Concern
Psophodes nigrogularis,Least Concern
Psophodes occidentalis,Least Concern
Psophodes olivaceus,Least Concern
Eulacestoma nigropectus,Least Concern
Oreoica gutturalis,Least Concern
Ornorectes cristatus,Least Concern
Aleadryas rufinucha,Least Concern
Falcunculus frontatus,Least Concern
Falcunculus leucogaster,Least Concern
Falcunculus whitei,Least Concern
Oreocharis arfaki,Least Concern
Paramythia montium,Least Concern
Paramythia olivacea,Least Concern
Pteruthius aenobarbus,Least Concern
Pteruthius aeralatus,Least Concern
Pteruthius flaviscapis,Least Concern
Pteruthius intermedius,Unknown
Pteruthius melanotis,Least Concern
Pteruthius rufiventer,Least Concern
Pteruthius xanthochlorus,Least Concern
Erpornis zantholeuca,Least Concern
Cyclarhis gujanensis,Least Concern
Cyclarhis nigrirostris,Least Concern
Hylophilus amaurocephalus,Least Concern
Hylophilus brunneiceps,Least Concern
Hylophilus flavipes,Least Concern
Hylophilus olivaceus,Least Concern
Hylophilus pectoralis,Least Concern
Hylophilus poicilotis,Least Concern
Hylophilus semicinereus,Least Concern
Hylophilus thoracicus,Least Concern
Vireolanius eximius,Least Concern
Vireolanius leucotis,Least Concern
Vireolanius melitophrys,Least Concern
Vireolanius pulchellus,Least Concern
Tunchiornis ferrugineifrons,Unknown
Tunchiornis luteifrons,Unknown
Tunchiornis ochraceiceps,Least Concern
Tunchiornis rubrifrons,Unknown
Pachysylvia aurantiifrons,Least Concern
Pachysylvia decurtata,Least Concern
Pachysylvia hypoxantha,Least Concern
Pachysylvia muscicapina,Least Concern
Pachysylvia semibrunnea,Least Concern
Vireo altiloquus,Least Concern
Vireo atricapilla,Near Threatened
Vireo bairdi,Near Threatened
Vireo bellii,Least Concern
Vireo brevipennis,Least Concern
Vireo caribaeus,Vulnerable
Vireo carmioli,Least Concern
Vireo cassinii,Least Concern
Vireo chivi,Least Concern
Vireo crassirostris,Least Concern
Vireo flavifrons,Least Concern
Vireo flavoviridis,Least Concern
Vireo gilvus,Least Concern
Vireo gracilirostris,Vulnerable
Vireo griseus,Least Concern
Vireo gundlachii,Least Concern
Vireo huttoni,Least Concern
Vireo hypochryseus,Unknown
Vireo latimeri,Least Concern
Vireo leucophrys,Least Concern
Vireo magister,Least Concern
Vireo masteri,Near Threatened
Vireo modestus,Least Concern
Vireo nanus,Least Concern
Vireo nelsoni,Least Concern
Vireo olivaceus,Least Concern
Vireo osburni,Near Threatened
Vireo pallens,Least Concern
Vireo philadelphicus,Least Concern
Vireo plumbeus,Least Concern
Vireo sclateri,Least Concern
Vireo solitarius,Least Concern
Vireo vicinior,Least Concern
Pitohui cerviniventris,Least Concern
Pitohui dichrous,Least Concern
Pitohui kirhocephalus,Least Concern
Pitohui uropygialis,Least Concern
Turnagra capensis,Extinct
Turnagra tanagra,Extinct
Sphecotheres hypoleucus,Least Concern
Sphecotheres vieilloti,Least Concern
Sphecotheres viridis,Least Concern
Oriolus albiloris,Least Concern
Oriolus auratus,Least Concern
Oriolus bouroensis,Least Concern
Oriolus brachyrynchus,Least Concern
Oriolus chinensis,Least Concern
Oriolus chlorocephalus,Least Concern
Oriolus consanguineus,Least Concern
Oriolus consobrinus,Least Concern
Oriolus crassirostris,Vulnerable
Oriolus cruentus,Data Deficient
Oriolus decipiens,Least Concern
Oriolus finschi,Least Concern
Oriolus flavocinctus,Least Concern
Oriolus forsteni,Least Concern
Oriolus hosii,Near Threatened
Oriolus isabellae,Critically Endangered
Oriolus kundoo,Least Concern
Oriolus larvatus,Least Concern
Oriolus melanotis,Least Concern
Oriolus mellianus,Endangered
Oriolus monacha,Least Concern
Oriolus nigripennis,Least Concern
Oriolus oriolus,Least Concern
Oriolus percivali,Least Concern
Oriolus phaeochromus,Least Concern
Oriolus sagittatus,Least Concern
Oriolus steerii,Least Concern
Oriolus szalayi,Least Concern
Oriolus tenuirostris,Least Concern
Oriolus traillii,Least Concern
Oriolus xanthonotus,Least Concern
Oriolus xanthornus,Least Concern
Pseudorectes ferrugineus,Least Concern
Pseudorectes incertus,Least Concern
Colluricincla boweri,Vulnerable
Colluricincla harmonica,Least Concern
Colluricincla megarhyncha,Least Concern
Colluricincla tenebrosa,Least Concern
Colluricincla woodwardi,Least Concern
Melanorectes nigrescens,Least Concern
Coracornis raveni,Least Concern
Coracornis sanghirensis,Critically Endangered
Pachycephala albiventris,Least Concern
Pachycephala arctitorquis,Least Concern
Pachycephala aurea,Least Concern
Pachycephala balim,Unknown
Pachycephala caledonica,Least Concern
Pachycephala calliope,Least Concern
Pachycephala chlorura,Unknown
Pachycephala cinerea,Least Concern
Pachycephala citreogaster,Unknown
Pachycephala collaris,Unknown
Pachycephala feminina,Near Threatened
Pachycephala flavifrons,Least Concern
Pachycephala graeffii,Unknown
Pachycephala griseonota,Least Concern
Pachycephala homeyeri,Least Concern
Pachycephala hyperythra,Least Concern
Pachycephala hypoxantha,Least Concern
Pachycephala implicata,Least Concern
Pachycephala inornata,Least Concern
Pachycephala jacquinoti,Near Threatened
Pachycephala lanioides,Least Concern
Pachycephala leucogastra,Least Concern
Pachycephala lorentzi,Least Concern
Pachycephala macrorhyncha,Unknown
Pachycephala melanorhyncha,Unknown
Pachycephala melanura,Least Concern
Pachycephala mentalis,Least Concern
Pachycephala meyeri,Least Concern
Pachycephala modesta,Least Concern
Pachycephala monacha,Least Concern
Pachycephala nudigula,Least Concern
Pachycephala olivacea,Least Concern
Pachycephala orioloides,Least Concern
Pachycephala ornata,Unknown
Pachycephala orpheus,Least Concern
Pachycephala pectoralis,Least Concern
Pachycephala phaionota,Least Concern
Pachycephala philippinensis,Least Concern
Pachycephala richardsi,Least Concern
Pachycephala rufiventris,Least Concern
Pachycephala rufogularis,Vulnerable
Pachycephala schlegelii,Least Concern
Pachycephala sharpei,Unknown
Pachycephala simplex,Least Concern
Pachycephala soror,Least Concern
Pachycephala sulfuriventer,Least Concern
Pachycephala tenebrosa,Least Concern
Pachycephala teysmanni,Least Concern
Pachycephala utupuae,Unknown
Pachycephala vanikorensis,Unknown
Pachycephala vitiensis,Least Concern
Chaetorhynchus papuensis,Least Concern
Eutrichomyias rowleyi,Critically Endangered
Lamprolia klinesmithi,Vulnerable
Lamprolia victoriae,Near Threatened
Rhipidura albicollis,Least Concern
Rhipidura albiscapa,Least Concern
Rhipidura albiventris,Least Concern
Rhipidura albogularis,Least Concern
Rhipidura albolimbata,Least Concern
Rhipidura atra,Least Concern
Rhipidura aureola,Least Concern
Rhipidura brachyrhyncha,Least Concern
Rhipidura cockerelli,Least Concern
Rhipidura coultasi,Near Threatened
Rhipidura cyaniceps,Least Concern
Rhipidura dahli,Least Concern
Rhipidura dedemi,Least Concern
Rhipidura diluta,Least Concern
Rhipidura drownei,Least Concern
Rhipidura dryas,Least Concern
Rhipidura euryura,Least Concern
Rhipidura fuliginosa,Least Concern
Rhipidura fuscorufa,Least Concern
Rhipidura habibiei,Unknown
Rhipidura hyperythra,Least Concern
Rhipidura javanica,Least Concern
Rhipidura kubaryi,Least Concern
Rhipidura layardi,Least Concern
Rhipidura lepida,Least Concern
Rhipidura leucophrys,Least Concern
Rhipidura leucothorax,Least Concern
Rhipidura louisiadensis,Unknown
Rhipidura maculipectus,Least Concern
Rhipidura malaitae,Near Threatened
Rhipidura matthiae,Near Threatened
Rhipidura melanolaema,Least Concern
Rhipidura nebulosa,Least Concern
Rhipidura nigritorquis,Least Concern
Rhipidura nigrocinnamomea,Least Concern
Rhipidura ocularis,Least Concern
Rhipidura opistherythra,Near Threatened
Rhipidura perlata,Least Concern
Rhipidura personata,Near Threatened
Rhipidura phasiana,Least Concern
Rhipidura phoenicura,Least Concern
Rhipidura rennelliana,Least Concern
Rhipidura rufidorsa,Least Concern
Rhipidura rufifrons,Least Concern
Rhipidura rufiventris,Least Concern
Rhipidura rufofronta,Unknown
Rhipidura samarensis,Least Concern
Rhipidura sauli,Vulnerable
Rhipidura semicollaris,Unknown
Rhipidura semirubra,Least Concern
Rhipidura spilodera,Least Concern
Rhipidura sulaensis,Unknown
Rhipidura superciliaris,Least Concern
Rhipidura superflua,Least Concern
Rhipidura tenebrosa,Near Threatened
Rhipidura teysmanni,Least Concern
Rhipidura threnothorax,Least Concern
Rhipidura torrida,Unknown
Rhipidura verreauxi,Least Concern
Rhipidura versicolor,Unknown
Dicrurus adsimilis,Least Concern
Dicrurus aeneus,Least Concern
Dicrurus aldabranus,Near Threatened
Dicrurus andamanensis,Least Concern
Dicrurus annectens,Least Concern
Dicrurus atripennis,Least Concern
Dicrurus balicassius,Least Concern
Dicrurus bracteatus,Least Concern
Dicrurus caerulescens,Least Concern
Dicrurus densus,Least Concern
Dicrurus forficatus,Least Concern
Dicrurus fuscipennis,Endangered
Dicrurus hottentottus,Least Concern
Dicrurus leucophaeus,Least Concern
Dicrurus lophorinus,Least Concern
Dicrurus ludwigii,Least Concern
Dicrurus macrocercus,Least Concern
Dicrurus megarhynchus,Near Threatened
Dicrurus menagei,Endangered
Dicrurus modestus,Least Concern
Dicrurus montanus,Least Concern
Dicrurus palawanensis,Least Concern
Dicrurus paradiseus,Least Concern
Dicrurus remifer,Least Concern
Dicrurus sharpei,Least Concern
Dicrurus striatus,Least Concern
Dicrurus sumatranus,Least Concern
Dicrurus waldenii,Vulnerable
Trochocercus cyanomelas,Least Concern
Trochocercus nitens,Least Concern
Hypothymis azurea,Least Concern
Hypothymis coelestis,Vulnerable
Hypothymis helenae,Near Threatened
Hypothymis puella,Least Concern
Terpsiphone affinis,Least Concern
Terpsiphone atrocaudata,Least Concern
Terpsiphone atrochalybeia,Least Concern
Terpsiphone batesi,Least Concern
Terpsiphone bedfordi,Least Concern
Terpsiphone bourbonnensis,Least Concern
Terpsiphone cinnamomea,Least Concern
Terpsiphone corvina,Vulnerable
Terpsiphone cyanescens,Least Concern
Terpsiphone floris,Least Concern
Terpsiphone incei,Least Concern
Terpsiphone mutata,Least Concern
Terpsiphone paradisi,Least Concern
Terpsiphone rufiventer,Least Concern
Terpsiphone rufocinerea,Least Concern
Terpsiphone viridis,Least Concern
Grallina bruijnii,Least Concern
Grallina cyanoleuca,Least Concern
Arses insularis,Least Concern
Arses kaupi,Least Concern
Arses lorealis,Least Concern
Arses telescopthalmus,Least Concern
Myiagra albiventris,Least Concern
Myiagra alecto,Least Concern
Myiagra atra,Near Threatened
Myiagra azureocapilla,Near Threatened
Myiagra caledonica,Least Concern
Myiagra castaneigularis,Least Concern
Myiagra cervinicauda,Near Threatened
Myiagra cyanoleuca,Least Concern
Myiagra eichhorni,Least Concern
Myiagra erythrops,Least Concern
Myiagra ferrocyanea,Least Concern
Myiagra freycineti,Extinct
Myiagra galeata,Least Concern
Myiagra hebetior,Vulnerable
Myiagra inquieta,Least Concern
Myiagra nana,Least Concern
Myiagra oceanica,Least Concern
Myiagra pluto,Least Concern
Myiagra rubecula,Least Concern
Myiagra ruficollis,Least Concern
Myiagra vanikorensis,Least Concern
Symposiachrus axillaris,Least Concern
Symposiachrus barbatus,Least Concern
Symposiachrus bimaculatus,Unknown
Symposiachrus boanensis,Critically Endangered
Symposiachrus brehmii,Near Threatened
Symposiachrus browni,Near Threatened
Symposiachrus everetti,Endangered
Symposiachrus guttula,Least Concern
Symposiachrus infelix,Near Threatened
Symposiachrus julianae,Near Threatened
Symposiachrus leucurus,Near Threatened
Symposiachrus loricatus,Least Concern
Symposiachrus malaitae,Near Threatened
Symposiachrus manadensis,Least Concern
Symposiachrus melanopterus,Unknown
Symposiachrus menckei,Near Threatened
Symposiachrus mundus,Least Concern
Symposiachrus nigrotectus,Unknown
Symposiachrus rubiensis,Least Concern
Symposiachrus sacerdotum,Endangered
Symposiachrus trivirgatus,Least Concern
Symposiachrus verticalis,Least Concern
Symposiachrus vidua,Near Threatened
Carterornis castus,Near Threatened
Carterornis chrysomela,Least Concern
Carterornis leucotis,Least Concern
Carterornis pileatus,Least Concern
Metabolus rugensis,Endangered
Monarcha castaneiventris,Least Concern
Monarcha cinerascens,Least Concern
Monarcha frater,Least Concern
Monarcha godeffroyi,Unknown
Monarcha melanopsis,Least Concern
Monarcha richardsii,Near Threatened
Monarcha takatsukasae,Unknown
Pomarea dimidiata,Vulnerable
Pomarea fluxa,Extinct
Pomarea iphis,Critically Endangered
Pomarea maupitiensis,Unknown
Pomarea mendozae,Endangered
Pomarea mira,Critically Endangered
Pomarea nigra,Critically Endangered
Pomarea nukuhivae,Extinct
Pomarea whitneyi,Critically Endangered
Chasiempis ibidis,Vulnerable
Chasiempis sandwichensis,Near Threatened
Chasiempis sclateri,Near Threatened
Neolalage banksiana,Least Concern
Mayrornis lessoni,Least Concern
Mayrornis schistaceus,Vulnerable
Mayrornis versicolor,Near Threatened
Clytorhynchus hamlini,Near Threatened
Clytorhynchus nigrogularis,Near Threatened
Clytorhynchus pachycephaloides,Least Concern
Clytorhynchus sanctaecrucis,Endangered
Clytorhynchus vitiensis,Least Concern
Corcorax melanorhamphos,Least Concern
Struthidea cinerea,Least Concern
Ifrita kowaldi,Least Concern
Lycocorax obiensis,Least Concern
Lycocorax pyrrhopterus,Least Concern
Phonygammus keraudrenii,Least Concern
Manucodia ater,Least Concern
Manucodia chalybatus,Least Concern
Manucodia comrii,Least Concern
Manucodia jobiensis,Least Concern
Pteridophora alberti,Least Concern
Parotia berlepschi,Least Concern
Parotia carolae,Least Concern
Parotia helenae,Unknown
Parotia lawesii,Least Concern
Parotia sefilata,Least Concern
Parotia wahnesi,Near Threatened
Seleucidis melanoleucus,Least Concern
Drepanornis albertisi,Least Concern
Drepanornis bruijnii,Least Concern
Semioptera wallacii,Least Concern
Lophorina latipennis,Least Concern
Lophorina minor,Least Concern
Lophorina superba,Least Concern
Ptiloris intercedens,Least Concern
Ptiloris magnificus,Least Concern
Ptiloris paradiseus,Least Concern
Ptiloris victoriae,Least Concern
Epimachus fastosus,Least Concern
Epimachus meyeri,Least Concern
Paradigalla brevicauda,Least Concern
Paradigalla carunculata,Near Threatened
Astrapia mayeri,Least Concern
Astrapia nigra,Least Concern
Astrapia rothschildi,Least Concern
Astrapia splendidissima,Least Concern
Astrapia stephaniae,Least Concern
Cicinnurus regius,Least Concern
Diphyllodes magnificus,Least Concern
Diphyllodes respublica,Near Threatened
Paradisornis rudolphi,Near Threatened
Paradisaea apoda,Least Concern
Paradisaea decora,Vulnerable
Paradisaea guilielmi,Near Threatened
Paradisaea minor,Least Concern
Paradisaea raggiana,Least Concern
Paradisaea rubra,Near Threatened
Melampitta lugubris,Least Concern
Megalampitta gigantea,Least Concern
Platylophus galericulatus,Near Threatened
Corvinella corvina,Least Concern
Urolestes melanoleucus,Least Concern
Lanius borealis,Least Concern
Lanius bucephalus,Least Concern
Lanius cabanisi,Least Concern
Lanius collaris,Least Concern
Lanius collurio,Least Concern
Lanius collurioides,Least Concern
Lanius cristatus,Least Concern
Lanius dorsalis,Least Concern
Lanius excubitor,Least Concern
Lanius excubitoroides,Least Concern
Lanius giganteus,Least Concern
Lanius gubernator,Least Concern
Lanius humeralis,Unknown
Lanius isabellinus,Least Concern
Lanius ludovicianus,Near Threatened
Lanius mackinnoni,Least Concern
Lanius meridionalis,Vulnerable
Lanius minor,Least Concern
Lanius newtoni,Critically Endangered
Lanius nubicus,Least Concern
Lanius phoenicuroides,Least Concern
Lanius schach,Least Concern
Lanius senator,Near Threatened
Lanius somalicus,Least Concern
Lanius souzae,Least Concern
Lanius sphenocercus,Least Concern
Lanius tephronotus,Least Concern
Lanius tigrinus,Least Concern
Lanius validirostris,Least Concern
Lanius vittatus,Least Concern
Eurocephalus anguitimens,Least Concern
Eurocephalus ruppelli,Least Concern
Pyrrhocorax graculus,Least Concern
Pyrrhocorax pyrrhocorax,Least Concern
Crypsirina cucullata,Near Threatened
Crypsirina temia,Least Concern
Temnurus temnurus,Least Concern
Platysmurus aterrimus,Least Concern
Platysmurus leucopterus,Least Concern
Dendrocitta bayleii,Vulnerable
Dendrocitta cinerascens,Least Concern
Dendrocitta formosae,Least Concern
Dendrocitta frontalis,Least Concern
Dendrocitta leucogastra,Least Concern
Dendrocitta occipitalis,Least Concern
Dendrocitta vagabunda,Least Concern
Cissa chinensis,Least Concern
Cissa hypoleuca,Least Concern
Cissa jefferyi,Least Concern
Cissa thalassina,Critically Endangered
Urocissa caerulea,Least Concern
Urocissa erythroryncha,Least Concern
Urocissa flavirostris,Least Concern
Urocissa ornata,Vulnerable
Urocissa whiteheadi,Endangered
Cyanopica cooki,Least Concern
Cyanopica cyanus,Least Concern
Perisoreus canadensis,Least Concern
Perisoreus infaustus,Least Concern
Perisoreus internigrans,Near Threatened
Cyanolyca argentigula,Least Concern
Cyanolyca armillata,Least Concern
Cyanolyca cucullata,Least Concern
Cyanolyca mirabilis,Vulnerable
Cyanolyca nanus,Near Threatened
Cyanolyca pulchra,Near Threatened
Cyanolyca pumilo,Least Concern
Cyanolyca turcosa,Least Concern
Cyanolyca viridicyanus,Least Concern
Gymnorhinus cyanocephalus,Vulnerable
Cyanocitta cristata,Least Concern
Cyanocitta stelleri,Least Concern
Aphelocoma californica,Least Concern
Aphelocoma coerulescens,Vulnerable
Aphelocoma insularis,Unknown
Aphelocoma ultramarina,Least Concern
Aphelocoma unicolor,Least Concern
Aphelocoma wollweberi,Least Concern
Aphelocoma woodhouseii,Unknown
Cyanocorax affinis,Least Concern
Cyanocorax beecheii,Least Concern
Cyanocorax cayanus,Least Concern
Cyanocorax chrysops,Least Concern
Cyanocorax coeruleus,Near Threatened
Cyanocorax colliei,Least Concern
Cyanocorax cristatellus,Least Concern
Cyanocorax cyanomelas,Least Concern
Cyanocorax cyanopogon,Least Concern
Cyanocorax dickeyi,Near Threatened
Cyanocorax formosus,Least Concern
Cyanocorax heilprini,Least Concern
Cyanocorax melanocyaneus,Least Concern
Cyanocorax morio,Least Concern
Cyanocorax mystacalis,Least Concern
Cyanocorax sanblasianus,Least Concern
Cyanocorax violaceus,Least Concern
Cyanocorax yncas,Least Concern
Cyanocorax yucatanicus,Least Concern
Garrulus glandarius,Least Concern
Garrulus lanceolatus,Least Concern
Garrulus lidthi,Vulnerable
Zavattariornis stresemanni,Endangered
Pica asirensis,Endangered
Pica bottanensis,Unknown
Pica hudsonia,Least Concern
Pica mauritanica,Least Concern
Pica nuttallii,Vulnerable
Pica pica,Least Concern
Pica serica,Least Concern
Ptilostomus afer,Least Concern
Podoces biddulphi,Near Threatened
Podoces hendersoni,Least Concern
Podoces panderi,Least Concern
Podoces pleskei,Least Concern
Nucifraga caryocatactes,Least Concern
Nucifraga columbiana,Least Concern
Nucifraga hemispila,Least Concern
Nucifraga multipunctata,Least Concern
Coloeus dauuricus,Least Concern
Coloeus monedula,Unknown
Corvus albicollis,Least Concern
Corvus albus,Least Concern
Corvus bennetti,Least Concern
Corvus brachyrhynchos,Least Concern
Corvus capensis,Least Concern
Corvus celebensis,Unknown
Corvus corax,Least Concern
Corvus corone,Least Concern
Corvus coronoides,Least Concern
Corvus crassirostris,Least Concern
Corvus cryptoleucus,Least Concern
Corvus edithae,Least Concern
Corvus enca,Least Concern
Corvus florensis,Near Threatened
Corvus frugilegus,Least Concern
Corvus fuscicapillus,Least Concern
Corvus hawaiiensis,Extinct in the Wild
Corvus imparatus,Least Concern
Corvus insularis,Least Concern
Corvus jamaicensis,Near Threatened
Corvus kubaryi,Critically Endangered
Corvus leucognaphalus,Vulnerable
Corvus macrorhynchos,Least Concern
Corvus meeki,Least Concern
Corvus mellori,Least Concern
Corvus minutus,Unknown
Corvus moneduloides,Least Concern
Corvus nasicus,Least Concern
Corvus orru,Least Concern
Corvus ossifragus,Least Concern
Corvus palmarum,Least Concern
Corvus philippinus,Unknown
Corvus pusillus,Unknown
Corvus rhipidurus,Least Concern
Corvus ruficollis,Least Concern
Corvus samarensis,Unknown
Corvus sierramadrensis,Unknown
Corvus sinaloae,Least Concern
Corvus splendens,Least Concern
Corvus tasmanicus,Least Concern
Corvus torquatus,Vulnerable
Corvus tristis,Least Concern
Corvus typicus,Least Concern
Corvus unicolor,Critically Endangered
Corvus validus,Least Concern
Corvus violaceus,Least Concern
Corvus woodfordi,Least Concern
Loboparadisea sericea,Least Concern
Cnemophilus loriae,Least Concern
Cnemophilus macgregorii,Least Concern
Toxorhamphus novaeguineae,Least Concern
Toxorhamphus poliopterus,Least Concern
Oedistoma iliolophus,Least Concern
Oedistoma pygmaeum,Least Concern
Melanocharis arfakiana,Least Concern
Melanocharis citreola,Least Concern
Melanocharis crassirostris,Least Concern
Melanocharis longicauda,Least Concern
Melanocharis nigra,Least Concern
Melanocharis piperata,Least Concern
Melanocharis striativentris,Least Concern
Melanocharis versteri,Least Concern
Notiomystis cincta,Vulnerable
Callaeas cinereus,Critically Endangered
Callaeas wilsoni,Least Concern
Heteralocha acutirostris,Extinct
Philesturnus carunculatus,Least Concern
Philesturnus rufusater,Near Threatened
Eupetes macrocerus,Near Threatened
Chaetops aurantius,Near Threatened
Chaetops frenatus,Near Threatened
Picathartes gymnocephalus,Vulnerable
Picathartes oreas,Near Threatened
Amalocichla incerta,Least Concern
Amalocichla sclateriana,Least Concern
Pachycephalopsis hattamensis,Least Concern
Pachycephalopsis poliosoma,Least Concern
Eugerygone rubra,Least Concern
Petroica archboldi,Near Threatened
Petroica australis,Least Concern
Petroica bivittata,Least Concern
Petroica boodang,Least Concern
Petroica goodenovii,Least Concern
Petroica longipes,Least Concern
Petroica macrocephala,Least Concern
Petroica multicolor,Endangered
Petroica phoenicea,Least Concern
Petroica polymorpha,Unknown
Petroica pusilla,Least Concern
Petroica rodinogaster,Least Concern
Petroica rosea,Least Concern
Petroica traversi,Vulnerable
Devioeca papuana,Least Concern
Kempiella flavovirescens,Least Concern
Kempiella griseoceps,Least Concern
Cryptomicroeca flaviventris,Least Concern
Monachella muelleriana,Least Concern
Microeca fascinans,Least Concern
Microeca flavigaster,Least Concern
Microeca hemixantha,Near Threatened
Drymodes beccarii,Least Concern
Drymodes brunneopygia,Least Concern
Drymodes superciliaris,Least Concern
Heteromyias albispecularis,Least Concern
Heteromyias armiti,Least Concern
Heteromyias cinereifrons,Near Threatened
Plesiodryas albonotata,Least Concern
Leucophantes brachyurus,Least Concern
Poecilodryas cerviniventris,Least Concern
Poecilodryas hypoleuca,Least Concern
Poecilodryas superciliosa,Least Concern
Eopsaltria australis,Least Concern
Eopsaltria capito,Least Concern
Eopsaltria georgiana,Least Concern
Eopsaltria griseogularis,Least Concern
Eopsaltria leucops,Least Concern
Eopsaltria placens,Least Concern
Melanodryas bimaculata,Least Concern
Melanodryas cryptoleuca,Least Concern
Melanodryas cucullata,Least Concern
Melanodryas cyanus,Least Concern
Melanodryas pulverulenta,Unknown
Melanodryas sigillata,Least Concern
Melanodryas vittata,Vulnerable
Chelidorhynx hypoxanthus,Least Concern
Stenostira scita,Least Concern
Culicicapa ceylonensis,Least Concern
Culicicapa helianthea,Least Concern
Elminia albicauda,Least Concern
Elminia albiventris,Least Concern
Elminia albonotata,Least Concern
Elminia longicauda,Least Concern
Elminia nigromitrata,Least Concern
Hyliota australis,Least Concern
Hyliota flavigaster,Least Concern
Hyliota usambara,Endangered
Hyliota violacea,Least Concern
Auriparus flaviceps,Least Concern
Remiz consobrinus,Least Concern
Remiz coronatus,Least Concern
Remiz macronyx,Unknown
Remiz pendulinus,Least Concern
Anthoscopus caroli,Least Concern
Anthoscopus flavifrons,Least Concern
Anthoscopus minutus,Least Concern
Anthoscopus musculus,Least Concern
Anthoscopus parvulus,Least Concern
Anthoscopus punctifrons,Least Concern
Cephalopyrus flammiceps,Least Concern
Sylviparus modestus,Least Concern
Melanochlora sultanea,Least Concern
Cyanistes caeruleus,Least Concern
Cyanistes cyanus,Least Concern
Cyanistes teneriffae,Least Concern
Pseudopodoces humilis,Least Concern
Parus cinereus,Unknown
Parus major,Least Concern
Parus monticolus,Least Concern
Machlolophus aplonotus,Unknown
Machlolophus holsti,Least Concern
Machlolophus nuchalis,Vulnerable
Machlolophus spilonotus,Least Concern
Machlolophus xanthogenys,Least Concern
Melaniparus afer,Least Concern
Melaniparus albiventris,Least Concern
Melaniparus carpi,Least Concern
Melaniparus cinerascens,Least Concern
Melaniparus fasciiventer,Least Concern
Melaniparus fringillinus,Least Concern
Melaniparus funereus,Least Concern
Melaniparus griseiventris,Least Concern
Melaniparus guineensis,Least Concern
Melaniparus leucomelas,Least Concern
Melaniparus leuconotus,Least Concern
Melaniparus niger,Least Concern
Melaniparus rufiventris,Least Concern
Melaniparus thruppi,Least Concern
Periparus amabilis,Near Threatened
Periparus ater,Least Concern
Periparus elegans,Least Concern
Periparus rubidiventris,Least Concern
Periparus rufonuchalis,Least Concern
Periparus venustulus,Unknown
Lophophanes cristatus,Least Concern
Lophophanes dichrous,Least Concern
Baeolophus atricristatus,Least Concern
Baeolophus bicolor,Least Concern
Baeolophus inornatus,Least Concern
Baeolophus ridgwayi,Least Concern
Baeolophus wollweberi,Least Concern
Sittiparus castaneoventris,Least Concern
Sittiparus olivaceus,Least Concern
Sittiparus owstoni,Endangered
Sittiparus semilarvatus,Near Threatened
Sittiparus varius,Least Concern
Poecile atricapillus,Least Concern
Poecile carolinensis,Least Concern
Poecile cinctus,Least Concern
Poecile davidi,Least Concern
Poecile gambeli,Least Concern
Poecile hudsonicus,Least Concern
Poecile hypermelaenus,Least Concern
Poecile hyrcanus,Least Concern
Poecile lugubris,Least Concern
Poecile montanus,Least Concern
Poecile palustris,Least Concern
Poecile rufescens,Least Concern
Poecile sclateri,Least Concern
Poecile superciliosus,Least Concern
Poecile weigoldicus,Least Concern
Panurus biarmicus,Least Concern
Alaemon alaudipes,Least Concern
Alaemon hamertoni,Least Concern
Ammomanopsis grayi,Least Concern
Chersomanes albofasciata,Least Concern
Chersomanes beesleyi,Unknown
Certhilauda chuana,Least Concern
Certhilauda curvirostris,Least Concern
Certhilauda semitorquata,Least Concern
Certhilauda subcoronata,Least Concern
Pinarocorys erythropygia,Least Concern
Pinarocorys nigricans,Least Concern
Ramphocoris clotbey,Least Concern
Ammomanes cinctura,Least Concern
Ammomanes deserti,Least Concern
Ammomanes phoenicura,Least Concern
Eremopterix australis,Least Concern
Eremopterix griseus,Least Concern
Eremopterix hova,Least Concern
Eremopterix leucopareia,Least Concern
Eremopterix leucotis,Least Concern
Eremopterix nigriceps,Least Concern
Eremopterix signatus,Least Concern
Eremopterix verticalis,Least Concern
Calendulauda africanoides,Least Concern
Calendulauda albescens,Least Concern
Calendulauda burra,Vulnerable
Calendulauda erythrochlamys,Least Concern
Calendulauda gilletti,Least Concern
Calendulauda poecilosterna,Least Concern
Calendulauda rufa,Least Concern
Calendulauda sabota,Least Concern
Heteromirafra archeri,Critically Endangered
Heteromirafra ruddi,Endangered
Plocealauda affinis,Least Concern
Plocealauda assamica,Least Concern
Plocealauda erythrocephala,Unknown
Plocealauda erythroptera,Least Concern
Plocealauda microptera,Least Concern
Mirafra albicauda,Least Concern
Mirafra cheniana,Least Concern
Mirafra cordofanica,Least Concern
Mirafra javanica,Least Concern
Mirafra passerina,Least Concern
Mirafra pulpa,Data Deficient
Mirafra williamsi,Least Concern
Amirafra angolensis,Least Concern
Amirafra collaris,Least Concern
Amirafra rufocinnamomea,Least Concern
Corypha africana,Least Concern
Corypha apiata,Least Concern
Corypha athi,Unknown
Corypha fasciolata,Least Concern
Corypha hypermetra,Least Concern
Corypha kabalii,Unknown
Corypha kidepoensis,Unknown
Corypha kurrae,Unknown
Corypha nigrescens,Unknown
Corypha sharpii,Endangered
Corypha somalica,Least Concern
Lullula arborea,Least Concern
Spizocorys conirostris,Least Concern
Spizocorys fremantlii,Least Concern
Spizocorys fringillaris,Endangered
Spizocorys obbiensis,Least Concern
Spizocorys personata,Least Concern
Spizocorys sclateri,Near Threatened
Spizocorys starki,Least Concern
Alauda arvensis,Least Concern
Alauda gulgula,Least Concern
Alauda leucoptera,Least Concern
Alauda razae,Critically Endangered
Galerida cristata,Least Concern
Galerida deva,Least Concern
Galerida magnirostris,Least Concern
Galerida malabarica,Least Concern
Galerida modesta,Least Concern
Galerida theklae,Least Concern
Eremophila alpestris,Least Concern
Eremophila bilopha,Least Concern
Calandrella acutirostris,Least Concern
Calandrella blanfordi,Least Concern
Calandrella brachydactyla,Least Concern
Calandrella cinerea,Least Concern
Calandrella dukhunensis,Least Concern
Calandrella eremica,Least Concern
Melanocorypha bimaculata,Least Concern
Melanocorypha calandra,Least Concern
Melanocorypha maxima,Least Concern
Melanocorypha mongolica,Least Concern
Melanocorypha yeltoniensis,Least Concern
Chersophilus duponti,Vulnerable
Eremalauda dunni,Least Concern
Eremalauda eremodites,Least Concern
Alaudala cheleensis,Least Concern
Alaudala heinei,Least Concern
Alaudala raytal,Least Concern
Alaudala rufescens,Least Concern
Alaudala somalica,Least Concern
Nicator chloris,Least Concern
Nicator gularis,Least Concern
Nicator vireo,Least Concern
Macrosphenus concolor,Least Concern
Macrosphenus flavicans,Least Concern
Macrosphenus kempi,Least Concern
Macrosphenus kretschmeri,Least Concern
Macrosphenus pulitzeri,Endangered
Achaetops pycnopygius,Least Concern
Sphenoeacus afer,Least Concern
Melocichla mentalis,Least Concern
Cryptillas victorini,Least Concern
Sylvietta brachyura,Least Concern
Sylvietta denti,Least Concern
Sylvietta isabellina,Least Concern
Sylvietta leucophrys,Least Concern
Sylvietta philippae,Data Deficient
Sylvietta rufescens,Least Concern
Sylvietta ruficapilla,Least Concern
Sylvietta virens,Least Concern
Sylvietta whytii,Least Concern
Neomixis striatigula,Least Concern
Neomixis tenella,Least Concern
Neomixis viridis,Least Concern
Micromacronus leytensis,Near Threatened
Micromacronus sordidus,Near Threatened
Eremomela atricollis,Least Concern
Eremomela badiceps,Least Concern
Eremomela canescens,Least Concern
Eremomela flavicrissalis,Least Concern
Eremomela gregalis,Least Concern
Eremomela icteropygialis,Least Concern
Eremomela pusilla,Least Concern
Eremomela scotops,Least Concern
Eremomela turneri,Near Threatened
Eremomela usticollis,Least Concern
Drymocichla incana,Least Concern
Schistolais leontica,Endangered
Schistolais leucopogon,Least Concern
Oreophilais robertsi,Least Concern
Phragmacia substriata,Least Concern
Urolais epichlorus,Least Concern
Oreolais pulcher,Least Concern
Oreolais ruwenzorii,Least Concern
Artisornis metopias,Least Concern
Artisornis moreaui,Critically Endangered
Poliolais lopezi,Least Concern
Calamonastes fasciolatus,Least Concern
Calamonastes simplex,Least Concern
Calamonastes stierlingi,Least Concern
Calamonastes undosus,Least Concern
Camaroptera brachyura,Least Concern
Camaroptera chloronota,Least Concern
Camaroptera harterti,Least Concern
Camaroptera superciliaris,Least Concern
Spiloptila clamans,Least Concern
Phyllolais pulchella,Least Concern
Apalis alticola,Least Concern
Apalis argentea,Least Concern
Apalis bamendae,Least Concern
Apalis binotata,Least Concern
Apalis chapini,Least Concern
Apalis chariessa,Near Threatened
Apalis chirindensis,Vulnerable
Apalis cinerea,Least Concern
Apalis flavida,Least Concern
Apalis flavigularis,Endangered
Apalis fuscigularis,Critically Endangered
Apalis goslingi,Least Concern
Apalis jacksoni,Least Concern
Apalis kaboboensis,Vulnerable
Apalis karamojae,Vulnerable
Apalis lynesi,Endangered
Apalis melanocephala,Least Concern
Apalis nigriceps,Least Concern
Apalis personata,Least Concern
Apalis porphyrolaema,Least Concern
Apalis ruddi,Least Concern
Apalis rufogularis,Least Concern
Apalis sharpii,Near Threatened
Apalis stronachi,Unknown
Apalis thoracica,Least Concern
Orthotomus atrogularis,Least Concern
Orthotomus castaneiceps,Least Concern
Orthotomus chaktomuk,Near Threatened
Orthotomus chloronotus,Least Concern
Orthotomus cinereiceps,Least Concern
Orthotomus derbianus,Least Concern
Orthotomus frontalis,Least Concern
Orthotomus nigriceps,Least Concern
Orthotomus ruficeps,Least Concern
Orthotomus samarensis,Least Concern
Orthotomus sepium,Least Concern
Orthotomus sericeus,Least Concern
Orthotomus sutorius,Least Concern
Prinia atrogularis,Least Concern
Prinia bairdii,Least Concern
Prinia buchanani,Least Concern
Prinia cinereocapilla,Vulnerable
Prinia cooki,Unknown
Prinia crinigera,Least Concern
Prinia erythroptera,Least Concern
Prinia familiaris,Near Threatened
Prinia flavicans,Least Concern
Prinia flaviventris,Least Concern
Prinia fluviatilis,Least Concern
Prinia gracilis,Least Concern
Prinia hodgsonii,Least Concern
Prinia hypoxantha,Least Concern
Prinia inornata,Least Concern
Prinia khasiana,Least Concern
Prinia lepida,Unknown
Prinia maculosa,Least Concern
Prinia molleri,Least Concern
Prinia polychroa,Least Concern
Prinia rocki,Unknown
Prinia rufescens,Least Concern
Prinia rufifrons,Least Concern
Prinia socialis,Least Concern
Prinia somalica,Least Concern
Prinia striata,Unknown
Prinia subflava,Least Concern
Prinia superciliaris,Least Concern
Prinia sylvatica,Least Concern
Euryptila subcinnamomea,Least Concern
Scepomycter winifredae,Near Threatened
Incana incana,Least Concern
Malcorus pectoralis,Least Concern
Hypergerus atriceps,Least Concern
Eminia lepida,Least Concern
Bathmocercus cerviniventris,Data Deficient
Bathmocercus rufus,Least Concern
Cisticola aberdare,Vulnerable
Cisticola aberrans,Least Concern
Cisticola anderseni,Near Threatened
Cisticola angusticauda,Least Concern
Cisticola anonymus,Least Concern
Cisticola aridulus,Least Concern
Cisticola ayresii,Least Concern
Cisticola bailunduensis,Least Concern
Cisticola bakerorum,Vulnerable
Cisticola bodessa,Least Concern
Cisticola brachypterus,Least Concern
Cisticola brunnescens,Least Concern
Cisticola bulliens,Least Concern
Cisticola cantans,Least Concern
Cisticola carruthersi,Least Concern
Cisticola cherina,Least Concern
Cisticola chiniana,Least Concern
Cisticola chubbi,Least Concern
Cisticola cinereolus,Least Concern
Cisticola cinnamomeus,Least Concern
Cisticola dambo,Least Concern
Cisticola distinctus,Unknown
Cisticola erythrops,Least Concern
Cisticola exilis,Least Concern
Cisticola eximius,Least Concern
Cisticola fulvicapilla,Least Concern
Cisticola galactotes,Least Concern
Cisticola guinea,Least Concern
Cisticola haematocephalus,Least Concern
Cisticola haesitatus,Least Concern
Cisticola hunteri,Least Concern
Cisticola juncidis,Least Concern
Cisticola lais,Least Concern
Cisticola lateralis,Least Concern
Cisticola luapula,Least Concern
Cisticola lugubris,Least Concern
Cisticola marginatus,Least Concern
Cisticola melanurus,Data Deficient
Cisticola nana,Least Concern
Cisticola natalensis,Least Concern
Cisticola nigriloris,Least Concern
Cisticola njombe,Least Concern
Cisticola pipiens,Least Concern
Cisticola restrictus,Data Deficient
Cisticola robustus,Least Concern
Cisticola ruficeps,Least Concern
Cisticola rufilatus,Least Concern
Cisticola rufus,Least Concern
Cisticola subruficapilla,Least Concern
Cisticola textrix,Least Concern
Cisticola tinniens,Least Concern
Cisticola troglodytes,Least Concern
Cisticola woosnami,Least Concern
Graueria vittata,Least Concern
Nesillas aldabrana,Extinct
Nesillas brevicaudata,Least Concern
Nesillas lantzii,Least Concern
Nesillas mariae,Endangered
Nesillas typica,Least Concern
Hippolais icterina,Least Concern
Hippolais languida,Least Concern
Hippolais olivetorum,Least Concern
Hippolais polyglotta,Least Concern
Arundinax aedon,Least Concern
Iduna caligata,Least Concern
Iduna natalensis,Least Concern
Iduna opaca,Least Concern
Iduna pallida,Least Concern
Iduna rama,Least Concern
Iduna similis,Least Concern
Calamonastides gracilirostris,Vulnerable
Acrocephalus aequinoctialis,Endangered
Acrocephalus agricola,Least Concern
Acrocephalus arundinaceus,Least Concern
Acrocephalus astrolabii,Extinct
Acrocephalus atyphus,Least Concern
Acrocephalus australis,Least Concern
Acrocephalus bistrigiceps,Least Concern
Acrocephalus brevipennis,Vulnerable
Acrocephalus caffer,Vulnerable
Acrocephalus concinens,Least Concern
Acrocephalus dumetorum,Least Concern
Acrocephalus familiaris,Endangered
Acrocephalus gracilirostris,Least Concern
Acrocephalus griseldis,Endangered
Acrocephalus hiwae,Endangered
Acrocephalus kerearako,Least Concern
Acrocephalus longirostris,Critically Endangered
Acrocephalus luscinius,Extinct
Acrocephalus melanopogon,Least Concern
Acrocephalus mendanae,Least Concern
Acrocephalus musae,Extinct
Acrocephalus newtoni,Least Concern
Acrocephalus nijoi,Extinct
Acrocephalus orientalis,Least Concern
Acrocephalus orinus,Least Concern
Acrocephalus paludicola,Vulnerable
Acrocephalus palustris,Least Concern
Acrocephalus percernis,Least Concern
Acrocephalus rehsei,Near Threatened
Acrocephalus rimitarae,Critically Endangered
Acrocephalus rodericanus,Near Threatened
Acrocephalus rufescens,Least Concern
Acrocephalus schoenobaenus,Least Concern
Acrocephalus scirpaceus,Least Concern
Acrocephalus sechellensis,Near Threatened
Acrocephalus sorghophilus,Critically Endangered
Acrocephalus stentoreus,Least Concern
Acrocephalus syrinx,Least Concern
Acrocephalus taiti,Vulnerable
Acrocephalus tangorum,Vulnerable
Acrocephalus vaughani,Endangered
Acrocephalus yamashinae,Extinct
Donacobius atricapilla,Least Concern
Crossleyia tenebrosa,Data Deficient
Crossleyia xanthophrys,Least Concern
Xanthomixis apperti,Vulnerable
Xanthomixis cinereiceps,Near Threatened
Xanthomixis zosterops,Least Concern
Hartertula flavoviridis,Near Threatened
Thamnornis chloropetoides,Least Concern
Randia pseudozosterops,Least Concern
Cryptosylvicola randrianasoloi,Least Concern
Oxylabes madagascariensis,Least Concern
Bernieria madagascariensis,Least Concern
Robsonius rabori,Near Threatened
Robsonius sorsogonensis,Near Threatened
Robsonius thompsoni,Least Concern
Helopsaltes amnicola,Least Concern
Helopsaltes certhiola,Least Concern
Helopsaltes fasciolatus,Least Concern
Helopsaltes ochotensis,Least Concern
Helopsaltes pleskei,Vulnerable
Helopsaltes pryeri,Near Threatened
Locustella accentor,Least Concern
Locustella alfredi,Least Concern
Locustella alishanensis,Least Concern
Locustella castanea,Least Concern
Locustella caudata,Least Concern
Locustella chengi,Least Concern
Locustella davidi,Least Concern
Locustella disturbans,Least Concern
Locustella fluviatilis,Least Concern
Locustella idonea,Unknown
Locustella kashmirensis,Least Concern
Locustella lanceolata,Least Concern
Locustella luscinioides,Least Concern
Locustella luteoventris,Least Concern
Locustella major,Near Threatened
Locustella mandelli,Least Concern
Locustella montis,Least Concern
Locustella musculus,Least Concern
Locustella naevia,Least Concern
Locustella portenta,Vulnerable
Locustella seebohmi,Least Concern
Locustella tacsanowskia,Least Concern
Locustella thoracica,Least Concern
Elaphrornis palliseri,Near Threatened
Schoenicola platyurus,Near Threatened
Schoenicola striatus,Vulnerable
Catriscus brevirostris,Least Concern
Megalurus palustris,Least Concern
Bradypterus baboecala,Least Concern
Bradypterus bangwaensis,Least Concern
Bradypterus barratti,Least Concern
Bradypterus brunneus,Least Concern
Bradypterus carpalis,Least Concern
Bradypterus centralis,Least Concern
Bradypterus cinnamomeus,Least Concern
Bradypterus grandis,Near Threatened
Bradypterus graueri,Vulnerable
Bradypterus lopezi,Least Concern
Bradypterus seebohmi,Least Concern
Bradypterus sylvaticus,Vulnerable
Poodytes albolimbatus,Vulnerable
Poodytes carteri,Least Concern
Poodytes gramineus,Least Concern
Poodytes punctatus,Least Concern
Poodytes rufescens,Extinct
Malia grata,Least Concern
Cincloramphus bivittatus,Least Concern
Cincloramphus cruralis,Least Concern
Cincloramphus grosvenori,Vulnerable
Cincloramphus llaneae,Near Threatened
Cincloramphus macrurus,Least Concern
Cincloramphus mariae,Least Concern
Cincloramphus mathewsi,Least Concern
Cincloramphus rubiginosus,Least Concern
Cincloramphus rufus,Endangered
Cincloramphus timoriensis,Least Concern
Cincloramphus turipavae,Near Threatened
Cincloramphus whitneyi,Least Concern
Pnoepyga albiventer,Least Concern
Pnoepyga formosana,Least Concern
Pnoepyga immaculata,Least Concern
Pnoepyga pusilla,Least Concern
Pseudochelidon eurystomina,Data Deficient
Pseudochelidon sirintarae,Critically Endangered
Psalidoprocne albiceps,Least Concern
Psalidoprocne fuliginosa,Least Concern
Psalidoprocne nitens,Least Concern
Psalidoprocne obscura,Least Concern
Psalidoprocne pristoptera,Least Concern
Cheramoeca leucosterna,Least Concern
Pseudhirundo griseopyga,Least Concern
Phedina borbonica,Least Concern
Phedinopsis brazzae,Least Concern
Neophedina cincta,Least Concern
Riparia chinensis,Least Concern
Riparia congica,Least Concern
Riparia cowani,Least Concern
Riparia diluta,Least Concern
Riparia paludicola,Least Concern
Riparia riparia,Least Concern
Tachycineta albilinea,Least Concern
Tachycineta albiventer,Least Concern
Tachycineta bicolor,Least Concern
Tachycineta cyaneoviridis,Endangered
Tachycineta euchrysea,Vulnerable
Tachycineta leucopyga,Unknown
Tachycineta leucorrhoa,Least Concern
Tachycineta stolzmanni,Least Concern
Tachycineta thalassina,Least Concern
Progne chalybea,Least Concern
Progne cryptoleuca,Least Concern
Progne dominicensis,Least Concern
Progne elegans,Least Concern
Progne modesta,Endangered
Progne murphyi,Near Threatened
Progne sinaloae,Vulnerable
Progne subis,Least Concern
Progne tapera,Least Concern
Stelgidopteryx ruficollis,Least Concern
Stelgidopteryx serripennis,Least Concern
Atticora fasciata,Least Concern
Atticora pileata,Least Concern
Atticora tibialis,Least Concern
Pygochelidon cyanoleuca,Least Concern
Pygochelidon melanoleuca,Least Concern
Alopochelidon fucata,Least Concern
Orochelidon andecola,Least Concern
Orochelidon flavipes,Least Concern
Orochelidon murina,Least Concern
Ptyonoprogne concolor,Least Concern
Ptyonoprogne fuligula,Least Concern
Ptyonoprogne obsoleta,Least Concern
Ptyonoprogne rufigula,Least Concern
Ptyonoprogne rupestris,Least Concern
Hirundo aethiopica,Least Concern
Hirundo albigularis,Least Concern
Hirundo angolensis,Least Concern
Hirundo atrocaerulea,Endangered
Hirundo dimidiata,Least Concern
Hirundo domicola,Unknown
Hirundo javanica,Least Concern
Hirundo leucosoma,Least Concern
Hirundo lucida,Least Concern
Hirundo megaensis,Vulnerable
Hirundo neoxena,Least Concern
Hirundo nigrita,Least Concern
Hirundo nigrorufa,Least Concern
Hirundo rustica,Least Concern
Hirundo smithii,Least Concern
Hirundo tahitica,Least Concern
Atronanus fuliginosus,Least Concern
Delichon dasypus,Least Concern
Delichon lagopodum,Least Concern
Delichon nipalense,Least Concern
Delichon urbicum,Least Concern
Cecropis abyssinica,Least Concern
Cecropis badia,Unknown
Cecropis cucullata,Least Concern
Cecropis daurica,Least Concern
Cecropis hyperythra,Least Concern
Cecropis melanocrissus,Unknown
Cecropis rufula,Unknown
Cecropis semirufa,Least Concern
Cecropis senegalensis,Least Concern
Petrochelidon ariel,Least Concern
Petrochelidon fluvicola,Least Concern
Petrochelidon fulva,Least Concern
Petrochelidon nigricans,Least Concern
Petrochelidon perdita,Data Deficient
Petrochelidon preussi,Least Concern
Petrochelidon pyrrhonota,Least Concern
Petrochelidon rufigula,Least Concern
Petrochelidon rufocollaris,Least Concern
Petrochelidon spilodera,Least Concern
Hylia prasina,Least Concern
Pholidornis rushiae,Least Concern
Leptopoecile elegans,Least Concern
Leptopoecile sophiae,Least Concern
Psaltriparus minimus,Least Concern
Aegithalos caudatus,Least Concern
Aegithalos concinnus,Least Concern
Aegithalos exilis,Unknown
Aegithalos fuliginosus,Least Concern
Aegithalos glaucogularis,Least Concern
Aegithalos iouschistos,Least Concern
Aegithalos leucogenys,Least Concern
Aegithalos niveogularis,Least Concern
Erythrocercus holochlorus,Least Concern
Erythrocercus livingstonei,Least Concern
Erythrocercus mccallii,Least Concern
Scotocerca inquieta,Least Concern
Hemitesia neumanni,Least Concern
Hemitesia pallidipes,Least Concern
Urosphena squameiceps,Least Concern
Urosphena subulata,Least Concern
Urosphena whiteheadi,Least Concern
Tesia cyaniventer,Least Concern
Tesia everetti,Least Concern
Tesia olivea,Least Concern
Tesia superciliaris,Least Concern
Cettia brunnifrons,Least Concern
Cettia castaneocoronata,Least Concern
Cettia cetti,Least Concern
Cettia major,Least Concern
Abroscopus albogularis,Least Concern
Abroscopus schisticeps,Least Concern
Abroscopus superciliaris,Least Concern
Phyllergates cucullatus,Least Concern
Phyllergates heterolaemus,Least Concern
Tickellia hodgsoni,Least Concern
Horornis acanthizoides,Least Concern
Horornis annae,Least Concern
Horornis brunnescens,Least Concern
Horornis canturians,Least Concern
Horornis carolinae,Near Threatened
Horornis diphone,Least Concern
Horornis flavolivaceus,Least Concern
Horornis fortipes,Least Concern
Horornis haddeni,Near Threatened
Horornis parens,Least Concern
Horornis ruficapilla,Least Concern
Horornis seebohmi,Least Concern
Phylloscopus affinis,Least Concern
Phylloscopus amoenus,Near Threatened
Phylloscopus armandii,Least Concern
Phylloscopus bonelli,Least Concern
Phylloscopus borealis,Least Concern
Phylloscopus borealoides,Least Concern
Phylloscopus budongoensis,Least Concern
Phylloscopus burkii,Least Concern
Phylloscopus calciatilis,Least Concern
Phylloscopus canariensis,Least Concern
Phylloscopus cantator,Least Concern
Phylloscopus castaniceps,Least Concern
Phylloscopus cebuensis,Least Concern
Phylloscopus chloronotus,Least Concern
Phylloscopus claudiae,Least Concern
Phylloscopus collybita,Least Concern
Phylloscopus coronatus,Least Concern
Phylloscopus emeiensis,Least Concern
Phylloscopus examinandus,Least Concern
Phylloscopus forresti,Least Concern
Phylloscopus fuligiventer,Least Concern
Phylloscopus fuscatus,Least Concern
Phylloscopus goodsoni,Least Concern
Phylloscopus grammiceps,Least Concern
Phylloscopus griseolus,Least Concern
Phylloscopus hainanus,Vulnerable
Phylloscopus herberti,Least Concern
Phylloscopus humei,Least Concern
Phylloscopus ibericus,Least Concern
Phylloscopus ijimae,Vulnerable
Phylloscopus inornatus,Least Concern
Phylloscopus intensior,Least Concern
Phylloscopus intermedius,Least Concern
Phylloscopus kansuensis,Least Concern
Phylloscopus laetus,Least Concern
Phylloscopus laurae,Least Concern
Phylloscopus maculipennis,Least Concern
Phylloscopus maforensis,Near Threatened
Phylloscopus magnirostris,Least Concern
Phylloscopus makirensis,Unknown
Phylloscopus misoriensis,Near Threatened
Phylloscopus montis,Least Concern
Phylloscopus neglectus,Least Concern
Phylloscopus nesophilus,Least Concern
Phylloscopus nigrorum,Unknown
Phylloscopus nitidus,Least Concern
Phylloscopus occipitalis,Least Concern
Phylloscopus ogilviegranti,Least Concern
Phylloscopus olivaceus,Least Concern
Phylloscopus omeiensis,Least Concern
Phylloscopus orientalis,Least Concern
Phylloscopus plumbeitarsus,Least Concern
Phylloscopus poliocephalus,Least Concern
Phylloscopus poliogenys,Least Concern
Phylloscopus presbytes,Least Concern
Phylloscopus proregulus,Least Concern
Phylloscopus pulcher,Least Concern
Phylloscopus reguloides,Least Concern
Phylloscopus ricketti,Least Concern
Phylloscopus rotiensis,Near Threatened
Phylloscopus ruficapilla,Least Concern
Phylloscopus sarasinorum,Near Threatened
Phylloscopus schwarzi,Least Concern
Phylloscopus sibilatrix,Least Concern
Phylloscopus sindianus,Least Concern
Phylloscopus soror,Least Concern
Phylloscopus subaffinis,Least Concern
Phylloscopus subviridis,Least Concern
Phylloscopus tenellipes,Least Concern
Phylloscopus tephrocephalus,Least Concern
Phylloscopus trivirgatus,Least Concern
Phylloscopus trochiloides,Least Concern
Phylloscopus trochilus,Least Concern
Phylloscopus tytleri,Least Concern
Phylloscopus umbrovirens,Least Concern
Phylloscopus valentini,Least Concern
Phylloscopus whistleri,Least Concern
Phylloscopus xanthodryas,Least Concern
Phylloscopus xanthoschistos,Least Concern
Phylloscopus yunnanensis,Least Concern
Andropadus importunus,Least Concern
Calyptocichla serinus,Least Concern
Stelgidillas gracilirostris,Least Concern
Neolestes torquatus,Least Concern
Bleda canicapillus,Least Concern
Bleda eximius,Near Threatened
Bleda notatus,Least Concern
Bleda syndactylus,Least Concern
Bleda ugandae,Least Concern
Arizelocichla chlorigula,Least Concern
Arizelocichla fusciceps,Least Concern
Arizelocichla kikuyuensis,Unknown
Arizelocichla masukuensis,Least Concern
Arizelocichla milanjensis,Near Threatened
Arizelocichla montana,Least Concern
Arizelocichla neumanni,Least Concern
Arizelocichla nigriceps,Least Concern
Arizelocichla striifacies,Least Concern
Arizelocichla tephrolaema,Least Concern
Ixonotus guttatus,Least Concern
Thescelocichla leucopleura,Least Concern
Atimastillas flavicollis,Least Concern
Atimastillas flavigula,Least Concern
Baeopogon clamans,Least Concern
Baeopogon indicator,Least Concern
Chlorocichla falkensteini,Least Concern
Chlorocichla flaviventris,Least Concern
Chlorocichla laetissima,Least Concern
Chlorocichla prigoginei,Endangered
Chlorocichla simplex,Least Concern
Criniger barbatus,Least Concern
Criniger calurus,Least Concern
Criniger chloronotus,Least Concern
Criniger ndussumensis,Least Concern
Criniger olivaceus,Vulnerable
Eurillas ansorgei,Least Concern
Eurillas curvirostris,Least Concern
Eurillas gracilis,Least Concern
Eurillas latirostris,Least Concern
Eurillas virens,Least Concern
Phyllastrephus albigula,Near Threatened
Phyllastrephus albigularis,Least Concern
Phyllastrephus baumanni,Least Concern
Phyllastrephus cabanisi,Least Concern
Phyllastrephus cerviniventris,Least Concern
Phyllastrephus debilis,Least Concern
Phyllastrephus fischeri,Least Concern
Phyllastrephus flavostriatus,Least Concern
Phyllastrephus fulviventris,Least Concern
Phyllastrephus hypochloris,Least Concern
Phyllastrephus icterinus,Least Concern
Phyllastrephus lorenzi,Least Concern
Phyllastrephus poensis,Least Concern
Phyllastrephus poliocephalus,Least Concern
Phyllastrephus scandens,Unknown
Phyllastrephus strepitans,Least Concern
Phyllastrephus terrestris,Least Concern
Phyllastrephus viridiceps,Near Threatened
Phyllastrephus xavieri,Least Concern
Microtarsus eutilotus,Near Threatened
Microtarsus fuscoflavescens,Least Concern
Microtarsus melanocephalos,Least Concern
Microtarsus melanoleucos,Near Threatened
Microtarsus nieuwenhuisii,Data Deficient
Microtarsus priocephalus,Near Threatened
Microtarsus urostictus,Unknown
Rubigula cyaniventris,Unknown
Rubigula dispar,Vulnerable
Rubigula erythropthalmos,Least Concern
Rubigula flaviventris,Least Concern
Rubigula gularis,Least Concern
Rubigula melanictera,Least Concern
Rubigula montis,Least Concern
Rubigula squamata,Near Threatened
Nok hualon,Least Concern
Spizixos canifrons,Least Concern
Spizixos semitorques,Least Concern
Pycnonotus aurigaster,Least Concern
Pycnonotus barbatus,Least Concern
Pycnonotus bimaculatus,Near Threatened
Pycnonotus blanfordi,Least Concern
Pycnonotus brunneus,Least Concern
Pycnonotus cafer,Least Concern
Pycnonotus capensis,Least Concern
Pycnonotus cinereifrons,Least Concern
Pycnonotus conradi,Unknown
Pycnonotus davisoni,Least Concern
Pycnonotus finlaysoni,Least Concern
Pycnonotus flavescens,Least Concern
Pycnonotus goiavier,Least Concern
Pycnonotus jocosus,Least Concern
Pycnonotus leucogenys,Least Concern
Pycnonotus leucops,Least Concern
Pycnonotus leucotis,Least Concern
Pycnonotus luteolus,Least Concern
Pycnonotus nigricans,Least Concern
Pycnonotus penicillatus,Least Concern
Pycnonotus plumosus,Least Concern
Pycnonotus pseudosimplex,Least Concern
Pycnonotus simplex,Least Concern
Pycnonotus sinensis,Least Concern
Pycnonotus snouckaerti,Endangered
Pycnonotus taivanus,Vulnerable
Pycnonotus tympanistrigus,Least Concern
Pycnonotus xantholaemus,Least Concern
Pycnonotus xanthopygos,Least Concern
Pycnonotus xanthorrhous,Least Concern
Pycnonotus zeylanicus,Critically Endangered
Tricholestes criniger,Least Concern
Setornis criniger,Vulnerable
Alophoixus bres,Endangered
Alophoixus flaveolus,Least Concern
Alophoixus frater,Least Concern
Alophoixus ochraceus,Least Concern
Alophoixus pallidus,Least Concern
Alophoixus phaeocephalus,Least Concern
Alophoixus ruficrissus,Least Concern
Alophoixus tephrogenys,Vulnerable
Alcurus striatus,Least Concern
Iole cacharensis,Unknown
Iole charlottae,Near Threatened
Iole crypta,Unknown
Iole finschii,Near Threatened
Iole palawanensis,Least Concern
Iole propinqua,Least Concern
Iole viridescens,Least Concern
Acritillas indica,Least Concern
Hemixos castanonotus,Least Concern
Hemixos cinereus,Least Concern
Hemixos flavala,Least Concern
Ixos leucogrammicus,Least Concern
Ixos malaccensis,Near Threatened
Ixos mcclellandii,Least Concern
Ixos sumatranus,Least Concern
Ixos virescens,Least Concern
Hypsipetes affinis,Least Concern
Hypsipetes amaurotis,Least Concern
Hypsipetes aureus,Least Concern
Hypsipetes borbonicus,Near Threatened
Hypsipetes catarmanensis,Near Threatened
Hypsipetes chloris,Least Concern
Hypsipetes crassirostris,Least Concern
Hypsipetes everetti,Least Concern
Hypsipetes ganeesa,Least Concern
Hypsipetes guimarasensis,Unknown
Hypsipetes harterti,Least Concern
Hypsipetes leucocephalus,Least Concern
Hypsipetes longirostris,Least Concern
Hypsipetes lucasi,Least Concern
Hypsipetes madagascariensis,Least Concern
Hypsipetes mindorensis,Unknown
Hypsipetes moheliensis,Endangered
Hypsipetes mysticalis,Least Concern
Hypsipetes nicobariensis,Near Threatened
Hypsipetes olivaceus,Vulnerable
Hypsipetes parvirostris,Near Threatened
Hypsipetes philippinus,Least Concern
Hypsipetes platenae,Critically Endangered
Hypsipetes rufigularis,Near Threatened
Hypsipetes siquijorensis,Endangered
Hypsipetes thompsoni,Least Concern
Sylvia abyssinica,Least Concern
Sylvia atricapilla,Least Concern
Sylvia atriceps,Least Concern
Sylvia borin,Least Concern
Sylvia dohrni,Least Concern
Sylvia galinieri,Least Concern
Sylvia nigricapillus,Vulnerable
Curruca balearica,Least Concern
Curruca boehmi,Least Concern
Curruca buryi,Near Threatened
Curruca cantillans,Least Concern
Curruca communis,Least Concern
Curruca conspicillata,Least Concern
Curruca crassirostris,Least Concern
Curruca curruca,Least Concern
Curruca deserti,Least Concern
Curruca deserticola,Least Concern
Curruca hortensis,Least Concern
Curruca iberiae,Unknown
Curruca layardi,Least Concern
Curruca leucomelaena,Least Concern
Curruca lugens,Least Concern
Curruca melanocephala,Least Concern
Curruca melanothorax,Least Concern
Curruca mystacea,Least Concern
Curruca nana,Least Concern
Curruca nisoria,Least Concern
Curruca ruppeli,Least Concern
Curruca sarda,Least Concern
Curruca subalpina,Least Concern
Curruca subcoerulea,Least Concern
Curruca undata,Near Threatened
Myzornis pyrrhoura,Least Concern
Moupinia poecilotis,Least Concern
Lioparus chrysotis,Least Concern
Chrysomma altirostre,Vulnerable
Chrysomma sinense,Least Concern
Rhopophilus albosuperciliaris,Least Concern
Rhopophilus pekinensis,Least Concern
Fulvetta cinereiceps,Least Concern
Fulvetta danisi,Least Concern
Fulvetta formosana,Least Concern
Fulvetta ludlowi,Least Concern
Fulvetta manipurensis,Least Concern
Fulvetta ruficapilla,Least Concern
Fulvetta striaticollis,Least Concern
Fulvetta vinipectus,Least Concern
Chamaea fasciata,Least Concern
Paradoxornis aemodius,Least Concern
Paradoxornis bakeri,Least Concern
Paradoxornis flavirostris,Vulnerable
Paradoxornis gularis,Least Concern
Paradoxornis guttaticollis,Least Concern
Paradoxornis heudei,Near Threatened
Paradoxornis margaritae,Vulnerable
Paradoxornis paradoxus,Least Concern
Paradoxornis ruficeps,Least Concern
Paradoxornis unicolor,Least Concern
Suthora alphonsiana,Least Concern
Suthora atrosuperciliaris,Least Concern
Suthora brunnea,Least Concern
Suthora conspicillata,Least Concern
Suthora davidiana,Least Concern
Suthora fulvifrons,Least Concern
Suthora nipalensis,Least Concern
Suthora przewalskii,Least Concern
Suthora ricketti,Least Concern
Suthora verreauxi,Least Concern
Suthora webbiana,Least Concern
Suthora zappeyi,Vulnerable
Parayuhina diademata,Least Concern
Staphida castaniceps,Least Concern
Staphida everetti,Least Concern
Staphida torqueola,Least Concern
Yuhina bakeri,Least Concern
Yuhina brunneiceps,Least Concern
Yuhina flavicollis,Least Concern
Yuhina gularis,Least Concern
Yuhina humilis,Least Concern
Yuhina nigrimenta,Least Concern
Yuhina occipitalis,Least Concern
Cleptornis marchei,Endangered
Apalopteron familiare,Least Concern
Dasycrotapha plateni,Near Threatened
Dasycrotapha pygmaea,Near Threatened
Dasycrotapha speciosa,Endangered
Sterrhoptilus affinis,Unknown
Sterrhoptilus capitalis,Least Concern
Sterrhoptilus dennistouni,Near Threatened
Sterrhoptilus nigrocapitatus,Least Concern
Zosterornis hypogrammicus,Least Concern
Zosterornis latistriatus,Least Concern
Zosterornis nigrorum,Endangered
Zosterornis striatus,Least Concern
Zosterornis whiteheadi,Least Concern
Megazosterops palauensis,Near Threatened
Heleia crassirostris,Least Concern
Heleia dohertyi,Least Concern
Heleia goodfellowi,Least Concern
Heleia javanica,Least Concern
Heleia muelleri,Least Concern
Heleia pinaiae,Least Concern
Heleia squamiceps,Least Concern
Heleia squamifrons,Least Concern
Heleia superciliaris,Least Concern
Heleia wallacei,Least Concern
Tephrozosterops stalkeri,Least Concern
Rukia longirostra,Near Threatened
Rukia ruki,Endangered
Zosterops abyssinicus,Least Concern
Zosterops albogularis,Extinct
Zosterops anderssoni,Unknown
Zosterops anomalus,Least Concern
Zosterops atricapilla,Least Concern
Zosterops atriceps,Least Concern
Zosterops atrifrons,Least Concern
Zosterops auriventer,Least Concern
Zosterops borbonicus,Least Concern
Zosterops brunneus,Vulnerable
Zosterops buruensis,Least Concern
Zosterops ceylonensis,Least Concern
Zosterops chloris,Least Concern
Zosterops chloronothos,Critically Endangered
Zosterops cinereus,Least Concern
Zosterops citrinella,Least Concern
Zosterops consobrinorum,Least Concern
Zosterops conspicillatus,Unknown
Zosterops dehaani,Near Threatened
Zosterops emiliae,Least Concern
Zosterops erythropleurus,Least Concern
Zosterops eurycricotus,Least Concern
Zosterops everetti,Least Concern
Zosterops explorator,Least Concern
Zosterops feae,Near Threatened
Zosterops ficedulinus,Endangered
Zosterops finschii,Least Concern
Zosterops flavifrons,Least Concern
Zosterops flavilateralis,Least Concern
Zosterops flavissimus,Least Concern
Zosterops flavus,Endangered
Zosterops fuscicapilla,Least Concern
Zosterops gibbsi,Least Concern
Zosterops grayi,Least Concern
Zosterops griseotinctus,Least Concern
Zosterops griseovirescens,Least Concern
Zosterops hamlini,Least Concern
Zosterops hypolais,Near Threatened
Zosterops hypoxanthus,Least Concern
Zosterops inornatus,Least Concern
Zosterops japonicus,Least Concern
Zosterops kaffensis,Least Concern
Zosterops kasaicus,Unknown
Zosterops kikuyuensis,Least Concern
Zosterops kirki,Least Concern
Zosterops kuehni,Least Concern
Zosterops kulambangrae,Least Concern
Zosterops lacertosus,Near Threatened
Zosterops lateralis,Least Concern
Zosterops leucophaeus,Least Concern
Zosterops lugubris,Least Concern
Zosterops luteirostris,Vulnerable
Zosterops luteus,Least Concern
Zosterops maderaspatanus,Least Concern
Zosterops mauritianus,Least Concern
Zosterops mayottensis,Least Concern
Zosterops mbuluensis,Least Concern
Zosterops meeki,Near Threatened
Zosterops melanocephalus,Vulnerable
Zosterops melanurus,Vulnerable
Zosterops meratusensis,Least Concern
Zosterops metcalfii,Least Concern
Zosterops meyeni,Least Concern
Zosterops minor,Least Concern
Zosterops minutus,Least Concern
Zosterops modestus,Vulnerable
Zosterops mouroniensis,Vulnerable
Zosterops murphyi,Least Concern
Zosterops mysorensis,Near Threatened
Zosterops natalis,Least Concern
Zosterops nehrkorni,Critically Endangered
Zosterops nigrorum,Least Concern
Zosterops novaeguineae,Least Concern
Zosterops oblitus,Unknown
Zosterops oleagineus,Near Threatened
Zosterops olivaceus,Least Concern
Zosterops pallidus,Least Concern
Zosterops palpebrosus,Least Concern
Zosterops paruhbesar,Endangered
Zosterops poliogastrus,Least Concern
Zosterops ponapensis,Least Concern
Zosterops rendovae,Least Concern
Zosterops rennellianus,Least Concern
Zosterops rotensis,Critically Endangered
Zosterops samoensis,Near Threatened
Zosterops sanctaecrucis,Least Concern
Zosterops semiflavus,Extinct
Zosterops semperi,Least Concern
Zosterops senegalensis,Least Concern
Zosterops silvanus,Vulnerable
Zosterops simplex,Least Concern
Zosterops socotranus,Unknown
Zosterops somadikartai,Near Threatened
Zosterops splendidus,Least Concern
Zosterops stalkeri,Least Concern
Zosterops stenocricotus,Unknown
Zosterops strenuus,Extinct
Zosterops stresemanni,Least Concern
Zosterops stuhlmanni,Unknown
Zosterops superciliosus,Least Concern
Zosterops tenuirostris,Vulnerable
Zosterops tetiparius,Least Concern
Zosterops uropygialis,Near Threatened
Zosterops vaughani,Least Concern
Zosterops vellalavella,Near Threatened
Zosterops virens,Least Concern
Zosterops winifredae,Near Threatened
Zosterops xanthochroa,Least Concern
Timalia pileata,Least Concern
Dumetia atriceps,Least Concern
Dumetia hyperythra,Least Concern
Mixornis bornensis,Least Concern
Mixornis flavicollis,Least Concern
Mixornis gularis,Least Concern
Mixornis kelleyi,Least Concern
Mixornis prillwitzi,Least Concern
Macronus ptilosus,Near Threatened
Macronus striaticeps,Least Concern
Cyanoderma bicolor,Least Concern
Cyanoderma chrysaeum,Least Concern
Cyanoderma erythropterum,Least Concern
Cyanoderma melanothorax,Least Concern
Cyanoderma pyrrhops,Least Concern
Cyanoderma ruficeps,Least Concern
Cyanoderma rufifrons,Least Concern
Spelaeornis badeigularis,Near Threatened
Spelaeornis caudatus,Least Concern
Spelaeornis chocolatinus,Vulnerable
Spelaeornis kinneari,Vulnerable
Spelaeornis longicaudatus,Near Threatened
Spelaeornis oatesi,Least Concern
Spelaeornis reptatus,Least Concern
Spelaeornis troglodytoides,Least Concern
Melanocichla calva,Least Concern
Melanocichla lugubris,Least Concern
Pomatorhinus bornensis,Least Concern
Pomatorhinus ferruginosus,Least Concern
Pomatorhinus horsfieldii,Least Concern
Pomatorhinus melanurus,Least Concern
Pomatorhinus montanus,Vulnerable
Pomatorhinus musicus,Least Concern
Pomatorhinus ochraceiceps,Least Concern
Pomatorhinus phayrei,Least Concern
Pomatorhinus ruficollis,Least Concern
Pomatorhinus schisticeps,Least Concern
Pomatorhinus superciliaris,Least Concern
Erythrogenys erythrocnemis,Least Concern
Erythrogenys erythrogenys,Least Concern
Erythrogenys gravivox,Least Concern
Erythrogenys hypoleucos,Least Concern
Erythrogenys imberbis,Unknown
Erythrogenys mcclellandi,Least Concern
Erythrogenys swinhoei,Least Concern
Stachyris grammiceps,Near Threatened
Stachyris herberti,Least Concern
Stachyris humei,Near Threatened
Stachyris leucotis,Near Threatened
Stachyris maculata,Near Threatened
Stachyris nigriceps,Least Concern
Stachyris nigricollis,Near Threatened
Stachyris nonggangensis,Vulnerable
Stachyris oglei,Near Threatened
Stachyris poliocephala,Least Concern
Stachyris roberti,Near Threatened
Stachyris strialata,Least Concern
Stachyris thoracica,Least Concern
Graminicola bengalensis,Near Threatened
Graminicola striatus,Near Threatened
Turdinus atrigularis,Near Threatened
Turdinus macrodactylus,Near Threatened
Turdinus marmoratus,Least Concern
Malacopteron affine,Near Threatened
Malacopteron albogulare,Near Threatened
Malacopteron cinereum,Least Concern
Malacopteron magnirostre,Least Concern
Malacopteron magnum,Near Threatened
Malacopteron palawanense,Near Threatened
Gampsorhynchus rufulus,Least Concern
Gampsorhynchus torquatus,Least Concern
Schoeniparus brunneus,Least Concern
Schoeniparus castaneceps,Least Concern
Schoeniparus cinereus,Least Concern
Schoeniparus dubius,Least Concern
Schoeniparus klossi,Least Concern
Schoeniparus rufogularis,Least Concern
Schoeniparus variegaticeps,Least Concern
Pellorneum albiventre,Least Concern
Pellorneum bicolor,Least Concern
Pellorneum buettikoferi,Near Threatened
Pellorneum capistratoides,Unknown
Pellorneum capistratum,Least Concern
Pellorneum celebense,Least Concern
Pellorneum cinereiceps,Least Concern
Pellorneum fuscocapillus,Least Concern
Pellorneum malaccense,Near Threatened
Pellorneum nigrocapitatum,Least Concern
Pellorneum palustre,Vulnerable
Pellorneum pyrrogenys,Least Concern
Pellorneum rostratum,Near Threatened
Pellorneum ruficeps,Least Concern
Pellorneum tickelli,Least Concern
Laticilla burnesii,Near Threatened
Laticilla cinerascens,Endangered
Illadopsis albipectus,Least Concern
Illadopsis cleaveri,Least Concern
Illadopsis distans,Least Concern
Illadopsis fulvescens,Least Concern
Illadopsis puveli,Least Concern
Illadopsis pyrrhoptera,Least Concern
Illadopsis rufescens,Near Threatened
Illadopsis rufipennis,Least Concern
Illadopsis turdina,Least Concern
Kenopia striata,Near Threatened
Ptilocichla falcata,Vulnerable
Ptilocichla leucogrammica,Vulnerable
Ptilocichla mindanensis,Least Concern
Napothera albostriata,Least Concern
Napothera danjoui,Near Threatened
Napothera epilepidota,Least Concern
Napothera malacoptila,Least Concern
Napothera naungmungensis,Near Threatened
Napothera pasquieri,Endangered
Malacocincla abbotti,Least Concern
Malacocincla perspicillata,Near Threatened
Malacocincla sepiaria,Least Concern
Gypsophila annamensis,Least Concern
Gypsophila brevicaudata,Least Concern
Gypsophila calcicola,Vulnerable
Gypsophila crassa,Least Concern
Gypsophila crispifrons,Least Concern
Gypsophila rufipectus,Least Concern
Alcippe brunneicauda,Near Threatened
Alcippe davidi,Unknown
Alcippe fratercula,Unknown
Alcippe grotei,Least Concern
Alcippe hueti,Unknown
Alcippe morrisonia,Least Concern
Alcippe nipalensis,Least Concern
Alcippe peracensis,Least Concern
Alcippe poioicephala,Least Concern
Alcippe pyrrhoptera,Least Concern
Grammatoptila striata,Least Concern
Laniellus albonotatus,Near Threatened
Laniellus langbianis,Near Threatened
Cutia legalleni,Near Threatened
Cutia nipalensis,Least Concern
Trochalopteron affine,Least Concern
Trochalopteron austeni,Least Concern
Trochalopteron chrysopterum,Least Concern
Trochalopteron elliotii,Least Concern
Trochalopteron erythrocephalum,Least Concern
Trochalopteron formosum,Least Concern
Trochalopteron henrici,Least Concern
Trochalopteron imbricatum,Least Concern
Trochalopteron lineatum,Least Concern
Trochalopteron melanostigma,Least Concern
Trochalopteron milnei,Least Concern
Trochalopteron morrisonianum,Least Concern
Trochalopteron ngoclinhense,Endangered
Trochalopteron peninsulae,Least Concern
Trochalopteron squamatum,Least Concern
Trochalopteron subunicolor,Least Concern
Trochalopteron variegatum,Least Concern
Trochalopteron virgatum,Least Concern
Trochalopteron yersini,Endangered
Montecincla cachinnans,Near Threatened
Montecincla fairbanki,Near Threatened
Montecincla jerdoni,Endangered
Montecincla meridionalis,Vulnerable
Heterophasia auricularis,Least Concern
Heterophasia capistrata,Least Concern
Heterophasia desgodinsi,Least Concern
Heterophasia gracilis,Least Concern
Heterophasia melanoleuca,Least Concern
Heterophasia picaoides,Least Concern
Heterophasia pulchella,Least Concern
Actinodura cyanouroptera,Least Concern
Actinodura egertoni,Least Concern
Actinodura morrisoniana,Least Concern
Actinodura nipalensis,Least Concern
Actinodura ramsayi,Least Concern
Actinodura sodangorum,Near Threatened
Actinodura souliei,Least Concern
Actinodura strigula,Least Concern
Actinodura waldeni,Least Concern
Leiothrix argentauris,Least Concern
Leiothrix lutea,Least Concern
Minla ignotincta,Least Concern
Leioptila annectens,Least Concern
Liocichla bugunorum,Critically Endangered
Liocichla omeiensis,Vulnerable
Liocichla phoenicea,Least Concern
Liocichla ripponi,Least Concern
Liocichla steerii,Least Concern
Argya affinis,Least Concern
Argya altirostris,Least Concern
Argya aylmeri,Least Concern
Argya caudata,Least Concern
Argya cinereifrons,Vulnerable
Argya earlei,Least Concern
Argya fulva,Least Concern
Argya gularis,Least Concern
Argya huttoni,Unknown
Argya longirostris,Vulnerable
Argya malcolmi,Least Concern
Argya rubiginosa,Least Concern
Argya rufescens,Least Concern
Argya squamiceps,Least Concern
Argya striata,Least Concern
Argya subrufa,Least Concern
Turdoides atripennis,Unknown
Turdoides bicolor,Least Concern
Turdoides chapini,Unknown
Turdoides gilberti,Unknown
Turdoides gymnogenys,Least Concern
Turdoides hartlaubii,Least Concern
Turdoides hindei,Vulnerable
Turdoides hypoleuca,Least Concern
Turdoides jardineii,Least Concern
Turdoides leucocephala,Least Concern
Turdoides leucopygia,Least Concern
Turdoides melanops,Least Concern
Turdoides nipalensis,Unknown
Turdoides plebejus,Least Concern
Turdoides reinwardtii,Least Concern
Turdoides rufocinctus,Unknown
Turdoides sharpei,Least Concern
Turdoides squamulata,Least Concern
Turdoides tenebrosa,Least Concern
Garrulax annamensis,Endangered
Garrulax bicolor,Endangered
Garrulax canorus,Least Concern
Garrulax castanotis,Least Concern
Garrulax ferrarius,Least Concern
Garrulax leucolophus,Least Concern
Garrulax maesi,Least Concern
Garrulax merulinus,Least Concern
Garrulax milleti,Least Concern
Garrulax monileger,Least Concern
Garrulax palliatus,Near Threatened
Garrulax rufifrons,Endangered
Garrulax strepitans,Least Concern
Garrulax taewanus,Near Threatened
Ianthocincla bieti,Vulnerable
Ianthocincla cineracea,Least Concern
Ianthocincla konkakinhensis,Near Threatened
Ianthocincla lunulata,Least Concern
Ianthocincla maxima,Least Concern
Ianthocincla ocellata,Least Concern
Ianthocincla rufogularis,Least Concern
Ianthocincla sukatschewi,Vulnerable
Pterorhinus albogularis,Least Concern
Pterorhinus berthemyi,Least Concern
Pterorhinus caerulatus,Least Concern
Pterorhinus chinensis,Least Concern
Pterorhinus courtoisi,Critically Endangered
Pterorhinus davidi,Least Concern
Pterorhinus delesserti,Least Concern
Pterorhinus galbanus,Least Concern
Pterorhinus gularis,Least Concern
Pterorhinus koslowi,Least Concern
Pterorhinus lanceolatus,Least Concern
Pterorhinus mitratus,Near Threatened
Pterorhinus nuchalis,Near Threatened
Pterorhinus pectoralis,Least Concern
Pterorhinus perspicillatus,Least Concern
Pterorhinus poecilorhynchus,Least Concern
Pterorhinus ruficeps,Least Concern
Pterorhinus ruficollis,Least Concern
Pterorhinus sannio,Least Concern
Pterorhinus treacheri,Least Concern
Pterorhinus vassali,Least Concern
Pterorhinus waddelli,Least Concern
Pterorhinus woodi,Least Concern
Dulus dominicus,Least Concern
Bombycilla cedrorum,Least Concern
Bombycilla garrulus,Least Concern
Bombycilla japonica,Near Threatened
Phainoptila melanoxantha,Least Concern
Phainopepla nitens,Least Concern
Ptiliogonys caudatus,Least Concern
Ptiliogonys cinereus,Least Concern
Hylocitrea bonensis,Least Concern
Hypocolius ampelinus,Least Concern
Chaetoptila angustipluma,Extinct
Moho apicalis,Extinct
Moho bishopi,Extinct
Moho braccatus,Extinct
Moho nobilis,Extinct
Corthylio calendula,Least Concern
Regulus goodfellowi,Least Concern
Regulus ignicapilla,Least Concern
Regulus madeirensis,Least Concern
Regulus regulus,Least Concern
Regulus satrapa,Least Concern
Tichodroma muraria,Least Concern
Sitta arctica,Least Concern
Sitta azurea,Least Concern
Sitta canadensis,Least Concern
Sitta carolinensis,Least Concern
Sitta cashmirensis,Least Concern
Sitta castanea,Least Concern
Sitta cinnamoventris,Least Concern
Sitta europaea,Least Concern
Sitta formosa,Vulnerable
Sitta frontalis,Least Concern
Sitta himalayensis,Least Concern
Sitta insularis,Critically Endangered
Sitta krueperi,Least Concern
Sitta ledanti,Endangered
Sitta leucopsis,Least Concern
Sitta magna,Endangered
Sitta nagaensis,Least Concern
Sitta neglecta,Least Concern
Sitta neumayer,Least Concern
Sitta oenochlamys,Least Concern
Sitta przewalskii,Least Concern
Sitta pusilla,Least Concern
Sitta pygmaea,Least Concern
Sitta solangiae,Near Threatened
Sitta tephronota,Least Concern
Sitta victoriae,Endangered
Sitta villosa,Least Concern
Sitta whiteheadi,Vulnerable
Sitta yunnanensis,Least Concern
Salpornis salvadori,Least Concern
Salpornis spilonota,Least Concern
Certhia americana,Least Concern
Certhia brachydactyla,Least Concern
Certhia discolor,Least Concern
Certhia familiaris,Least Concern
Certhia himalayana,Least Concern
Certhia hodgsoni,Least Concern
Certhia manipurensis,Least Concern
Certhia nipalensis,Least Concern
Certhia tianquanensis,Least Concern
Microbates cinereiventris,Least Concern
Microbates collaris,Least Concern
Ramphocaenus melanurus,Least Concern
Ramphocaenus sticturus,Unknown
Polioptila albiloris,Least Concern
Polioptila albiventris,Unknown
Polioptila bilineata,Unknown
Polioptila caerulea,Least Concern
Polioptila californica,Least Concern
Polioptila clementsi,Unknown
Polioptila dumicola,Least Concern
Polioptila guianensis,Least Concern
Polioptila lactea,Least Concern
Polioptila lembeyei,Least Concern
Polioptila maior,Least Concern
Polioptila melanura,Least Concern
Polioptila nigriceps,Least Concern
Polioptila paraensis,Unknown
Polioptila plumbea,Least Concern
Polioptila schistaceigula,Least Concern
Salpinctes obsoletus,Least Concern
Catherpes mexicanus,Least Concern
Hylorchilus navai,Vulnerable
Hylorchilus sumichrasti,Near Threatened
Microcerculus bambla,Least Concern
Microcerculus marginatus,Least Concern
Microcerculus philomela,Least Concern
Microcerculus ustulatus,Least Concern
Thryothorus ludovicianus,Least Concern
Thryomanes bewickii,Least Concern
Campylorhynchus albobrunneus,Least Concern
Campylorhynchus brunneicapillus,Least Concern
Campylorhynchus capistratus,Least Concern
Campylorhynchus chiapensis,Least Concern
Campylorhynchus fasciatus,Least Concern
Campylorhynchus griseus,Least Concern
Campylorhynchus gularis,Least Concern
Campylorhynchus humilis,Least Concern
Campylorhynchus jocosus,Least Concern
Campylorhynchus megalopterus,Least Concern
Campylorhynchus nuchalis,Least Concern
Campylorhynchus rufinucha,Least Concern
Campylorhynchus turdinus,Least Concern
Campylorhynchus yucatanicus,Near Threatened
Campylorhynchus zonatus,Least Concern
Cistothorus apolinari,Endangered
Cistothorus meridae,Least Concern
Cistothorus palustris,Least Concern
Cistothorus platensis,Least Concern
Cistothorus stellaris,Least Concern
Ferminia cerverai,Endangered
Thryorchilus browni,Least Concern
Troglodytes aedon,Least Concern
Troglodytes beani,Least Concern
Troglodytes cobbi,Least Concern
Troglodytes grenadensis,Unknown
Troglodytes hiemalis,Least Concern
Troglodytes martinicensis,Unknown
Troglodytes mesoleucus,Unknown
Troglodytes monticola,Critically Endangered
Troglodytes musculus,Unknown
Troglodytes musicus,Unknown
Troglodytes ochraceus,Least Concern
Troglodytes pacificus,Least Concern
Troglodytes rufociliatus,Least Concern
Troglodytes rufulus,Least Concern
Troglodytes sissonii,Near Threatened
Troglodytes solstitialis,Least Concern
Troglodytes tanneri,Vulnerable
Troglodytes troglodytes,Least Concern
Odontorchilus branickii,Least Concern
Odontorchilus cinereus,Least Concern
Uropsila leucogastra,Least Concern
Pheugopedius atrogularis,Least Concern
Pheugopedius coraya,Least Concern
Pheugopedius eisenmanni,Least Concern
Pheugopedius euophrys,Least Concern
Pheugopedius fasciatoventris,Least Concern
Pheugopedius felix,Least Concern
Pheugopedius genibarbis,Least Concern
Pheugopedius maculipectus,Least Concern
Pheugopedius mystacalis,Least Concern
Pheugopedius rutilus,Least Concern
Pheugopedius schulenbergi,Least Concern
Pheugopedius sclateri,Least Concern
Pheugopedius spadix,Least Concern
Cinnycerthia fulva,Least Concern
Cinnycerthia olivascens,Least Concern
Cinnycerthia peruana,Least Concern
Cinnycerthia unirufa,Least Concern
Cantorchilus elutus,Unknown
Cantorchilus griseus,Least Concern
Cantorchilus guarayanus,Least Concern
Cantorchilus leucopogon,Least Concern
Cantorchilus leucotis,Least Concern
Cantorchilus longirostris,Least Concern
Cantorchilus modestus,Least Concern
Cantorchilus nigricapillus,Least Concern
Cantorchilus semibadius,Least Concern
Cantorchilus superciliaris,Least Concern
Cantorchilus thoracicus,Least Concern
Cantorchilus zeledoni,Least Concern
Henicorhina anachoreta,Near Threatened
Henicorhina leucophrys,Least Concern
Henicorhina leucoptera,Least Concern
Henicorhina leucosticta,Least Concern
Henicorhina negreti,Vulnerable
Cyphorhinus arada,Least Concern
Cyphorhinus dichrous,Least Concern
Cyphorhinus phaeocephalus,Least Concern
Cyphorhinus thoracicus,Least Concern
Thryophilus nicefori,Critically Endangered
Thryophilus pleurostictus,Least Concern
Thryophilus rufalbus,Least Concern
Thryophilus sernai,Vulnerable
Thryophilus sinaloa,Least Concern
Elachura formosa,Least Concern
Buphagus africanus,Least Concern
Buphagus erythroryncha,Least Concern
Melanotis caerulescens,Least Concern
Melanotis hypoleucus,Least Concern
Melanoptila glabrirostris,Least Concern
Dumetella carolinensis,Least Concern
Ramphocinclus brachyurus,Endangered
Ramphocinclus sanctaeluciae,Unknown
Allenia fusca,Least Concern
Margarops fuscatus,Least Concern
Cinclocerthia gutturalis,Least Concern
Cinclocerthia ruficauda,Least Concern
Toxostoma bendirei,Vulnerable
Toxostoma cinereum,Least Concern
Toxostoma crissale,Least Concern
Toxostoma curvirostre,Least Concern
Toxostoma guttatum,Critically Endangered
Toxostoma lecontei,Least Concern
Toxostoma longirostre,Least Concern
Toxostoma ocellatum,Least Concern
Toxostoma redivivum,Least Concern
Toxostoma rufum,Least Concern
Oreoscoptes montanus,Least Concern
Mimus dorsalis,Least Concern
Mimus gilvus,Least Concern
Mimus graysoni,Critically Endangered
Mimus gundlachii,Least Concern
Mimus longicaudatus,Least Concern
Mimus macdonaldi,Vulnerable
Mimus melanotis,Near Threatened
Mimus parvulus,Least Concern
Mimus patagonicus,Least Concern
Mimus polyglottos,Least Concern
Mimus saturninus,Least Concern
Mimus thenca,Least Concern
Mimus trifasciatus,Endangered
Mimus triurus,Least Concern
Rhabdornis grandis,Least Concern
Rhabdornis inornatus,Least Concern
Rhabdornis mystacalis,Least Concern
Rhabdornis rabori,Least Concern
Enodes erythrophris,Least Concern
Scissirostrum dubium,Least Concern
Basilornis celebensis,Least Concern
Basilornis corythaix,Least Concern
Basilornis galeatus,Near Threatened
Goodfellowia miranda,Near Threatened
Sarcops calvus,Least Concern
Streptocitta albertinae,Near Threatened
Streptocitta albicollis,Least Concern
Mino anais,Least Concern
Mino dumontii,Least Concern
Mino kreffti,Least Concern
Ampeliceps coronatus,Least Concern
Gracula indica,Least Concern
Gracula ptilogenys,Near Threatened
Gracula religiosa,Least Concern
Gracula venerata,Endangered
Aplonis atrifusca,Least Concern
Aplonis brunneicapillus,Vulnerable
Aplonis cantoroides,Least Concern
Aplonis cinerascens,Near Threatened
Aplonis corvina,Extinct
Aplonis crassa,Near Threatened
Aplonis dichroa,Least Concern
Aplonis feadensis,Near Threatened
Aplonis fusca,Extinct
Aplonis grandis,Least Concern
Aplonis insularis,Least Concern
Aplonis magna,Least Concern
Aplonis mavornata,Extinct
Aplonis metallica,Least Concern
Aplonis minor,Least Concern
Aplonis mysolensis,Least Concern
Aplonis mystacea,Least Concern
Aplonis opaca,Least Concern
Aplonis panayensis,Least Concern
Aplonis pelzelni,Critically Endangered
Aplonis santovestris,Endangered
Aplonis striata,Least Concern
Aplonis tabuensis,Least Concern
Aplonis zelandica,Least Concern
Sturnus unicolor,Least Concern
Sturnus vulgaris,Least Concern
Creatophora cinerea,Least Concern
Pastor roseus,Least Concern
Agropsar philippensis,Least Concern
Agropsar sturninus,Least Concern
Gracupica contra,Least Concern
Gracupica floweri,Least Concern
Gracupica jalla,Critically Endangered
Gracupica nigricollis,Least Concern
Necropsar rodericanus,Extinct
Leucopsar rothschildi,Critically Endangered
Fregilupus varius,Extinct
Sturnornis albofrontatus,Vulnerable
Sturnia erythropygia,Least Concern
Sturnia malabarica,Least Concern
Sturnia pagodarum,Least Concern
Sturnia sinensis,Least Concern
Spodiopsar cineraceus,Least Concern
Spodiopsar sericeus,Least Concern
Acridotheres albocinctus,Least Concern
Acridotheres burmannicus,Least Concern
Acridotheres cinereus,Vulnerable
Acridotheres cristatellus,Least Concern
Acridotheres fuscus,Least Concern
Acridotheres ginginianus,Least Concern
Acridotheres grandis,Least Concern
Acridotheres javanicus,Vulnerable
Acridotheres leucocephalus,Least Concern
Acridotheres melanopterus,Endangered
Acridotheres tristis,Least Concern
Hartlaubius auratus,Least Concern
Cinnyricinclus leucogaster,Least Concern
Onychognathus albirostris,Least Concern
Onychognathus blythii,Least Concern
Onychognathus frater,Least Concern
Onychognathus fulgidus,Least Concern
Onychognathus morio,Least Concern
Onychognathus nabouroup,Least Concern
Onychognathus neumanni,Least Concern
Onychognathus salvadorii,Least Concern
Onychognathus tenuirostris,Least Concern
Onychognathus tristramii,Least Concern
Onychognathus walleri,Least Concern
Notopholia corusca,Least Concern
Hylopsar cupreocauda,Near Threatened
Hylopsar purpureiceps,Least Concern
Saroglossa spilopterus,Least Concern
Neocichla gutturalis,Least Concern
Speculipastor bicolor,Least Concern
Grafisia torquata,Least Concern
Pholia sharpii,Least Concern
Arizelopsar femoralis,Endangered
Poeoptera kenricki,Least Concern
Poeoptera lugubris,Least Concern
Poeoptera stuhlmanni,Least Concern
Lamprotornis acuticaudus,Least Concern
Lamprotornis albicapillus,Least Concern
Lamprotornis australis,Least Concern
Lamprotornis bicolor,Least Concern
Lamprotornis caudatus,Least Concern
Lamprotornis chalcurus,Least Concern
Lamprotornis chalybaeus,Least Concern
Lamprotornis chloropterus,Least Concern
Lamprotornis fischeri,Least Concern
Lamprotornis hildebrandti,Least Concern
Lamprotornis iris,Least Concern
Lamprotornis mevesii,Least Concern
Lamprotornis nitens,Least Concern
Lamprotornis ornatus,Least Concern
Lamprotornis pulcher,Least Concern
Lamprotornis purpureus,Least Concern
Lamprotornis purpuroptera,Least Concern
Lamprotornis regius,Least Concern
Lamprotornis shelleyi,Least Concern
Lamprotornis splendidus,Least Concern
Lamprotornis superbus,Least Concern
Lamprotornis unicolor,Least Concern
Cinclus cinclus,Least Concern
Cinclus leucocephalus,Least Concern
Cinclus mexicanus,Least Concern
Cinclus pallasii,Least Concern
Cinclus schulzii,Vulnerable
Grandala coelicolor,Least Concern
Sialia currucoides,Least Concern
Sialia mexicana,Least Concern
Sialia sialis,Least Concern
Pinarornis plumosus,Least Concern
Stizorhina finschi,Least Concern
Stizorhina fraseri,Least Concern
Neocossyphus poensis,Least Concern
Neocossyphus rufus,Least Concern
Myadestes coloratus,Near Threatened
Myadestes elisabeth,Near Threatened
Myadestes genibarbis,Least Concern
Myadestes lanaiensis,Critically Endangered
Myadestes melanops,Least Concern
Myadestes myadestinus,Extinct
Myadestes obscurus,Near Threatened
Myadestes occidentalis,Least Concern
Myadestes palmeri,Critically Endangered
Myadestes ralloides,Least Concern
Myadestes townsendi,Least Concern
Myadestes unicolor,Least Concern
Myadestes woahensis,Extinct
Zoothera andromedae,Least Concern
Zoothera atrigena,Unknown
Zoothera aurea,Least Concern
Zoothera dauma,Least Concern
Zoothera dixoni,Least Concern
Zoothera everetti,Near Threatened
Zoothera griseiceps,Least Concern
Zoothera heinei,Least Concern
Zoothera heinrichi,Least Concern
Zoothera imbricata,Unknown
Zoothera lunulata,Least Concern
Zoothera machiki,Near Threatened
Zoothera major,Least Concern
Zoothera margaretae,Near Threatened
Zoothera marginata,Least Concern
Zoothera mollissima,Least Concern
Zoothera monticola,Least Concern
Zoothera neilgherriensis,Unknown
Zoothera salimalii,Least Concern
Zoothera talaseae,Least Concern
Zoothera terrestris,Extinct
Zoothera turipavae,Near Threatened
Chlamydochaera jefferyi,Least Concern
Cochoa azurea,Vulnerable
Cochoa beccarii,Least Concern
Cochoa purpurea,Least Concern
Cochoa viridis,Least Concern
Ixoreus naevius,Least Concern
Cichlopsis leucogenys,Endangered
Entomodestes coracinus,Least Concern
Entomodestes leucotis,Least Concern
Hylocichla mustelina,Least Concern
Ridgwayia pinicola,Least Concern
Catharus aurantiirostris,Least Concern
Catharus bicknelli,Vulnerable
Catharus dryas,Least Concern
Catharus frantzii,Least Concern
Catharus fuscater,Least Concern
Catharus fuscescens,Least Concern
Catharus gracilirostris,Least Concern
Catharus guttatus,Least Concern
Catharus maculatus,Least Concern
Catharus mexicanus,Least Concern
Catharus minimus,Least Concern
Catharus occidentalis,Least Concern
Catharus ustulatus,Least Concern
Geokichla camaronensis,Least Concern
Geokichla cinerea,Vulnerable
Geokichla citrina,Least Concern
Geokichla crossleyi,Least Concern
Geokichla dohertyi,Near Threatened
Geokichla dumasi,Near Threatened
Geokichla erythronota,Near Threatened
Geokichla gurneyi,Least Concern
Geokichla guttata,Vulnerable
Geokichla interpres,Endangered
Geokichla joiceyi,Near Threatened
Geokichla leucolaema,Near Threatened
Geokichla mendeni,Near Threatened
Geokichla oberlaenderi,Near Threatened
Geokichla peronii,Near Threatened
Geokichla piaggiae,Least Concern
Geokichla princei,Least Concern
Geokichla schistacea,Near Threatened
Geokichla sibirica,Least Concern
Geokichla spiloptera,Near Threatened
Geokichla wardii,Least Concern
Turdus abyssinicus,Least Concern
Turdus albicollis,Least Concern
Turdus albocinctus,Least Concern
Turdus amaurochalinus,Least Concern
Turdus ardosiaceus,Unknown
Turdus arthuri,Least Concern
Turdus assimilis,Least Concern
Turdus atrogularis,Least Concern
Turdus aurantius,Least Concern
Turdus bewsheri,Near Threatened
Turdus bougainvillei,Unknown
Turdus boulboul,Least Concern
Turdus cardis,Least Concern
Turdus celaenops,Vulnerable
Turdus chiguanco,Least Concern
Turdus chrysolaus,Least Concern
Turdus daguae,Unknown
Turdus deningeri,Unknown
Turdus dissimilis,Least Concern
Turdus eremita,Near Threatened
Turdus erythropleurus,Unknown
Turdus eunomus,Least Concern
Turdus falcklandii,Least Concern
Turdus feae,Vulnerable
Turdus flavipes,Least Concern
Turdus fulviventris,Least Concern
Turdus fumigatus,Least Concern
Turdus fuscater,Least Concern
Turdus grayi,Least Concern
Turdus haplochrous,Near Threatened
Turdus hauxwelli,Least Concern
Turdus heinrothi,Unknown
Turdus helleri,Endangered
Turdus hortulorum,Least Concern
Turdus ignobilis,Least Concern
Turdus iliacus,Near Threatened
Turdus infuscatus,Least Concern
Turdus jamaicensis,Least Concern
Turdus javanicus,Unknown
Turdus kessleri,Least Concern
Turdus kulambangrae,Unknown
Turdus lawrencii,Least Concern
Turdus leucomelas,Least Concern
Turdus leucops,Least Concern
Turdus lherminieri,Near Threatened
Turdus libonyana,Least Concern
Turdus litsitsirupa,Unknown
Turdus ludoviciae,Least Concern
Turdus maculirostris,Least Concern
Turdus mandarinus,Least Concern
Turdus maranonicus,Least Concern
Turdus maximus,Least Concern
Turdus menachensis,Near Threatened
Turdus merula,Least Concern
Turdus migratorius,Least Concern
Turdus mindorensis,Unknown
Turdus mupinensis,Least Concern
Turdus murinus,Unknown
Turdus naumanni,Least Concern
Turdus nigrescens,Least Concern
Turdus nigriceps,Least Concern
Turdus nigrorum,Unknown
Turdus niveiceps,Least Concern
Turdus nudigenis,Least Concern
Turdus obscurus,Least Concern
Turdus obsoletus,Least Concern
Turdus olivaceofuscus,Least Concern
Turdus olivaceus,Least Concern
Turdus olivater,Least Concern
Turdus pallidus,Least Concern
Turdus papuensis,Unknown
Turdus pelios,Least Concern
Turdus philomelos,Least Concern
Turdus pilaris,Least Concern
Turdus plebejus,Least Concern
Turdus plumbeus,Least Concern
Turdus poliocephalus,Least Concern
Turdus pritzbueri,Unknown
Turdus ravidus,Extinct
Turdus reevei,Least Concern
Turdus roehli,Near Threatened
Turdus rubrocanus,Least Concern
Turdus ruficeps,Unknown
Turdus ruficollis,Least Concern
Turdus rufitorques,Least Concern
Turdus rufiventris,Least Concern
Turdus rufopalliatus,Least Concern
Turdus samoensis,Unknown
Turdus sanchezorum,Least Concern
Turdus schlegelii,Unknown
Turdus serranus,Least Concern
Turdus simensis,Unknown
Turdus simillimus,Least Concern
Turdus smithi,Least Concern
Turdus subalaris,Least Concern
Turdus swalesi,Vulnerable
Turdus tephronotus,Least Concern
Turdus thomassoni,Unknown
Turdus torquatus,Least Concern
Turdus turdoides,Least Concern
Turdus unicolor,Least Concern
Turdus vanikorensis,Unknown
Turdus viscivorus,Least Concern
Turdus xanthopus,Unknown
Turdus xanthorhynchus,Critically Endangered
Alethe castanea,Least Concern
Alethe diademata,Least Concern
Tychaedon barbata,Least Concern
Tychaedon coryphoeus,Least Concern
Tychaedon leucosticta,Least Concern
Tychaedon quadrivirgata,Least Concern
Tychaedon signata,Least Concern
Cercotrichas galactotes,Least Concern
Cercotrichas hartlaubi,Least Concern
Cercotrichas leucophrys,Least Concern
Cercotrichas paena,Least Concern
Cercotrichas podobe,Least Concern
Copsychus albiventris,Least Concern
Copsychus albospecularis,Least Concern
Copsychus barbouri,Unknown
Copsychus cebuensis,Least Concern
Copsychus fulicatus,Least Concern
Copsychus leggei,Unknown
Copsychus luzoniensis,Least Concern
Copsychus malabaricus,Least Concern
Copsychus mindanensis,Least Concern
Copsychus niger,Least Concern
Copsychus nigricauda,Unknown
Copsychus omissus,Unknown
Copsychus pyrropygus,Near Threatened
Copsychus saularis,Least Concern
Copsychus sechellarum,Endangered
Copsychus stricklandii,Unknown
Copsychus superciliaris,Least Concern
Agricola infuscatus,Least Concern
Agricola pallidus,Least Concern
Fraseria caerulescens,Least Concern
Fraseria cinerascens,Least Concern
Fraseria griseigularis,Least Concern
Fraseria lendu,Vulnerable
Fraseria ocreata,Least Concern
Fraseria olivascens,Least Concern
Fraseria plumbea,Least Concern
Fraseria tessmanni,Least Concern
Namibornis herero,Least Concern
Empidornis semipartitus,Least Concern
Sigelus silens,Least Concern
Melaenornis annamarulae,Vulnerable
Melaenornis ardesiacus,Least Concern
Melaenornis brunneus,Least Concern
Melaenornis chocolatinus,Least Concern
Melaenornis edolioides,Least Concern
Melaenornis fischeri,Least Concern
Melaenornis pammelaina,Least Concern
Myopornis boehmi,Least Concern
Artomyias fuliginosa,Least Concern
Artomyias ussheri,Least Concern
Bradornis comitatus,Least Concern
Bradornis mariquensis,Least Concern
Bradornis microrhynchus,Least Concern
Humblotia flavirostris,Vulnerable
Muscicapa adusta,Least Concern
Muscicapa aquatica,Least Concern
Muscicapa cassini,Least Concern
Muscicapa dauurica,Least Concern
Muscicapa epulata,Least Concern
Muscicapa ferruginea,Least Concern
Muscicapa gambagae,Least Concern
Muscicapa griseisticta,Least Concern
Muscicapa muttui,Least Concern
Muscicapa randi,Vulnerable
Muscicapa segregata,Near Threatened
Muscicapa sethsmithi,Least Concern
Muscicapa sibirica,Least Concern
Muscicapa sodhii,Unknown
Muscicapa striata,Least Concern
Muscicapa williamsoni,Unknown
Leucoptilon concretum,Least Concern
Sholicola albiventris,Near Threatened
Sholicola major,Near Threatened
Niltava davidi,Least Concern
Niltava grandis,Least Concern
Niltava macgrigoriae,Least Concern
Niltava oatesi,Least Concern
Niltava sumatrana,Least Concern
Niltava sundara,Least Concern
Niltava vivida,Least Concern
Cyanoptila cumatilis,Near Threatened
Cyanoptila cyanomelana,Least Concern
Eumyias additus,Near Threatened
Eumyias albicaudatus,Least Concern
Eumyias hoevelli,Least Concern
Eumyias hyacinthinus,Least Concern
Eumyias indigo,Least Concern
Eumyias oscillans,Least Concern
Eumyias panayensis,Least Concern
Eumyias sanfordi,Least Concern
Eumyias sordidus,Near Threatened
Eumyias stresemanni,Least Concern
Eumyias thalassinus,Least Concern
Anthipes monileger,Least Concern
Anthipes solitaris,Least Concern
Cyornis banyumas,Critically Endangered
Cyornis brunneatus,Vulnerable
Cyornis caerulatus,Vulnerable
Cyornis camarinensis,Vulnerable
Cyornis colonus,Near Threatened
Cyornis glaucicomans,Least Concern
Cyornis hainanus,Least Concern
Cyornis herioti,Near Threatened
Cyornis kadayangensis,Near Threatened
Cyornis kalaoensis,Unknown
Cyornis lemprieri,Near Threatened
Cyornis magnirostris,Near Threatened
Cyornis montanus,Least Concern
Cyornis nicobaricus,Near Threatened
Cyornis ocularis,Unknown
Cyornis olivaceus,Least Concern
Cyornis omissus,Least Concern
Cyornis pallidipes,Least Concern
Cyornis pelingensis,Near Threatened
Cyornis poliogenys,Least Concern
Cyornis rubeculoides,Least Concern
Cyornis ruckii,Critically Endangered
Cyornis ruficauda,Least Concern
Cyornis ruficrissa,Unknown
Cyornis rufigastra,Least Concern
Cyornis sumatrensis,Least Concern
Cyornis superbus,Least Concern
Cyornis tickelliae,Least Concern
Cyornis turcosus,Near Threatened
Cyornis umbratilis,Near Threatened
Cyornis unicolor,Least Concern
Cyornis whitei,Least Concern
Erithacus rubecula,Least Concern
Swynnertonia swynnertoni,Vulnerable
Pogonocichla stellata,Least Concern
Stiphrornis erythrothorax,Least Concern
Stiphrornis mabirae,Unknown
Stiphrornis pyrrholaemus,Unknown
Cossyphicula isabellae,Least Concern
Cossyphicula roberti,Least Concern
Chamaetylas choloensis,Vulnerable
Chamaetylas fuelleborni,Least Concern
Chamaetylas poliocephala,Least Concern
Chamaetylas poliophrys,Least Concern
Cossypha albicapillus,Least Concern
Cossypha cyanocampter,Least Concern
Cossypha dichroa,Least Concern
Cossypha heinrichi,Least Concern
Cossypha heuglini,Least Concern
Cossypha natalensis,Least Concern
Cossypha niveicapilla,Least Concern
Cossypha semirufa,Least Concern
Cichladusa arquata,Least Concern
Cichladusa guttata,Least Concern
Cichladusa ruficauda,Least Concern
Xenocopsychus ansorgei,Least Concern
Dessonornis anomalus,Near Threatened
Dessonornis archeri,Least Concern
Dessonornis caffer,Least Concern
Dessonornis humeralis,Least Concern
Sheppardia aequatorialis,Least Concern
Sheppardia aurantiithorax,Endangered
Sheppardia bocagei,Least Concern
Sheppardia cyornithopsis,Least Concern
Sheppardia gabela,Endangered
Sheppardia gunningi,Near Threatened
Sheppardia lowei,Vulnerable
Sheppardia montana,Endangered
Sheppardia poensis,Least Concern
Sheppardia polioptera,Least Concern
Sheppardia sharpei,Least Concern
Irania gutturalis,Least Concern
Luscinia luscinia,Least Concern
Luscinia megarhynchos,Least Concern
Luscinia phaenicuroides,Least Concern
Luscinia svecica,Least Concern
Calliope calliope,Least Concern
Calliope obscura,Vulnerable
Calliope pectardens,Near Threatened
Calliope pectoralis,Least Concern
Calliope tschebaiewi,Least Concern
Myiomela diana,Least Concern
Myiomela leucura,Least Concern
Myiomela sumatrana,Unknown
Enicurus borneensis,Unknown
Enicurus immaculatus,Least Concern
Enicurus leschenaulti,Least Concern
Enicurus maculatus,Least Concern
Enicurus ruficapillus,Near Threatened
Enicurus schistaceus,Least Concern
Enicurus scouleri,Least Concern
Enicurus velatus,Least Concern
Cinclidium frontale,Least Concern
Myophonus blighi,Endangered
Myophonus borneensis,Least Concern
Myophonus caeruleus,Least Concern
Myophonus castaneus,Least Concern
Myophonus glaucinus,Least Concern
Myophonus horsfieldii,Least Concern
Myophonus insularis,Least Concern
Myophonus melanurus,Least Concern
Myophonus robinsoni,Near Threatened
Heinrichia calligyna,Least Concern
Leonardina woodi,Least Concern
Vauriella albigularis,Endangered
Vauriella goodfellowi,Near Threatened
Vauriella gularis,Least Concern
Vauriella insignis,Least Concern
Larvivora akahige,Least Concern
Larvivora brunnea,Least Concern
Larvivora cyane,Least Concern
Larvivora komadori,Near Threatened
Larvivora namiyei,Near Threatened
Larvivora ruficeps,Endangered
Larvivora sibilans,Least Concern
Larvivora tanensis,Vulnerable
Brachypteryx cruralis,Least Concern
Brachypteryx erythrogyna,Least Concern
Brachypteryx floris,Least Concern
Brachypteryx goodfellowi,Least Concern
Brachypteryx hyperythra,Near Threatened
Brachypteryx leucophris,Least Concern
Brachypteryx montana,Least Concern
Brachypteryx poliogyna,Least Concern
Brachypteryx saturata,Least Concern
Brachypteryx sinensis,Least Concern
Ficedula albicilla,Least Concern
Ficedula albicollis,Least Concern
Ficedula basilanica,Vulnerable
Ficedula bonthaina,Endangered
Ficedula buruensis,Least Concern
Ficedula crypta,Least Concern
Ficedula disposita,Least Concern
Ficedula dumetoria,Least Concern
Ficedula elisae,Least Concern
Ficedula erithacus,Least Concern
Ficedula harterti,Least Concern
Ficedula henrici,Near Threatened
Ficedula hodgsoni,Least Concern
Ficedula hyperythra,Least Concern
Ficedula hypoleuca,Least Concern
Ficedula luzoniensis,Least Concern
Ficedula mugimaki,Least Concern
Ficedula narcissina,Least Concern
Ficedula nigrorufa,Least Concern
Ficedula owstoni,Least Concern
Ficedula parva,Least Concern
Ficedula platenae,Vulnerable
Ficedula riedeli,Near Threatened
Ficedula ruficauda,Least Concern
Ficedula rufigula,Near Threatened
Ficedula sapphira,Least Concern
Ficedula semitorquata,Least Concern
Ficedula speculigera,Unknown
Ficedula strophiata,Least Concern
Ficedula subrubra,Vulnerable
Ficedula superciliaris,Least Concern
Ficedula timorensis,Least Concern
Ficedula tricolor,Least Concern
Ficedula westermanni,Least Concern
Ficedula zanthopygia,Least Concern
Tarsiger albocoeruleus,Unknown
Tarsiger chrysaeus,Least Concern
Tarsiger cyanurus,Least Concern
Tarsiger formosanus,Unknown
Tarsiger hyperythrus,Least Concern
Tarsiger indicus,Least Concern
Tarsiger johnstoniae,Least Concern
Tarsiger rufilatus,Least Concern
Heteroxenicus stellatus,Least Concern
Phoenicurus alaschanicus,Near Threatened
Phoenicurus auroreus,Least Concern
Phoenicurus bicolor,Near Threatened
Phoenicurus coeruleocephala,Least Concern
Phoenicurus erythrogastrus,Least Concern
Phoenicurus erythronotus,Least Concern
Phoenicurus frontalis,Least Concern
Phoenicurus fuliginosus,Least Concern
Phoenicurus hodgsoni,Least Concern
Phoenicurus leucocephalus,Least Concern
Phoenicurus moussieri,Least Concern
Phoenicurus ochruros,Least Concern
Phoenicurus phoenicurus,Least Concern
Phoenicurus schisticeps,Least Concern
Monticola angolensis,Least Concern
Monticola brevipes,Least Concern
Monticola cinclorhyncha,Least Concern
Monticola erythronotus,Endangered
Monticola explorator,Near Threatened
Monticola gularis,Least Concern
Monticola imerina,Least Concern
Monticola rufiventris,Least Concern
Monticola rufocinereus,Least Concern
Monticola rupestris,Least Concern
Monticola saxatilis,Least Concern
Monticola semirufus,Least Concern
Monticola sharpei,Least Concern
Monticola solitarius,Least Concern
Saxicola caprata,Least Concern
Saxicola dacotiae,Near Threatened
Saxicola ferreus,Least Concern
Saxicola gutturalis,Least Concern
Saxicola insignis,Vulnerable
Saxicola jerdoni,Least Concern
Saxicola leucurus,Least Concern
Saxicola macrorhynchus,Vulnerable
Saxicola maurus,Least Concern
Saxicola rubetra,Least Concern
Saxicola rubicola,Unknown
Saxicola tectes,Least Concern
Saxicola torquatus,Least Concern
Campicoloides bifasciatus,Least Concern
Emarginata schlegelii,Least Concern
Emarginata sinuata,Least Concern
Emarginata tractrac,Least Concern
Pinarochroa sordida,Least Concern
Thamnolaea cinnamomeiventris,Least Concern
Myrmecocichla aethiops,Least Concern
Myrmecocichla arnotti,Least Concern
Myrmecocichla formicivora,Least Concern
Myrmecocichla melaena,Least Concern
Myrmecocichla monticola,Least Concern
Myrmecocichla nigra,Least Concern
Myrmecocichla tholloni,Least Concern
Oenanthe albifrons,Least Concern
Oenanthe albonigra,Least Concern
Oenanthe bottae,Least Concern
Oenanthe chrysopygia,Least Concern
Oenanthe cypriaca,Least Concern
Oenanthe deserti,Least Concern
Oenanthe dubia,Data Deficient
Oenanthe familiaris,Least Concern
Oenanthe finschii,Least Concern
Oenanthe frenata,Least Concern
Oenanthe fusca,Least Concern
Oenanthe heuglinii,Least Concern
Oenanthe hispanica,Least Concern
Oenanthe isabellina,Least Concern
Oenanthe leucopyga,Least Concern
Oenanthe leucura,Least Concern
Oenanthe lugens,Least Concern
Oenanthe lugentoides,Least Concern
Oenanthe lugubris,Least Concern
Oenanthe melanoleuca,Unknown
Oenanthe melanura,Least Concern
Oenanthe moesta,Least Concern
Oenanthe monacha,Least Concern
Oenanthe oenanthe,Least Concern
Oenanthe phillipsi,Least Concern
Oenanthe picata,Least Concern
Oenanthe pileata,Least Concern
Oenanthe pleschanka,Least Concern
Oenanthe scotocerca,Least Concern
Oenanthe seebohmi,Least Concern
Oenanthe xanthoprymna,Least Concern
Promerops cafer,Least Concern
Promerops gurneyi,Near Threatened
Modulatrix stictigula,Least Concern
Kakamega poliothorax,Least Concern
Arcanator orostruthus,Near Threatened
Prionochilus maculatus,Least Concern
Prionochilus percussus,Least Concern
Prionochilus plateni,Least Concern
Prionochilus thoracicus,Near Threatened
Prionochilus xanthopygius,Least Concern
Pachyglossa agilis,Least Concern
Pachyglossa chrysorrhea,Least Concern
Pachyglossa everetti,Near Threatened
Pachyglossa melanozantha,Least Concern
Pachyglossa olivacea,Least Concern
Pachyglossa propria,Least Concern
Pachyglossa vincens,Near Threatened
Dicaeum aeneum,Least Concern
Dicaeum annae,Least Concern
Dicaeum anthonyi,Least Concern
Dicaeum aureolimbatum,Least Concern
Dicaeum australe,Least Concern
Dicaeum beccarii,Least Concern
Dicaeum bicolor,Least Concern
Dicaeum cambodianum,Least Concern
Dicaeum celebicum,Least Concern
Dicaeum concolor,Least Concern
Dicaeum cruentatum,Least Concern
Dicaeum dayakorum,Data Deficient
Dicaeum erythrorhynchos,Least Concern
Dicaeum erythrothorax,Least Concern
Dicaeum eximium,Least Concern
Dicaeum geelvinkianum,Least Concern
Dicaeum haematostictum,Least Concern
Dicaeum hanieli,Least Concern
Dicaeum hirundinaceum,Least Concern
Dicaeum hypoleucum,Least Concern
Dicaeum igniferum,Least Concern
Dicaeum ignipectus,Least Concern
Dicaeum kampalili,Least Concern
Dicaeum keiense,Least Concern
Dicaeum luzoniense,Least Concern
Dicaeum maugei,Least Concern
Dicaeum minullum,Least Concern
Dicaeum monticolum,Least Concern
Dicaeum nehrkorni,Least Concern
Dicaeum nigrilore,Least Concern
Dicaeum nitidum,Least Concern
Dicaeum pectorale,Least Concern
Dicaeum pygmaeum,Least Concern
Dicaeum quadricolor,Critically Endangered
Dicaeum retrocinctum,Near Threatened
Dicaeum rhodopygiale,Least Concern
Dicaeum sanguinolentum,Least Concern
Dicaeum schistaceiceps,Least Concern
Dicaeum trigonostigma,Least Concern
Dicaeum tristrami,Least Concern
Dicaeum trochileum,Least Concern
Dicaeum virescens,Unknown
Dicaeum vulneratum,Least Concern
Dicaeum wilhelminae,Least Concern
Kurochkinegramma hypogrammicum,Least Concern
Arachnothera affinis,Least Concern
Arachnothera chrysogenys,Least Concern
Arachnothera clarae,Least Concern
Arachnothera crassirostris,Least Concern
Arachnothera dilutior,Least Concern
Arachnothera everetti,Unknown
Arachnothera flammifera,Least Concern
Arachnothera flavigaster,Least Concern
Arachnothera juliae,Least Concern
Arachnothera longirostra,Least Concern
Arachnothera magna,Least Concern
Arachnothera modesta,Least Concern
Arachnothera robusta,Least Concern
Chalcoparia singalensis,Least Concern
Anthreptes anchietae,Least Concern
Anthreptes aurantius,Least Concern
Anthreptes gabonicus,Least Concern
Anthreptes griseigularis,Least Concern
Anthreptes longuemarei,Least Concern
Anthreptes malacensis,Least Concern
Anthreptes neglectus,Least Concern
Anthreptes orientalis,Least Concern
Anthreptes rectirostris,Least Concern
Anthreptes reichenowi,Near Threatened
Anthreptes rhodolaemus,Near Threatened
Anthreptes rubritorques,Vulnerable
Anthreptes seimundi,Least Concern
Anthreptes simplex,Least Concern
Anthreptes tephrolaemus,Least Concern
Leptocoma aspasia,Least Concern
Leptocoma brasiliana,Least Concern
Leptocoma calcostetha,Least Concern
Leptocoma minima,Least Concern
Leptocoma sperata,Least Concern
Leptocoma zeylonica,Least Concern
Aethopyga bella,Least Concern
Aethopyga boltoni,Least Concern
Aethopyga christinae,Least Concern
Aethopyga duyvenbodei,Endangered
Aethopyga eximia,Least Concern
Aethopyga flagrans,Least Concern
Aethopyga gouldiae,Least Concern
Aethopyga guimarasensis,Least Concern
Aethopyga ignicauda,Least Concern
Aethopyga linaraborae,Near Threatened
Aethopyga magnifica,Least Concern
Aethopyga mystacalis,Least Concern
Aethopyga nipalensis,Least Concern
Aethopyga primigenia,Least Concern
Aethopyga pulcherrima,Least Concern
Aethopyga saturata,Least Concern
Aethopyga shelleyi,Least Concern
Aethopyga siparaja,Least Concern
Aethopyga temminckii,Least Concern
Aethopyga tibolii,Unknown
Aethopyga vigorsii,Least Concern
Hedydipna collaris,Least Concern
Hedydipna metallica,Least Concern
Hedydipna pallidigaster,Endangered
Hedydipna platura,Least Concern
Anabathmis hartlaubii,Least Concern
Anabathmis newtonii,Least Concern
Anabathmis reichenbachii,Least Concern
Anthobaphes violacea,Least Concern
Cyanomitra alinae,Least Concern
Cyanomitra bannermani,Least Concern
Cyanomitra cyanolaema,Least Concern
Cyanomitra olivacea,Least Concern
Cyanomitra oritis,Least Concern
Cyanomitra veroxii,Least Concern
Cyanomitra verticalis,Least Concern
Deleornis axillaris,Least Concern
Deleornis fraseri,Least Concern
Dreptes thomensis,Vulnerable
Nectarinia bocagii,Least Concern
Nectarinia famosa,Least Concern
Nectarinia johnstoni,Least Concern
Nectarinia kilimensis,Least Concern
Nectarinia purpureiventris,Least Concern
Nectarinia tacazze,Least Concern
Drepanorhynchus reichenowi,Least Concern
Chalcomitra adelberti,Least Concern
Chalcomitra amethystina,Least Concern
Chalcomitra balfouri,Least Concern
Chalcomitra fuliginosa,Least Concern
Chalcomitra hunteri,Least Concern
Chalcomitra rubescens,Least Concern
Chalcomitra senegalensis,Least Concern
Cinnyris afer,Least Concern
Cinnyris asiaticus,Least Concern
Cinnyris aurora,Unknown
Cinnyris batesi,Least Concern
Cinnyris bifasciatus,Least Concern
Cinnyris bouvieri,Least Concern
Cinnyris buettikoferi,Least Concern
Cinnyris chalcomelas,Least Concern
Cinnyris chalybeus,Least Concern
Cinnyris chloropygius,Least Concern
Cinnyris clementiae,Unknown
Cinnyris coccinigastrus,Least Concern
Cinnyris comorensis,Least Concern
Cinnyris congensis,Least Concern
Cinnyris coquerellii,Least Concern
Cinnyris cupreus,Least Concern
Cinnyris dussumieri,Least Concern
Cinnyris erythrocercus,Least Concern
Cinnyris frenatus,Unknown
Cinnyris fuelleborni,Least Concern
Cinnyris fuscus,Least Concern
Cinnyris gertrudis,Least Concern
Cinnyris habessinicus,Least Concern
Cinnyris hellmayri,Least Concern
Cinnyris humbloti,Least Concern
Cinnyris idenburgi,Least Concern
Cinnyris infrenatus,Unknown
Cinnyris johannae,Least Concern
Cinnyris jugularis,Least Concern
Cinnyris lotenius,Least Concern
Cinnyris loveridgei,Endangered
Cinnyris ludovicensis,Least Concern
Cinnyris manoensis,Least Concern
Cinnyris mariquensis,Least Concern
Cinnyris mediocris,Least Concern
Cinnyris melanogastrus,Least Concern
Cinnyris minullus,Least Concern
Cinnyris moreaui,Near Threatened
Cinnyris nectarinioides,Least Concern
Cinnyris neergaardi,Near Threatened
Cinnyris notatus,Least Concern
Cinnyris ornatus,Unknown
Cinnyris osea,Least Concern
Cinnyris oustaleti,Least Concern
Cinnyris pembae,Least Concern
Cinnyris prigoginei,Near Threatened
Cinnyris pulchellus,Least Concern
Cinnyris regius,Least Concern
Cinnyris reichenowi,Least Concern
Cinnyris rockefelleri,Vulnerable
Cinnyris rufipennis,Vulnerable
Cinnyris shelleyi,Least Concern
Cinnyris solaris,Least Concern
Cinnyris sovimanga,Least Concern
Cinnyris stuhlmanni,Least Concern
Cinnyris superbus,Least Concern
Cinnyris talatala,Least Concern
Cinnyris teysmanni,Unknown
Cinnyris tsavoensis,Least Concern
Cinnyris ursulae,Least Concern
Cinnyris usambaricus,Near Threatened
Cinnyris venustus,Least Concern
Chloropsis aurifrons,Least Concern
Chloropsis cochinchinensis,Endangered
Chloropsis cyanopogon,Near Threatened
Chloropsis flavipennis,Vulnerable
Chloropsis hardwickii,Least Concern
Chloropsis jerdoni,Least Concern
Chloropsis kinabaluensis,Least Concern
Chloropsis media,Endangered
Chloropsis moluccensis,Least Concern
Chloropsis palawanensis,Least Concern
Chloropsis sonnerati,Endangered
Chloropsis venusta,Near Threatened
Irena cyanogastra,Near Threatened
Irena puella,Least Concern
Irena tweeddalii,Near Threatened
Peucedramus taeniatus,Least Concern
Urocynchramus pylzowi,Least Concern
Amblyospiza albifrons,Least Concern
Histurgops ruficauda,Least Concern
Sporopipes frontalis,Least Concern
Sporopipes squamifrons,Least Concern
Philetairus socius,Least Concern
Pseudonigrita arnaudi,Least Concern
Pseudonigrita cabanisi,Least Concern
Plocepasser donaldsoni,Least Concern
Plocepasser mahali,Least Concern
Plocepasser rufoscapulatus,Least Concern
Plocepasser superciliosus,Least Concern
Dinemellia dinemelli,Least Concern
Bubalornis albirostris,Least Concern
Bubalornis niger,Least Concern
Ploceus albinucha,Least Concern
Ploceus alienus,Least Concern
Ploceus angolensis,Least Concern
Ploceus aurantius,Least Concern
Ploceus aureonucha,Endangered
Ploceus badius,Least Concern
Ploceus baglafecht,Least Concern
Ploceus bannermani,Vulnerable
Ploceus batesi,Endangered
Ploceus benghalensis,Least Concern
Ploceus bertrandi,Least Concern
Ploceus bicolor,Least Concern
Ploceus bojeri,Least Concern
Ploceus brachypterus,Least Concern
Ploceus burnieri,Vulnerable
Ploceus capensis,Least Concern
Ploceus castaneiceps,Least Concern
Ploceus castaneofuscus,Least Concern
Ploceus castanops,Least Concern
Ploceus cucullatus,Least Concern
Ploceus dichrocephalus,Least Concern
Ploceus dorsomaculatus,Least Concern
Ploceus flavipes,Vulnerable
Ploceus galbula,Least Concern
Ploceus golandi,Endangered
Ploceus grandis,Near Threatened
Ploceus heuglini,Least Concern
Ploceus holoxanthus,Near Threatened
Ploceus hypoxanthus,Near Threatened
Ploceus insignis,Least Concern
Ploceus intermedius,Least Concern
Ploceus jacksoni,Least Concern
Ploceus katangae,Least Concern
Ploceus luteolus,Least Concern
Ploceus manyar,Least Concern
Ploceus megarhynchus,Endangered
Ploceus melanocephalus,Least Concern
Ploceus melanogaster,Least Concern
Ploceus nelicourvi,Least Concern
Ploceus nicolli,Near Threatened
Ploceus nigerrimus,Least Concern
Ploceus nigricollis,Least Concern
Ploceus nigrimentus,Least Concern
Ploceus ocularis,Least Concern
Ploceus olivaceiceps,Near Threatened
Ploceus pelzelni,Least Concern
Ploceus philippinus,Least Concern
Ploceus preussi,Least Concern
Ploceus princeps,Least Concern
Ploceus reichardi,Least Concern
Ploceus rubiginosus,Least Concern
Ploceus ruweti,Least Concern
Ploceus sakalava,Least Concern
Ploceus sanctithomae,Least Concern
Ploceus spekei,Least Concern
Ploceus spekeoides,Near Threatened
Ploceus subaureus,Least Concern
Ploceus subpersonatus,Vulnerable
Ploceus taeniopterus,Least Concern
Ploceus temporalis,Least Concern
Ploceus tricolor,Least Concern
Ploceus velatus,Least Concern
Ploceus vitellinus,Least Concern
Ploceus weynsi,Least Concern
Ploceus xanthops,Least Concern
Ploceus xanthopterus,Least Concern
Pachyphantes superciliosus,Least Concern
Quelea cardinalis,Least Concern
Quelea erythrops,Least Concern
Quelea quelea,Least Concern
Foudia aldabrana,Endangered
Foudia eminentissima,Least Concern
Foudia flavicans,Near Threatened
Foudia madagascariensis,Least Concern
Foudia omissa,Least Concern
Foudia rubra,Endangered
Foudia sechellarum,Near Threatened
Brachycope anomala,Least Concern
Euplectes afer,Least Concern
Euplectes albonotatus,Least Concern
Euplectes ardens,Least Concern
Euplectes aureus,Least Concern
Euplectes axillaris,Least Concern
Euplectes capensis,Least Concern
Euplectes diadematus,Least Concern
Euplectes franciscanus,Least Concern
Euplectes gierowii,Least Concern
Euplectes hartlaubi,Least Concern
Euplectes hordeaceus,Least Concern
Euplectes jacksoni,Near Threatened
Euplectes laticauda,Least Concern
Euplectes macroura,Least Concern
Euplectes nigroventris,Least Concern
Euplectes orix,Least Concern
Euplectes progne,Least Concern
Euplectes psammacromius,Least Concern
Anaplectes jubaensis,Least Concern
Anaplectes rubriceps,Least Concern
Malimbus ballmanni,Near Threatened
Malimbus cassini,Least Concern
Malimbus coronatus,Least Concern
Malimbus erythrogaster,Least Concern
Malimbus ibadanensis,Endangered
Malimbus malimbicus,Least Concern
Malimbus nitens,Least Concern
Malimbus racheliae,Least Concern
Malimbus rubricollis,Least Concern
Malimbus scutatus,Least Concern
Anomalospiza imberbis,Least Concern
Vidua camerunensis,Least Concern
Vidua chalybeata,Least Concern
Vidua codringtoni,Least Concern
Vidua fischeri,Least Concern
Vidua funerea,Least Concern
Vidua hypocherina,Least Concern
Vidua interjecta,Least Concern
Vidua larvaticola,Least Concern
Vidua macroura,Least Concern
Vidua maryae,Least Concern
Vidua nigeriae,Least Concern
Vidua obtusa,Least Concern
Vidua orientalis,Least Concern
Vidua paradisaea,Least Concern
Vidua purpurascens,Least Concern
Vidua raricola,Least Concern
Vidua regia,Least Concern
Vidua togoensis,Least Concern
Vidua wilsoni,Least Concern
Heteromunia pectoralis,Least Concern
Oreostruthus fuliginosus,Least Concern
Stagonopleura bella,Least Concern
Stagonopleura guttata,Vulnerable
Stagonopleura oculata,Least Concern
Neochmia phaeton,Least Concern
Neochmia temporalis,Least Concern
Emblema modestum,Least Concern
Emblema pictum,Least Concern
Emblema ruficauda,Least Concern
Stizoptera bichenovii,Least Concern
Taeniopygia guttata,Least Concern
Poephila acuticauda,Least Concern
Poephila cincta,Least Concern
Poephila personata,Least Concern
Spermestes bicolor,Least Concern
Spermestes cucullata,Least Concern
Spermestes fringilloides,Least Concern
Spermestes griseicapilla,Least Concern
Lepidopygia nana,Least Concern
Euodice cantans,Least Concern
Euodice malabarica,Least Concern
Padda fuscata,Near Threatened
Padda oryzivora,Endangered
Mayrimunia leucosticta,Least Concern
Mayrimunia tristissima,Least Concern
Lonchura atricapilla,Least Concern
Lonchura caniceps,Least Concern
Lonchura castaneothorax,Least Concern
Lonchura ferruginosa,Least Concern
Lonchura flaviprymna,Least Concern
Lonchura forbesi,Least Concern
Lonchura fuscans,Least Concern
Lonchura grandis,Least Concern
Lonchura hunsteini,Least Concern
Lonchura kelaarti,Least Concern
Lonchura leucogastra,Least Concern
Lonchura leucogastroides,Least Concern
Lonchura maja,Least Concern
Lonchura malacca,Least Concern
Lonchura melaena,Least Concern
Lonchura molucca,Least Concern
Lonchura montana,Least Concern
Lonchura monticola,Least Concern
Lonchura nevermanni,Least Concern
Lonchura nigerrima,Unknown
Lonchura pallida,Least Concern
Lonchura punctulata,Least Concern
Lonchura quinticolor,Least Concern
Lonchura spectabilis,Least Concern
Lonchura striata,Least Concern
Lonchura stygia,Least Concern
Lonchura teerinki,Least Concern
Lonchura vana,Least Concern
Chloebia gouldiae,Least Concern
Erythrura coloria,Least Concern
Erythrura cyaneovirens,Least Concern
Erythrura hyperythra,Least Concern
Erythrura kleinschmidti,Vulnerable
Erythrura papuana,Least Concern
Erythrura pealii,Least Concern
Erythrura prasina,Least Concern
Erythrura psittacea,Least Concern
Erythrura trichroa,Least Concern
Erythrura tricolor,Least Concern
Erythrura viridifacies,Vulnerable
Nesocharis ansorgei,Least Concern
Nesocharis shelleyi,Least Concern
Coccopygia bocagei,Least Concern
Coccopygia melanotis,Least Concern
Coccopygia quartinia,Least Concern
Mandingoa nitidula,Least Concern
Cryptospiza jacksoni,Least Concern
Cryptospiza reichenovii,Least Concern
Cryptospiza salvadorii,Least Concern
Cryptospiza shelleyi,Endangered
Parmoptila jamesoni,Least Concern
Parmoptila rubrifrons,Near Threatened
Parmoptila woodhousei,Least Concern
Nigrita bicolor,Least Concern
Nigrita canicapillus,Least Concern
Nigrita fusconotus,Least Concern
Nigrita luteifrons,Least Concern
Delacourella capistrata,Least Concern
Brunhilda charmosyna,Least Concern
Brunhilda erythronotos,Least Concern
Glaucestrilda caerulescens,Least Concern
Glaucestrilda perreini,Least Concern
Glaucestrilda thomensis,Least Concern
Estrilda astrild,Least Concern
Estrilda atricapilla,Least Concern
Estrilda kandti,Least Concern
Estrilda melpoda,Least Concern
Estrilda nigriloris,Data Deficient
Estrilda nonnula,Least Concern
Estrilda paludicola,Least Concern
Estrilda poliopareia,Near Threatened
Estrilda rhodopyga,Least Concern
Estrilda rufibarba,Least Concern
Estrilda troglodytes,Least Concern
Paludipasser locustella,Least Concern
Ortygospiza atricollis,Least Concern
Amadina erythrocephala,Least Concern
Amadina fasciata,Least Concern
Amandava amandava,Least Concern
Amandava formosa,Vulnerable
Amandava subflava,Least Concern
Granatina granatina,Least Concern
Granatina ianthinogaster,Least Concern
Uraeginthus angolensis,Least Concern
Uraeginthus bengalus,Least Concern
Uraeginthus cyanocephalus,Least Concern
Pyrenestes minor,Least Concern
Pyrenestes ostrinus,Least Concern
Pyrenestes sanguineus,Least Concern
Spermophaga haematina,Least Concern
Spermophaga poliogenys,Least Concern
Spermophaga ruficapilla,Least Concern
Pytilia afra,Least Concern
Pytilia hypogrammica,Least Concern
Pytilia lineata,Least Concern
Pytilia melba,Least Concern
Pytilia phoenicoptera,Least Concern
Hypargos margaritatus,Least Concern
Hypargos niveoguttatus,Least Concern
Euschistospiza cinereovinacea,Least Concern
Euschistospiza dybowskii,Least Concern
Clytospiza monteiri,Least Concern
Lagonosticta larvata,Least Concern
Lagonosticta nitidula,Least Concern
Lagonosticta rara,Least Concern
Lagonosticta rhodopareia,Least Concern
Lagonosticta rubricata,Least Concern
Lagonosticta rufopicta,Least Concern
Lagonosticta sanguinodorsalis,Least Concern
Lagonosticta senegala,Least Concern
Lagonosticta umbrinodorsalis,Least Concern
Lagonosticta virata,Least Concern
Prunella atrogularis,Least Concern
Prunella collaris,Least Concern
Prunella fulvescens,Least Concern
Prunella himalayana,Least Concern
Prunella immaculata,Least Concern
Prunella koslowi,Least Concern
Prunella modularis,Least Concern
Prunella montanella,Least Concern
Prunella ocularis,Least Concern
Prunella rubeculoides,Least Concern
Prunella rubida,Least Concern
Prunella strophiata,Least Concern
Hypocryptadius cinnamomeus,Least Concern
Petronia petronia,Least Concern
Montifringilla adamsi,Least Concern
Montifringilla henrici,Least Concern
Montifringilla nivalis,Least Concern
Onychostruthus taczanowskii,Least Concern
Pyrgilauda blanfordi,Least Concern
Pyrgilauda davidiana,Least Concern
Pyrgilauda ruficollis,Least Concern
Pyrgilauda theresae,Least Concern
Carpospiza brachydactyla,Least Concern
Gymnoris dentata,Least Concern
Gymnoris pyrgita,Least Concern
Gymnoris superciliaris,Least Concern
Gymnoris xanthocollis,Least Concern
Passer ammodendri,Least Concern
Passer castanopterus,Least Concern
Passer cinnamomeus,Least Concern
Passer cordofanicus,Least Concern
Passer diffusus,Least Concern
Passer domesticus,Least Concern
Passer eminibey,Least Concern
Passer euchlorus,Least Concern
Passer flaveolus,Least Concern
Passer gongonensis,Least Concern
Passer griseus,Least Concern
Passer hemileucus,Vulnerable
Passer hispaniolensis,Least Concern
Passer iagoensis,Least Concern
Passer insularis,Least Concern
Passer italiae,Vulnerable
Passer luteus,Least Concern
Passer melanurus,Least Concern
Passer moabiticus,Least Concern
Passer montanus,Least Concern
Passer motitensis,Least Concern
Passer pyrrhonotus,Least Concern
Passer rufocinctus,Least Concern
Passer shelleyi,Least Concern
Passer simplex,Least Concern
Passer suahelicus,Least Concern
Passer swainsonii,Least Concern
Passer zarudnyi,Least Concern
Dendronanthus indicus,Least Concern
Motacilla aguimp,Least Concern
Motacilla alba,Least Concern
Motacilla bocagii,Vulnerable
Motacilla capensis,Least Concern
Motacilla cinerea,Least Concern
Motacilla citreola,Least Concern
Motacilla clara,Least Concern
Motacilla flava,Least Concern
Motacilla flaviventris,Least Concern
Motacilla grandis,Least Concern
Motacilla maderaspatensis,Least Concern
Motacilla samveasnae,Near Threatened
Motacilla tschutschensis,Least Concern
Tmetothylacus tenellus,Least Concern
Hemimacronyx chloris,Unknown
Macronyx ameliae,Least Concern
Macronyx aurantiigula,Least Concern
Macronyx capensis,Least Concern
Macronyx croceus,Least Concern
Macronyx flavicollis,Near Threatened
Macronyx fuelleborni,Least Concern
Macronyx grimwoodi,Least Concern
Macronyx sharpei,Endangered
Anthus antarcticus,Least Concern
Anthus australis,Unknown
Anthus berthelotii,Least Concern
Anthus bogotensis,Least Concern
Anthus brachyurus,Least Concern
Anthus brevirostris,Least Concern
Anthus caffer,Least Concern
Anthus campestris,Least Concern
Anthus cervinus,Least Concern
Anthus chacoensis,Least Concern
Anthus chii,Least Concern
Anthus cinnamomeus,Least Concern
Anthus correndera,Least Concern
Anthus crenatus,Near Threatened
Anthus furcatus,Least Concern
Anthus godlewskii,Least Concern
Anthus gustavi,Least Concern
Anthus gutturalis,Least Concern
Anthus hellmayri,Least Concern
Anthus hodgsoni,Least Concern
Anthus hoeschi,Near Threatened
Anthus japonicus,Least Concern
Anthus leucophrys,Least Concern
Anthus lineiventris,Least Concern
Anthus melindae,Least Concern
Anthus nattereri,Vulnerable
Anthus nicholsoni,Unknown
Anthus nilghiriensis,Vulnerable
Anthus novaeseelandiae,Least Concern
Anthus nyassae,Least Concern
Anthus pallidiventris,Least Concern
Anthus peruvianus,Least Concern
Anthus petrosus,Least Concern
Anthus pratensis,Least Concern
Anthus richardi,Least Concern
Anthus roseatus,Least Concern
Anthus rubescens,Least Concern
Anthus ruficollis,Endangered
Anthus rufulus,Least Concern
Anthus similis,Least Concern
Anthus sokokensis,Endangered
Anthus spinoletta,Least Concern
Anthus spragueii,Vulnerable
Anthus sylvanus,Least Concern
Anthus trivialis,Least Concern
Anthus vaalensis,Least Concern
Fringilla canariensis,Unknown
Fringilla coelebs,Least Concern
Fringilla maderensis,Unknown
Fringilla montifringilla,Least Concern
Fringilla moreletti,Unknown
Fringilla polatzeki,Endangered
Fringilla spodiogenys,Unknown
Fringilla teydea,Near Threatened
Chlorophonia callophrys,Least Concern
Chlorophonia cyanea,Least Concern
Chlorophonia cyanocephala,Least Concern
Chlorophonia elegantissima,Least Concern
Chlorophonia flavifrons,Unknown
Chlorophonia flavirostris,Least Concern
Chlorophonia musica,Unknown
Chlorophonia occipitalis,Least Concern
Chlorophonia pyrrhophrys,Least Concern
Chlorophonia sclateri,Unknown
Euphonia affinis,Least Concern
Euphonia anneae,Least Concern
Euphonia cayennensis,Least Concern
Euphonia chalybea,Least Concern
Euphonia chlorotica,Least Concern
Euphonia chrysopasta,Least Concern
Euphonia concinna,Least Concern
Euphonia finschi,Least Concern
Euphonia fulvicrissa,Least Concern
Euphonia godmani,Unknown
Euphonia gouldi,Least Concern
Euphonia hirundinacea,Least Concern
Euphonia imitans,Least Concern
Euphonia jamaica,Least Concern
Euphonia laniirostris,Least Concern
Euphonia luteicapilla,Least Concern
Euphonia mesochrysa,Least Concern
Euphonia minuta,Least Concern
Euphonia pectoralis,Least Concern
Euphonia plumbea,Least Concern
Euphonia rufiventris,Least Concern
Euphonia saturata,Least Concern
Euphonia trinitatis,Least Concern
Euphonia violacea,Least Concern
Euphonia xanthogaster,Least Concern
Mycerobas affinis,Least Concern
Mycerobas carnipes,Least Concern
Mycerobas icterioides,Least Concern
Mycerobas melanozanthos,Least Concern
Hesperiphona abeillei,Least Concern
Hesperiphona vespertina,Vulnerable
Coccothraustes coccothraustes,Least Concern
Eophona migratoria,Least Concern
Eophona personata,Least Concern
Carpodacus davidianus,Unknown
Carpodacus dubius,Least Concern
Carpodacus edwardsii,Least Concern
Carpodacus erythrinus,Least Concern
Carpodacus ferreorostris,Extinct
Carpodacus formosanus,Least Concern
Carpodacus grandis,Unknown
Carpodacus pulcherrimus,Least Concern
Carpodacus puniceus,Least Concern
Carpodacus rhodochlamys,Least Concern
Carpodacus roborowskii,Least Concern
Carpodacus rodochroa,Least Concern
Carpodacus rodopeplus,Least Concern
Carpodacus roseus,Least Concern
Carpodacus rubicilla,Least Concern
Carpodacus rubicilloides,Least Concern
Carpodacus sibiricus,Least Concern
Carpodacus sillemi,Data Deficient
Carpodacus sipahi,Least Concern
Carpodacus stoliczkae,Least Concern
Carpodacus subhimachalus,Least Concern
Carpodacus synoicus,Least Concern
Carpodacus thura,Least Concern
Carpodacus trifasciatus,Least Concern
Carpodacus verreauxii,Least Concern
Carpodacus vinaceus,Least Concern
Carpodacus waltoni,Least Concern
Melamprosops phaeosoma,Extinct
Oreomystis bairdi,Critically Endangered
Paroreomyza flammea,Extinct
Paroreomyza maculata,Critically Endangered
Paroreomyza montana,Endangered
Loxioides bailleui,Critically Endangered
Telespiza cantans,Vulnerable
Telespiza ultima,Critically Endangered
Chloridops kona,Extinct
Rhodacanthis flaviceps,Extinct
Rhodacanthis palmeri,Extinct
Ciridops anna,Extinct
Akialoa ellisiana,Extinct
Akialoa lanaiensis,Extinct
Akialoa obscura,Extinct
Akialoa stejnegeri,Extinct
Palmeria dolei,Critically Endangered
Himatione fraithii,Extinct
Himatione sanguinea,Least Concern
Drepanis coccinea,Vulnerable
Drepanis funerea,Extinct
Drepanis pacifica,Extinct
Psittirostra psittacea,Extinct
Dysmorodrepanis munroi,Extinct
Pseudonestor xanthophrys,Critically Endangered
Hemignathus affinis,Extinct
Hemignathus hanapepe,Extinct
Hemignathus lucidus,Extinct
Hemignathus wilsoni,Endangered
Magumma parva,Endangered
Chlorodrepanis flava,Near Threatened
Chlorodrepanis stejnegeri,Endangered
Chlorodrepanis virens,Least Concern
Viridonia sagittirostris,Extinct
Loxops caeruleirostris,Critically Endangered
Loxops coccineus,Endangered
Loxops mana,Endangered
Loxops ochraceus,Extinct
Loxops wolstenholmei,Extinct
Pinicola enucleator,Least Concern
Pyrrhula aurantiaca,Least Concern
Pyrrhula erythaca,Least Concern
Pyrrhula erythrocephala,Least Concern
Pyrrhula leucogenis,Least Concern
Pyrrhula murina,Vulnerable
Pyrrhula nipalensis,Least Concern
Pyrrhula owstoni,Unknown
Pyrrhula pyrrhula,Least Concern
Rhodopechys sanguineus,Least Concern
Bucanetes githagineus,Least Concern
Bucanetes mongolicus,Least Concern
Agraphospiza rubescens,Least Concern
Pyrrhoplectes epauletta,Least Concern
Callacanthis burtoni,Least Concern
Procarduelis nipalensis,Least Concern
Leucosticte arctoa,Least Concern
Leucosticte atrata,Endangered
Leucosticte australis,Endangered
Leucosticte brandti,Least Concern
Leucosticte nemoricola,Least Concern
Leucosticte tephrocotis,Least Concern
Haemorhous cassinii,Least Concern
Haemorhous mexicanus,Least Concern
Haemorhous purpureus,Least Concern
Rhodospiza obsoleta,Least Concern
Rhynchostruthus louisae,Near Threatened
Rhynchostruthus percivali,Near Threatened
Rhynchostruthus socotranus,Least Concern
Chloris ambigua,Least Concern
Chloris chloris,Least Concern
Chloris monguilloti,Least Concern
Chloris sinica,Least Concern
Chloris spinoides,Least Concern
Linurgus olivaceus,Least Concern
Crithagra albogularis,Least Concern
Crithagra ankoberensis,Vulnerable
Crithagra atrogularis,Least Concern
Crithagra buchanani,Least Concern
Crithagra burtoni,Least Concern
Crithagra canicapilla,Least Concern
Crithagra capistrata,Least Concern
Crithagra citrinelloides,Least Concern
Crithagra citrinipectus,Least Concern
Crithagra concolor,Critically Endangered
Crithagra donaldsoni,Least Concern
Crithagra dorsostriata,Least Concern
Crithagra flavigula,Endangered
Crithagra flaviventris,Least Concern
Crithagra frontalis,Least Concern
Crithagra gularis,Least Concern
Crithagra hyposticta,Least Concern
Crithagra koliensis,Least Concern
Crithagra leucoptera,Near Threatened
Crithagra leucopygia,Least Concern
Crithagra melanochroa,Least Concern
Crithagra menachensis,Least Concern
Crithagra mennelli,Least Concern
Crithagra mozambica,Least Concern
Crithagra reichardi,Least Concern
Crithagra reichenowi,Least Concern
Crithagra rothschildi,Least Concern
Crithagra rufobrunnea,Least Concern
Crithagra scotops,Least Concern
Crithagra striatipectus,Least Concern
Crithagra striolata,Least Concern
Crithagra sulphurata,Least Concern
Crithagra symonsi,Least Concern
Crithagra totta,Least Concern
Crithagra tristriata,Least Concern
Crithagra whytii,Unknown
Crithagra xantholaema,Near Threatened
Crithagra xanthopygia,Least Concern
Linaria cannabina,Least Concern
Linaria flavirostris,Least Concern
Linaria johannis,Near Threatened
Linaria yemenensis,Least Concern
Acanthis flammea,Least Concern
Loxia curvirostra,Least Concern
Loxia leucoptera,Least Concern
Loxia megaplaga,Endangered
Loxia pytyopsittacus,Least Concern
Loxia scotica,Least Concern
Loxia sinesciuris,Unknown
Chrysocorythus estherae,Least Concern
Chrysocorythus mindanensis,Least Concern
Carduelis caniceps,Least Concern
Carduelis carduelis,Least Concern
Carduelis citrinella,Least Concern
Carduelis corsicana,Least Concern
Serinus alario,Least Concern
Serinus canaria,Least Concern
Serinus canicollis,Least Concern
Serinus flavivertex,Least Concern
Serinus nigriceps,Least Concern
Serinus pusillus,Least Concern
Serinus serinus,Least Concern
Serinus syriacus,Vulnerable
Spinus atratus,Least Concern
Spinus atriceps,Least Concern
Spinus barbatus,Least Concern
Spinus crassirostris,Least Concern
Spinus cucullatus,Endangered
Spinus dominicensis,Least Concern
Spinus lawrencei,Least Concern
Spinus magellanicus,Least Concern
Spinus notatus,Least Concern
Spinus olivaceus,Least Concern
Spinus pinus,Least Concern
Spinus psaltria,Least Concern
Spinus siemiradzkii,Least Concern
Spinus spinescens,Least Concern
Spinus spinus,Least Concern
Spinus thibetanus,Least Concern
Spinus tristis,Least Concern
Spinus uropygialis,Least Concern
Spinus xanthogastrus,Least Concern
Spinus yarrellii,Vulnerable
Rhodinocichla rosea,Least Concern
Rhynchophanes mccownii,Least Concern
Plectrophenax hyperboreus,Least Concern
Plectrophenax nivalis,Least Concern
Calcarius lapponicus,Least Concern
Calcarius ornatus,Vulnerable
Calcarius pictus,Least Concern
Emberiza affinis,Least Concern
Emberiza aureola,Critically Endangered
Emberiza bruniceps,Least Concern
Emberiza buchanani,Least Concern
Emberiza cabanisi,Least Concern
Emberiza caesia,Least Concern
Emberiza calandra,Least Concern
Emberiza capensis,Least Concern
Emberiza chrysophrys,Least Concern
Emberiza cia,Least Concern
Emberiza cineracea,Near Threatened
Emberiza cioides,Least Concern
Emberiza cirlus,Least Concern
Emberiza citrinella,Least Concern
Emberiza elegans,Least Concern
Emberiza flaviventris,Least Concern
Emberiza fucata,Least Concern
Emberiza godlewskii,Least Concern
Emberiza goslingi,Least Concern
Emberiza hortulana,Least Concern
Emberiza impetuani,Least Concern
Emberiza jankowskii,Endangered
Emberiza koslowi,Least Concern
Emberiza lathami,Least Concern
Emberiza leucocephalos,Least Concern
Emberiza melanocephala,Least Concern
Emberiza pallasi,Least Concern
Emberiza personata,Least Concern
Emberiza poliopleura,Least Concern
Emberiza pusilla,Least Concern
Emberiza rustica,Vulnerable
Emberiza rutila,Least Concern
Emberiza sahari,Least Concern
Emberiza schoeniclus,Least Concern
Emberiza siemsseni,Least Concern
Emberiza socotrana,Near Threatened
Emberiza spodocephala,Least Concern
Emberiza stewarti,Least Concern
Emberiza striolata,Least Concern
Emberiza sulphurata,Least Concern
Emberiza tahapisi,Least Concern
Emberiza tristrami,Least Concern
Emberiza variabilis,Least Concern
Emberiza yessoensis,Near Threatened
Amphispizopsis quinquestriata,Least Concern
Amphispiza bilineata,Least Concern
Calamospiza melanocorys,Least Concern
Chondestes grammacus,Least Concern
Spizella atrogularis,Least Concern
Spizella breweri,Least Concern
Spizella pallida,Least Concern
Spizella passerina,Least Concern
Spizella pusilla,Least Concern
Spizella wortheni,Endangered
Oreothraupis arremonops,Least Concern
Chlorospingus canigularis,Least Concern
Chlorospingus flavigularis,Least Concern
Chlorospingus flavopectus,Least Concern
Chlorospingus inornatus,Least Concern
Chlorospingus parvirostris,Least Concern
Chlorospingus pileatus,Least Concern
Chlorospingus semifuscus,Least Concern
Chlorospingus tacarcunae,Least Concern
Ammodramus aurifrons,Least Concern
Ammodramus humeralis,Least Concern
Ammodramus savannarum,Least Concern
Rhynchospiza dabbenei,Least Concern
Rhynchospiza stolzmanni,Least Concern
Rhynchospiza strigiceps,Least Concern
Arremonops chloronotus,Least Concern
Arremonops conirostris,Least Concern
Arremonops rufivirgatus,Least Concern
Arremonops tocuyensis,Least Concern
Peucaea aestivalis,Near Threatened
Peucaea botterii,Least Concern
Peucaea carpalis,Least Concern
Peucaea cassinii,Least Concern
Peucaea humeralis,Least Concern
Peucaea mystacalis,Least Concern
Peucaea ruficauda,Least Concern
Peucaea sumichrasti,Near Threatened
Arremon abeillei,Least Concern
Arremon assimilis,Least Concern
Arremon atricapillus,Least Concern
Arremon aurantiirostris,Least Concern
Arremon axillaris,Unknown
Arremon basilicus,Near Threatened
Arremon brunneinucha,Least Concern
Arremon castaneiceps,Near Threatened
Arremon costaricensis,Least Concern
Arremon crassirostris,Least Concern
Arremon dorbignii,Least Concern
Arremon flavirostris,Least Concern
Arremon franciscanus,Near Threatened
Arremon nigriceps,Near Threatened
Arremon perijanus,Least Concern
Arremon phaeopleurus,Least Concern
Arremon phygas,Vulnerable
Arremon schlegeli,Least Concern
Arremon semitorquatus,Least Concern
Arremon taciturnus,Least Concern
Arremon torquatus,Least Concern
Arremon virenticeps,Least Concern
Spizelloides arborea,Least Concern
Passerella iliaca,Least Concern
Junco bairdi,Near Threatened
Junco hyemalis,Least Concern
Junco insularis,Endangered
Junco phaeonotus,Least Concern
Junco vulcani,Least Concern
Zonotrichia albicollis,Least Concern
Zonotrichia atricapilla,Least Concern
Zonotrichia capensis,Least Concern
Zonotrichia leucophrys,Least Concern
Zonotrichia querula,Near Threatened
Pooecetes gramineus,Least Concern
Artemisiospiza belli,Least Concern
Artemisiospiza nevadensis,Least Concern
Oriturus superciliosus,Least Concern
Ammospiza caudacuta,Endangered
Ammospiza leconteii,Least Concern
Ammospiza maritima,Least Concern
Ammospiza nelsoni,Least Concern
Passerculus sandwichensis,Least Concern
Centronyx bairdii,Least Concern
Centronyx henslowii,Least Concern
Xenospiza baileyi,Endangered
Melospiza georgiana,Least Concern
Melospiza lincolnii,Least Concern
Melospiza melodia,Least Concern
Aimophila notosticta,Least Concern
Aimophila rufescens,Least Concern
Aimophila ruficeps,Least Concern
Melozone aberti,Least Concern
Melozone albicollis,Least Concern
Melozone biarcuata,Least Concern
Melozone cabanisi,Near Threatened
Melozone crissalis,Least Concern
Melozone fusca,Least Concern
Melozone kieneri,Least Concern
Melozone leucotis,Least Concern
Melozone occipitalis,Unknown
Pezopetes capitalis,Least Concern
Torreornis inexpectata,Near Threatened
Pipilo chlorurus,Least Concern
Pipilo erythrophthalmus,Least Concern
Pipilo maculatus,Least Concern
Pipilo naufragus,Extinct
Pipilo ocai,Least Concern
Atlapetes albiceps,Least Concern
Atlapetes albinucha,Least Concern
Atlapetes albofrenatus,Least Concern
Atlapetes blancae,Critically Endangered
Atlapetes canigenis,Least Concern
Atlapetes citrinellus,Least Concern
Atlapetes crassus,Least Concern
Atlapetes flaviceps,Near Threatened
Atlapetes forbesi,Least Concern
Atlapetes fulviceps,Least Concern
Atlapetes fuscoolivaceus,Near Threatened
Atlapetes latinuchus,Least Concern
Atlapetes leucopis,Least Concern
Atlapetes leucopterus,Least Concern
Atlapetes luteoviridis,Vulnerable
Atlapetes melanocephalus,Least Concern
Atlapetes melanolaemus,Least Concern
Atlapetes melanopsis,Near Threatened
Atlapetes nationi,Least Concern
Atlapetes nigrifrons,Least Concern
Atlapetes pallidiceps,Endangered
Atlapetes pallidinucha,Least Concern
Atlapetes personatus,Least Concern
Atlapetes pileatus,Least Concern
Atlapetes rufigenis,Least Concern
Atlapetes rufinucha,Least Concern
Atlapetes schistaceus,Least Concern
Atlapetes seebohmi,Least Concern
Atlapetes semirufus,Least Concern
Atlapetes taczanowskii,Least Concern
Atlapetes terborghi,Near Threatened
Atlapetes tibialis,Least Concern
Atlapetes tricolor,Least Concern
Calyptophilus frugivorus,Near Threatened
Calyptophilus tertius,Vulnerable
Zeledonia coronata,Least Concern
Xenoligea montana,Vulnerable
Microligea palustris,Least Concern
Phaenicophilus palmarum,Least Concern
Phaenicophilus poliocephalus,Near Threatened
Nesospingus speculiferus,Vulnerable
Spindalis dominicensis,Least Concern
Spindalis nigricephala,Least Concern
Spindalis portoricensis,Least Concern
Spindalis zena,Least Concern
Teretistris fernandinae,Least Concern
Teretistris fornsi,Least Concern
Icteria virens,Least Concern
Xanthocephalus xanthocephalus,Least Concern
Dolichonyx oryzivorus,Least Concern
Sturnella lilianae,Unknown
Sturnella magna,Near Threatened
Sturnella neglecta,Least Concern
Leistes bellicosus,Least Concern
Leistes defilippii,Vulnerable
Leistes loyca,Least Concern
Leistes militaris,Least Concern
Leistes superciliaris,Least Concern
Amblycercus holosericeus,Least Concern
Cassiculus melanicterus,Least Concern
Psarocolius angustifrons,Least Concern
Psarocolius atrovirens,Least Concern
Psarocolius bifasciatus,Least Concern
Psarocolius cassini,Vulnerable
Psarocolius decumanus,Least Concern
Psarocolius guatimozinus,Least Concern
Psarocolius montezuma,Least Concern
Psarocolius viridis,Least Concern
Psarocolius wagleri,Least Concern
Cacicus cela,Least Concern
Cacicus chrysonotus,Least Concern
Cacicus chrysopterus,Least Concern
Cacicus haemorrhous,Least Concern
Cacicus koepckeae,Near Threatened
Cacicus latirostris,Least Concern
Cacicus oseryi,Least Concern
Cacicus sclateri,Least Concern
Cacicus solitarius,Least Concern
Cacicus uropygialis,Least Concern
Icterus abeillei,Least Concern
Icterus auratus,Least Concern
Icterus auricapillus,Least Concern
Icterus bonana,Vulnerable
Icterus bullockiorum,Unknown
Icterus cayanensis,Least Concern
Icterus chrysater,Least Concern
Icterus croconotus,Least Concern
Icterus cucullatus,Least Concern
Icterus dominicensis,Least Concern
Icterus galbula,Least Concern
Icterus graceannae,Least Concern
Icterus graduacauda,Least Concern
Icterus gularis,Least Concern
Icterus icterus,Least Concern
Icterus jamacaii,Least Concern
Icterus laudabilis,Endangered
Icterus leucopteryx,Least Concern
Icterus maculialatus,Least Concern
Icterus melanopsis,Least Concern
Icterus mesomelas,Least Concern
Icterus nigrogularis,Least Concern
Icterus northropi,Endangered
Icterus oberi,Vulnerable
Icterus parisorum,Least Concern
Icterus pectoralis,Least Concern
Icterus portoricensis,Least Concern
Icterus prosthemelas,Least Concern
Icterus pustulatus,Least Concern
Icterus pyrrhopterus,Least Concern
Icterus spurius,Least Concern
Icterus wagleri,Least Concern
Nesopsar nigerrimus,Endangered
Agelaius assimilis,Least Concern
Agelaius humeralis,Least Concern
Agelaius phoeniceus,Least Concern
Agelaius tricolor,Endangered
Agelaius xanthomus,Endangered
Molothrus aeneus,Least Concern
Molothrus armenti,Near Threatened
Molothrus ater,Least Concern
Molothrus bonariensis,Least Concern
Molothrus oryzivorus,Least Concern
Molothrus rufoaxillaris,Least Concern
Dives dives,Least Concern
Dives warczewiczi,Least Concern
Ptiloxena atroviolacea,Least Concern
Euphagus carolinus,Vulnerable
Euphagus cyanocephalus,Least Concern
Quiscalus lugubris,Least Concern
Quiscalus major,Least Concern
Quiscalus mexicanus,Least Concern
Quiscalus nicaraguensis,Least Concern
Quiscalus niger,Least Concern
Quiscalus palustris,Extinct
Quiscalus quiscula,Near Threatened
Macroagelaius imthurni,Least Concern
Macroagelaius subalaris,Endangered
Lampropsar tanagrinus,Least Concern
Gymnomystax mexicanus,Least Concern
Hypopyrrhus pyrohypogaster,Vulnerable
Amblyramphus holosericeus,Least Concern
Curaeus curaeus,Least Concern
Anumara forbesi,Vulnerable
Gnorimopsar chopi,Least Concern
Agelasticus cyanopus,Least Concern
Agelasticus thilius,Least Concern
Agelasticus xanthophthalmus,Least Concern
Oreopsar bolivianus,Least Concern
Agelaioides badius,Least Concern
Agelaioides fringillarius,Least Concern
Chrysomus icterocephalus,Least Concern
Chrysomus ruficapillus,Least Concern
Xanthopsar flavus,Endangered
Pseudoleistes guirahuro,Least Concern
Pseudoleistes virescens,Least Concern
Seiurus aurocapilla,Least Concern
Parkesia motacilla,Least Concern
Parkesia noveboracensis,Least Concern
Helmitheros vermivorum,Least Concern
Mniotilta varia,Least Concern
Protonotaria citrea,Least Concern
Limnothlypis swainsonii,Least Concern
Vermivora bachmanii,Critically Endangered
Vermivora chrysoptera,Near Threatened
Vermivora cyanoptera,Least Concern
Oreothlypis gutturalis,Least Concern
Oreothlypis superciliosa,Least Concern
Leiothlypis celata,Least Concern
Leiothlypis crissalis,Least Concern
Leiothlypis luciae,Least Concern
Leiothlypis peregrina,Least Concern
Leiothlypis ruficapilla,Least Concern
Leiothlypis virginiae,Least Concern
Oporornis agilis,Least Concern
Leucopeza semperi,Critically Endangered
Geothlypis aequinoctialis,Least Concern
Geothlypis auricularis,Least Concern
Geothlypis beldingi,Vulnerable
Geothlypis flavovelata,Near Threatened
Geothlypis formosa,Least Concern
Geothlypis nelsoni,Least Concern
Geothlypis philadelphia,Least Concern
Geothlypis poliocephala,Least Concern
Geothlypis rostrata,Least Concern
Geothlypis semiflava,Least Concern
Geothlypis speciosa,Vulnerable
Geothlypis tolmiei,Least Concern
Geothlypis trichas,Least Concern
Geothlypis velata,Unknown
Catharopeza bishopi,Endangered
Setophaga adelaidae,Least Concern
Setophaga aestiva,Unknown
Setophaga americana,Least Concern
Setophaga angelae,Endangered
Setophaga caerulescens,Least Concern
Setophaga castanea,Least Concern
Setophaga cerulea,Near Threatened
Setophaga chrysoparia,Endangered
Setophaga citrina,Least Concern
Setophaga coronata,Least Concern
Setophaga delicata,Least Concern
Setophaga discolor,Least Concern
Setophaga dominica,Least Concern
Setophaga flavescens,Endangered
Setophaga fusca,Least Concern
Setophaga graciae,Least Concern
Setophaga kirtlandii,Near Threatened
Setophaga magnolia,Least Concern
Setophaga nigrescens,Least Concern
Setophaga occidentalis,Least Concern
Setophaga palmarum,Least Concern
Setophaga pensylvanica,Least Concern
Setophaga petechia,Least Concern
Setophaga pharetra,Least Concern
Setophaga pinus,Least Concern
Setophaga pitiayumi,Least Concern
Setophaga pityophila,Least Concern
Setophaga plumbea,Least Concern
Setophaga ruticilla,Least Concern
Setophaga striata,Near Threatened
Setophaga subita,Vulnerable
Setophaga tigrina,Least Concern
Setophaga townsendi,Least Concern
Setophaga virens,Least Concern
Setophaga vitellina,Near Threatened
Myiothlypis basilica,Near Threatened
Myiothlypis bivittata,Least Concern
Myiothlypis chlorophrys,Least Concern
Myiothlypis chrysogaster,Least Concern
Myiothlypis cinereicollis,Least Concern
Myiothlypis conspicillata,Near Threatened
Myiothlypis coronata,Least Concern
Myiothlypis flaveola,Least Concern
Myiothlypis fraseri,Least Concern
Myiothlypis fulvicauda,Least Concern
Myiothlypis griseiceps,Endangered
Myiothlypis leucoblephara,Least Concern
Myiothlypis leucophrys,Least Concern
Myiothlypis luteoviridis,Least Concern
Myiothlypis nigrocristata,Least Concern
Myiothlypis rivularis,Least Concern
Myiothlypis signata,Least Concern
Basileuterus belli,Least Concern
Basileuterus culicivorus,Least Concern
Basileuterus delattrii,Unknown
Basileuterus ignotus,Vulnerable
Basileuterus lachrymosus,Least Concern
Basileuterus melanogenys,Least Concern
Basileuterus melanotis,Least Concern
Basileuterus punctipectus,Least Concern
Basileuterus rufifrons,Least Concern
Basileuterus tacarcunae,Least Concern
Basileuterus trifasciatus,Least Concern
Basileuterus tristriatus,Least Concern
Cardellina canadensis,Least Concern
Cardellina pusilla,Least Concern
Cardellina rubra,Least Concern
Cardellina rubrifrons,Least Concern
Cardellina versicolor,Least Concern
Myioborus albifacies,Least Concern
Myioborus albifrons,Near Threatened
Myioborus brunniceps,Least Concern
Myioborus cardonai,Near Threatened
Myioborus castaneocapilla,Least Concern
Myioborus flavivertex,Least Concern
Myioborus melanocephalus,Least Concern
Myioborus miniatus,Least Concern
Myioborus ornatus,Least Concern
Myioborus pariae,Endangered
Myioborus pictus,Least Concern
Myioborus torquatus,Least Concern
Pheucticus aureoventris,Least Concern
Pheucticus chrysogaster,Least Concern
Pheucticus chrysopeplus,Least Concern
Pheucticus ludovicianus,Least Concern
Pheucticus melanocephalus,Least Concern
Pheucticus tibialis,Least Concern
Granatellus paraensis,Unknown
Granatellus pelzelni,Least Concern
Granatellus sallaei,Least Concern
Granatellus venustus,Least Concern
Spiza americana,Least Concern
Cyanoloxia brissonii,Least Concern
Cyanoloxia cyanoides,Least Concern
Cyanoloxia glaucocaerulea,Least Concern
Cyanoloxia rothschildii,Least Concern
Amaurospiza aequatorialis,Unknown
Amaurospiza carrizalensis,Unknown
Amaurospiza concolor,Unknown
Amaurospiza moesta,Least Concern
Cyanocompsa parellina,Least Concern
Passerina amoena,Least Concern
Passerina caerulea,Least Concern
Passerina ciris,Least Concern
Passerina cyanea,Least Concern
Passerina leclancherii,Least Concern
Passerina rositae,Near Threatened
Passerina versicolor,Least Concern
Habia rubica,Least Concern
Chlorothraupis carmioli,Unknown
Chlorothraupis frenata,Unknown
Chlorothraupis olivacea,Least Concern
Chlorothraupis stolzmanni,Least Concern
Periporphyrus celaeno,Least Concern
Periporphyrus erythromelas,Least Concern
Caryothraustes canadensis,Least Concern
Caryothraustes poliogaster,Least Concern
Cardinalis cardinalis,Least Concern
Cardinalis phoeniceus,Least Concern
Cardinalis sinuatus,Least Concern
Driophlox atrimaxillaris,Near Threatened
Driophlox cristata,Least Concern
Driophlox fuscicauda,Least Concern
Driophlox gutturalis,Least Concern
Piranga bidentata,Least Concern
Piranga erythrocephala,Least Concern
Piranga flava,Least Concern
Piranga leucoptera,Least Concern
Piranga ludoviciana,Least Concern
Piranga olivacea,Least Concern
Piranga roseogularis,Least Concern
Piranga rubra,Least Concern
Piranga rubriceps,Least Concern
Orthogonys chloricterus,Least Concern
Lamprospiza melanoleuca,Least Concern
Mitrospingus cassinii,Least Concern
Mitrospingus oleagineus,Least Concern
Orchesticus abeillei,Near Threatened
Parkerthraustes humeralis,Least Concern
Sericossypha albocristata,Vulnerable
Compsothraupis loricata,Least Concern
Cyanicterus cyanicterus,Least Concern
Nemosia pileata,Least Concern
Nemosia rourei,Critically Endangered
Tersina viridis,Least Concern
Cyanerpes caeruleus,Least Concern
Cyanerpes cyaneus,Least Concern
Cyanerpes lucidus,Least Concern
Cyanerpes nitidus,Least Concern
Dacnis albiventris,Least Concern
Dacnis berlepschi,Vulnerable
Dacnis cayana,Least Concern
Dacnis flaviventer,Least Concern
Dacnis hartlaubi,Near Threatened
Dacnis lineata,Least Concern
Dacnis nigripes,Near Threatened
Dacnis venusta,Least Concern
Dacnis viguieri,Least Concern
Iridophanes pulcherrimus,Least Concern
Chlorophanes spiza,Least Concern
Heterospingus rubrifrons,Least Concern
Heterospingus xanthopygius,Least Concern
Chrysothlypis chrysomelas,Least Concern
Chrysothlypis salmoni,Least Concern
Hemithraupis flavicollis,Least Concern
Hemithraupis guira,Least Concern
Hemithraupis ruficapilla,Least Concern
Creurgops dentatus,Least Concern
Creurgops verticalis,Least Concern
Volatinia jacarina,Least Concern
Conothraupis mesoleuca,Endangered
Conothraupis speculigera,Least Concern
Eucometis penicillata,Least Concern
Heliothraupis oneilli,Least Concern
Trichothraupis melanops,Least Concern
Loriotus cristatus,Least Concern
Loriotus luctuosus,Least Concern
Loriotus rufiventer,Least Concern
Coryphospingus cucullatus,Least Concern
Coryphospingus pileatus,Least Concern
Rhodospingus cruentus,Least Concern
Lanio aurantius,Least Concern
Lanio fulvus,Least Concern
Lanio leucothorax,Near Threatened
Lanio versicolor,Least Concern
Tachyphonus coronatus,Least Concern
Tachyphonus delatrii,Least Concern
Tachyphonus phoenicius,Least Concern
Tachyphonus rufus,Least Concern
Tachyphonus surinamus,Least Concern
Ramphocelus bresilia,Least Concern
Ramphocelus carbo,Least Concern
Ramphocelus dimidiatus,Least Concern
Ramphocelus flammigerus,Least Concern
Ramphocelus melanogaster,Least Concern
Ramphocelus nigrogularis,Least Concern
Ramphocelus passerinii,Least Concern
Ramphocelus sanguinolentus,Least Concern
Charitospiza eucosma,Near Threatened
Conirostrum albifrons,Least Concern
Conirostrum bicolor,Near Threatened
Conirostrum binghami,Near Threatened
Conirostrum cinereum,Least Concern
Conirostrum ferrugineiventre,Least Concern
Conirostrum leucogenys,Least Concern
Conirostrum margaritae,Vulnerable
Conirostrum rufum,Least Concern
Conirostrum sitticolor,Least Concern
Conirostrum speciosum,Least Concern
Conirostrum tamarugense,Least Concern
Phrygilus atriceps,Least Concern
Phrygilus gayi,Least Concern
Phrygilus patagonicus,Least Concern
Phrygilus punensis,Least Concern
Nesospiza acunhae,Vulnerable
Nesospiza questi,Vulnerable
Nesospiza wilkinsi,Critically Endangered
Rowettia goughensis,Critically Endangered
Melanodera melanodera,Least Concern
Melanodera xanthogramma,Least Concern
Sicalis auriventris,Least Concern
Sicalis citrina,Least Concern
Sicalis columbiana,Least Concern
Sicalis flaveola,Least Concern
Sicalis lebruni,Least Concern
Sicalis lutea,Least Concern
Sicalis luteocephala,Least Concern
Sicalis luteola,Least Concern
Sicalis mendozae,Least Concern
Sicalis olivascens,Least Concern
Sicalis raimondii,Least Concern
Sicalis taczanowskii,Least Concern
Sicalis uropygialis,Least Concern
Idiopsar brachyurus,Least Concern
Idiopsar dorsalis,Least Concern
Idiopsar erythronotus,Least Concern
Idiopsar speculifer,Least Concern
Xenodacnis parina,Least Concern
Xenodacnis petersi,Least Concern
Geospizopsis plebejus,Least Concern
Geospizopsis unicolor,Least Concern
Haplospiza rustica,Least Concern
Haplospiza unicolor,Least Concern
Acanthidops bairdi,Least Concern
Catamenia analis,Least Concern
Catamenia homochroa,Least Concern
Catamenia inornata,Least Concern
Diglossa albilatera,Least Concern
Diglossa baritula,Least Concern
Diglossa brunneiventris,Least Concern
Diglossa caerulescens,Least Concern
Diglossa carbonaria,Least Concern
Diglossa cyanea,Least Concern
Diglossa duidae,Least Concern
Diglossa glauca,Least Concern
Diglossa gloriosa,Least Concern
Diglossa gloriosissima,Near Threatened
Diglossa humeralis,Least Concern
Diglossa indigotica,Least Concern
Diglossa lafresnayii,Least Concern
Diglossa major,Least Concern
Diglossa mystacalis,Least Concern
Diglossa plumbea,Least Concern
Diglossa sittoides,Least Concern
Diglossa venezuelensis,Endangered
Saltatricula atricollis,Least Concern
Saltatricula multicolor,Least Concern
Saltator albicollis,Least Concern
Saltator atriceps,Least Concern
Saltator atripennis,Least Concern
Saltator aurantiirostris,Least Concern
Saltator cinctus,Least Concern
Saltator coerulescens,Least Concern
Saltator fuliginosus,Least Concern
Saltator grandis,Least Concern
Saltator grossus,Least Concern
Saltator maxillosus,Least Concern
Saltator maximus,Least Concern
Saltator nigriceps,Least Concern
Saltator olivascens,Least Concern
Saltator orenocensis,Least Concern
Saltator similis,Least Concern
Saltator striatipectus,Least Concern
Coryphaspiza melanotis,Vulnerable
Embernagra longicauda,Least Concern
Embernagra platensis,Least Concern
Emberizoides duidae,Data Deficient
Emberizoides herbicola,Least Concern
Emberizoides ypiranganus,Least Concern
Rhopospina alaudina,Least Concern
Rhopospina caerulescens,Near Threatened
Rhopospina carbonaria,Least Concern
Rhopospina fruticeti,Least Concern
Incaspiza laeta,Least Concern
Incaspiza ortizi,Least Concern
Incaspiza personata,Least Concern
Incaspiza pulchra,Least Concern
Incaspiza watkinsi,Vulnerable
Sporophila albogularis,Least Concern
Sporophila americana,Least Concern
Sporophila angolensis,Least Concern
Sporophila ardesiaca,Least Concern
Sporophila atrirostris,Least Concern
Sporophila beltoni,Vulnerable
Sporophila bouvreuil,Least Concern
Sporophila bouvronides,Least Concern
Sporophila caerulescens,Least Concern
Sporophila castaneiventris,Least Concern
Sporophila cinnamomea,Vulnerable
Sporophila collaris,Least Concern
Sporophila corvina,Least Concern
Sporophila crassirostris,Least Concern
Sporophila falcirostris,Vulnerable
Sporophila fringilloides,Least Concern
Sporophila frontalis,Vulnerable
Sporophila funerea,Least Concern
Sporophila hypochroma,Near Threatened
Sporophila hypoxantha,Least Concern
Sporophila iberaensis,Near Threatened
Sporophila intermedia,Least Concern
Sporophila leucoptera,Least Concern
Sporophila lineola,Least Concern
Sporophila luctuosa,Least Concern
Sporophila maximiliani,Endangered
Sporophila melanogaster,Near Threatened
Sporophila minuta,Least Concern
Sporophila morelleti,Least Concern
Sporophila nigricollis,Least Concern
Sporophila nigrorufa,Vulnerable
Sporophila nuttingi,Least Concern
Sporophila palustris,Endangered
Sporophila peruviana,Least Concern
Sporophila pileata,Least Concern
Sporophila plumbea,Least Concern
Sporophila ruficollis,Near Threatened
Sporophila schistacea,Least Concern
Sporophila simplex,Least Concern
Sporophila telasco,Least Concern
Sporophila torqueola,Least Concern
Piezorina cinerea,Least Concern
Xenospingus concolor,Near Threatened
Pseudospingus verticalis,Least Concern
Pseudospingus xanthophthalmus,Least Concern
Poospiza baeri,Least Concern
Poospiza boliviana,Least Concern
Poospiza garleppi,Near Threatened
Poospiza goeringi,Near Threatened
Poospiza hispaniolensis,Least Concern
Poospiza nigrorufa,Least Concern
Poospiza ornata,Least Concern
Poospiza rubecula,Near Threatened
Poospiza rufosuperciliaris,Least Concern
Poospiza whitii,Least Concern
Cnemoscopus rubrirostris,Least Concern
Castanozoster thoracicus,Least Concern
Poospizopsis caesar,Least Concern
Poospizopsis hypocondria,Least Concern
Donacospiza albifrons,Least Concern
Cypsnagra hirundinacea,Least Concern
Urothraupis stolzmanni,Least Concern
Nephelornis oneilli,Least Concern
Microspingus alticola,Near Threatened
Microspingus cabanisi,Least Concern
Microspingus cinereus,Least Concern
Microspingus erythrophrys,Least Concern
Microspingus lateralis,Least Concern
Microspingus melanoleucus,Least Concern
Microspingus torquatus,Least Concern
Microspingus trifasciatus,Least Concern
Kleinothraupis atropileus,Least Concern
Kleinothraupis calophrys,Least Concern
Kleinothraupis parodii,Near Threatened
Kleinothraupis reyi,Near Threatened
Sphenopsis frontalis,Least Concern
Sphenopsis melanotis,Least Concern
Sphenopsis ochracea,Least Concern
Sphenopsis piurae,Least Concern
Thlypopsis fulviceps,Least Concern
Thlypopsis inornata,Least Concern
Thlypopsis ornata,Least Concern
Thlypopsis pectoralis,Least Concern
Thlypopsis pyrrhocoma,Least Concern
Thlypopsis ruficeps,Least Concern
Thlypopsis sordida,Least Concern
Thlypopsis superciliaris,Least Concern
Catamblyrhynchus diadema,Least Concern
Coereba flaveola,Least Concern
Tiaris olivaceus,Least Concern
Euneornis campestris,Least Concern
Melopyrrha grandis,Critically Endangered
Melopyrrha nigra,Near Threatened
Melopyrrha portoricensis,Vulnerable
Melopyrrha taylori,Near Threatened
Melopyrrha violacea,Least Concern
Loxipasser anoxanthus,Least Concern
Phonipara canora,Least Concern
Loxigilla barbadensis,Least Concern
Loxigilla noctis,Least Concern
Melanospiza bicolor,Least Concern
Melanospiza richardsoni,Endangered
Asemospiza fuliginosa,Least Concern
Asemospiza obscura,Least Concern
Certhidea fusca,Least Concern
Certhidea olivacea,Vulnerable
Platyspiza crassirostris,Least Concern
Pinaroloxias inornata,Least Concern
Camarhynchus heliobates,Critically Endangered
Camarhynchus pallidus,Vulnerable
Camarhynchus parvulus,Least Concern
Camarhynchus pauper,Critically Endangered
Camarhynchus psittacula,Vulnerable
Geospiza acutirostris,Vulnerable
Geospiza conirostris,Vulnerable
Geospiza difficilis,Least Concern
Geospiza fortis,Least Concern
Geospiza fuliginosa,Least Concern
Geospiza magnirostris,Least Concern
Geospiza propinqua,Vulnerable
Geospiza scandens,Least Concern
Geospiza septentrionalis,Vulnerable
Calochaetes coccineus,Least Concern
Iridosornis analis,Least Concern
Iridosornis jelskii,Least Concern
Iridosornis porphyrocephalus,Near Threatened
Iridosornis reinhardti,Least Concern
Iridosornis rufivertex,Least Concern
Pipraeidea melanonota,Least Concern
Rauenia bonariensis,Unknown
Pseudosaltator rufiventris,Least Concern
Dubusia carrikeri,Near Threatened
Dubusia castaneoventris,Least Concern
Dubusia stictocephala,Least Concern
Dubusia taeniata,Least Concern
Sporathraupis cyanocephala,Least Concern
Buthraupis montana,Least Concern
Tephrophilus wetmorei,Vulnerable
Chlorornis riefferii,Least Concern
Cnemathraupis aureodorsalis,Endangered
Cnemathraupis eximia,Least Concern
Anisognathus igniventris,Least Concern
Anisognathus lacrymosus,Least Concern
Anisognathus melanogenys,Least Concern
Anisognathus notabilis,Least Concern
Anisognathus somptuosus,Least Concern
Chlorochrysa calliparaea,Least Concern
Chlorochrysa nitidissima,Near Threatened
Chlorochrysa phoenicotis,Least Concern
Neothraupis fasciata,Near Threatened
Lophospingus griseocristatus,Least Concern
Lophospingus pusillus,Least Concern
Gubernatrix cristata,Endangered
Diuca diuca,Least Concern
Stephanophorus diadematus,Least Concern
Cissopis leverianus,Least Concern
Schistochlamys melanopis,Least Concern
Schistochlamys ruficapillus,Least Concern
Paroaria baeri,Least Concern
Paroaria capitata,Least Concern
Paroaria coronata,Least Concern
Paroaria dominicana,Least Concern
Paroaria gularis,Least Concern
Paroaria nigrogenis,Least Concern
Wetmorethraupis sterrhopteron,Vulnerable
Bangsia arcaei,Near Threatened
Bangsia aureocincta,Vulnerable
Bangsia edwardsi,Least Concern
Bangsia flavovirens,Vulnerable
Bangsia melanochlamys,Vulnerable
Bangsia rothschildi,Least Concern
Tangara arthus,Least Concern
Tangara brasiliensis,Least Concern
Tangara callophrys,Least Concern
Tangara chilensis,Least Concern
Tangara chrysotis,Least Concern
Tangara cyanocephala,Least Concern
Tangara cyanotis,Least Concern
Tangara cyanoventris,Least Concern
Tangara desmaresti,Least Concern
Tangara dowii,Least Concern
Tangara fastuosa,Vulnerable
Tangara florida,Least Concern
Tangara fucosa,Least Concern
Tangara gyrola,Least Concern
Tangara icterocephala,Least Concern
Tangara inornata,Least Concern
Tangara johannae,Least Concern
Tangara labradorides,Least Concern
Tangara lavinia,Least Concern
Tangara mexicana,Least Concern
Tangara nigroviridis,Least Concern
Tangara parzudakii,Least Concern
Tangara rufigenis,Least Concern
Tangara schrankii,Least Concern
Tangara seledon,Least Concern
Tangara vassorii,Least Concern
Tangara velia,Least Concern
Tangara xanthocephala,Least Concern
Chalcothraupis ruficervix,Unknown
Thraupis abbas,Least Concern
Thraupis cyanoptera,Near Threatened
Thraupis episcopus,Least Concern
Thraupis glaucocolpa,Least Concern
Thraupis ornata,Least Concern
Thraupis palmarum,Least Concern
Thraupis sayaca,Least Concern
Ixothraupis guttata,Least Concern
Ixothraupis punctata,Least Concern
Ixothraupis rufigula,Least Concern
Ixothraupis varia,Least Concern
Ixothraupis xanthogastra,Least Concern
Poecilostreptus cabanisi,Vulnerable
Poecilostreptus palmeri,Least Concern
Stilpnia argyrofenges,Vulnerable
Stilpnia cayana,Unknown
Stilpnia cucullata,Unknown
Stilpnia cyanicollis,Least Concern
Stilpnia cyanoptera,Unknown
Stilpnia heinei,Least Concern
Stilpnia larvata,Least Concern
Stilpnia meyerdeschauenseei,Vulnerable
Stilpnia nigrocincta,Least Concern
Stilpnia peruviana,Vulnerable
Stilpnia phillipsi,Least Concern
Stilpnia preciosa,Least Concern
Stilpnia viridicollis,Least Concern
Stilpnia vitriolina,Least Concern
Stilpnia whitelyi,Unknown
