Struthio camelus,1,
Struthio molybdophanes,1,
Dromaius novaehollandiae,0,
Casuarius bennetti,0,
Casuarius casuarius,0,
Casuarius unappendiculatus,0,
Apteryx australis,0,
Apteryx mantelli,0,
Apteryx maxima,0,
Apteryx owenii,0,
Apteryx rowi,0,
Rhea americana,1,
Rhea pennata,1,
Tinamotis ingoufi,0,
Tinamotis pentlandii,1,
Eudromia elegans,0,
Eudromia formosa,0,
Taoniscus nanus,1,
Nothura boraquira,0,
Nothura darwinii,0,
Nothura maculosa,0,
Nothura minor,0,
Rhynchotus maculicollis,0,
Rhynchotus rufescens,1,
Nothoprocta cinerascens,0,
Nothoprocta curvirostris,0,
Nothoprocta ornata,0,
Nothoprocta pentlandii,0,
Nothoprocta perdicaria,0,
Nothoprocta taczanowskii,0,
Nothocercus bonapartei,1,
Nothocercus julius,0,
Nothocercus nigrocapillus,0,
Tinamus guttatus,1,
Tinamus major,1,
Tinamus osgoodi,0,
Tinamus solitarius,0,
Tinamus tao,1,
Crypturellus atrocapillus,0,
Crypturellus bartletti,0,
Crypturellus berlepschi,0,
Crypturellus boucardi,0,
Crypturellus brevirostris,0,
Crypturellus casiquiare,0,
Crypturellus cinereus,0,
Crypturellus cinnamomeus,0,
Crypturellus duidae,0,
Crypturellus erythropus,0,
Crypturellus kerriae,0,
Crypturellus noctivagus,0,
Crypturellus obsoletus,0,
Crypturellus parvirostris,0,
Crypturellus ptaritepui,0,
Crypturellus soui,1,
Crypturellus strigulosus,0,
Crypturellus tataupa,1,
Crypturellus transfasciatus,0,
Crypturellus undulatus,0,
Crypturellus variegatus,0,
Anhima cornuta,0,
Chauna chavaria,0,
Chauna torquata,1,
Anseranas semipalmata,0,
Thalassornis leuconotus,0,
Dendrocygna arborea,1,
Dendrocygna arcuata,0,
Dendrocygna autumnalis,1,
Dendrocygna bicolor,1,
Dendrocygna eytoni,0,
Dendrocygna guttata,0,
Dendrocygna javanica,1,
Dendrocygna viduata,1,
Biziura lobata,0,
Nettapus auritus,0,
Nettapus coromandelianus,1,
Nettapus pulchellus,0,
Stictonetta naevosa,0,
Heteronetta atricapilla,0,
Nomonyx dominicus,1,
Oxyura australis,0,
Oxyura jamaicensis,1,
Oxyura leucocephala,1,
Oxyura maccoa,0,
Oxyura vittata,0,
Plectropterus gambensis,0,
Malacorhynchus membranaceus,0,
Coscoroba coscoroba,0,
Cereopsis novaehollandiae,0,
Cygnus atratus,0,
Cygnus buccinator,1,
Cygnus columbianus,1,
Cygnus cygnus,1,
Cygnus melancoryphus,1,
Cygnus olor,1,
Branta bernicla,1,
Branta canadensis,1,
Branta hutchinsii,1,
Branta leucopsis,1,
Branta ruficollis,1,
Branta sandvicensis,1,
Anser albifrons,1,
Anser anser,1,
Anser brachyrhynchus,1,
Anser caerulescens,1,
Anser canagicus,1,
Anser cygnoides,0,
Anser erythropus,1,
Anser fabalis,1,
Anser indicus,1,
Anser rossii,1,
Anser serrirostris,1,
Merganetta armata,1,
Callonetta leucophrys,1,
Cairina moschata,1,
Aix galericulata,1,
Aix sponsa,1,
Neochen jubata,0,
Chloephaga hybrida,0,
Chloephaga melanoptera,1,
Chloephaga picta,0,
Chloephaga poliocephala,0,
Chloephaga rubidiceps,0,
Radjah radjah,0,
Alopochen aegyptiaca,1,
Alopochen kervazoi,0,
Alopochen mauritiana,0,
Tadorna cana,1,
Tadorna cristata,1,
Tadorna ferruginea,1,
Tadorna tadorna,1,
Tadorna tadornoides,1,
Tadorna variegata,0,
Clangula hyemalis,1,
Polysticta stelleri,1,
Camptorhynchus labradorius,1,
Somateria fischeri,1,
Somateria mollissima,1,
Somateria spectabilis,1,
Histrionicus histrionicus,1,
Melanitta americana,1,
Melanitta deglandi,1,
Melanitta fusca,1,
Melanitta nigra,1,
Melanitta perspicillata,1,
Melanitta stejnegeri,1,
Bucephala albeola,1,
Bucephala clangula,1,
Bucephala islandica,1,
Mergellus albellus,1,
Lophodytes cucullatus,1,
Mergus australis,0,
Mergus merganser,1,
Mergus octosetaceus,0,
Mergus serrator,1,
Mergus squamatus,1,
Sarkidiornis melanotos,1,
Sarkidiornis sylvicola,1,
Hymenolaimus malacorhynchos,0,
Chenonetta jubata,0,
Cyanochen cyanoptera,0,
Pteronetta hartlaubii,0,
Marmaronetta angustirostris,1,
Asarcornis scutulata,0,
Rhodonessa caryophyllacea,0,
Netta erythrophthalma,1,
Netta peposaca,1,
Netta rufina,1,
Aythya affinis,1,
Aythya americana,1,
Aythya australis,0,
Aythya baeri,1,
Aythya collaris,1,
Aythya ferina,1,
Aythya fuligula,1,
Aythya innotata,0,
Aythya marila,1,
Aythya novaeseelandiae,0,
Aythya nyroca,1,
Aythya valisineria,1,
Salvadorina waigiuensis,0,
Lophonetta specularioides,1,
Speculanas specularis,0,
Amazonetta brasiliensis,0,
Tachyeres brachypterus,0,
Tachyeres leucocephalus,0,
Tachyeres patachonicus,0,
Tachyeres pteneres,0,
Sibirionetta formosa,1,
Spatula clypeata,1,
Spatula cyanoptera,1,
Spatula discors,1,
Spatula hottentota,0,
Spatula platalea,1,
Spatula puna,0,
Spatula querquedula,1,
Spatula rhynchotis,0,
Spatula smithii,1,
Spatula versicolor,0,
Mareca americana,1,
Mareca falcata,1,
Mareca marecula,1,
Mareca penelope,1,
Mareca sibilatrix,1,
Mareca strepera,1,
Anas acuta,1,
Anas albogularis,0,
Anas andium,0,
Anas aucklandica,0,
Anas bahamensis,1,
Anas bernieri,0,
Anas capensis,0,
Anas castanea,0,
Anas chlorotis,0,
Anas crecca,1,
Anas diazi,0,
Anas eatoni,1,
Anas erythrorhyncha,0,
Anas flavirostris,1,
Anas fulvigula,1,
Anas georgica,1,
Anas gibberifrons,0,
Anas gracilis,0,
Anas laysanensis,1,
Anas luzonica,0,
Anas melleri,0,
Anas nesiotis,0,
Anas platyrhynchos,1,
Anas poecilorhyncha,1,
Anas rubripes,1,
Anas sparsa,0,
Anas superciliosa,1,
Anas theodori,1,
Anas undulata,1,
Anas wyvilliana,1,
Anas zonorhyncha,1,
Leipoa ocellata,0,
Talegalla cuvieri,0,
Talegalla fuscirostris,0,
Talegalla jobiensis,0,
Alectura lathami,0,
Aepypodius arfakianus,0,
Aepypodius bruijnii,0,
Macrocephalon maleo,0,
Eulipoa wallacei,0,
Megapodius bernsteinii,0,
Megapodius cumingii,0,
Megapodius decollatus,0,
Megapodius eremita,1,
Megapodius freycinet,0,
Megapodius geelvinkianus,0,
Megapodius laperouse,0,
Megapodius layardi,0,
Megapodius nicobariensis,0,
Megapodius pritchardii,1,
Megapodius reinwardt,0,
Megapodius tenimberensis,0,
Penelopina nigra,0,
Chamaepetes goudotii,0,
Chamaepetes unicolor,0,
Aburria aburri,0,
Pipile cujubi,0,
Pipile cumanensis,1,
Pipile grayi,0,
Pipile jacutinga,0,
Pipile pipile,0,
Penelope albipennis,1,
Penelope argyrotis,0,
Penelope barbata,0,
Penelope bridgesi,0,
Penelope dabbenei,0,
Penelope jacquacu,1,
Penelope jacucaca,0,
Penelope marail,0,
Penelope montagnii,0,
Penelope obscura,0,
Penelope ochrogaster,0,
Penelope ortoni,0,
Penelope perspicax,0,
Penelope pileata,0,
Penelope purpurascens,0,
Penelope superciliaris,0,
Oreophasis derbianus,0,
Crax alberti,0,
Crax alector,0,
Crax blumenbachii,0,
Crax daubentoni,0,
Crax fasciolata,0,
Crax globulosa,0,
Crax rubra,0,
Pauxi koepckeae,1,
Pauxi pauxi,0,
Pauxi unicornis,0,
Nothocrax urumutum,0,
Mitu mitu,0,
Mitu salvini,0,
Mitu tomentosum,0,
Mitu tuberosum,0,
Ortalis araucuan,0,
Ortalis canicollis,0,
Ortalis cinereiceps,0,
Ortalis columbiana,0,
Ortalis erythroptera,0,
Ortalis garrula,0,
Ortalis guttata,0,
Ortalis leucogastra,0,
Ortalis motmot,0,
Ortalis poliocephala,0,
Ortalis ruficauda,0,
Ortalis ruficeps,0,
Ortalis squamata,0,
Ortalis superciliaris,0,
Ortalis vetula,1,
Ortalis wagleri,0,
Numida meleagris,1,
Agelastes meleagrides,0,
Agelastes niger,0,
Acryllium vulturinum,0,
Guttera edouardi,0,
Guttera plumifera,0,
Guttera pucherani,0,
Guttera verreauxi,0,
Ptilopachus nahani,0,
Ptilopachus petrosus,0,
Rhynchortyx cinctus,0,
Oreortyx pictus,1,
Dendrortyx barbatus,0,
Dendrortyx leucophrys,0,
Dendrortyx macroura,0,
Philortyx fasciatus,0,
Colinus cristatus,0,
Colinus leucopogon,0,
Colinus nigrogularis,0,
Colinus virginianus,1,
Callipepla californica,1,
Callipepla douglasii,0,
Callipepla gambelii,1,
Callipepla squamata,1,
Cyrtonyx montezumae,1,
Cyrtonyx ocellatus,0,
Dactylortyx thoracicus,0,
Odontophorus atrifrons,0,
Odontophorus balliviani,0,
Odontophorus capueira,0,
Odontophorus columbianus,0,
Odontophorus dialeucos,0,
Odontophorus erythrops,0,
Odontophorus gujanensis,0,
Odontophorus guttatus,0,
Odontophorus hyperythrus,0,
Odontophorus leucolaemus,0,
Odontophorus melanonotus,0,
Odontophorus melanotis,0,
Odontophorus speciosus,0,
Odontophorus stellatus,0,
Odontophorus strophium,0,
Xenoperdix udzungwensis,0,
Caloperdix oculeus,0,
Rollulus rouloul,0,
Melanoperdix niger,0,
Arborophila ardens,0,
Arborophila atrogularis,0,
Arborophila brunneopectus,0,
Arborophila cambodiana,0,
Arborophila campbelli,0,
Arborophila crudigularis,0,
Arborophila davidi,0,
Arborophila gingica,0,
Arborophila hyperythra,0,
Arborophila javanica,0,
Arborophila mandellii,0,
Arborophila orientalis,0,
Arborophila rolli,0,
Arborophila rubrirostris,0,
Arborophila rufipectus,0,
Arborophila rufogularis,0,
Arborophila sumatrana,0,
Arborophila torqueola,0,
Lerwa lerwa,0,
Ithaginis cruentus,0,
Tragopan blythii,0,
Tragopan caboti,0,
Tragopan melanocephalus,0,
Tragopan satyra,0,
Tragopan temminckii,0,
Tetraophasis obscurus,0,
Tetraophasis szechenyii,0,
Lophophorus impejanus,0,
Lophophorus lhuysii,0,
Lophophorus sclateri,0,
Rhizothera dulitensis,0,
Rhizothera longirostris,0,
Pucrasia macrolopha,0,
Meleagris gallopavo,1,
Meleagris ocellata,0,
Bonasa umbellus,1,
Tetrastes bonasia,1,
Tetrastes sewerzowi,0,
Centrocercus minimus,1,
Centrocercus urophasianus,1,
Dendragapus fuliginosus,1,
Dendragapus obscurus,1,
Tympanuchus cupido,1,
Tympanuchus pallidicinctus,1,
Tympanuchus phasianellus,1,
Lagopus lagopus,1,
Lagopus leucura,1,
Lagopus muta,1,
Lagopus scotica,0,
Falcipennis falcipennis,0,
Canachites canadensis,1,
Tetrao urogalloides,1,
Tetrao urogallus,1,
Lyrurus mlokosiewiczi,0,
Lyrurus tetrix,1,
Perdix dauurica,0,
Perdix hodgsoniae,0,
Perdix perdix,1,
Syrmaticus ellioti,0,
Syrmaticus humiae,0,
Syrmaticus mikado,0,
Syrmaticus reevesii,1,
Syrmaticus soemmerringii,0,
Chrysolophus amherstiae,1,
Chrysolophus pictus,1,
Phasianus colchicus,1,
Phasianus versicolor,1,
Catreus wallichii,0,
Crossoptilon auritum,0,
Crossoptilon crossoptilon,0,
Crossoptilon harmani,0,
Crossoptilon mantchuricum,0,
Lophura bulweri,0,
Lophura diardi,0,
Lophura edwardsi,0,
Lophura erythrophthalma,0,
Lophura ignita,0,
Lophura inornata,0,
Lophura leucomelanos,1,
Lophura nycthemera,0,
Lophura pyronota,0,
Lophura rufa,0,
Lophura swinhoii,0,
Argusianus argus,0,
Rheinardia nigrescens,0,
Rheinardia ocellata,0,
Afropavo congensis,0,
Pavo cristatus,1,
Pavo muticus,0,
Tropicoperdix charltonii,0,
Tropicoperdix chloropus,0,
Tropicoperdix graydoni,0,
Haematortyx sanguiniceps,0,
Galloperdix bicalcarata,0,
Galloperdix lunulata,0,
Galloperdix spadicea,0,
Polyplectron bicalcaratum,0,
Polyplectron chalcurum,0,
Polyplectron germaini,0,
Polyplectron inopinatum,0,
Polyplectron katsumatae,0,
Polyplectron malacense,0,
Polyplectron napoleonis,0,
Polyplectron schleiermacheri,0,
Bambusicola fytchii,0,
Bambusicola sonorivox,0,
Bambusicola thoracicus,0,
Gallus gallus,1,
Gallus lafayettii,0,
Gallus sonneratii,0,
Gallus varius,0,
Peliperdix lathami,0,
Campocolinus albogularis,0,
Campocolinus coqui,0,
Campocolinus schlegelii,0,
Scleroptila afra,0,
Scleroptila elgonensis,0,
Scleroptila finschi,0,
Scleroptila gutturalis,0,
Scleroptila levaillantii,0,
Scleroptila psilolaema,0,
Scleroptila shelleyi,0,
Scleroptila streptophora,0,
Scleroptila whytei,0,
Ortygornis gularis,0,
Ortygornis pondicerianus,1,
Ortygornis sephaena,0,
Francolinus francolinus,1,
Francolinus pictus,0,
Francolinus pintadeanus,0,
Tetraogallus altaicus,0,
Tetraogallus caspius,0,
Tetraogallus caucasicus,0,
Tetraogallus himalayensis,1,
Tetraogallus tibetanus,1,
Ammoperdix griseogularis,0,
Ammoperdix heyi,0,
Synoicus adansonii,0,
Synoicus chinensis,1,
Synoicus monorthonyx,0,
Synoicus ypsilophorus,0,
Margaroperdix madagarensis,0,
Coturnix coromandelica,0,
Coturnix coturnix,1,
Coturnix delegorguei,1,
Coturnix japonica,1,
Coturnix novaezelandiae,1,
Coturnix pectoralis,0,
Alectoris barbara,1,
Alectoris chukar,1,
Alectoris graeca,1,
Alectoris magna,1,
Alectoris melanocephala,0,
Alectoris philbyi,0,
Alectoris rufa,1,
Ophrysia superciliosa,0,
Perdicula argoondah,0,
Perdicula asiatica,0,
Perdicula erythrorhyncha,0,
Perdicula manipurensis,0,
Pternistis adspersus,0,
Pternistis afer,0,
Pternistis ahantensis,0,
Pternistis bicalcaratus,0,
Pternistis camerunensis,0,
Pternistis capensis,0,
Pternistis castaneicollis,0,
Pternistis clappertoni,0,
Pternistis erckelii,1,
Pternistis griseostriatus,0,
Pternistis hartlaubi,0,
Pternistis harwoodi,0,
Pternistis hildebrandti,0,
Pternistis icterorhynchus,0,
Pternistis jacksoni,0,
Pternistis leucoscepus,0,
Pternistis natalensis,0,
Pternistis nobilis,0,
Pternistis ochropectus,0,
Pternistis rufopictus,0,
Pternistis squamatus,0,
Pternistis swainsonii,0,
Pternistis swierstrai,0,
Phoeniconaias minor,1,
Phoenicoparrus andinus,1,
Phoenicoparrus jamesi,1,
Phoenicopterus chilensis,1,
Phoenicopterus roseus,1,
Phoenicopterus ruber,1,
Rollandia microptera,0,
Rollandia rolland,1,
Tachybaptus dominicus,1,
Tachybaptus novaehollandiae,0,
Tachybaptus pelzelnii,0,
Tachybaptus ruficollis,1,
Tachybaptus rufolavatus,0,
Podilymbus gigas,1,
Podilymbus podiceps,1,
Poliocephalus poliocephalus,0,
Poliocephalus rufopectus,0,
Podiceps andinus,0,
Podiceps auritus,1,
Podiceps cristatus,1,
Podiceps gallardoi,0,
Podiceps grisegena,1,
Podiceps major,1,
Podiceps nigricollis,1,
Podiceps occipitalis,1,
Podiceps taczanowskii,0,
Aechmophorus clarkii,1,
Aechmophorus occidentalis,1,
Corythaeola cristata,0,
Crinifer concolor,0,
Crinifer leucogaster,0,
Crinifer personatus,0,
Crinifer piscator,0,
Crinifer zonurus,0,
Gallirex johnstoni,0,
Gallirex porphyreolophus,0,
Menelikornis leucotis,0,
Menelikornis ruspolii,0,
Tauraco bannermani,0,
Tauraco corythaix,0,
Tauraco erythrolophus,0,
Tauraco fischeri,0,
Tauraco hartlaubi,0,
Tauraco leucolophus,0,
Tauraco livingstonii,0,
Tauraco macrorhynchus,0,
Tauraco persa,0,
Tauraco rossae,0,
Tauraco schalowi,0,
Tauraco schuettii,0,
Tauraco violaceus,0,
Otis tarda,1,
Ardeotis arabs,0,
Ardeotis australis,0,
Ardeotis kori,0,
Ardeotis nigriceps,0,
Chlamydotis macqueenii,1,
Chlamydotis undulata,1,
Neotis denhami,0,
Neotis heuglinii,0,
Neotis ludwigii,0,
Neotis nuba,0,
Eupodotis caerulescens,0,
Eupodotis senegalensis,0,
Heterotetrax humilis,0,
Heterotetrax rueppelii,0,
Heterotetrax vigorsii,0,
Lophotis gindiana,0,
Lophotis ruficrista,0,
Lophotis savilei,0,
Afrotis afra,0,
Afrotis afraoides,0,
Lissotis hartlaubii,0,
Lissotis melanogaster,0,
Houbaropsis bengalensis,0,
Sypheotides indicus,0,
Tetrax tetrax,1,
Guira guira,0,
Crotophaga ani,1,
Crotophaga major,0,
Crotophaga sulcirostris,1,
Tapera naevia,1,
Dromococcyx pavoninus,0,
Dromococcyx phasianellus,0,
Morococcyx erythropygus,0,
Geococcyx californianus,1,
Geococcyx velox,0,
Neomorphus geoffroyi,0,
Neomorphus pucheranii,0,
Neomorphus radiolosus,0,
Neomorphus rufipennis,0,
Neomorphus squamiger,0,
Carpococcyx radiceus,0,
Carpococcyx renauldi,0,
Carpococcyx viridis,0,
Coua caerulea,0,
Coua coquereli,0,
Coua cristata,0,
Coua cursor,0,
Coua delalandei,0,
Coua gigas,0,
Coua olivaceiceps,0,
Coua reynaudii,0,
Coua ruficeps,0,
Coua serriana,0,
Coua verreauxi,0,
Centropus andamanensis,0,
Centropus anselli,0,
Centropus ateralbus,0,
Centropus bengalensis,0,
Centropus bernsteini,0,
Centropus burchellii,0,
Centropus celebensis,0,
Centropus chalybeus,0,
Centropus chlororhynchos,0,
Centropus cupreicaudus,0,
Centropus goliath,0,
Centropus grillii,0,
Centropus leucogaster,0,
Centropus melanops,0,
Centropus menbeki,0,
Centropus milo,0,
Centropus monachus,0,
Centropus nigrorufus,0,
Centropus phasianinus,0,
Centropus rectunguis,0,
Centropus senegalensis,0,
Centropus sinensis,0,
Centropus steerii,0,
Centropus superciliosus,0,
Centropus toulou,1,
Centropus unirufus,0,
Centropus violaceus,0,
Centropus viridis,0,
Rhinortha chlorophaea,0,
Ceuthmochares aereus,0,
Ceuthmochares australis,0,
Taccocua leschenaultii,0,
Zanclostomus javanicus,0,
Phaenicophaeus curvirostris,0,
Phaenicophaeus diardi,0,
Phaenicophaeus oeneicaudus,0,
Phaenicophaeus pyrrhocephalus,0,
Phaenicophaeus sumatranus,0,
Phaenicophaeus tristis,0,
Phaenicophaeus viridirostris,0,
Rhamphococcyx calyorhynchus,0,
Dasylophus cumingi,0,
Dasylophus superciliosus,0,
Clamator coromandus,0,
Clamator glandarius,1,
Clamator jacobinus,0,
Clamator levaillantii,0,
Coccycua cinerea,0,
Coccycua minuta,0,
Coccycua pumila,0,
Piaya cayana,0,
Piaya melanogaster,0,
Piaya mexicana,0,
Coccyzus americanus,1,
Coccyzus erythropthalmus,1,
Coccyzus euleri,0,
Coccyzus ferrugineus,0,
Coccyzus lansbergi,0,
Coccyzus longirostris,0,
Coccyzus melacoryphus,1,
Coccyzus merlini,0,
Coccyzus minor,1,
Coccyzus pluvialis,0,
Coccyzus rufigularis,0,
Coccyzus vetula,0,
Coccyzus vieilloti,0,
Nannococcyx psix,0,
Pachycoccyx audeberti,0,
Microdynamis parva,0,
Eudynamys melanorhynchus,0,
Eudynamys orientalis,0,
Eudynamys scolopaceus,0,
Urodynamis taitensis,1,
Scythrops novaehollandiae,0,
Chrysococcyx caprius,0,
Chrysococcyx cupreus,0,
Chrysococcyx flavigularis,0,
Chrysococcyx klaas,0,
Chrysococcyx maculatus,0,
Chrysococcyx xanthorhynchus,0,
Chalcites basalis,0,
Chalcites crassirostris,0,
Chalcites lucidus,0,
Chalcites megarhynchus,0,
Chalcites meyerii,0,
Chalcites minutillus,0,
Chalcites osculans,0,
Chalcites ruficollis,0,
Heteroscenes pallidus,0,
Caliechthrus leucolophus,0,
Cacomantis addendus,0,
Cacomantis aeruginosus,0,
Cacomantis blandus,0,
Cacomantis castaneiventris,0,
Cacomantis flabelliformis,0,
Cacomantis merulinus,0,
Cacomantis passerinus,0,
Cacomantis sepulcralis,0,
Cacomantis sonneratii,0,
Cacomantis variolosus,0,
Cacomantis virescens,0,
Cercococcyx mechowi,0,
Cercococcyx montanus,0,
Cercococcyx olivinus,0,
Surniculus dicruroides,0,
Surniculus lugubris,0,
Surniculus musschenbroeki,0,
Surniculus velutinus,0,
Hierococcyx bocki,0,
Hierococcyx fugax,0,
Hierococcyx hyperythrus,1,
Hierococcyx nisicolor,1,
Hierococcyx pectoralis,0,
Hierococcyx sparverioides,1,
Hierococcyx vagans,0,
Hierococcyx varius,0,
Cuculus canorus,1,
Cuculus clamosus,0,
Cuculus crassirostris,0,
Cuculus gularis,0,
Cuculus lepidus,0,
Cuculus micropterus,0,
Cuculus optatus,1,
Cuculus poliocephalus,0,
Cuculus rochii,1,
Cuculus saturatus,1,
Cuculus solitarius,0,
Monias benschi,0,
Mesitornis unicolor,0,
Mesitornis variegatus,0,
Syrrhaptes paradoxus,1,
Syrrhaptes tibetanus,0,
Pterocles alchata,1,
Pterocles bicinctus,0,
Pterocles burchelli,0,
Pterocles coronatus,0,
Pterocles decoratus,0,
Pterocles exustus,1,
Pterocles gutturalis,0,
Pterocles indicus,0,
Pterocles lichtensteinii,0,
Pterocles namaqua,0,
Pterocles orientalis,1,
Pterocles personatus,0,
Pterocles quadricinctus,0,
Pterocles senegallus,0,
Claravis pretiosa,1,
Uropelia campestris,0,
Paraclaravis geoffroyi,1,
Paraclaravis mondetoura,1,
Metriopelia aymara,1,
Metriopelia ceciliae,0,
Metriopelia melanoptera,1,
Metriopelia morenoi,0,
Columbina buckleyi,0,
Columbina cruziana,0,
Columbina cyanopis,1,
Columbina inca,1,
Columbina minuta,1,
Columbina passerina,1,
Columbina picui,1,
Columbina squammata,0,
Columbina talpacoti,1,
Starnoenas cyanocephala,1,
Geotrygon caniceps,1,
Geotrygon chrysia,1,
Geotrygon leucometopia,0,
Geotrygon montana,1,
Geotrygon mystacea,1,
Geotrygon purpurata,0,
Geotrygon saphirina,0,
Geotrygon versicolor,0,
Geotrygon violacea,1,
Leptotrygon veraguensis,1,
Leptotila cassinii,1,
Leptotila conoveri,0,
Leptotila jamaicensis,0,
Leptotila megalura,0,
Leptotila ochraceiventris,0,
Leptotila pallida,0,
Leptotila plumbeiceps,1,
Leptotila rufaxilla,0,
Leptotila verreauxi,1,
Leptotila wellsi,1,
Zenaida asiatica,1,
Zenaida auriculata,1,
Zenaida aurita,1,
Zenaida galapagoensis,0,
Zenaida graysoni,1,
Zenaida macroura,1,
Zenaida meloda,0,
Zentrygon albifacies,0,
Zentrygon carrikeri,0,
Zentrygon chiriquensis,1,
Zentrygon costaricensis,0,
Zentrygon frenata,0,
Zentrygon goldmani,0,
Zentrygon lawrencii,0,
Zentrygon linearis,0,
Reinwardtoena browni,1,
Reinwardtoena crassirostris,1,
Reinwardtoena reinwardti,1,
Turacoena manadensis,1,
Turacoena modesta,0,
Turacoena sulaensis,0,
Macropygia amboinensis,0,
Macropygia cinnamomea,0,
Macropygia doreya,0,
Macropygia emiliana,1,
Macropygia macassariensis,0,
Macropygia mackinlayi,1,
Macropygia magna,0,
Macropygia modiglianii,0,
Macropygia nigrirostris,1,
Macropygia phasianella,0,
Macropygia ruficeps,1,
Macropygia rufipennis,1,
Macropygia tenuirostris,1,
Macropygia timorlaoensis,0,
Macropygia unchall,1,
Ectopistes migratorius,1,
Patagioenas araucana,0,
Patagioenas caribaea,0,
Patagioenas cayennensis,1,
Patagioenas corensis,0,
Patagioenas fasciata,1,
Patagioenas flavirostris,0,
Patagioenas goodsoni,0,
Patagioenas inornata,1,
Patagioenas leucocephala,1,
Patagioenas maculosa,1,
Patagioenas nigrirostris,1,
Patagioenas oenops,0,
Patagioenas picazuro,0,
Patagioenas plumbea,0,
Patagioenas speciosa,1,
Patagioenas squamosa,1,
Patagioenas subvinacea,0,
Spilopelia chinensis,1,
Spilopelia senegalensis,1,
Nesoenas mayeri,1,
Nesoenas picturatus,1,
Nesoenas rodericanus,1,
Aplopelia larvata,0,
Streptopelia bitorquata,1,
Streptopelia capicola,1,
Streptopelia decaocto,1,
Streptopelia decipiens,1,
Streptopelia dusumieri,0,
Streptopelia hypopyrrha,0,
Streptopelia lugens,0,
Streptopelia orientalis,1,
Streptopelia reichenowi,0,
Streptopelia roseogrisea,1,
Streptopelia semitorquata,1,
Streptopelia tranquebarica,1,
Streptopelia turtur,1,
Streptopelia vinacea,1,
Streptopelia xanthocycla,1,
Columba albinucha,1,
Columba albitorques,1,
Columba argentina,1,
Columba arquatrix,1,
Columba bollii,1,
Columba delegorguei,0,
Columba elphinstonii,1,
Columba eversmanni,1,
Columba guinea,0,
Columba hodgsonii,1,
Columba iriditorques,0,
Columba janthina,1,
Columba jouyi,1,
Columba junoniae,1,
Columba leucomela,0,
Columba leuconota,1,
Columba livia,1,
Columba malherbii,0,
Columba oenas,1,
Columba oliviae,0,
Columba pallidiceps,1,
Columba palumboides,1,
Columba palumbus,1,
Columba pollenii,1,
Columba pulchricollis,1,
Columba punicea,1,
Columba rupestris,1,
Columba sjostedti,0,
Columba thomensis,0,
Columba torringtoniae,1,
Columba trocaz,1,
Columba unicincta,0,
Columba versicolor,1,
Columba vitiensis,1,
Chalcophaps indica,1,
Chalcophaps longirostris,1,
Chalcophaps stephani,1,
Oena capensis,1,
Turtur abyssinicus,1,
Turtur afer,1,
Turtur brehmeri,0,
Turtur chalcospilos,0,
Turtur tympanistria,1,
Treron affinis,1,
Treron apicauda,1,
Treron aromaticus,0,
Treron australis,1,
Treron axillaris,0,
Treron bicinctus,1,
Treron calvus,0,
Treron capellei,1,
Treron chloropterus,1,
Treron curvirostra,1,
Treron floris,1,
Treron formosae,1,
Treron fulvicollis,0,
Treron griseicauda,0,
Treron griveaudi,1,
Treron olax,0,
Treron oxyurus,0,
Treron pembaensis,0,
Treron phayrei,1,
Treron phoenicopterus,1,
Treron pompadora,0,
Treron psittaceus,0,
Treron sanctithomae,0,
Treron seimundi,1,
Treron sieboldii,1,
Treron sphenurus,1,
Treron teysmannii,0,
Treron vernans,1,
Treron waalia,0,
Phapitreron amethystinus,0,
Phapitreron brunneiceps,0,
Phapitreron cinereiceps,0,
Phapitreron leucotis,1,
Gallicolumba crinigera,0,
Gallicolumba keayi,1,
Gallicolumba luzonica,0,
Gallicolumba menagei,1,
Gallicolumba platenae,1,
Gallicolumba rufigula,0,
Gallicolumba tristigmata,0,
Henicophaps albifrons,0,
Henicophaps foersteri,0,
Pampusana beccarii,1,
Pampusana canifrons,1,
Pampusana erythroptera,1,
Pampusana ferruginea,1,
Pampusana hoedtii,1,
Pampusana jobiensis,1,
Pampusana kubaryi,1,
Pampusana norfolkensis,1,
Pampusana rubescens,1,
Pampusana salamonis,1,
Pampusana sanctaecrucis,0,
Pampusana stairi,1,
Pampusana xanthonura,0,
Leucosarcia melanoleuca,0,
Phaps chalcoptera,1,
Phaps elegans,0,
Phaps histrionica,0,
Geopelia cuneata,1,
Geopelia humeralis,0,
Geopelia maugeus,1,
Geopelia placida,0,
Geopelia striata,1,
Petrophassa albipennis,0,
Petrophassa rufipennis,0,
Ocyphaps lophotes,1,
Geophaps plumifera,1,
Geophaps scripta,1,
Geophaps smithii,1,
Trugon terrestris,0,
Microgoura meeki,1,
Otidiphaps nobilis,1,
Goura cristata,1,
Goura scheepmakeri,1,
Goura sclaterii,1,
Goura victoria,1,
Didunculus strigirostris,1,
Raphus cucullatus,0,
Pezophaps solitaria,0,
Caloenas maculata,1,
Caloenas nicobarica,1,
Hemiphaga chathamensis,0,
Hemiphaga novaeseelandiae,1,
Cryptophaps poecilorrhoa,0,
Lopholaimus antarcticus,0,
Gymnophaps albertisii,0,
Gymnophaps mada,0,
Gymnophaps solomonensis,1,
Gymnophaps stalkeri,0,
Ducula aenea,1,
Ducula aurorae,1,
Ducula badia,1,
Ducula bakeri,1,
Ducula basilica,1,
Ducula bicolor,1,
Ducula brenchleyi,1,
Ducula carola,0,
Ducula chalconota,0,
Ducula cineracea,0,
Ducula concinna,0,
Ducula cuprea,0,
Ducula finschii,1,
Ducula forsteni,0,
Ducula galeata,1,
Ducula geelvinkiana,0,
Ducula goliath,0,
Ducula lacernulata,1,
Ducula latrans,0,
Ducula luctuosa,0,
Ducula melanochroa,0,
Ducula mindorensis,0,
Ducula mullerii,0,
Ducula myristicivora,0,
Ducula neglecta,0,
Ducula nicobarica,0,
Ducula oceanica,1,
Ducula oenothorax,0,
Ducula pacifica,1,
Ducula perspicillata,0,
Ducula pickeringii,0,
Ducula pinon,0,
Ducula pistrinaria,1,
Ducula poliocephala,0,
Ducula radiata,0,
Ducula rosacea,0,
Ducula rubricera,1,
Ducula rufigaster,0,
Ducula spilorrhoa,0,
Ducula subflavescens,0,
Ducula whartoni,0,
Ducula zoeae,0,
Megaloprepia formosa,1,
Megaloprepia magnifica,0,
Ramphiculus fischeri,1,
Ramphiculus gularis,0,
Ramphiculus jambu,0,
Ramphiculus leclancheri,1,
Ramphiculus mangoliensis,0,
Ramphiculus marchei,0,
Ramphiculus merrilli,0,
Ramphiculus occipitalis,0,
Ramphiculus subgularis,0,
Alectroenas madagascariensis,0,
Alectroenas nitidissimus,1,
Alectroenas pulcherrimus,1,
Alectroenas sganzini,1,
Ptilinopus alligator,0,
Ptilinopus arcanus,1,
Ptilinopus aurantiifrons,0,
Ptilinopus chalcurus,0,
Ptilinopus chrysogaster,0,
Ptilinopus cinctus,0,
Ptilinopus coralensis,0,
Ptilinopus coronulatus,0,
Ptilinopus dohertyi,1,
Ptilinopus dupetithouarsii,0,
Ptilinopus eugeniae,0,
Ptilinopus granulifrons,0,
Ptilinopus greyi,1,
Ptilinopus hernsheimi,1,
Ptilinopus holosericea,1,
Ptilinopus huttoni,1,
Ptilinopus hyogastrus,0,
Ptilinopus insolitus,0,
Ptilinopus insularis,1,
Ptilinopus iozonus,0,
Ptilinopus layardi,0,
Ptilinopus luteovirens,0,
Ptilinopus melanospilus,1,
Ptilinopus mercierii,1,
Ptilinopus monacha,0,
Ptilinopus nainus,0,
Ptilinopus ornatus,1,
Ptilinopus pelewensis,0,
Ptilinopus perlatus,0,
Ptilinopus perousii,1,
Ptilinopus ponapensis,0,
Ptilinopus porphyraceus,1,
Ptilinopus porphyreus,0,
Ptilinopus pulchellus,0,
Ptilinopus purpuratus,0,
Ptilinopus rarotongensis,1,
Ptilinopus regina,1,
Ptilinopus richardsii,1,
Ptilinopus rivoli,0,
Ptilinopus roseicapilla,0,
Ptilinopus solomonensis,1,
Ptilinopus speciosus,0,
Ptilinopus superbus,1,
Ptilinopus tannensis,1,
Ptilinopus victor,0,
Ptilinopus viridis,1,
Ptilinopus wallacii,0,
Opisthocomus hoazin,0,
Psophia crepitans,0,
Psophia leucoptera,0,
Psophia viridis,0,
Aramus guarauna,1,
Balearica pavonina,1,
Balearica regulorum,1,
Leucogeranus leucogeranus,1,
Antigone antigone,1,
Antigone canadensis,1,
Antigone rubicunda,0,
Antigone vipio,1,
Grus americana,1,
Grus carunculata,0,
Grus grus,1,
Grus japonensis,1,
Grus monacha,1,
Grus nigricollis,1,
Grus paradisea,1,
Grus virgo,1,
Podica senegalensis,0,
Heliornis fulica,1,
Heliopais personatus,0,
Mentocrex beankaensis,0,
Mentocrex kioloides,0,
Rallicula forbesi,0,
Rallicula leucospila,0,
Rallicula mayri,0,
Rallicula rubra,0,
Sarothrura affinis,0,
Sarothrura ayresi,0,
Sarothrura boehmi,0,
Sarothrura elegans,0,
Sarothrura insularis,0,
Sarothrura lugens,0,
Sarothrura pulchra,0,
Sarothrura rufa,0,
Sarothrura watersi,0,
Anurolimnas castaneiceps,0,
Pardirallus maculatus,1,
Pardirallus nigricans,0,
Pardirallus sanguinolentus,1,
Mustelirallus albicollis,0,
Mustelirallus cerverai,0,
Mustelirallus colombianus,0,
Mustelirallus erythrops,1,
Amaurolimnas concolor,1,
Aramides albiventris,0,
Aramides axillaris,1,
Aramides cajaneus,1,
Aramides calopterus,4,
Aramides mangle,0,
Aramides saracura,0,
Aramides wolfi,0,
Aramides ypecaha,0,
Canirallus oculeus,0,
Rallus aequatorialis,0,
Rallus antarcticus,0,
Rallus aquaticus,1,
Rallus caerulescens,0,
Rallus crepitans,1,
Rallus elegans,1,
Rallus indicus,0,
Rallus limicola,1,
Rallus longirostris,1,
Rallus madagascariensis,0,
Rallus obsoletus,1,
Rallus semiplumbeus,0,
Rallus tenuirostris,0,
Rallus wetmorei,0,
Rougetius rougetii,0,
Crecopsis egregia,1,
Dryolimnas augusti,0,
Dryolimnas cuvieri,1,
Aphanapteryx bonasia,0,
Erythromachus leguati,0,
Diaphorapteryx hawkinsi,0,
Aphanocrex podarces,0,
Mundia elpenor,0,
Crex crex,1,
Aramidopsis plateni,0,
Lewinia mirifica,0,
Lewinia muelleri,0,
Lewinia pectoralis,0,
Lewinia striata,0,
Gallirallus australis,0,
Gallirallus calayanensis,0,
Gallirallus castaneoventris,0,
Gallirallus dieffenbachii,0,
Gallirallus insignis,0,
Gallirallus lafresnayanus,0,
Gallirallus modestus,0,
Gallirallus okinawae,0,
Gallirallus owstoni,0,
Gallirallus pacificus,0,
Gallirallus philippensis,1,
Gallirallus poecilopterus,0,
Gallirallus rovianae,0,
Gallirallus sylvestris,0,
Gallirallus torquatus,0,
Gallirallus wakensis,0,
Gallirallus wallacii,0,
Gallirallus woodfordi,0,
Himantornis haematopus,0,
Gymnocrex plumbeiventris,0,
Gymnocrex rosenbergii,0,
Gymnocrex talaudensis,0,
Porphyriops melanops,0,
Tribonyx mortierii,0,
Tribonyx ventralis,0,
Porzana carolina,1,
Porzana fluminea,0,
Porzana porzana,1,
Paragallinula angulata,1,
Gallinula chloropus,1,
Gallinula comeri,0,
Gallinula galeata,1,
Gallinula nesiotis,1,
Gallinula pacifica,1,
Gallinula silvestris,0,
Gallinula tenebrosa,0,
Fulica alai,1,
Fulica americana,5,
Fulica ardesiaca,1,
Fulica armillata,5,
Fulica atra,1,
Fulica cornuta,5,
Fulica cristata,1,
Fulica gigantea,1,
Fulica leucoptera,5,
Fulica newtonii,0,
Fulica rufifrons,1,
Porphyrio albus,0,
Porphyrio alleni,1,
Porphyrio flavirostris,1,
Porphyrio hochstetteri,0,
Porphyrio mantelli,0,
Porphyrio martinica,1,
Porphyrio paepae,0,
Porphyrio porphyrio,1,
Rufirallus fasciatus,0,
Rufirallus leucopyrrhus,0,
Rufirallus schomburgkii,0,
Rufirallus viridis,0,
Rufirallus xenopterus,0,
Coturnicops exquisitus,1,
Coturnicops noveboracensis,1,
Laterallus albigularis,5,
Laterallus exilis,1,
Laterallus flaviventer,4,
Laterallus jamaicensis,1,
Laterallus levraudi,0,
Laterallus melanophaius,0,
Laterallus notatus,0,
Laterallus rogersi,0,
Laterallus ruber,0,
Laterallus spilonota,0,
Laterallus spiloptera,0,
Poliolimnas cinereus,1,
Megacrex inepta,0,
Aenigmatolimnas marginalis,1,
Gallicrex cinerea,1,
Amaurornis isabellina,0,
Amaurornis magnirostris,0,
Amaurornis moluccana,0,
Amaurornis olivacea,0,
Amaurornis phoenicurus,0,
Rallina canningi,0,
Rallina eurizonoides,0,
Rallina fasciata,0,
Rallina tricolor,0,
Zapornia akool,0,
Zapornia astrictocarpus,0,
Zapornia atra,1,
Zapornia bicolor,0,
Zapornia flavirostra,0,
Zapornia fusca,0,
Zapornia monasa,0,
Zapornia nigra,0,
Zapornia olivieri,0,
Zapornia palmeri,1,
Zapornia parva,1,
Zapornia paykullii,0,
Zapornia pusilla,1,
Zapornia sandwichensis,1,
Zapornia tabuensis,1,
Pluvianellus socialis,1,
Chionis albus,1,
Chionis minor,1,
Hesperoburhinus bistriatus,1,
Hesperoburhinus superciliaris,1,
Esacus magnirostris,1,
Esacus recurvirostris,1,
Burhinus capensis,1,
Burhinus grallarius,0,
Burhinus indicus,1,
Burhinus oedicnemus,1,
Burhinus senegalensis,0,
Burhinus vermiculatus,1,
Pluvianus aegyptius,0,
Cladorhynchus leucocephalus,0,
Recurvirostra americana,1,
Recurvirostra andina,1,
Recurvirostra avosetta,1,
Recurvirostra novaehollandiae,0,
Himantopus himantopus,1,
Himantopus leucocephalus,1,
Himantopus mexicanus,1,
Himantopus novaezelandiae,1,
Ibidorhyncha struthersii,1,
Haematopus ater,1,
Haematopus bachmani,1,
Haematopus chathamensis,0,
Haematopus finschi,1,
Haematopus fuliginosus,0,
Haematopus leucopodus,0,
Haematopus longirostris,0,
Haematopus meadewaldoi,1,
Haematopus moquini,1,
Haematopus ostralegus,1,
Haematopus palliatus,1,
Haematopus unicolor,0,
Pluvialis apricaria,1,
Pluvialis dominica,1,
Pluvialis fulva,1,
Pluvialis squatarola,1,
Oreopholus ruficollis,1,
Hoploxypterus cayanus,1,
Phegornis mitchellii,1,
Zonibyx modestus,5,
Eudromias morinellus,1,
Charadrius hiaticula,1,
Charadrius melodus,1,
Charadrius semipalmatus,1,
Charadrius vociferus,1,
Thinornis cucullatus,0,
Thinornis dubius,1,
Thinornis forbesi,1,
Thinornis melanops,0,
Thinornis novaeseelandiae,0,
Thinornis placidus,1,
Thinornis tricollaris,1,
Vanellus albiceps,1,
Vanellus armatus,1,
Vanellus chilensis,1,
Vanellus cinereus,1,
Vanellus coronatus,1,
Vanellus crassirostris,1,
Vanellus duvaucelii,1,
Vanellus gregarius,1,
Vanellus indicus,1,
Vanellus leucurus,1,
Vanellus lugubris,1,
Vanellus macropterus,1,
Vanellus malabaricus,1,
Vanellus melanocephalus,0,
Vanellus melanopterus,0,
Vanellus miles,1,
Vanellus resplendens,1,
Vanellus senegallus,0,
Vanellus spinosus,1,
Vanellus superciliosus,0,
Vanellus tectus,1,
Vanellus tricolor,0,
Vanellus vanellus,1,
Erythrogonys cinctus,0,
Peltohyas australis,0,
Anarhynchus alexandrinus,1,
Anarhynchus alticola,1,
Anarhynchus asiaticus,1,
Anarhynchus atrifrons,1,
Anarhynchus bicinctus,1,
Anarhynchus collaris,1,
Anarhynchus dealbatus,1,
Anarhynchus falklandicus,5,
Anarhynchus frontalis,0,
Anarhynchus javanicus,1,
Anarhynchus leschenaultii,1,
Anarhynchus marginatus,1,
Anarhynchus mongolus,5,
Anarhynchus montanus,1,
Anarhynchus nivosus,1,
Anarhynchus obscurus,0,
Anarhynchus pallidus,1,
Anarhynchus pecuarius,1,
Anarhynchus peronii,1,
Anarhynchus ruficapillus,0,
Anarhynchus sanctaehelenae,1,
Anarhynchus thoracicus,0,
Anarhynchus veredus,1,
Anarhynchus wilsonia,1,
Pedionomus torquatus,1,
Attagis gayi,0,
Attagis malouinus,0,
Thinocorus orbignyianus,0,
Thinocorus rumicivorus,0,
Nycticryphes semicollaris,0,
Rostratula australis,0,
Rostratula benghalensis,1,
Hydrophasianus chirurgus,1,
Jacana jacana,1,
Jacana spinosa,1,
Microparra capensis,1,
Irediparra gallinacea,0,
Metopidius indicus,1,
Actophilornis africanus,1,
Actophilornis albinucha,0,
Bartramia longicauda,1,
Numenius americanus,1,
Numenius arquata,1,
Numenius borealis,1,
Numenius hudsonicus,1,
Numenius madagascariensis,1,
Numenius minutus,1,
Numenius phaeopus,1,
Numenius tahitiensis,1,
Numenius tenuirostris,1,
Limosa fedoa,1,
Limosa haemastica,1,
Limosa lapponica,1,
Limosa limosa,1,
Limnodromus griseus,1,
Limnodromus scolopaceus,1,
Limnodromus semipalmatus,1,
Lymnocryptes minimus,1,
Scolopax bukidnonensis,0,
Scolopax celebensis,1,
Scolopax minor,1,
Scolopax mira,1,
Scolopax rochussenii,0,
Scolopax rosenbergii,0,
Scolopax rusticola,1,
Scolopax saturata,0,
Coenocorypha aucklandica,0,
Coenocorypha barrierensis,1,
Coenocorypha huegeli,0,
Coenocorypha iredalei,1,
Coenocorypha pusilla,0,
Gallinago andina,1,
Gallinago delicata,1,
Gallinago gallinago,1,
Gallinago hardwickii,1,
Gallinago imperialis,1,
Gallinago jamesoni,1,
Gallinago macrodactyla,1,
Gallinago magellanica,1,
Gallinago media,1,
Gallinago megala,1,
Gallinago nemoricola,1,
Gallinago nigripennis,1,
Gallinago nobilis,5,
Gallinago paraguaiae,1,
Gallinago solitaria,1,
Gallinago stenura,1,
Gallinago stricklandii,1,
Gallinago undulata,5,
Xenus cinereus,1,
Actitis hypoleucos,1,
Actitis macularius,1,
Phalaropus fulicarius,1,
Phalaropus lobatus,1,
Phalaropus tricolor,1,
Tringa brevipes,1,
Tringa erythropus,1,
Tringa flavipes,1,
Tringa glareola,1,
Tringa guttifer,1,
Tringa incana,1,
Tringa melanoleuca,1,
Tringa nebularia,1,
Tringa ochropus,1,
Tringa semipalmata,1,
Tringa solitaria,1,
Tringa stagnatilis,1,
Tringa totanus,1,
Prosobonia cancellata,1,
Prosobonia ellisi,1,
Prosobonia leucoptera,1,
Prosobonia parvirostris,0,
Arenaria interpres,1,
Arenaria melanocephala,1,
Calidris acuminata,1,
Calidris alba,1,
Calidris alpina,1,
Calidris bairdii,1,
Calidris canutus,1,
Calidris falcinellus,1,
Calidris ferruginea,1,
Calidris fuscicollis,1,
Calidris himantopus,1,
Calidris maritima,1,
Calidris mauri,1,
Calidris melanotos,1,
Calidris minuta,1,
Calidris minutilla,1,
Calidris ptilocnemis,1,
Calidris pugnax,1,
Calidris pusilla,1,
Calidris pygmaea,1,
Calidris ruficollis,1,
Calidris subminuta,1,
Calidris subruficollis,1,
Calidris temminckii,1,
Calidris tenuirostris,1,
Calidris virgata,1,
Ortyxelos meiffrenii,1,
Turnix castanotus,0,
Turnix everetti,0,
Turnix hottentottus,1,
Turnix maculosus,0,
Turnix melanogaster,0,
Turnix nanus,1,
Turnix nigricollis,1,
Turnix novaecaledoniae,1,
Turnix ocellatus,0,
Turnix olivii,1,
Turnix pyrrhothorax,0,
Turnix suscitator,1,
Turnix sylvaticus,1,
Turnix tanki,1,
Turnix varius,0,
Turnix velox,0,
Turnix worcesteri,1,
Dromas ardeola,1,
Smutsornis africanus,1,
Rhinoptilus bitorquatus,1,
Rhinoptilus chalcopterus,1,
Rhinoptilus cinctus,1,
Cursorius coromandelicus,1,
Cursorius cursor,1,
Cursorius rufus,1,
Cursorius somalensis,0,
Cursorius temminckii,1,
Glareola cinerea,0,
Glareola isabella,0,
Glareola lactea,1,
Glareola maldivarum,1,
Glareola nordmanni,1,
Glareola nuchalis,1,
Glareola ocularis,1,
Glareola pratincola,1,
Stercorarius antarcticus,1,
Stercorarius chilensis,1,
Stercorarius longicaudus,1,
Stercorarius maccormicki,1,
Stercorarius parasiticus,1,
Stercorarius pomarinus,1,
Stercorarius skua,1,
Cerorhinca monocerata,1,
Fratercula arctica,1,
Fratercula cirrhata,1,
Fratercula corniculata,1,
Ptychoramphus aleuticus,0,
Aethia cristatella,1,
Aethia psittacula,1,
Aethia pusilla,1,
Aethia pygmaea,1,
Synthliboramphus antiquus,1,
Synthliboramphus craveri,1,
Synthliboramphus hypoleucus,1,
Synthliboramphus scrippsi,1,
Synthliboramphus wumizusume,1,
Brachyramphus brevirostris,1,
Brachyramphus marmoratus,1,
Brachyramphus perdix,1,
Cepphus carbo,1,
Cepphus columba,1,
Cepphus grylle,1,
Alca torda,1,
Pinguinus impennis,1,
Alle alle,1,
Uria aalge,1,
Uria lomvia,1,
Rynchops albicollis,1,
Rynchops flavirostris,1,
Rynchops niger,1,
Gygis alba,1,
Gygis candida,1,
Gygis microrhyncha,1,
Anous albivitta,1,
Anous ceruleus,1,
Anous minutus,1,
Anous stolidus,1,
Anous tenuirostris,1,
Onychoprion aleuticus,1,
Onychoprion anaethetus,1,
Onychoprion fuscatus,1,
Onychoprion lunatus,1,
Sternula albifrons,1,
Sternula antillarum,1,
Sternula balaenarum,1,
Sternula lorata,1,
Sternula nereis,1,
Sternula saundersi,1,
Sternula superciliaris,1,
Phaetusa simplex,1,
Hydroprogne caspia,1,
Gelochelidon macrotarsa,1,
Gelochelidon nilotica,1,
Larosterna inca,1,
Chlidonias albostriatus,0,
Chlidonias hybrida,1,
Chlidonias leucopterus,1,
Chlidonias niger,1,
Thalasseus albididorsalis,1,
Thalasseus bengalensis,1,
Thalasseus bergii,1,
Thalasseus bernsteini,1,
Thalasseus elegans,1,
Thalasseus maximus,1,
Thalasseus sandvicensis,1,
Sterna acuticauda,1,
Sterna aurantia,1,
Sterna dougallii,1,
Sterna forsteri,1,
Sterna hirundinacea,1,
Sterna hirundo,1,
Sterna paradisaea,1,
Sterna repressa,1,
Sterna striata,0,
Sterna sumatrana,1,
Sterna trudeaui,1,
Sterna virgata,1,
Sterna vittata,1,
Creagrus furcatus,1,
Hydrocoloeus minutus,1,
Rhodostethia rosea,1,
Rissa brevirostris,1,
Rissa tridactyla,1,
Xema sabini,1,
Pagophila eburnea,1,
Saundersilarus saundersi,1,
Chroicocephalus brunnicephalus,1,
Chroicocephalus bulleri,1,
Chroicocephalus cirrocephalus,1,
Chroicocephalus genei,1,
Chroicocephalus hartlaubii,1,
Chroicocephalus maculipennis,1,
Chroicocephalus novaehollandiae,1,
Chroicocephalus philadelphia,1,
Chroicocephalus ridibundus,1,
Chroicocephalus serranus,1,
Leucophaeus atricilla,1,
Leucophaeus fuliginosus,0,
Leucophaeus modestus,1,
Leucophaeus pipixcan,1,
Leucophaeus scoresbii,1,
Ichthyaetus audouinii,1,
Ichthyaetus hemprichii,1,
Ichthyaetus ichthyaetus,1,
Ichthyaetus leucophthalmus,1,
Ichthyaetus melanocephalus,1,
Ichthyaetus relictus,1,
Larus argentatus,1,
Larus armenicus,1,
Larus atlanticus,1,
Larus belcheri,1,
Larus brachyrhynchus,1,
Larus cachinnans,1,
Larus californicus,1,
Larus canus,1,
Larus crassirostris,1,
Larus delawarensis,1,
Larus dominicanus,1,
Larus fuscus,1,
Larus glaucescens,1,
Larus glaucoides,1,
Larus heermanni,0,
Larus hyperboreus,1,
Larus livens,0,
Larus marinus,1,
Larus michahellis,1,
Larus mongolicus,1,
Larus occidentalis,0,
Larus pacificus,0,
Larus schistisagus,1,
Larus smithsonianus,1,
Larus vegae,1,
Eurypyga helias,1,
Rhynochetos jubatus,1,
Phaethon aethereus,1,
Phaethon lepturus,1,
Phaethon rubricauda,1,
Gavia adamsii,1,
Gavia arctica,1,
Gavia immer,1,
Gavia pacifica,1,
Gavia stellata,1,
Aptenodytes forsteri,1,
Aptenodytes patagonicus,1,
Pygoscelis adeliae,1,
Pygoscelis antarcticus,1,
Pygoscelis papua,1,
Eudyptula minor,0,
Spheniscus demersus,0,
Spheniscus humboldti,1,
Spheniscus magellanicus,1,
Spheniscus mendiculus,0,
Megadyptes antipodes,0,
Eudyptes chrysocome,1,
Eudyptes chrysolophus,1,
Eudyptes filholi,1,
Eudyptes moseleyi,1,
Eudyptes pachyrhynchus,0,
Eudyptes robustus,0,
Eudyptes schlegeli,1,
Eudyptes sclateri,0,
Phoebastria albatrus,1,
Phoebastria immutabilis,1,
Phoebastria irrorata,1,
Phoebastria nigripes,1,
Diomedea amsterdamensis,1,
Diomedea antipodensis,1,
Diomedea dabbenena,1,
Diomedea epomophora,1,
Diomedea exulans,1,
Diomedea sanfordi,1,
Phoebetria fusca,1,
Phoebetria palpebrata,1,
Thalassarche bulleri,1,
Thalassarche carteri,1,
Thalassarche cauta,1,
Thalassarche chlororhynchos,1,
Thalassarche chrysostoma,1,
Thalassarche eremita,1,
Thalassarche melanophris,1,
Thalassarche salvini,1,
Oceanites gracilis,1,
Oceanites oceanicus,1,
Oceanites pincoyae,1,
Nesofregetta fuliginosa,1,
Garrodia nereis,1,
Pelagodroma marina,1,
Fregetta grallaria,1,
Fregetta lineata,1,
Fregetta maoriana,1,
Fregetta tropica,1,
Hydrobates castro,1,
Hydrobates cheimomnestes,1,
Hydrobates furcatus,1,
Hydrobates homochroa,1,
Hydrobates hornbyi,1,
Hydrobates jabejabe,1,
Hydrobates leucorhous,1,
Hydrobates macrodactylus,1,
Hydrobates markhami,1,
Hydrobates matsudairae,1,
Hydrobates melania,1,
Hydrobates microsoma,1,
Hydrobates monorhis,1,
Hydrobates monteiroi,1,
Hydrobates pelagicus,1,
Hydrobates socorroensis,1,
Hydrobates tethys,1,
Hydrobates tristrami,1,
Pagodroma nivea,1,
Thalassoica antarctica,1,
Daption capense,1,
Macronectes giganteus,1,
Macronectes halli,1,
Fulmarus glacialis,1,
Fulmarus glacialoides,1,
Bulweria bifax,1,
Bulweria bulwerii,1,
Bulweria fallax,1,
Pseudobulweria aterrima,1,
Pseudobulweria becki,1,
Pseudobulweria macgillivrayi,1,
Pseudobulweria rostrata,1,
Procellaria aequinoctialis,1,
Procellaria cinerea,1,
Procellaria conspicillata,1,
Procellaria parkinsoni,1,
Procellaria westlandica,1,
Calonectris borealis,1,
Calonectris diomedea,1,
Calonectris edwardsii,1,
Calonectris leucomelas,1,
Ardenna bulleri,1,
Ardenna carneipes,1,
Ardenna creatopus,1,
Ardenna gravis,1,
Ardenna grisea,1,
Ardenna pacifica,1,
Ardenna tenuirostris,1,
Puffinus assimilis,1,
Puffinus auricularis,0,
Puffinus bailloni,1,
Puffinus bannermani,0,
Puffinus baroli,1,
Puffinus boydi,1,
Puffinus bryani,1,
Puffinus elegans,1,
Puffinus gavia,0,
Puffinus heinrothi,0,
Puffinus huttoni,0,
Puffinus lherminieri,1,
Puffinus myrtae,1,
Puffinus nativitatis,1,
Puffinus newelli,1,
Puffinus opisthomelas,1,
Puffinus persicus,1,
Puffinus puffinus,1,
Puffinus subalaris,1,
Puffinus yelkouan,1,
Pelecanoides garnotii,1,
Pelecanoides georgicus,1,
Pelecanoides magellani,0,
Pelecanoides urinatrix,1,
Halobaena caerulea,1,
Pachyptila belcheri,1,
Pachyptila crassirostris,1,
Pachyptila desolata,1,
Pachyptila macgillivrayi,1,
Pachyptila salvini,1,
Pachyptila turtur,1,
Pachyptila vittata,1,
Aphrodroma brevirostris,1,
Pterodroma alba,1,
Pterodroma arminjoniana,1,
Pterodroma atrata,1,
Pterodroma axillaris,1,
Pterodroma baraui,1,
Pterodroma brevipes,1,
Pterodroma cahow,1,
Pterodroma caribbaea,0,
Pterodroma cervicalis,1,
Pterodroma cookii,1,
Pterodroma defilippiana,1,
Pterodroma deserta,1,
Pterodroma externa,1,
Pterodroma feae,1,
Pterodroma gouldi,1,
Pterodroma hasitata,1,
Pterodroma heraldica,1,
Pterodroma hypoleuca,1,
Pterodroma incerta,1,
Pterodroma inexpectata,1,
Pterodroma lessonii,1,
Pterodroma leucoptera,1,
Pterodroma longirostris,1,
Pterodroma macroptera,1,
Pterodroma madeira,1,
Pterodroma magentae,1,
Pterodroma mollis,1,
Pterodroma neglecta,1,
Pterodroma nigripennis,1,
Pterodroma phaeopygia,1,
Pterodroma pycrofti,1,
Pterodroma rupinarum,1,
Pterodroma sandwichensis,1,
Pterodroma solandri,1,
Pterodroma ultima,1,
Anastomus lamelligerus,0,
Anastomus oscitans,0,
Leptoptilos crumenifer,1,
Leptoptilos dubius,0,
Leptoptilos javanicus,0,
Mycteria americana,1,
Mycteria cinerea,0,
Mycteria ibis,1,
Mycteria leucocephala,0,
Jabiru mycteria,1,
Ephippiorhynchus asiaticus,0,
Ephippiorhynchus senegalensis,0,
Ciconia abdimii,0,
Ciconia boyciana,0,
Ciconia ciconia,1,
Ciconia episcopus,0,
Ciconia maguari,1,
Ciconia microscelis,0,
Ciconia nigra,1,
Ciconia stormi,0,
Fregata andrewsi,1,
Fregata aquila,1,
Fregata ariel,1,
Fregata magnificens,1,
Fregata minor,1,
Papasula abbotti,0,
Morus bassanus,1,
Morus capensis,1,
Morus serrator,1,
Sula brewsteri,1,
Sula dactylatra,1,
Sula granti,1,
Sula leucogaster,1,
Sula nebouxii,1,
Sula sula,1,
Sula variegata,1,
Anhinga anhinga,1,
Anhinga melanogaster,0,
Anhinga novaehollandiae,0,
Anhinga rufa,1,
Microcarbo africanus,1,
Microcarbo coronatus,0,
Microcarbo melanoleucos,0,
Microcarbo niger,0,
Microcarbo pygmaeus,1,
Poikilocarbo gaimardi,1,
Gulosus aristotelis,1,
Nannopterum auritum,1,
Nannopterum brasilianum,1,
Nannopterum harrisi,0,
Leucocarbo atriceps,1,
Leucocarbo bougainvilliorum,1,
Leucocarbo campbelli,0,
Leucocarbo carunculatus,0,
Leucocarbo chalconotus,0,
Leucocarbo colensoi,0,
Leucocarbo magellanicus,0,
Leucocarbo onslowi,0,
Leucocarbo ranfurlyi,0,
Urile pelagicus,1,
Urile penicillatus,1,
Urile perspicillatus,1,
Urile urile,1,
Phalacrocorax capensis,0,
Phalacrocorax capillatus,1,
Phalacrocorax carbo,1,
Phalacrocorax featherstoni,0,
Phalacrocorax fuscescens,0,
Phalacrocorax fuscicollis,0,
Phalacrocorax neglectus,0,
Phalacrocorax nigrogularis,0,
Phalacrocorax punctatus,0,
Phalacrocorax sulcirostris,0,
Phalacrocorax varius,0,
Eudocimus albus,1,
Eudocimus ruber,1,
Theristicus branickii,1,
Theristicus caerulescens,0,
Theristicus caudatus,0,
Theristicus melanopis,1,
Cercibis oxycerca,0,
Mesembrinibis cayennensis,1,
Phimosus infuscatus,0,
Plegadis chihi,1,
Plegadis falcinellus,1,
Plegadis ridgwayi,1,
Lophotibis cristata,0,
Bostrychia bocagei,0,
Bostrychia carunculata,0,
Bostrychia hagedash,0,
Bostrychia olivacea,0,
Bostrychia rara,0,
Nipponia nippon,0,
Geronticus calvus,0,
Geronticus eremita,1,
Pseudibis davisoni,0,
Pseudibis gigantea,0,
Pseudibis papillosa,0,
Platalea ajaja,1,
Platalea alba,1,
Platalea flavipes,0,
Platalea leucorodia,1,
Platalea minor,0,
Platalea regia,0,
Threskiornis aethiopicus,1,
Threskiornis bernieri,1,
Threskiornis melanocephalus,0,
Threskiornis molucca,0,
Threskiornis solitarius,0,
Threskiornis spinicollis,0,
Balaeniceps rex,0,
Scopus umbretta,0,
Pelecanus conspicillatus,1,
Pelecanus crispus,1,
Pelecanus erythrorhynchos,1,
Pelecanus occidentalis,1,
Pelecanus onocrotalus,1,
Pelecanus philippensis,1,
Pelecanus rufescens,1,
Pelecanus thagus,1,
Tigriornis leucolopha,0,
Tigrisoma fasciatum,1,
Tigrisoma lineatum,1,
Tigrisoma mexicanum,1,
Cochlearius cochlearius,1,
Agamia agami,1,
Zebrilus undulatus,1,
Botaurus cinnamomeus,1,
Botaurus dubius,0,
Botaurus eurhythmus,1,
Botaurus exilis,1,
Botaurus flavicollis,1,
Botaurus involucris,1,
Botaurus lentiginosus,1,
Botaurus minutus,1,
Botaurus novaezelandiae,1,
Botaurus pinnatus,1,
Botaurus poiciloptilus,0,
Botaurus sinensis,1,
Botaurus stellaris,1,
Botaurus sturmii,1,
Gorsachius goisagi,1,
Gorsachius melanolophus,1,
Calherodius leuconotus,0,
Oroanassa magnifica,0,
Pilherodius pileatus,1,
Syrigma sibilatrix,0,
Egretta ardesiaca,1,
Egretta caerulea,1,
Egretta eulophotes,1,
Egretta garzetta,1,
Egretta gularis,1,
Egretta novaehollandiae,1,
Egretta picata,1,
Egretta rufescens,1,
Egretta sacra,1,
Egretta thula,1,
Egretta tricolor,1,
Egretta vinaceigula,1,
Nyctanassa carcinocatactes,0,
Nyctanassa violacea,1,
Nycticorax caledonicus,0,
Nycticorax duboisi,0,
Nycticorax mauritianus,0,
Nycticorax megacephalus,0,
Nycticorax nycticorax,1,
Nycticorax olsoni,0,
Butorides atricapilla,1,
Butorides striata,1,
Butorides sundevalli,1,
Butorides virescens,1,
Zonerodius heliosylus,0,
Ardeola bacchus,1,
Ardeola grayii,1,
Ardeola idae,1,
Ardeola ralloides,1,
Ardeola rufiventris,0,
Ardeola speciosa,0,
Ardea alba,1,
Ardea brachyrhyncha,0,
Ardea cinerea,1,
Ardea cocoi,1,
Ardea coromanda,1,
Ardea goliath,0,
Ardea herodias,1,
Ardea humbloti,1,
Ardea ibis,1,
Ardea insignis,0,
Ardea intermedia,1,
Ardea melanocephala,1,
Ardea pacifica,0,
Ardea plumifera,0,
Ardea purpurea,1,
Ardea sumatrana,0,
Eurostopodus archboldi,0,
Eurostopodus argus,0,
Eurostopodus diabolicus,0,
Eurostopodus exul,0,
Eurostopodus mystacalis,0,
Eurostopodus nigripennis,0,
Eurostopodus papuensis,0,
Lyncornis macrotis,0,
Lyncornis temminckii,0,
Gactornis enarratus,0,
Lurocalis rufiventris,0,
Lurocalis semitorquatus,0,
Nyctiprogne leucopyga,0,
Nyctiprogne vielliardi,0,
Nyctipolus hirundinaceus,0,
Nyctipolus nigrescens,0,
Nyctidromus albicollis,1,
Nyctidromus anthonyi,0,
Tepuiornis whitelyi,0,
Uropsalis lyra,0,
Uropsalis segmentata,0,
Quechuavis decussata,0,
Setopagis heterura,0,
Setopagis maculosa,0,
Setopagis parvula,0,
Systellura longirostris,0,
Eleothreptus anomalus,0,
Eleothreptus candicans,0,
Antiurus maculicaudus,0,
Hydropsalis cayennensis,0,
Hydropsalis climacocerca,0,
Hydropsalis forcipata,0,
Hydropsalis torquata,0,
Siphonorhis americana,0,
Siphonorhis brewsteri,0,
Nyctiphrynus mcleodii,0,
Nyctiphrynus ocellatus,0,
Nyctiphrynus rosenbergi,0,
Nyctiphrynus yucatanicus,0,
Phalaenoptilus nuttallii,1,
Antrostomus arizonae,1,
Antrostomus badius,0,
Antrostomus carolinensis,1,
Antrostomus cubanensis,0,
Antrostomus ekmani,0,
Antrostomus noctitherus,0,
Antrostomus ridgwayi,1,
Antrostomus rufus,0,
Antrostomus salvini,0,
Antrostomus saturatus,0,
Antrostomus sericocaudatus,0,
Antrostomus vociferus,1,
Chordeiles acutipennis,1,
Chordeiles gundlachii,1,
Chordeiles minor,1,
Chordeiles nacunda,0,
Chordeiles pusillus,0,
Chordeiles rupestris,0,
Veles binotatus,0,
Caprimulgus aegyptius,1,
Caprimulgus affinis,0,
Caprimulgus andamanicus,0,
Caprimulgus asiaticus,0,
Caprimulgus atripennis,0,
Caprimulgus batesi,0,
Caprimulgus celebensis,0,
Caprimulgus clarus,0,
Caprimulgus climacurus,0,
Caprimulgus concretus,0,
Caprimulgus donaldsoni,0,
Caprimulgus europaeus,1,
Caprimulgus eximius,0,
Caprimulgus fossii,0,
Caprimulgus fraenatus,0,
Caprimulgus griseatus,0,
Caprimulgus indicus,0,
Caprimulgus inornatus,0,
Caprimulgus jotaka,1,
Caprimulgus longipennis,0,
Caprimulgus macrurus,0,
Caprimulgus madagascariensis,0,
Caprimulgus mahrattensis,0,
Caprimulgus manillensis,0,
Caprimulgus meesi,0,
Caprimulgus natalensis,0,
Caprimulgus nubicus,0,
Caprimulgus pectoralis,0,
Caprimulgus phalaena,0,
Caprimulgus poliocephalus,0,
Caprimulgus prigoginei,0,
Caprimulgus pulchellus,0,
Caprimulgus ritae,0,
Caprimulgus ruficollis,1,
Caprimulgus rufigena,0,
Caprimulgus solala,0,
Caprimulgus stellatus,0,
Caprimulgus tristigma,0,
Caprimulgus vexillarius,0,
Steatornis caripensis,1,
Phyllaemulor bracteatus,0,
Nyctibius aethereus,0,
Nyctibius grandis,0,
Nyctibius griseus,0,
Nyctibius jamaicensis,1,
Nyctibius leucopterus,0,
Nyctibius maculosus,0,
Rigidipenna inexpectata,0,
Podargus ocellatus,0,
Podargus papuensis,0,
Podargus strigoides,0,
Batrachostomus affinis,0,
Batrachostomus auritus,0,
Batrachostomus chaseni,0,
Batrachostomus cornutus,0,
Batrachostomus harterti,0,
Batrachostomus hodgsoni,0,
Batrachostomus javensis,0,
Batrachostomus mixtus,0,
Batrachostomus moniliger,0,
Batrachostomus poliolophus,0,
Batrachostomus septimus,0,
Batrachostomus stellatus,0,
Aegotheles affinis,0,
Aegotheles albertisi,0,
Aegotheles bennettii,0,
Aegotheles crinifrons,0,
Aegotheles cristatus,0,
Aegotheles insignis,0,
Aegotheles savesi,0,
Aegotheles tatei,0,
Aegotheles terborghi,0,
Aegotheles wallacii,0,
Hemiprocne comata,0,
Hemiprocne coronata,0,
Hemiprocne longipennis,0,
Hemiprocne mystacea,0,
Streptoprocne biscutata,0,
Streptoprocne phelpsi,0,
Streptoprocne rutila,0,
Streptoprocne semicollaris,0,
Streptoprocne zonaris,1,
Cypseloides cherriei,0,
Cypseloides cryptus,0,
Cypseloides fumigatus,0,
Cypseloides lemosi,0,
Cypseloides niger,1,
Cypseloides rothschildi,0,
Cypseloides senex,0,
Cypseloides storeri,0,
Hirundapus caudacutus,1,
Hirundapus celebensis,0,
Hirundapus cochinchinensis,0,
Hirundapus giganteus,0,
Mearnsia novaeguineae,0,
Mearnsia picina,0,
Rhaphidura leucopygialis,0,
Rhaphidura sabini,0,
Neafrapus boehmi,0,
Neafrapus cassini,0,
Telacanthura melanopygia,0,
Telacanthura ussheri,1,
Zoonavena grandidieri,1,
Zoonavena sylvatica,0,
Zoonavena thomensis,0,
Chaetura andrei,0,
Chaetura brachyura,0,
Chaetura chapmani,0,
Chaetura cinereiventris,0,
Chaetura egregia,0,
Chaetura fumosa,0,
Chaetura martinica,0,
Chaetura meridionalis,0,
Chaetura pelagica,1,
Chaetura spinicaudus,0,
Chaetura vauxi,1,
Aeronautes andecolus,0,
Aeronautes montivagus,0,
Aeronautes saxatalis,1,
Tachornis furcata,0,
Tachornis phoenicobia,1,
Tachornis squamata,0,
Panyptila cayennensis,0,
Panyptila sanctihieronymi,0,
Cypsiurus balasiensis,0,
Cypsiurus gracilis,1,
Cypsiurus parvus,0,
Tachymarptis aequatorialis,0,
Tachymarptis melba,1,
Schoutedenapus myoptilus,0,
Apus acuticauda,0,
Apus affinis,1,
Apus alexandri,0,
Apus apus,1,
Apus balstoni,1,
Apus barbatus,1,
Apus batesi,0,
Apus berliozi,0,
Apus bradfieldi,0,
Apus caffer,1,
Apus horus,0,
Apus niansae,0,
Apus nipalensis,0,
Apus pacificus,1,
Apus pallidus,1,
Apus unicolor,1,
Collocalia affinis,0,
Collocalia dodgei,0,
Collocalia esculenta,0,
Collocalia isonota,0,
Collocalia linchi,0,
Collocalia marginata,0,
Collocalia natalis,0,
Collocalia neglecta,0,
Collocalia sumbawae,0,
Collocalia troglodytes,0,
Collocalia uropygialis,0,
Hydrochous gigas,0,
Aerodramus amelis,0,
Aerodramus bartschi,1,
Aerodramus brevirostris,0,
Aerodramus elaphrus,0,
Aerodramus francicus,0,
Aerodramus fuciphagus,1,
Aerodramus hirundinaceus,0,
Aerodramus infuscatus,0,
Aerodramus inquietus,0,
Aerodramus leucophaeus,0,
Aerodramus maximus,0,
Aerodramus mearnsi,0,
Aerodramus nuditarsus,0,
Aerodramus orientalis,0,
Aerodramus papuensis,0,
Aerodramus pelewensis,0,
Aerodramus salangana,0,
Aerodramus sawtelli,1,
Aerodramus spodiopygius,1,
Aerodramus terraereginae,0,
Aerodramus unicolor,0,
Aerodramus vanikorensis,0,
Aerodramus vulcanorum,0,
Aerodramus whiteheadi,0,
Florisuga fusca,1,
Florisuga mellivora,1,
Topaza pella,0,
Topaza pyra,0,
Eutoxeres aquila,0,
Eutoxeres condamini,0,
Ramphodon naevius,0,
Glaucis aeneus,0,
Glaucis dohrnii,0,
Glaucis hirsutus,0,
Threnetes leucurus,0,
Threnetes niger,1,
Threnetes ruckeri,0,
Anopetia gounellei,0,
Phaethornis aethopygus,0,
Phaethornis anthophilus,0,
Phaethornis atrimentalis,0,
Phaethornis augusti,0,
Phaethornis bourcieri,0,
Phaethornis eurynome,0,
Phaethornis griseogularis,0,
Phaethornis guy,0,
Phaethornis hispidus,0,
Phaethornis idaliae,0,
Phaethornis koepckeae,0,
Phaethornis longirostris,0,
Phaethornis longuemareus,0,
Phaethornis malaris,0,
Phaethornis mexicanus,0,
Phaethornis nattereri,0,
Phaethornis philippii,0,
Phaethornis pretrei,0,
Phaethornis ruber,0,
Phaethornis rupurumii,0,
Phaethornis squalidus,0,
Phaethornis striigularis,0,
Phaethornis stuarti,0,
Phaethornis subochraceus,0,
Phaethornis superciliosus,0,
Phaethornis syrmatophorus,0,
Phaethornis yaruqui,0,
Doryfera johannae,0,
Doryfera ludovicae,1,
Schistes albogularis,0,
Schistes geoffroyi,0,
Augastes lumachella,0,
Augastes scutatus,0,
Colibri coruscans,1,
Colibri cyanotus,1,
Colibri delphinae,1,
Colibri serrirostris,0,
Colibri thalassinus,1,
Heliactin bilophus,0,
Androdon aequatorialis,0,
Heliothryx auritus,0,
Heliothryx barroti,0,
Polytmus guainumbi,1,
Polytmus milleri,0,
Polytmus theresiae,0,
Avocettula recurvirostris,0,
Chrysolampis mosquitus,0,
Eulampis holosericeus,1,
Eulampis jugularis,1,
Anthracothorax aurulentus,0,
Anthracothorax dominicus,1,
Anthracothorax mango,0,
Anthracothorax nigricollis,0,
Anthracothorax prevostii,1,
Anthracothorax veraguensis,0,
Anthracothorax viridigula,0,
Anthracothorax viridis,0,
Haplophaedia assimilis,0,
Haplophaedia aureliae,0,
Haplophaedia lugens,0,
Loddigesia mirabilis,0,
Eriocnemis aline,0,
Eriocnemis cupreoventris,0,
Eriocnemis derbyi,0,
Eriocnemis glaucopoides,0,
Eriocnemis godini,0,
Eriocnemis isabellae,0,
Eriocnemis luciani,0,
Eriocnemis mirabilis,0,
Eriocnemis mosquera,0,
Eriocnemis nigrivestis,0,
Eriocnemis vestita,0,
Lafresnaya lafresnayi,0,
Aglaeactis aliciae,0,
Aglaeactis castelnaudii,0,
Aglaeactis cupripennis,0,
Aglaeactis pamela,0,
Coeligena bonapartei,0,
Coeligena coeligena,0,
Coeligena conradii,0,
Coeligena consita,0,
Coeligena eos,0,
Coeligena helianthea,0,
Coeligena inca,0,
Coeligena iris,0,
Coeligena lutetiae,0,
Coeligena orina,0,
Coeligena phalerata,0,
Coeligena prunellei,0,
Coeligena torquata,0,
Coeligena violifer,0,
Coeligena wilsoni,0,
Ensifera ensifera,0,
Pterophanes cyanopterus,0,
Boissonneaua flavescens,0,
Boissonneaua jardini,0,
Boissonneaua matthewsii,0,
Urosticte benjamini,0,
Urosticte ruficrissa,0,
Ocreatus addae,0,
Ocreatus peruanus,0,
Ocreatus underwoodii,0,
Urochroa bougueri,0,
Urochroa leucura,0,
Hylonympha macrocerca,0,
Sternoclyta cyanopectus,0,
Heliodoxa aurescens,0,
Heliodoxa branickii,0,
Heliodoxa gularis,0,
Heliodoxa imperatrix,0,
Heliodoxa jacula,0,
Heliodoxa leadbeateri,0,
Heliodoxa rubinoides,0,
Heliodoxa rubricauda,0,
Heliodoxa schreibersii,0,
Heliodoxa xanthogonys,0,
Sephanoides fernandensis,0,
Sephanoides sephaniodes,0,
Discosura conversii,0,
Discosura langsdorffi,0,
Discosura letitiae,0,
Discosura longicaudus,0,
Discosura popelairii,0,
Lophornis adorabilis,0,
Lophornis brachylophus,0,
Lophornis chalybeus,0,
Lophornis delattrei,0,
Lophornis gouldii,0,
Lophornis helenae,0,
Lophornis magnificus,0,
Lophornis ornatus,0,
Lophornis pavoninus,0,
Lophornis stictolophus,0,
Lophornis verreauxii,0,
Phlogophilus harterti,0,
Phlogophilus hemileucurus,0,
Heliangelus amethysticollis,0,
Heliangelus clarisse,0,
Heliangelus exortis,0,
Heliangelus mavors,0,
Heliangelus micraster,0,
Heliangelus regalis,0,
Heliangelus spencei,0,
Heliangelus strophianus,0,
Heliangelus viola,0,
Adelomyia melanogenys,0,
Taphrolesbia griseiventris,0,
Aglaiocercus berlepschi,0,
Aglaiocercus coelestis,0,
Aglaiocercus kingii,0,
Sappho sparganurus,0,
Ramphomicron dorsale,0,
Ramphomicron microrhynchum,0,
Lesbia nuna,0,
Lesbia victoriae,0,
Oreotrochilus adela,0,
Oreotrochilus chimborazo,0,
Oreotrochilus cyanolaemus,0,
Oreotrochilus estella,0,
Oreotrochilus leucopleurus,0,
Oreotrochilus melanogaster,0,
Oreotrochilus stolzmanni,0,
Polyonymus caroli,0,
Opisthoprora euryptera,0,
Metallura aeneocauda,0,
Metallura baroni,0,
Metallura eupogon,0,
Metallura iracunda,0,
Metallura odomae,0,
Metallura phoebe,0,
Metallura theresiae,0,
Metallura tyrianthina,0,
Metallura williami,0,
Oreonympha nobilis,0,
Oxypogon cyanolaemus,0,
Oxypogon guerinii,0,
Oxypogon lindenii,0,
Oxypogon stuebelii,0,
Chalcostigma herrani,0,
Chalcostigma heteropogon,0,
Chalcostigma olivaceum,0,
Chalcostigma ruficeps,0,
Chalcostigma stanleyi,0,
Patagona gigas,0,
Lampornis amethystinus,1,
Lampornis calolaemus,0,
Lampornis castaneoventris,0,
Lampornis clemenciae,1,
Lampornis hemileucus,0,
Lampornis sybillae,0,
Lampornis viridipallens,0,
Lamprolaima rhami,0,
Eugenes fulgens,1,
Eugenes spectabilis,0,
Panterpe insignis,0,
Heliomaster constantii,1,
Heliomaster furcifer,0,
Heliomaster longirostris,1,
Heliomaster squamosus,0,
Tilmatura dupontii,0,
Calliphlox amethystina,0,
Thaumastura cora,1,
Myrmia micrura,0,
Myrtis fanny,0,
Rhodopis vesper,0,
Eulidia yarrellii,0,
Philodice bryantae,0,
Philodice mitchellii,0,
Microstilbon burmeisteri,0,
Chaetocercus astreans,0,
Chaetocercus berlepschi,0,
Chaetocercus bombus,0,
Chaetocercus heliodor,0,
Chaetocercus jourdanii,0,
Chaetocercus mulsant,0,
Calothorax lucifer,1,
Calothorax pulcher,0,
Doricha eliza,0,
Doricha enicura,0,
Archilochus alexandri,1,
Archilochus colubris,1,
Nesophlox evelynae,1,
Nesophlox lyrura,0,
Mellisuga helenae,0,
Mellisuga minima,0,
Calypte anna,1,
Calypte costae,1,
Selasphorus ardens,0,
Selasphorus calliope,1,
Selasphorus ellioti,0,
Selasphorus flammula,1,
Selasphorus heloisa,1,
Selasphorus platycercus,1,
Selasphorus rufus,1,
Selasphorus sasin,1,
Selasphorus scintilla,0,
Phaeoptila sordida,0,
Riccordia bicolor,0,
Riccordia bracei,1,
Riccordia maugaeus,0,
Riccordia ricordii,1,
Riccordia swainsonii,0,
Cynanthus auriceps,0,
Cynanthus canivetii,0,
Cynanthus doubledayi,0,
Cynanthus forficatus,0,
Cynanthus latirostris,1,
Cynanthus lawrencei,0,
Chlorostilbon alice,0,
Chlorostilbon assimilis,0,
Chlorostilbon gibsoni,0,
Chlorostilbon lucidus,0,
Chlorostilbon melanorhynchus,0,
Chlorostilbon mellisugus,0,
Chlorostilbon olivaresi,0,
Chlorostilbon poortmani,0,
Chlorostilbon russatus,0,
Chlorostilbon stenurus,0,
Basilinna leucotis,1,
Basilinna xantusii,1,
Pampa curvipennis,0,
Pampa rufa,0,
Abeillia abeillei,0,
Klais guimeti,0,
Orthorhyncus cristatus,1,
Anthocephala berlepschi,0,
Anthocephala floriceps,0,
Stephanoxis lalandi,0,
Stephanoxis loddigesii,0,
Campylopterus calcirupicola,0,
Campylopterus diamantinensis,0,
Campylopterus duidae,0,
Campylopterus ensipennis,0,
Campylopterus falcatus,0,
Campylopterus hemileucurus,0,
Campylopterus hyperythrus,0,
Campylopterus largipennis,0,
Campylopterus phainopeplus,0,
Campylopterus villaviscensio,0,
Chalybura buffonii,0,
Chalybura urochrysia,0,
Thalurania colombica,0,
Thalurania furcata,0,
Thalurania glaucopis,0,
Thalurania watertonii,0,
Microchera albocoronata,0,
Microchera chionura,0,
Microchera cupreiceps,0,
Goldmania bella,0,
Goldmania violiceps,0,
Eupherusa cyanophrys,0,
Eupherusa eximia,0,
Eupherusa nigriventris,0,
Eupherusa poliocerca,0,
Eupherusa ridgwayi,0,
Leucippus fallax,0,
Phaeochroa cuvierii,0,
Thaumasius baeri,0,
Thaumasius taczanowskii,0,
Taphrospilus hypostictus,0,
Eupetomena cirrochloris,0,
Eupetomena macroura,0,
Talaphorus chlorocercus,0,
Trochilus polytmus,0,
Trochilus scitulus,0,
Ramosomyia violiceps,1,
Ramosomyia viridifrons,0,
Saucerottia beryllina,1,
Saucerottia castaneiventris,0,
Saucerottia cupreicauda,0,
Saucerottia cyanifrons,0,
Saucerottia cyanocephala,0,
Saucerottia cyanura,0,
Saucerottia edward,0,
Saucerottia hoffmanni,0,
Saucerottia saucerottei,0,
Saucerottia tobaci,0,
Saucerottia viridigaster,0,
Amazilia luciae,0,
Amazilia rutila,1,
Amazilia tzacatl,0,
Amazilia yucatanensis,1,
Amazilis amazilia,0,
Uranomitra franciae,0,
Chrysuronia boucardi,0,
Chrysuronia brevirostris,0,
Chrysuronia coeruleogularis,0,
Chrysuronia goudoti,0,
Chrysuronia grayi,0,
Chrysuronia humboldtii,0,
Chrysuronia leucogaster,0,
Chrysuronia lilliae,0,
Chrysuronia oenone,0,
Chrysuronia versicolor,0,
Leucochloris albicollis,0,
Chionomesa fimbriata,0,
Chionomesa lactea,0,
Hylocharis chrysura,0,
Hylocharis sapphirina,0,
Elliotomyia chionogaster,0,
Elliotomyia viridicauda,0,
Polyerata amabilis,0,
Polyerata decora,0,
Polyerata rosenbergi,0,
Chlorestes candida,0,
Chlorestes cyanus,0,
Chlorestes eliciae,0,
Chlorestes julie,0,
Chlorestes notata,0,
Phodilus assimilis,0,
Phodilus badius,1,
Tyto alba,1,
Tyto aurantia,0,
Tyto capensis,0,
Tyto deroepstorffi,0,
Tyto furcata,1,
Tyto glaucops,0,
Tyto inexspectata,0,
Tyto javanica,1,
Tyto longimembris,1,
Tyto nigrobrunnea,0,
Tyto novaehollandiae,1,
Tyto prigoginei,0,
Tyto rosenbergii,0,
Tyto soumagnei,0,
Tyto tenebricosa,0,
Uroglaux dimorpha,0,
Margarobyas lawrencii,1,
Ninox affinis,0,
Ninox albifacies,1,
Ninox boobook,1,
Ninox burhani,0,
Ninox connivens,0,
Ninox forbesi,0,
Ninox fusca,0,
Ninox hantu,0,
Ninox hypogramma,0,
Ninox ios,0,
Ninox japonica,1,
Ninox leucopsis,0,
Ninox leventisi,0,
Ninox meeki,0,
Ninox mindorensis,0,
Ninox natalis,0,
Ninox novaeseelandiae,0,
Ninox obscura,0,
Ninox ochracea,0,
Ninox odiosa,0,
Ninox philippensis,0,
Ninox plesseni,0,
Ninox punctulata,0,
Ninox randi,0,
Ninox reyi,0,
Ninox rotiensis,0,
Ninox rudolfi,0,
Ninox rufa,0,
Ninox rumseyi,0,
Ninox scutulata,1,
Ninox spilocephala,0,
Ninox spilonotus,0,
Ninox squamipila,0,
Ninox strenua,0,
Ninox sumbaensis,0,
Ninox theomacha,1,
Ninox variegata,0,
Taenioptynx brodiei,1,
Taenioptynx sylvaticus,1,
Xenoglaux loweryi,0,
Micrathene whitneyi,1,
Aegolius acadicus,1,
Aegolius funereus,1,
Aegolius gradyi,1,
Aegolius harrisii,0,
Aegolius ridgwayi,1,
Athene blewitti,1,
Athene brama,1,
Athene cunicularia,1,
Athene granti,0,
Athene jacquinoti,0,
Athene malaitae,0,
Athene noctua,1,
Athene roseoaxillaris,0,
Athene superciliaris,0,
Surnia ulula,1,
Glaucidium albertinum,0,
Glaucidium bolivianum,0,
Glaucidium brasilianum,1,
Glaucidium capense,1,
Glaucidium castanopterum,1,
Glaucidium castanotum,0,
Glaucidium costaricanum,1,
Glaucidium cuculoides,1,
Glaucidium gnoma,1,
Glaucidium griseiceps,1,
Glaucidium hardyi,0,
Glaucidium jardinii,1,
Glaucidium minutissimum,0,
Glaucidium mooreorum,1,
Glaucidium nana,1,
Glaucidium nubicola,0,
Glaucidium palmarum,0,
Glaucidium parkeri,0,
Glaucidium passerinum,1,
Glaucidium perlatum,0,
Glaucidium peruanum,1,
Glaucidium radiatum,0,
Glaucidium sanchezi,0,
Glaucidium siju,1,
Glaucidium sjostedti,0,
Glaucidium tephronotum,0,
Otus alfredi,0,
Otus alius,0,
Otus angelinae,1,
Otus bakkamoena,1,
Otus balli,1,
Otus beccarii,1,
Otus bikegila,1,
Otus brookii,0,
Otus brucei,1,
Otus capnodes,1,
Otus collari,0,
Otus cyprius,0,
Otus elegans,1,
Otus enganensis,0,
Otus everetti,0,
Otus fuliginosus,0,
Otus grucheti,1,
Otus gurneyi,0,
Otus hartlaubi,0,
Otus icterorhynchus,1,
Otus insularis,1,
Otus ireneae,1,
Otus jolandae,1,
Otus lempiji,1,
Otus lettia,1,
Otus longicornis,0,
Otus magicus,0,
Otus manadensis,0,
Otus mantananensis,1,
Otus mayottensis,1,
Otus megalotis,1,
Otus mendeni,0,
Otus mentawi,0,
Otus mindorensis,0,
Otus mirus,0,
Otus moheliensis,1,
Otus murivorus,1,
Otus nigrorum,0,
Otus pamelae,0,
Otus pauliani,1,
Otus pembaensis,1,
Otus podarginus,1,
Otus rufescens,0,
Otus rutilus,1,
Otus sagittatus,0,
Otus sauzieri,1,
Otus scops,1,
Otus semitorques,1,
Otus senegalensis,1,
Otus siaoensis,1,
Otus silvicola,0,
Otus socotranus,0,
Otus spilocephalus,1,
Otus sulaensis,0,
Otus sunia,1,
Otus tempestatis,0,
Otus thilohoffmanni,0,
Otus umbra,0,
Ptilopsis granti,0,
Ptilopsis leucotis,0,
Asio abyssinicus,0,
Asio capensis,1,
Asio clamator,1,
Asio flammeus,1,
Asio grammicus,0,
Asio madagascariensis,0,
Asio otus,1,
Asio solomonensis,0,
Asio stygius,1,
Jubula lettii,0,
Bubo africanus,0,
Bubo ascalaphus,1,
Bubo bengalensis,0,
Bubo bubo,1,
Bubo capensis,0,
Bubo cinerascens,0,
Bubo magellanicus,0,
Bubo milesi,1,
Bubo scandiacus,1,
Bubo virginianus,1,
Scotopelia bouvieri,0,
Scotopelia peli,0,
Scotopelia ussheri,0,
Ketupa blakistoni,1,
Ketupa coromanda,0,
Ketupa flavipes,1,
Ketupa ketupu,0,
Ketupa lactea,0,
Ketupa leucosticta,0,
Ketupa nipalensis,1,
Ketupa philippensis,1,
Ketupa poensis,0,
Ketupa shelleyi,0,
Ketupa sumatrana,0,
Ketupa zeylonensis,1,
Psiloscops flammeolus,1,
Gymnasio nudipes,1,
Megascops albogularis,0,
Megascops asio,1,
Megascops atricapilla,1,
Megascops barbarus,1,
Megascops centralis,1,
Megascops choliba,1,
Megascops clarkii,1,
Megascops cooperi,1,
Megascops gilesi,0,
Megascops guatemalae,1,
Megascops hoyi,0,
Megascops ingens,1,
Megascops kennicottii,1,
Megascops koepckeae,0,
Megascops marshalli,0,
Megascops petersoni,0,
Megascops roboratus,0,
Megascops roraimae,1,
Megascops sanctaecatarinae,1,
Megascops seductus,0,
Megascops trichopsis,1,
Megascops watsonii,1,
Lophostrix cristata,1,
Pulsatrix koeniswaldiana,0,
Pulsatrix melanota,1,
Pulsatrix perspicillata,1,
Strix albitarsis,0,
Strix aluco,1,
Strix butleri,1,
Strix chacoensis,0,
Strix fulvescens,0,
Strix hadorami,1,
Strix huhula,0,
Strix hylophila,0,
Strix leptogrammica,1,
Strix nebulosa,1,
Strix nigrolineata,1,
Strix nivicolum,1,
Strix occidentalis,1,
Strix ocellata,0,
Strix rufipes,0,
Strix sartorii,0,
Strix seloputo,0,
Strix uralensis,1,
Strix varia,1,
Strix virgata,1,
Strix woodfordii,1,
Gymnogyps californianus,1,
Sarcoramphus papa,1,
Vultur gryphus,1,
Coragyps atratus,1,
Cathartes aura,1,
Cathartes burrovianus,1,
Cathartes melambrotus,0,
Sagittarius serpentarius,0,
Pandion haliaetus,1,
Gampsonyx swainsonii,1,
Chelictinia riocourii,0,
Elanus axillaris,0,
Elanus caeruleus,1,
Elanus leucurus,1,
Elanus scriptus,0,
Polyboroides radiatus,0,
Polyboroides typus,0,
Gypohierax angolensis,0,
Gypaetus barbatus,1,
Neophron percnopterus,1,
Eutriorchis astur,0,
Leptodon cayanensis,1,
Leptodon forbesi,0,
Chondrohierax uncinatus,1,
Chondrohierax wilsonii,0,
Aviceda cuculoides,0,
Aviceda jerdoni,0,
Aviceda leuphotes,0,
Aviceda madagascariensis,0,
Aviceda subcristata,0,
Pernis apivorus,1,
Pernis celebensis,0,
Pernis ptilorhynchus,1,
Pernis steerei,0,
Elanoides forficatus,1,
Hamirostra melanosternon,0,
Lophoictinia isura,0,
Henicopernis infuscatus,0,
Henicopernis longicauda,0,
Sarcogyps calvus,0,
Trigonoceps occipitalis,0,
Aegypius monachus,1,
Torgos tracheliotos,1,
Necrosyrtes monachus,0,
Gyps africanus,1,
Gyps bengalensis,0,
Gyps coprotheres,0,
Gyps fulvus,1,
Gyps himalayensis,1,
Gyps indicus,0,
Gyps rueppelli,1,
Gyps tenuirostris,0,
Spilornis cheela,0,
Spilornis elgini,0,
Spilornis holospilus,0,
Spilornis kinabaluensis,0,
Spilornis klossi,0,
Spilornis rufipectus,0,
Pithecophaga jefferyi,0,
Terathopius ecaudatus,0,
Circaetus beaudouini,0,
Circaetus cinerascens,0,
Circaetus cinereus,0,
Circaetus fasciolatus,0,
Circaetus gallicus,1,
Circaetus pectoralis,0,
Circaetus spectabilis,0,
Stephanoaetus coronatus,0,
Nisaetus alboniger,0,
Nisaetus bartelsi,0,
Nisaetus cirrhatus,0,
Nisaetus floris,0,
Nisaetus kelaarti,0,
Nisaetus lanceolatus,0,
Nisaetus nanus,0,
Nisaetus nipalensis,1,
Nisaetus philippensis,0,
Nisaetus pinskeri,0,
Spizaetus isidori,1,
Spizaetus melanoleucus,1,
Spizaetus ornatus,1,
Spizaetus tyrannus,1,
Lophotriorchis kienerii,0,
Polemaetus bellicosus,0,
Lophaetus occipitalis,0,
Ictinaetus malaiensis,0,
Clanga clanga,1,
Clanga hastata,0,
Clanga pomarina,1,
Hieraaetus ayresii,0,
Hieraaetus morphnoides,0,
Hieraaetus pennatus,1,
Hieraaetus wahlbergi,0,
Hieraaetus weiskei,0,
Aquila adalberti,1,
Aquila africana,0,
Aquila audax,0,
Aquila chrysaetos,1,
Aquila fasciata,1,
Aquila gurneyi,0,
Aquila heliaca,1,
Aquila nipalensis,1,
Aquila rapax,0,
Aquila spilogaster,0,
Aquila verreauxii,0,
Harpyopsis novaeguineae,0,
Macheiramphus alcinus,1,
Harpia harpyja,1,
Morphnus guianensis,1,
Lophospiza griseiceps,0,
Lophospiza trivirgata,1,
Micronisus gabar,0,
Urotriorchis macrourus,0,
Melierax canorus,0,
Melierax metabates,0,
Melierax poliopterus,0,
Kaupifalco monogrammicus,0,
Aerospiza castanilius,0,
Aerospiza tachiro,0,
Tachyspiza albogularis,0,
Tachyspiza badia,0,
Tachyspiza brachyura,0,
Tachyspiza brevipes,1,
Tachyspiza butleri,0,
Tachyspiza cirrocephala,0,
Tachyspiza erythrauchen,0,
Tachyspiza erythropus,0,
Tachyspiza fasciata,0,
Tachyspiza francesiae,1,
Tachyspiza gularis,0,
Tachyspiza haplochrous,0,
Tachyspiza henicogramma,0,
Tachyspiza hiogaster,0,
Tachyspiza imitator,0,
Tachyspiza luteoschistacea,0,
Tachyspiza melanochlamys,0,
Tachyspiza minulla,0,
Tachyspiza nanus,0,
Tachyspiza novaehollandiae,0,
Tachyspiza poliocephala,0,
Tachyspiza princeps,0,
Tachyspiza rhodogaster,0,
Tachyspiza rufitorques,0,
Tachyspiza soloensis,1,
Tachyspiza trinotata,0,
Tachyspiza virgata,0,
Erythrotriorchis buergersi,0,
Erythrotriorchis radiatus,0,
Accipiter madagascariensis,0,
Accipiter nisus,1,
Accipiter ovampensis,0,
Accipiter poliogaster,1,
Accipiter rufiventris,0,
Accipiter striatus,1,
Astur atricapillus,1,
Astur bicolor,1,
Astur chilensis,1,
Astur cooperii,1,
Astur gentilis,0,
Astur gundlachi,1,
Astur henstii,1,
Astur melanoleucus,1,
Astur meyerianus,1,
Megatriorchis doriae,0,
Circus aeruginosus,1,
Circus approximans,1,
Circus assimilis,0,
Circus buffoni,5,
Circus cinereus,1,
Circus cyaneus,1,
Circus hudsonius,1,
Circus macrosceles,1,
Circus macrourus,1,
Circus maillardi,0,
Circus maurus,0,
Circus melanoleucos,1,
Circus pygargus,1,
Circus ranivorus,0,
Circus spilonotus,1,
Circus spilothorax,0,
Harpagus bidentatus,1,
Harpagus diodon,0,
Microspizias collaris,1,
Microspizias superciliosus,1,
Haliastur indus,0,
Haliastur sphenurus,0,
Milvus migrans,1,
Milvus milvus,1,
Haliaeetus albicilla,1,
Haliaeetus leucocephalus,1,
Haliaeetus leucoryphus,1,
Haliaeetus pelagicus,1,
Icthyophaga humilis,0,
Icthyophaga ichthyaetus,0,
Icthyophaga leucogaster,0,
Icthyophaga sanfordi,0,
Icthyophaga vocifer,0,
Icthyophaga vociferoides,0,
Butastur indicus,1,
Butastur liventer,1,
Butastur rufipennis,1,
Butastur teesa,1,
Ictinia mississippiensis,5,
Ictinia plumbea,1,
Geranospiza caerulescens,1,
Busarellus nigricollis,1,
Helicolestes hamatus,1,
Rostrhamus sociabilis,1,
Morphnarchus princeps,5,
Cryptoleucopteryx plumbea,0,
Buteogallus aequinoctialis,0,
Buteogallus anthracinus,1,
Buteogallus coronatus,0,
Buteogallus gundlachii,0,
Buteogallus lacernulatus,0,
Buteogallus meridionalis,1,
Buteogallus schistaceus,1,
Buteogallus solitarius,1,
Buteogallus urubitinga,1,
Rupornis magnirostris,1,
Parabuteo leucorrhous,1,
Parabuteo unicinctus,1,
Pseudastur albicollis,1,
Pseudastur occidentalis,1,
Pseudastur polionotus,0,
Geranoaetus albicaudatus,5,
Geranoaetus melanoleucus,1,
Geranoaetus polyosoma,1,
Leucopternis kuhli,0,
Leucopternis melanops,1,
Leucopternis semiplumbeus,0,
Bermuteo avivorus,0,
Buteo albigula,1,
Buteo albonotatus,1,
Buteo augur,0,
Buteo auguralis,0,
Buteo brachypterus,0,
Buteo brachyurus,1,
Buteo buteo,1,
Buteo galapagoensis,0,
Buteo hemilasius,1,
Buteo jamaicensis,1,
Buteo japonicus,0,
Buteo lagopus,1,
Buteo lineatus,1,
Buteo nitidus,1,
Buteo oreophilus,0,
Buteo plagiatus,1,
Buteo platypterus,1,
Buteo refectus,0,
Buteo regalis,1,
Buteo ridgwayi,1,
Buteo rufinus,1,
Buteo rufofuscus,0,
Buteo socotraensis,0,
Buteo solitarius,1,
Buteo swainsoni,5,
Buteo trizonatus,0,
Buteo ventralis,0,
Urocolius indicus,0,
Urocolius macrourus,0,
Colius castanotus,0,
Colius colius,0,
Colius leucocephalus,0,
Colius striatus,0,
Leptosomus discolor,1,
Apaloderma aequatoriale,0,
Apaloderma narina,0,
Apaloderma vittatum,0,
Apalharpactes mackloti,0,
Apalharpactes reinwardtii,0,
Harpactes ardens,0,
Harpactes diardii,0,
Harpactes duvaucelii,0,
Harpactes erythrocephalus,0,
Harpactes fasciatus,0,
Harpactes kasumba,0,
Harpactes oreskios,0,
Harpactes orrhophaeus,0,
Harpactes wardi,0,
Harpactes whiteheadi,0,
Euptilotis neoxenus,1,
Pharomachrus antisianus,0,
Pharomachrus auriceps,0,
Pharomachrus fulgidus,0,
Pharomachrus mocinno,0,
Pharomachrus pavoninus,0,
Priotelus roseigaster,0,
Priotelus temnurus,0,
Trogon ambiguus,0,
Trogon bairdii,0,
Trogon caligatus,1,
Trogon chionurus,0,
Trogon chrysochloros,0,
Trogon citreolus,0,
Trogon clathratus,0,
Trogon collaris,1,
Trogon comptus,0,
Trogon cupreicauda,0,
Trogon curucui,0,
Trogon elegans,1,
Trogon massena,1,
Trogon melanocephalus,0,
Trogon melanurus,0,
Trogon mesurus,0,
Trogon mexicanus,0,
Trogon personatus,0,
Trogon ramonianus,0,
Trogon rufus,1,
Trogon surrucura,0,
Trogon tenellus,0,
Trogon violaceus,0,
Trogon viridis,0,
Upupa antaios,0,
Upupa epops,1,
Upupa marginata,0,
Rhinopomastus aterrimus,0,
Rhinopomastus castaneiceps,0,
Rhinopomastus cyanomelas,0,
Rhinopomastus minor,0,
Phoeniculus bollei,0,
Phoeniculus damarensis,0,
Phoeniculus purpureus,0,
Phoeniculus somaliensis,0,
Bucorvus abyssinicus,0,
Bucorvus leadbeateri,0,
Lophoceros alboterminatus,0,
Lophoceros bradfieldi,0,
Lophoceros camurus,0,
Lophoceros fasciatus,0,
Lophoceros hemprichii,0,
Lophoceros nasutus,0,
Lophoceros pallidirostris,0,
Lophoceros semifasciatus,0,
Tockus damarensis,0,
Tockus deckeni,0,
Tockus erythrorhynchus,0,
Tockus flavirostris,0,
Tockus jacksoni,0,
Tockus kempi,0,
Tockus leucomelas,0,
Tockus monteiri,0,
Tockus ruahae,0,
Tockus rufirostris,0,
Berenicornis comatus,0,
Horizocerus albocristatus,0,
Horizocerus cassini,0,
Horizocerus granti,0,
Horizocerus hartlaubi,0,
Ceratogymna atrata,0,
Ceratogymna elata,0,
Bycanistes albotibialis,0,
Bycanistes brevis,0,
Bycanistes bucinator,0,
Bycanistes cylindricus,0,
Bycanistes fistulator,0,
Bycanistes subcylindricus,0,
Rhinoplax vigil,0,
Buceros bicornis,0,
Buceros hydrocorax,0,
Buceros rhinoceros,0,
Anorrhinus austeni,0,
Anorrhinus galeritus,0,
Anorrhinus tickelli,0,
Ocyceros birostris,0,
Ocyceros gingalensis,0,
Ocyceros griseus,0,
Anthracoceros albirostris,0,
Anthracoceros coronatus,0,
Anthracoceros malayanus,0,
Anthracoceros marchei,0,
Anthracoceros montani,0,
Aceros nipalensis,0,
Rhyticeros cassidix,0,
Rhyticeros everetti,0,
Rhyticeros narcondami,0,
Rhyticeros plicatus,0,
Rhyticeros subruficollis,0,
Rhyticeros undulatus,0,
Rhabdotorrhinus corrugatus,0,
Rhabdotorrhinus exarhatus,0,
Rhabdotorrhinus leucocephalus,0,
Rhabdotorrhinus waldeni,0,
Penelopides affinis,0,
Penelopides manillae,0,
Penelopides mindorensis,0,
Penelopides panini,0,
Penelopides samarensis,0,
Geobiastes squamiger,0,
Brachypteracias leptosomus,0,
Uratelornis chimaera,0,
Atelornis crossleyi,0,
Atelornis pittoides,0,
Eurystomus azureus,0,
Eurystomus glaucurus,1,
Eurystomus gularis,0,
Eurystomus orientalis,0,
Coracias abyssinicus,1,
Coracias affinis,0,
Coracias benghalensis,0,
Coracias caudatus,0,
Coracias cyanogaster,0,
Coracias garrulus,1,
Coracias naevius,0,
Coracias spatulatus,0,
Coracias temminckii,0,
Nyctyornis amictus,0,
Nyctyornis athertoni,0,
Meropogon forsteni,0,
Merops albicollis,0,
Merops americanus,0,
Merops apiaster,1,
Merops boehmi,0,
Merops breweri,0,
Merops bullockoides,0,
Merops bulocki,0,
Merops cyanophrys,0,
Merops gularis,0,
Merops hirundineus,0,
Merops lafresnayii,0,
Merops leschenaulti,0,
Merops malimbicus,0,
Merops mentalis,0,
Merops muelleri,0,
Merops nubicoides,0,
Merops nubicus,0,
Merops oreobates,0,
Merops orientalis,1,
Merops ornatus,1,
Merops persicus,1,
Merops philippinus,1,
Merops pusillus,0,
Merops revoilii,0,
Merops superciliosus,1,
Merops variegatus,0,
Merops viridis,0,
Merops viridissimus,0,
Todus angustirostris,0,
Todus mexicanus,0,
Todus multicolor,0,
Todus subulatus,0,
Todus todus,0,
Hylomanes momotula,0,
Eumomota superciliosa,0,
Electron carinatum,0,
Electron platyrhynchum,0,
Aspatha gularis,0,
Baryphthengus martii,0,
Baryphthengus ruficapillus,0,
Momotus aequatorialis,0,
Momotus bahamensis,0,
Momotus coeruliceps,0,
Momotus lessonii,0,
Momotus mexicanus,0,
Momotus momota,0,
Momotus subrufescens,0,
Ispidina lecontei,0,
Ispidina picta,0,
Corythornis cristatus,0,
Corythornis leucogaster,0,
Corythornis madagascariensis,0,
Corythornis vintsioides,1,
Alcedo atthis,1,
Alcedo coerulescens,0,
Alcedo euryzona,0,
Alcedo hercules,0,
Alcedo meninting,0,
Alcedo peninsulae,0,
Alcedo quadribrachys,0,
Alcedo semitorquata,0,
Ceyx argentatus,0,
Ceyx azureus,0,
Ceyx cajeli,0,
Ceyx collectoris,0,
Ceyx cyanopectus,0,
Ceyx dispar,0,
Ceyx erithaca,0,
Ceyx fallax,0,
Ceyx flumenicola,0,
Ceyx gentianus,0,
Ceyx lepidus,0,
Ceyx margarethae,0,
Ceyx meeki,0,
Ceyx melanurus,0,
Ceyx mulcatus,0,
Ceyx nigromaxilla,0,
Ceyx pusillus,0,
Ceyx rufidorsa,0,
Ceyx sacerdotis,0,
Ceyx sangirensis,0,
Ceyx solitarius,0,
Ceyx wallacii,0,
Ceyx websteri,0,
Megaceryle alcyon,1,
Megaceryle lugubris,1,
Megaceryle maxima,1,
Megaceryle torquata,1,
Ceryle rudis,1,
Chloroceryle aenea,0,
Chloroceryle amazona,1,
Chloroceryle americana,1,
Chloroceryle inda,0,
Lacedo pulchella,0,
Pelargopsis amauroptera,0,
Pelargopsis capensis,0,
Pelargopsis melanorhyncha,0,
Halcyon albiventris,0,
Halcyon badia,0,
Halcyon chelicuti,0,
Halcyon coromanda,0,
Halcyon cyanoventris,0,
Halcyon gularis,0,
Halcyon leucocephala,0,
Halcyon malimbica,0,
Halcyon pileata,0,
Halcyon senegalensis,0,
Halcyon senegaloides,0,
Halcyon smyrnensis,1,
Cittura cyanotis,0,
Cittura sanghirensis,0,
Tanysiptera carolinae,0,
Tanysiptera danae,0,
Tanysiptera ellioti,0,
Tanysiptera galatea,0,
Tanysiptera hydrocharis,0,
Tanysiptera nigriceps,0,
Tanysiptera nympha,0,
Tanysiptera riedelii,0,
Tanysiptera sylvia,0,
Melidora macrorrhina,0,
Dacelo gaudichaud,0,
Dacelo leachii,0,
Dacelo novaeguineae,0,
Dacelo rex,0,
Dacelo tyro,0,
Caridonax fulgidus,0,
Actenoides bougainvillei,0,
Actenoides concretus,0,
Actenoides hombroni,0,
Actenoides lindsayi,0,
Actenoides monachus,0,
Actenoides princeps,0,
Syma megarhyncha,0,
Syma torotoro,0,
Todiramphus albicilla,0,
Todiramphus albonotatus,0,
Todiramphus australasia,0,
Todiramphus chloris,1,
Todiramphus cinnamominus,0,
Todiramphus colonus,0,
Todiramphus diops,0,
Todiramphus enigma,0,
Todiramphus farquhari,0,
Todiramphus funebris,0,
Todiramphus gambieri,0,
Todiramphus godeffroyi,0,
Todiramphus lazuli,0,
Todiramphus leucopygius,0,
Todiramphus macleayii,0,
Todiramphus nigrocyaneus,0,
Todiramphus pelewensis,0,
Todiramphus pyrrhopygius,0,
Todiramphus recurvirostris,1,
Todiramphus reichenbachii,0,
Todiramphus ruficollaris,1,
Todiramphus sacer,1,
Todiramphus sanctus,1,
Todiramphus saurophagus,0,
Todiramphus sordidus,0,
Todiramphus tristrami,0,
Todiramphus tutus,1,
Todiramphus veneratus,0,
Todiramphus winchelli,0,
Jacamaralcyon tridactyla,0,
Brachygalba albogularis,0,
Brachygalba goeringi,0,
Brachygalba lugubris,0,
Brachygalba salmoni,0,
Jacamerops aureus,0,
Galbalcyrhynchus leucotis,0,
Galbalcyrhynchus purusianus,0,
Galbula albirostris,0,
Galbula chalcothorax,0,
Galbula cyanescens,0,
Galbula cyanicollis,0,
Galbula dea,0,
Galbula galbula,0,
Galbula leucogastra,0,
Galbula pastazae,0,
Galbula ruficauda,0,
Galbula tombacea,0,
Bucco capensis,0,
Bucco macrodactylus,0,
Bucco noanamae,0,
Bucco tamatia,0,
Nystalus chacuru,0,
Nystalus maculatus,0,
Nystalus obamai,0,
Nystalus radiatus,4,
Nystalus striolatus,4,
Chelidoptera tenebrosa,1,
Monasa atra,0,
Monasa flavirostris,0,
Monasa morphoeus,1,
Monasa nigrifrons,1,
Nonnula amaurocephala,0,
Nonnula brunnea,0,
Nonnula frontalis,0,
Nonnula rubecula,0,
Nonnula ruficapilla,0,
Nonnula sclateri,0,
Malacoptila fulvogularis,0,
Malacoptila fusca,0,
Malacoptila mystacalis,0,
Malacoptila panamensis,0,
Malacoptila rufa,0,
Malacoptila semicincta,0,
Malacoptila striata,0,
Hapaloptila castanea,0,
Micromonacha lanceolata,0,
Hypnelus bicinctus,0,
Hypnelus ruficollis,0,
Notharchus hyperrhynchus,0,
Notharchus macrorhynchos,0,
Notharchus ordii,0,
Notharchus pectoralis,0,
Notharchus swainsoni,0,
Notharchus tectus,0,
Caloramphus fuliginosus,0,
Caloramphus hayii,0,
Psilopogon annamensis,0,
Psilopogon armillaris,0,
Psilopogon asiaticus,0,
Psilopogon auricularis,0,
Psilopogon australis,0,
Psilopogon chersonesus,0,
Psilopogon chrysopogon,0,
Psilopogon corvinus,0,
Psilopogon cyanotis,0,
Psilopogon duvaucelii,0,
Psilopogon eximius,0,
Psilopogon faber,0,
Psilopogon faiostrictus,0,
Psilopogon flavifrons,0,
Psilopogon franklinii,0,
Psilopogon haemacephalus,0,
Psilopogon henricii,0,
Psilopogon incognitus,0,
Psilopogon javensis,0,
Psilopogon lagrandieri,0,
Psilopogon lineatus,0,
Psilopogon malabaricus,0,
Psilopogon monticola,0,
Psilopogon mystacophanos,0,
Psilopogon nuchalis,0,
Psilopogon oorti,0,
Psilopogon pulcherrimus,0,
Psilopogon pyrolophus,0,
Psilopogon rafflesii,0,
Psilopogon rubricapillus,0,
Psilopogon virens,0,
Psilopogon viridis,0,
Psilopogon zeylanicus,0,
Trachylaemus goffinii,0,
Trachylaemus purpuratus,0,
Trachyphonus darnaudii,0,
Trachyphonus erythrocephalus,0,
Trachyphonus margaritatus,0,
Trachyphonus vaillantii,0,
Cryptolybia olivacea,0,
Buccanodon duchaillui,0,
Stactolaema anchietae,0,
Stactolaema leucotis,0,
Stactolaema whytii,0,
Gymnobucco bonapartei,0,
Gymnobucco calvus,0,
Gymnobucco peli,0,
Gymnobucco sladeni,0,
Pogoniulus atroflavus,0,
Pogoniulus bilineatus,0,
Pogoniulus chrysoconus,0,
Pogoniulus coryphaea,0,
Pogoniulus leucomystax,0,
Pogoniulus pusillus,0,
Pogoniulus scolopaceus,0,
Pogoniulus simplex,0,
Pogoniulus subsulphureus,0,
Pogoniulus uropygialis,0,
Tricholaema diademata,0,
Tricholaema frontata,0,
Tricholaema hirsuta,0,
Tricholaema lacrymosa,0,
Tricholaema leucomelas,0,
Tricholaema melanocephala,0,
Pogonornis bidentatus,0,
Pogonornis dubius,0,
Pogonornis melanopterus,0,
Pogonornis minor,0,
Pogonornis rolleti,0,
Lybius chaplini,0,
Lybius guifsobalito,0,
Lybius leucocephalus,0,
Lybius rubrifacies,0,
Lybius torquatus,0,
Lybius undatus,0,
Lybius vieilloti,0,
Eubucco bourcierii,0,
Eubucco richardsoni,0,
Eubucco tucinkae,0,
Eubucco versicolor,0,
Capito auratus,0,
Capito aurovirens,0,
Capito brunneipectus,0,
Capito dayi,0,
Capito fitzpatricki,0,
Capito hypoleucus,0,
Capito maculicoronatus,0,
Capito niger,0,
Capito quinticolor,0,
Capito squamatus,0,
Capito wallacei,0,
Semnornis frantzii,0,
Semnornis ramphastinus,0,
Ramphastos ambiguus,0,
Ramphastos brevis,0,
Ramphastos dicolorus,0,
Ramphastos sulfuratus,0,
Ramphastos toco,0,
Ramphastos tucanus,0,
Ramphastos vitellinus,0,
Pteroglossus aracari,0,
Pteroglossus azara,0,
Pteroglossus bailloni,0,
Pteroglossus beauharnaisii,0,
Pteroglossus bitorquatus,0,
Pteroglossus castanotis,0,
Pteroglossus erythropygius,0,
Pteroglossus frantzii,0,
Pteroglossus inscriptus,0,
Pteroglossus pluricinctus,0,
Pteroglossus torquatus,0,
Pteroglossus viridis,0,
Aulacorhynchus albivitta,0,
Aulacorhynchus coeruleicinctis,0,
Aulacorhynchus derbianus,0,
Aulacorhynchus haematopygus,0,
Aulacorhynchus huallagae,0,
Aulacorhynchus prasinus,0,
Aulacorhynchus sulcatus,0,
Aulacorhynchus whitelianus,0,
Andigena cucullata,0,
Andigena hypoglauca,0,
Andigena laminirostris,0,
Andigena nigrirostris,0,
Selenidera gouldii,0,
Selenidera maculirostris,0,
Selenidera nattereri,0,
Selenidera piperivora,0,
Selenidera reinwardtii,0,
Selenidera spectabilis,0,
Prodotiscus insignis,0,
Prodotiscus regulus,0,
Prodotiscus zambesiae,0,
Melichneutes robustus,0,
Melignomon eisentrauti,0,
Melignomon zenkeri,0,
Indicator archipelagicus,0,
Indicator exilis,0,
Indicator indicator,0,
Indicator maculatus,0,
Indicator meliphilus,0,
Indicator minor,0,
Indicator pumilio,0,
Indicator variegatus,0,
Indicator willcocksi,0,
Indicator xanthonotus,0,
Jynx ruficollis,0,
Jynx torquilla,1,
Picumnus albosquamatus,0,
Picumnus aurifrons,0,
Picumnus castelnau,0,
Picumnus cinnamomeus,0,
Picumnus cirratus,0,
Picumnus dorbignyanus,0,
Picumnus exilis,0,
Picumnus fuscus,0,
Picumnus granadensis,0,
Picumnus innominatus,0,
Picumnus lafresnayi,0,
Picumnus limae,0,
Picumnus minutissimus,0,
Picumnus nebulosus,0,
Picumnus olivaceus,0,
Picumnus pumilus,0,
Picumnus pygmaeus,0,
Picumnus rufiventris,0,
Picumnus sclateri,0,
Picumnus spilogaster,0,
Picumnus squamulatus,0,
Picumnus steindachneri,0,
Picumnus subtilis,0,
Picumnus temminckii,0,
Picumnus varzeae,0,
Verreauxia africana,0,
Sasia abnormis,0,
Sasia ochracea,0,
Nesoctites micromegas,0,
Hemicircus canente,0,
Hemicircus concretus,0,
Micropternus brachyurus,0,
Meiglyptes grammithorax,0,
Meiglyptes jugularis,0,
Meiglyptes tristis,0,
Meiglyptes tukki,0,
Gecinulus grantia,0,
Gecinulus rafflesii,0,
Gecinulus viridis,0,
Dinopium benghalense,0,
Dinopium everetti,0,
Dinopium javanense,0,
Dinopium psarodes,0,
Dinopium shorii,0,
Picus awokera,0,
Picus canus,1,
Picus chlorolophus,0,
Picus erythropygius,0,
Picus puniceus,0,
Picus rabieri,0,
Picus sharpei,0,
Picus squamatus,0,
Picus vaillantii,0,
Picus viridanus,0,
Picus viridis,1,
Picus vittatus,0,
Picus xanthopygaeus,0,
Chrysophlegma flavinucha,0,
Chrysophlegma mentale,0,
Chrysophlegma miniaceum,0,
Pardipicus caroli,0,
Pardipicus nivosus,0,
Geocolaptes olivaceus,0,
Campethera abingoni,0,
Campethera bennettii,0,
Campethera maculosa,0,
Campethera mombassica,0,
Campethera notata,0,
Campethera nubica,0,
Campethera punctuligera,0,
Campethera scriptoricauda,0,
Campethera taeniolaema,0,
Campethera tullbergi,0,
Mulleripicus fuliginosus,0,
Mulleripicus fulvus,0,
Mulleripicus funebris,0,
Mulleripicus pulverulentus,0,
Dryocopus hodgei,0,
Dryocopus javensis,0,
Dryocopus lineatus,0,
Dryocopus martius,1,
Dryocopus pileatus,1,
Dryocopus schulzii,0,
Celeus castaneus,0,
Celeus elegans,0,
Celeus flavescens,0,
Celeus flavus,0,
Celeus galeatus,0,
Celeus loricatus,0,
Celeus lugubris,0,
Celeus obrieni,0,
Celeus ochraceus,0,
Celeus spectabilis,0,
Celeus torquatus,0,
Celeus undatus,0,
Piculus aurulentus,0,
Piculus callopterus,0,
Piculus chrysochloros,0,
Piculus flavigula,0,
Piculus leucolaemus,0,
Piculus litae,0,
Piculus simplex,0,
Colaptes atricollis,0,
Colaptes auratus,1,
Colaptes auricularis,0,
Colaptes campestris,0,
Colaptes chrysoides,1,
Colaptes fernandinae,0,
Colaptes melanochloros,0,
Colaptes mexicanoides,0,
Colaptes oceanicus,0,
Colaptes pitius,0,
Colaptes punctigula,0,
Colaptes rivolii,0,
Colaptes rubiginosus,0,
Colaptes rupicola,0,
Campephilus gayaquilensis,0,
Campephilus guatemalensis,0,
Campephilus haematogaster,0,
Campephilus imperialis,0,
Campephilus leucopogon,0,
Campephilus magellanicus,0,
Campephilus melanoleucos,0,
Campephilus pollens,0,
Campephilus principalis,1,
Campephilus robustus,0,
Campephilus rubricollis,0,
Campephilus splendens,0,
Blythipicus pyrrhotis,0,
Blythipicus rubiginosus,0,
Chrysocolaptes erythrocephalus,0,
Chrysocolaptes festivus,0,
Chrysocolaptes guttacristatus,0,
Chrysocolaptes haematribon,0,
Chrysocolaptes lucidus,0,
Chrysocolaptes socialis,0,
Chrysocolaptes stricklandi,0,
Chrysocolaptes strictus,0,
Chrysocolaptes validus,0,
Chrysocolaptes xanthocephalus,0,
Sphyrapicus nuchalis,0,
Sphyrapicus ruber,0,
Sphyrapicus thyroideus,1,
Sphyrapicus varius,1,
Xiphidiopicus percussus,0,
Melanerpes aurifrons,1,
Melanerpes cactorum,0,
Melanerpes candidus,0,
Melanerpes carolinus,1,
Melanerpes chrysauchen,0,
Melanerpes chrysogenys,0,
Melanerpes cruentatus,0,
Melanerpes erythrocephalus,1,
Melanerpes flavifrons,0,
Melanerpes formicivorus,1,
Melanerpes herminieri,0,
Melanerpes hoffmannii,0,
Melanerpes hypopolius,0,
Melanerpes lewis,0,
Melanerpes portoricensis,0,
Melanerpes pucherani,0,
Melanerpes pulcher,0,
Melanerpes pygmaeus,0,
Melanerpes radiolatus,0,
Melanerpes rubricapillus,0,
Melanerpes striatus,0,
Melanerpes superciliaris,0,
Melanerpes uropygialis,1,
Picoides arcticus,1,
Picoides dorsalis,1,
Picoides tridactylus,1,
Yungipicus canicapillus,0,
Yungipicus kizuki,0,
Yungipicus maculatus,0,
Yungipicus moluccensis,0,
Yungipicus nanus,0,
Yungipicus ramsayi,0,
Yungipicus temminckii,0,
Leiopicus mahrattensis,0,
Dendrocoptes auriceps,0,
Dendrocoptes dorae,0,
Dendrocoptes medius,1,
Chloropicus namaquus,0,
Chloropicus pyrrhogaster,0,
Chloropicus xantholophus,0,
Dendropicos abyssinicus,0,
Dendropicos elachus,0,
Dendropicos elliotii,0,
Dendropicos fuscescens,0,
Dendropicos gabonensis,0,
Dendropicos goertae,0,
Dendropicos griseocephalus,0,
Dendropicos lugubris,0,
Dendropicos obsoletus,0,
Dendropicos poecilolaemus,0,
Dendropicos spodocephalus,0,
Dendropicos stierlingi,0,
Dendrocopos analis,0,
Dendrocopos assimilis,0,
Dendrocopos atratus,0,
Dendrocopos darjellensis,0,
Dendrocopos himalayensis,0,
Dendrocopos hyperythrus,0,
Dendrocopos leucopterus,0,
Dendrocopos leucotos,1,
Dendrocopos macei,0,
Dendrocopos major,1,
Dendrocopos noguchii,0,
Dendrocopos syriacus,1,
Dryobates cathpharius,0,
Dryobates minor,1,
Dryobates nuttallii,1,
Dryobates pernyii,0,
Dryobates pubescens,1,
Dryobates scalaris,1,
Leuconotopicus albolarvatus,1,
Leuconotopicus arizonae,1,
Leuconotopicus borealis,1,
Leuconotopicus fumigatus,0,
Leuconotopicus stricklandi,0,
Leuconotopicus villosus,1,
Veniliornis affinis,0,
Veniliornis callonotus,0,
Veniliornis cassini,0,
Veniliornis chocoensis,0,
Veniliornis dignus,0,
Veniliornis frontalis,0,
Veniliornis kirkii,0,
Veniliornis lignarius,0,
Veniliornis maculifrons,0,
Veniliornis mixtus,0,
Veniliornis nigriceps,0,
Veniliornis passerinus,0,
Veniliornis sanguineus,0,
Veniliornis spilogaster,0,
Cariama cristata,0,
Chunga burmeisteri,0,
Herpetotheres cachinnans,1,
Micrastur buckleyi,1,
Micrastur gilvicollis,1,
Micrastur mintoni,0,
Micrastur mirandollei,1,
Micrastur plumbeus,0,
Micrastur ruficollis,1,
Micrastur semitorquatus,1,
Spiziapteryx circumcincta,0,
Caracara lutosa,1,
Caracara plancus,1,
Ibycter americanus,1,
Daptrius albogularis,0,
Daptrius ater,1,
Daptrius australis,0,
Daptrius carunculatus,0,
Daptrius chimachima,1,
Daptrius chimango,0,
Daptrius megalopterus,1,
Polihierax semitorquatus,0,
Microhierax caerulescens,1,
Microhierax erythrogenys,0,
Microhierax fringillarius,0,
Microhierax latifrons,0,
Microhierax melanoleucos,1,
Neohierax insignis,0,
Falco alopex,0,
Falco amurensis,1,
Falco araeus,0,
Falco ardosiaceus,0,
Falco berigora,0,
Falco biarmicus,1,
Falco cenchroides,0,
Falco cherrug,1,
Falco chicquera,1,
Falco columbarius,1,
Falco concolor,1,
Falco cuvierii,0,
Falco deiroleucus,1,
Falco dickinsoni,0,
Falco duboisi,0,
Falco eleonorae,1,
Falco fasciinucha,0,
Falco femoralis,1,
Falco hypoleucos,0,
Falco jugger,0,
Falco longipennis,0,
Falco mexicanus,1,
Falco moluccensis,0,
Falco naumanni,1,
Falco newtoni,1,
Falco novaeseelandiae,0,
Falco peregrinus,1,
Falco punctatus,0,
Falco rufigularis,1,
Falco rupicoloides,0,
Falco rupicolus,0,
Falco rusticolus,1,
Falco severus,0,
Falco sparverius,1,
Falco subbuteo,1,
Falco subniger,0,
Falco tinnunculus,1,
Falco vespertinus,1,
Falco zoniventris,0,
Strigops habroptilus,0,
Nestor meridionalis,0,
Nestor notabilis,0,
Nestor productus,0,
Calyptorhynchus banksii,0,
Calyptorhynchus lathami,0,
Zanda baudinii,0,
Zanda funerea,0,
Zanda latirostris,0,
Nymphicus hollandicus,0,
Probosciger aterrimus,0,
Callocephalon fimbriatum,0,
Eolophus roseicapilla,0,
Cacatua alba,0,
Cacatua citrinocristata,0,
Cacatua ducorpsii,0,
Cacatua galerita,0,
Cacatua goffiniana,0,
Cacatua haematuropygia,0,
Cacatua leadbeateri,0,
Cacatua moluccensis,0,
Cacatua ophthalmica,0,
Cacatua pastinator,0,
Cacatua sanguinea,0,
Cacatua sulphurea,0,
Cacatua tenuirostris,0,
Psittacus erithacus,0,
Psittacus timneh,0,
Poicephalus crassus,0,
Poicephalus cryptoxanthus,0,
Poicephalus flavifrons,0,
Poicephalus fuscicollis,0,
Poicephalus gulielmi,0,
Poicephalus meyeri,0,
Poicephalus robustus,0,
Poicephalus rueppellii,0,
Poicephalus rufiventris,0,
Poicephalus senegalus,0,
Psilopsiagon aurifrons,1,
Psilopsiagon aymara,0,
Nannopsittaca dachilleae,0,
Nannopsittaca panychlora,0,
Bolborhynchus ferrugineifrons,0,
Bolborhynchus lineola,1,
Bolborhynchus orbygnesius,0,
Touit batavicus,0,
Touit costaricensis,0,
Touit dilectissimus,0,
Touit huetii,1,
Touit melanonotus,0,
Touit purpuratus,0,
Touit stictopterus,0,
Touit surdus,0,
Forpus coelestis,1,
Forpus conspicillatus,0,
Forpus crassirostris,0,
Forpus cyanopygius,0,
Forpus modestus,0,
Forpus passerinus,0,
Forpus spengeli,0,
Forpus xanthops,0,
Forpus xanthopterygius,0,
Myiopsitta luchsi,0,
Myiopsitta monachus,1,
Brotogeris chiriri,1,
Brotogeris chrysoptera,0,
Brotogeris cyanoptera,1,
Brotogeris jugularis,0,
Brotogeris pyrrhoptera,1,
Brotogeris sanctithomae,0,
Brotogeris tirica,0,
Brotogeris versicolurus,1,
Pionopsitta pileata,0,
Triclaria malachitacea,0,
Hapalopsittaca amazonina,0,
Hapalopsittaca fuertesi,0,
Hapalopsittaca melanotis,1,
Hapalopsittaca pyrrhops,0,
Pyrilia aurantiocephala,0,
Pyrilia barrabandi,1,
Pyrilia caica,0,
Pyrilia haematotis,0,
Pyrilia pulchra,0,
Pyrilia pyrilia,0,
Pyrilia vulturina,0,
Graydidascalus brachyurus,0,
Alipiopsitta xanthops,0,
Pionus chalcopterus,0,
Pionus fuscus,0,
Pionus maximiliani,0,
Pionus menstruus,1,
Pionus senilis,0,
Pionus sordidus,1,
Pionus tumultuosus,1,
Amazona aestiva,5,
Amazona agilis,0,
Amazona albifrons,1,
Amazona amazonica,1,
Amazona arausiaca,0,
Amazona auropalliata,1,
Amazona autumnalis,1,
Amazona barbadensis,0,
Amazona brasiliensis,0,
Amazona collaria,0,
Amazona diadema,0,
Amazona dufresniana,0,
Amazona farinosa,1,
Amazona festiva,1,
Amazona finschi,0,
Amazona guildingii,0,
Amazona imperialis,0,
Amazona kawalli,0,
Amazona leucocephala,0,
Amazona lilacina,0,
Amazona mercenarius,1,
Amazona ochrocephala,1,
Amazona oratrix,1,
Amazona pretrei,0,
Amazona rhodocorytha,0,
Amazona tucumana,0,
Amazona ventralis,0,
Amazona versicolor,0,
Amazona vinacea,0,
Amazona viridigenalis,1,
Amazona vittata,0,
Amazona xantholora,0,
Deroptyus accipitrinus,4,
Pionites leucogaster,1,
Pionites melanocephalus,1,
Rhynchopsitta pachyrhyncha,1,
Rhynchopsitta terrisi,0,
Pyrrhura albipectus,0,
Pyrrhura amazonum,0,
Pyrrhura caeruleiceps,0,
Pyrrhura calliptera,0,
Pyrrhura cruentata,0,
Pyrrhura devillei,0,
Pyrrhura egregia,0,
Pyrrhura emma,0,
Pyrrhura frontalis,0,
Pyrrhura griseipectus,0,
Pyrrhura hoematotis,0,
Pyrrhura hoffmanni,0,
Pyrrhura lepida,0,
Pyrrhura leucotis,0,
Pyrrhura lucianii,0,
Pyrrhura melanura,1,
Pyrrhura molinae,0,
Pyrrhura orcesi,0,
Pyrrhura perlata,0,
Pyrrhura pfrimeri,0,
Pyrrhura picta,0,
Pyrrhura rhodocephala,0,
Pyrrhura roseifrons,1,
Pyrrhura rupicola,0,
Pyrrhura subandina,0,
Pyrrhura viridicata,0,
Enicognathus ferrugineus,0,
Enicognathus leptorhynchus,0,
Cyanoliseus patagonus,0,
Anodorhynchus glaucus,0,
Anodorhynchus hyacinthinus,0,
Anodorhynchus leari,0,
Conuropsis carolinensis,1,
Aratinga auricapillus,0,
Aratinga jandaya,0,
Aratinga maculata,0,
Aratinga nenday,1,
Aratinga solstitialis,0,
Aratinga weddellii,1,
Cyanopsitta spixii,0,
Orthopsittaca manilatus,1,
Primolius auricollis,0,
Primolius couloni,1,
Primolius maracana,0,
Ara ambiguus,0,
Ara ararauna,1,
Ara chloropterus,1,
Ara glaucogularis,0,
Ara macao,1,
Ara militaris,1,
Ara rubrogenys,0,
Ara severus,1,
Ara tricolor,0,
Eupsittula aurea,1,
Eupsittula cactorum,0,
Eupsittula canicularis,0,
Eupsittula nana,0,
Eupsittula pertinax,1,
Ognorhynchus icterotis,0,
Leptosittaca branickii,0,
Thectocercus acuticaudatus,0,
Guaruba guarouba,0,
Diopsittaca nobilis,1,
Psittacara brevipes,0,
Psittacara chloropterus,0,
Psittacara erythrogenys,1,
Psittacara euops,0,
Psittacara finschi,0,
Psittacara frontatus,0,
Psittacara holochlorus,1,
Psittacara leucophthalmus,1,
Psittacara maugei,1,
Psittacara mitratus,1,
Psittacara strenuus,0,
Psittacara wagleri,1,
Psittrichas fulgidus,0,
Coracopsis barklyi,0,
Coracopsis nigra,0,
Coracopsis sibilans,1,
Coracopsis vasa,1,
Micropsitta bruijnii,0,
Micropsitta finschii,0,
Micropsitta geelvinkiana,0,
Micropsitta keiensis,0,
Micropsitta meeki,0,
Micropsitta pusio,0,
Alisterus amboinensis,0,
Alisterus chloropterus,0,
Alisterus scapularis,0,
Aprosmictus erythropterus,0,
Aprosmictus jonquillaceus,0,
Polytelis alexandrae,0,
Polytelis anthopeplus,0,
Polytelis swainsonii,0,
Prioniturus discurus,0,
Prioniturus flavicans,0,
Prioniturus luconensis,0,
Prioniturus mada,0,
Prioniturus mindorensis,0,
Prioniturus montanus,0,
Prioniturus platenae,0,
Prioniturus platurus,0,
Prioniturus verticalis,0,
Prioniturus waterstradti,0,
Eclectus cornelia,0,
Eclectus infectus,1,
Eclectus polychloros,0,
Eclectus riedeli,0,
Eclectus roratus,0,
Geoffroyus geoffroyi,0,
Geoffroyus heteroclitus,0,
Geoffroyus simplex,0,
Psittinus abbotti,0,
Psittinus cyanurus,0,
Mascarinus mascarinus,0,
Lophopsittacus mauritianus,0,
Necropsittacus rodricanus,0,
Tanygnathus everetti,0,
Tanygnathus gramineus,0,
Tanygnathus lucionensis,0,
Tanygnathus megalorynchos,0,
Tanygnathus sumatranus,0,
Psittacula alexandri,0,
Psittacula bensoni,0,
Psittacula calthrapae,0,
Psittacula caniceps,0,
Psittacula columboides,0,
Psittacula cyanocephala,0,
Psittacula derbiana,0,
Psittacula eques,0,
Psittacula eupatria,0,
Psittacula exsul,0,
Psittacula finschii,0,
Psittacula himalayana,0,
Psittacula krameri,1,
Psittacula longicauda,0,
Psittacula roseata,0,
Psittacula wardi,0,
Psittacella brehmii,0,
Psittacella madaraszi,0,
Psittacella modesta,0,
Psittacella picta,0,
Pezoporus occidentalis,0,
Pezoporus wallicus,0,
Neopsephotus bourkii,0,
Neophema chrysogaster,0,
Neophema chrysostoma,0,
Neophema elegans,0,
Neophema petrophila,0,
Neophema pulchella,0,
Neophema splendida,0,
Lathamus discolor,0,
Prosopeia personata,0,
Prosopeia splendens,0,
Prosopeia tabuensis,1,
Eunymphicus cornutus,0,
Eunymphicus uvaeensis,0,
Cyanoramphus auriceps,0,
Cyanoramphus cookii,0,
Cyanoramphus forbesi,0,
Cyanoramphus malherbi,0,
Cyanoramphus novaezelandiae,0,
Cyanoramphus saisseti,0,
Cyanoramphus ulietanus,0,
Cyanoramphus unicolor,0,
Cyanoramphus zealandicus,0,
Barnardius zonarius,0,
Platycercus adscitus,1,
Platycercus caledonicus,0,
Platycercus elegans,0,
Platycercus eximius,0,
Platycercus icterotis,0,
Platycercus venustus,0,
Psephotus haematonotus,0,
Northiella haematogaster,0,
Northiella narethae,0,
Purpureicephalus spurius,0,
Psephotellus chrysopterygius,0,
Psephotellus dissimilis,0,
Psephotellus pulcherrimus,0,
Psephotellus varius,0,
Bolbopsittacus lunulatus,0,
Agapornis canus,1,
Agapornis fischeri,0,
Agapornis lilianae,0,
Agapornis nigrigenis,0,
Agapornis personatus,0,
Agapornis pullarius,1,
Agapornis roseicollis,1,
Agapornis swindernianus,0,
Agapornis taranta,0,
Loriculus amabilis,0,
Loriculus aurantiifrons,0,
Loriculus beryllinus,0,
Loriculus bonapartei,0,
Loriculus camiguinensis,0,
Loriculus catamene,0,
Loriculus exilis,0,
Loriculus flosculus,0,
Loriculus galgulus,0,
Loriculus philippensis,0,
Loriculus pusillus,0,
Loriculus sclateri,0,
Loriculus stigmatus,0,
Loriculus tener,0,
Loriculus vernalis,0,
Nannopsittacus gulielmitertii,0,
Nannopsittacus melanogenia,0,
Nannopsittacus nigrifrons,0,
Cyclopsitta desmarestii,0,
Cyclopsitta diophthalma,0,
Cyclopsitta edwardsii,0,
Cyclopsitta salvadorii,0,
Melopsittacus undulatus,1,
Oreopsittacus arfaki,0,
Charminetta wilhelminae,0,
Hypocharmosyna placentis,1,
Hypocharmosyna rubronotata,0,
Charmosynopsis pulchella,0,
Charmosynopsis toxopei,0,
Charmosyna josefinae,0,
Charmosyna multistriata,0,
Charmosyna papou,0,
Charmosyna stellae,0,
Vini amabilis,0,
Vini australis,1,
Vini diadema,0,
Vini kuhlii,1,
Vini margarethae,0,
Vini meeki,0,
Vini palmarum,0,
Vini peruviana,1,
Vini rubrigularis,0,
Vini solitaria,0,
Vini stepheni,1,
Vini ultramarina,0,
Neopsittacus musschenbroekii,0,
Neopsittacus pullicauda,0,
Lorius albidinucha,0,
Lorius chlorocercus,0,
Lorius domicella,0,
Lorius garrulus,0,
Lorius hypoinochrous,0,
Lorius lory,0,
Psitteuteles versicolor,0,
Parvipsitta porphyrocephala,0,
Parvipsitta pusilla,0,
Chalcopsitta atra,0,
Chalcopsitta cardinalis,0,
Chalcopsitta duivenbodei,0,
Chalcopsitta fuscata,0,
Chalcopsitta scintillata,0,
Glossoptilus goldiei,0,
Trichoglossus borneus,0,
Trichoglossus capistratus,0,
Trichoglossus chlorolepidotus,0,
Trichoglossus concinnus,0,
Trichoglossus cyanogenius,0,
Trichoglossus euteles,0,
Trichoglossus flavoviridis,0,
Trichoglossus forsteni,0,
Trichoglossus haematodus,1,
Trichoglossus histrio,0,
Trichoglossus iris,0,
Trichoglossus johnstoniae,0,
Trichoglossus meyeri,0,
Trichoglossus moluccanus,0,
Trichoglossus ornatus,0,
Trichoglossus reticulatus,0,
Trichoglossus rosenbergii,0,
Trichoglossus rubiginosus,0,
Trichoglossus rubritorquis,0,
Trichoglossus semilarvatus,0,
Trichoglossus squamatus,0,
Trichoglossus weberi,0,
Traversia lyalli,0,
Acanthisitta chloris,0,
Xenicus gilviventris,0,
Xenicus longipes,0,
Philepitta castanea,0,
Philepitta schlegeli,0,
Neodrepanis coruscans,0,
Neodrepanis hypoxantha,0,
Pseudocalyptomena graueri,0,
Corydon sumatranus,0,
Psarisomus dalhousiae,0,
Sarcophanops samarensis,0,
Sarcophanops steerii,0,
Eurylaimus javanicus,0,
Eurylaimus ochromalus,0,
Cymbirhynchus macrorhynchos,0,
Serilophus lunatus,0,
Serilophus rubropygius,0,
Calyptomena hosii,0,
Calyptomena viridis,0,
Calyptomena whiteheadi,0,
Smithornis capensis,0,
Smithornis rufolateralis,0,
Smithornis sharpei,0,
Sapayoa aenigma,0,
Erythropitta arquata,0,
Erythropitta celebensis,0,
Erythropitta dohertyi,0,
Erythropitta erythrogaster,0,
Erythropitta granatina,0,
Erythropitta kochi,0,
Erythropitta macklotii,0,
Erythropitta meeki,0,
Erythropitta novaehibernicae,0,
Erythropitta rubrinucha,0,
Erythropitta rufiventris,0,
Erythropitta ussheri,0,
Erythropitta venusta,0,
Hydrornis baudii,0,
Hydrornis caeruleus,0,
Hydrornis cyaneus,0,
Hydrornis elliotii,0,
Hydrornis guajanus,0,
Hydrornis gurneyi,0,
Hydrornis irena,0,
Hydrornis nipalensis,0,
Hydrornis oatesi,0,
Hydrornis phayrei,0,
Hydrornis schneideri,0,
Hydrornis schwaneri,0,
Hydrornis soror,0,
Pitta abbotti,0,
Pitta anerythra,0,
Pitta angolensis,0,
Pitta brachyura,0,
Pitta concinna,0,
Pitta elegans,1,
Pitta forsteni,0,
Pitta iris,0,
Pitta maxima,0,
Pitta megarhyncha,1,
Pitta moluccensis,1,
Pitta novaeguineae,0,
Pitta nympha,1,
Pitta reichenowi,0,
Pitta rosenbergii,0,
Pitta sordida,1,
Pitta steerii,0,
Pitta superba,0,
Pitta versicolor,0,
Pitta vigorsii,0,
Tyranneutes stolzmanni,0,
Tyranneutes virescens,0,
Neopelma aurifrons,0,
Neopelma chrysocephalum,0,
Neopelma chrysolophum,0,
Neopelma pallescens,0,
Neopelma sulphureiventer,0,
Ilicura militaris,0,
Masius chrysopterus,0,
Corapipo altera,0,
Corapipo gutturalis,0,
Corapipo leucorrhoa,0,
Chiroxiphia bokermanni,0,
Chiroxiphia boliviana,0,
Chiroxiphia caudata,0,
Chiroxiphia galeata,0,
Chiroxiphia lanceolata,0,
Chiroxiphia linearis,0,
Chiroxiphia pareola,0,
Xenopipo atronitens,0,
Xenopipo uniformis,0,
Chloropipo flavicapilla,0,
Chloropipo unicolor,0,
Cryptopipo holochlora,0,
Cryptopipo litae,0,
Lepidothrix coeruleocapilla,0,
Lepidothrix coronata,0,
Lepidothrix iris,0,
Lepidothrix isidorei,0,
Lepidothrix nattereri,0,
Lepidothrix serena,0,
Lepidothrix suavissima,0,
Lepidothrix velutina,0,
Lepidothrix vilasboasi,0,
Heterocercus aurantiivertex,0,
Heterocercus flavivertex,0,
Heterocercus linteatus,0,
Manacus aurantiacus,0,
Manacus candei,0,
Manacus manacus,0,
Manacus vitellinus,0,
Pipra aureola,0,
Pipra fasciicauda,0,
Pipra filicauda,0,
Machaeropterus deliciosus,0,
Machaeropterus eckelberryi,0,
Machaeropterus pyrocephalus,0,
Machaeropterus regulus,0,
Machaeropterus striolatus,0,
Pseudopipra pipra,0,
Ceratopipra chloromeros,0,
Ceratopipra cornuta,0,
Ceratopipra erythrocephala,0,
Ceratopipra mentalis,0,
Ceratopipra rubrocapilla,0,
Ampelioides tschudii,0,
Pipreola arcuata,0,
Pipreola aureopectus,0,
Pipreola chlorolepidota,0,
Pipreola formosa,0,
Pipreola frontalis,0,
Pipreola intermedia,0,
Pipreola jucunda,0,
Pipreola lubomirskii,0,
Pipreola pulchra,0,
Pipreola riefferii,0,
Pipreola whitelyi,0,
Carpornis cucullata,0,
Carpornis melanocephala,0,
Snowornis cryptolophus,0,
Snowornis subalaris,0,
Phoenicircus carnifex,0,
Phoenicircus nigricollis,0,
Rupicola peruvianus,0,
Rupicola rupicola,0,
Zaratornis stresemanni,0,
Phibalura flavirostris,0,
Phytotoma raimondii,0,
Phytotoma rara,0,
Phytotoma rutila,0,
Doliornis remseni,0,
Doliornis sclateri,0,
Ampelion rubrocristatus,0,
Ampelion rufaxilla,0,
Haematoderus militaris,0,
Querula purpurata,0,
Pyroderus scutatus,0,
Perissocephalus tricolor,0,
Cephalopterus glabricollis,0,
Cephalopterus ornatus,0,
Cephalopterus penduliger,0,
Porphyrolaema porphyrolaema,0,
Gymnoderus foetidus,0,
Conioptilon mcilhennyi,0,
Xipholena atropurpurea,0,
Xipholena lamellipennis,0,
Xipholena punicea,0,
Carpodectes antoniae,0,
Carpodectes hopkei,0,
Carpodectes nitidus,0,
Cotinga amabilis,0,
Cotinga cayana,0,
Cotinga cotinga,0,
Cotinga maculata,0,
Cotinga maynana,0,
Cotinga nattererii,0,
Cotinga ridgwayi,0,
Procnias albus,0,
Procnias averano,0,
Procnias nudicollis,0,
Procnias tricarunculatus,0,
Lipaugus ater,0,
Lipaugus conditus,0,
Lipaugus fuscocinereus,0,
Lipaugus lanioides,0,
Lipaugus streptophorus,0,
Lipaugus unirufus,0,
Lipaugus uropygialis,0,
Lipaugus vociferans,0,
Lipaugus weberi,0,
Laniisoma buckleyi,0,
Laniisoma elegans,0,
Laniocera hypopyrra,0,
Laniocera rufescens,0,
Schiffornis aenea,0,
Schiffornis major,0,
Schiffornis olivacea,0,
Schiffornis stenorhyncha,0,
Schiffornis turdina,0,
Schiffornis veraepacis,0,
Schiffornis virescens,0,
Iodopleura fusca,0,
Iodopleura isabellae,0,
Iodopleura pipra,0,
Tityra cayana,0,
Tityra inquisitor,0,
Tityra leucura,0,
Tityra semifasciata,1,
Xenopsaris albinucha,0,
Pachyramphus aglaiae,0,
Pachyramphus albogriseus,0,
Pachyramphus castaneus,0,
Pachyramphus cinnamomeus,0,
Pachyramphus homochrous,0,
Pachyramphus major,1,
Pachyramphus marginatus,0,
Pachyramphus minor,0,
Pachyramphus niger,0,
Pachyramphus polychopterus,0,
Pachyramphus rufus,0,
Pachyramphus salvini,0,
Pachyramphus spodiurus,0,
Pachyramphus surinamus,0,
Pachyramphus validus,0,
Pachyramphus versicolor,0,
Pachyramphus viridis,0,
Oxyruncus cristatus,0,
Onychorhynchus coronatus,0,
Onychorhynchus swainsoni,0,
Terenotriccus erythrurus,0,
Myiobius atricaudus,0,
Myiobius barbatus,0,
Myiobius sulphureipygius,0,
Myiobius villosus,0,
Piprites chloris,0,
Piprites griseiceps,0,
Piprites pileata,0,
Neopipo cinnamomea,0,
Calyptura cristata,0,
Platyrinchus cancrominus,0,
Platyrinchus coronatus,0,
Platyrinchus flavigularis,0,
Platyrinchus leucoryphus,0,
Platyrinchus mystaceus,0,
Platyrinchus platyrhynchos,0,
Platyrinchus saturatus,0,
Tachuris rubrigastra,0,
Corythopis delalandi,0,
Corythopis torquatus,0,
Pseudotriccus pelzelni,0,
Pseudotriccus ruficeps,0,
Pseudotriccus simplex,0,
Leptopogon amaurocephalus,0,
Leptopogon rufipectus,0,
Leptopogon superciliaris,0,
Leptopogon taczanowskii,0,
Mionectes macconnelli,0,
Mionectes oleagineus,0,
Mionectes olivaceus,0,
Mionectes roraimae,0,
Mionectes rufiventris,0,
Mionectes striaticollis,0,
Pogonotriccus chapmani,0,
Pogonotriccus difficilis,0,
Pogonotriccus eximius,0,
Pogonotriccus lanyoni,0,
Pogonotriccus ophthalmicus,0,
Pogonotriccus orbitalis,0,
Pogonotriccus paulista,0,
Pogonotriccus poecilotis,0,
Pogonotriccus venezuelanus,0,
Phylloscartes beckeri,0,
Phylloscartes ceciliae,0,
Phylloscartes flaviventris,0,
Phylloscartes flavovirens,0,
Phylloscartes gualaquizae,0,
Phylloscartes kronei,0,
Phylloscartes nigrifrons,0,
Phylloscartes oustaleti,0,
Phylloscartes parkeri,0,
Phylloscartes roquettei,0,
Phylloscartes superciliaris,0,
Phylloscartes sylviolus,0,
Phylloscartes ventralis,0,
Phylloscartes virescens,0,
Rhynchocyclus aequinoctialis,0,
Rhynchocyclus brevirostris,0,
Rhynchocyclus fulvipectus,0,
Rhynchocyclus olivaceus,0,
Rhynchocyclus pacificus,0,
Tolmomyias assimilis,0,
Tolmomyias flaviventris,0,
Tolmomyias flavotectus,0,
Tolmomyias poliocephalus,0,
Tolmomyias sulphurescens,0,
Tolmomyias traylori,0,
Tolmomyias viridiceps,0,
Taeniotriccus andrei,0,
Cnipodectes subbrunneus,0,
Cnipodectes superrufus,0,
Todirostrum chrysocrotaphum,0,
Todirostrum cinereum,0,
Todirostrum maculatum,0,
Todirostrum nigriceps,0,
Todirostrum pictum,0,
Todirostrum poliocephalum,0,
Todirostrum viridanum,0,
Poecilotriccus albifacies,0,
Poecilotriccus calopterus,0,
Poecilotriccus capitalis,0,
Poecilotriccus fumifrons,0,
Poecilotriccus latirostris,0,
Poecilotriccus luluae,0,
Poecilotriccus plumbeiceps,0,
Poecilotriccus pulchellus,0,
Poecilotriccus ruficeps,0,
Poecilotriccus russatus,0,
Poecilotriccus senex,0,
Poecilotriccus sylvia,0,
Hemitriccus cinnamomeipectus,0,
Hemitriccus cohnhafti,0,
Hemitriccus diops,0,
Hemitriccus flammulatus,0,
Hemitriccus furcatus,0,
Hemitriccus granadensis,0,
Hemitriccus griseipectus,0,
Hemitriccus inornatus,0,
Hemitriccus iohannis,0,
Hemitriccus josephinae,0,
Hemitriccus kaempferi,0,
Hemitriccus margaritaceiventer,0,
Hemitriccus minimus,0,
Hemitriccus minor,0,
Hemitriccus mirandae,0,
Hemitriccus nidipendulus,0,
Hemitriccus obsoletus,0,
Hemitriccus orbitatus,0,
Hemitriccus rufigularis,0,
Hemitriccus spodiops,0,
Hemitriccus striaticollis,0,
Hemitriccus zosterops,0,
Myiornis albiventris,0,
Myiornis atricapillus,0,
Myiornis auricularis,0,
Myiornis ecaudatus,0,
Atalotriccus pilaris,0,
Lophotriccus eulophotes,0,
Lophotriccus galeatus,0,
Lophotriccus pileatus,0,
Lophotriccus vitiosus,0,
Oncostoma cinereigulare,0,
Oncostoma olivaceum,0,
Hirundinea ferruginea,0,
Pyrrhomyias cinnamomeus,0,
Myiotriccus ornatus,0,
Nephelomyias lintoni,0,
Nephelomyias ochraceiventris,0,
Nephelomyias pulcher,0,
Zimmerius acer,0,
Zimmerius albigularis,0,
Zimmerius bolivianus,0,
Zimmerius chicomendesi,0,
Zimmerius chrysops,0,
Zimmerius cinereicapilla,0,
Zimmerius gracilipes,0,
Zimmerius improbus,0,
Zimmerius parvus,0,
Zimmerius petersi,0,
Zimmerius vilissimus,0,
Zimmerius villarejoi,0,
Zimmerius viridiflavus,0,
Stigmatura bahiae,0,
Stigmatura budytoides,0,
Stigmatura napensis,0,
Euscarthmus fulviceps,0,
Euscarthmus meloryphus,0,
Euscarthmus rufomarginatus,0,
Inezia caudata,0,
Inezia inornata,0,
Inezia subflava,0,
Inezia tenuirostris,0,
Acrochordopus burmeisteri,0,
Acrochordopus zeledoni,0,
Tyranniscus cinereiceps,0,
Tyranniscus nigrocapillus,0,
Tyranniscus uropygialis,0,
Ornithion brunneicapillus,0,
Ornithion inerme,0,
Ornithion semiflavum,0,
Camptostoma imberbe,1,
Camptostoma obsoletum,0,
Tyrannulus elatus,0,
Myiopagis caniceps,0,
Myiopagis cinerea,0,
Myiopagis cotta,0,
Myiopagis flavivertex,0,
Myiopagis gaimardii,0,
Myiopagis olallai,0,
Myiopagis parambae,0,
Myiopagis subplacens,0,
Myiopagis viridicata,1,
Elaenia albiceps,1,
Elaenia brachyptera,0,
Elaenia cherriei,0,
Elaenia chiriquensis,0,
Elaenia cristata,0,
Elaenia dayi,0,
Elaenia fallax,0,
Elaenia flavogaster,0,
Elaenia frantzii,0,
Elaenia gigas,0,
Elaenia martinica,0,
Elaenia mesoleuca,0,
Elaenia obscura,0,
Elaenia olivina,0,
Elaenia pallatangae,0,
Elaenia parvirostris,1,
Elaenia pelzelni,0,
Elaenia ridleyana,0,
Elaenia ruficeps,0,
Elaenia sordida,0,
Elaenia spectabilis,0,
Elaenia strepera,0,
Suiriri suiriri,0,
Pseudelaenia leucospodia,0,
Capsiempis flaveola,0,
Phyllomyias fasciatus,0,
Phyllomyias griseiceps,0,
Phyllomyias griseocapilla,0,
Phyllomyias plumbeiceps,0,
Phyllomyias reiseri,0,
Phyllomyias sclateri,0,
Phyllomyias urichi,0,
Phyllomyias virescens,0,
Phyllomyias weedeni,0,
Nesotriccus maranonicus,0,
Nesotriccus murinus,0,
Nesotriccus ridgwayi,0,
Nesotriccus tumbezanus,0,
Mecocerculus calopterus,0,
Mecocerculus hellmayri,0,
Mecocerculus leucophrys,0,
Mecocerculus minor,0,
Mecocerculus poecilocercus,0,
Mecocerculus stictopterus,0,
Culicivora caudacuta,0,
Pseudocolopteryx acutipennis,0,
Pseudocolopteryx citreola,0,
Pseudocolopteryx dinelliana,0,
Pseudocolopteryx flaviventris,0,
Pseudocolopteryx sclateri,0,
Polystictus pectoralis,0,
Polystictus superciliaris,0,
Serpophaga cinerea,0,
Serpophaga griseicapilla,0,
Serpophaga hypoleuca,0,
Serpophaga nigricans,0,
Serpophaga subcristata,0,
Uromyias agilis,0,
Uromyias agraphia,0,
Anairetes alpinus,0,
Anairetes fernandezianus,0,
Anairetes flavirostris,0,
Anairetes nigrocristatus,0,
Anairetes parulus,0,
Anairetes reguloides,0,
Ramphotrigon flammulatum,0,
Ramphotrigon fuscicauda,0,
Ramphotrigon megacephalum,0,
Ramphotrigon ruficauda,0,
Sirystes albocinereus,0,
Sirystes albogriseus,0,
Sirystes sibilator,0,
Sirystes subcanescens,0,
Casiornis fuscus,0,
Casiornis rufus,0,
Rhytipterna holerythra,0,
Rhytipterna immunda,0,
Rhytipterna simplex,0,
Myiarchus antillarum,0,
Myiarchus apicalis,0,
Myiarchus barbirostris,0,
Myiarchus cephalotes,0,
Myiarchus cinerascens,1,
Myiarchus crinitus,1,
Myiarchus ferox,0,
Myiarchus magnirostris,0,
Myiarchus nugator,0,
Myiarchus nuttingi,1,
Myiarchus oberi,0,
Myiarchus panamensis,0,
Myiarchus phaeocephalus,0,
Myiarchus sagrae,1,
Myiarchus semirufus,0,
Myiarchus stolidus,0,
Myiarchus swainsoni,0,
Myiarchus tuberculifer,1,
Myiarchus tyrannulus,1,
Myiarchus validus,0,
Myiarchus venezuelensis,0,
Myiarchus yucatanensis,0,
Legatus leucophaius,1,
Attila bolivianus,0,
Attila cinnamomeus,0,
Attila citriniventris,0,
Attila phoenicurus,0,
Attila rufus,0,
Attila spadiceus,0,
Attila torridus,0,
Machetornis rixosa,1,
Philohydor lictor,0,
Pitangus sulphuratus,1,
Myiozetetes cayanensis,0,
Myiozetetes granadensis,1,
Myiozetetes luteiventris,0,
Myiozetetes similis,1,
Myiodynastes bairdii,0,
Myiodynastes chrysocephalus,0,
Myiodynastes hemichrysus,0,
Myiodynastes luteiventris,1,
Myiodynastes maculatus,0,
Tyrannopsis sulphurea,0,
Megarynchus pitangua,0,
Conopias albovittatus,0,
Conopias cinchoneti,0,
Conopias parvus,0,
Conopias trivirgatus,0,
Empidonomus aurantioatrocristatus,1,
Empidonomus varius,1,
Tyrannus albogularis,0,
Tyrannus caudifasciatus,1,
Tyrannus couchii,1,
Tyrannus crassirostris,1,
Tyrannus cubensis,0,
Tyrannus dominicensis,1,
Tyrannus forficatus,1,
Tyrannus melancholicus,1,
Tyrannus niveigularis,0,
Tyrannus savana,1,
Tyrannus tyrannus,1,
Tyrannus verticalis,1,
Tyrannus vociferans,1,
Muscigralla brevicauda,0,
Myiophobus crypterythrus,0,
Myiophobus cryptoxanthus,0,
Myiophobus fasciatus,0,
Myiophobus flavicans,0,
Myiophobus inornatus,0,
Myiophobus phoenicomitra,0,
Myiophobus roraimae,0,
Myiophobus rufescens,0,
Silvicultrix diadema,0,
Silvicultrix frontalis,0,
Silvicultrix jelskii,0,
Silvicultrix pulchella,0,
Silvicultrix spodionota,0,
Colorhamphus parvirostris,0,
Ochthoeca cinnamomeiventris,0,
Ochthoeca fumicolor,0,
Ochthoeca leucophrys,0,
Ochthoeca nigrita,0,
Ochthoeca oenanthoides,0,
Ochthoeca piurae,0,
Ochthoeca rufipectoralis,0,
Ochthoeca salvini,0,
Ochthoeca superciliosa,0,
Ochthoeca thoracica,0,
Phelpsia inornata,0,
Guyramemua affine,0,
Sublegatus arenarum,0,
Sublegatus modestus,0,
Sublegatus obscurior,0,
Colonia colonus,0,
Arundinicola leucocephala,0,
Fluvicola albiventer,0,
Fluvicola nengeta,0,
Fluvicola pica,0,
Pyrocephalus nanus,0,
Pyrocephalus rubinus,1,
Muscipipra vetula,0,
Gubernetes yetapa,0,
Heteroxolmis dominicana,0,
Alectrurus risora,0,
Alectrurus tricolor,0,
Ochthornis littoralis,0,
Cnemotriccus fuscatus,0,
Aphanotriccus audax,0,
Aphanotriccus capitalis,0,
Lathrotriccus euleri,0,
Lathrotriccus griseipectus,0,
Xenotriccus callizonus,0,
Xenotriccus mexicanus,0,
Sayornis nigricans,1,
Sayornis phoebe,1,
Sayornis saya,1,
Empidonax affinis,1,
Empidonax albigularis,0,
Empidonax alnorum,1,
Empidonax atriceps,0,
Empidonax difficilis,1,
Empidonax flavescens,0,
Empidonax flaviventris,1,
Empidonax fulvifrons,1,
Empidonax hammondii,1,
Empidonax minimus,1,
Empidonax oberholseri,1,
Empidonax traillii,1,
Empidonax virescens,1,
Empidonax wrightii,1,
Mitrephanes olivaceus,1,
Mitrephanes phaeocercus,1,
Contopus albogularis,0,
Contopus bogotensis,0,
Contopus caribaeus,1,
Contopus cinereus,0,
Contopus cooperi,1,
Contopus fumigatus,0,
Contopus hispaniolensis,0,
Contopus latirostris,0,
Contopus lugubris,0,
Contopus nigrescens,0,
Contopus ochraceus,0,
Contopus pallidus,0,
Contopus pertinax,1,
Contopus punensis,0,
Contopus sordidulus,1,
Contopus virens,1,
Satrapa icterophrys,0,
Syrtidicola fluviatilis,0,
Muscisaxicola albifrons,0,
Muscisaxicola albilora,0,
Muscisaxicola alpinus,0,
Muscisaxicola capistratus,0,
Muscisaxicola cinereus,0,
Muscisaxicola flavinucha,0,
Muscisaxicola frontalis,0,
Muscisaxicola griseus,0,
Muscisaxicola juninensis,0,
Muscisaxicola maclovianus,0,
Muscisaxicola maculirostris,0,
Muscisaxicola rufivertex,0,
Lessonia oreas,0,
Lessonia rufa,0,
Hymenops perspicillatus,0,
Knipolegus aterrimus,0,
Knipolegus cabanisi,0,
Knipolegus cyanirostris,0,
Knipolegus franciscanus,0,
Knipolegus hudsoni,0,
Knipolegus lophotes,0,
Knipolegus nigerrimus,0,
Knipolegus orenocensis,0,
Knipolegus poecilocercus,0,
Knipolegus poecilurus,0,
Knipolegus signatus,0,
Knipolegus striaticeps,0,
Cnemarchus erythropygius,0,
Cnemarchus rufipennis,0,
Xolmis irupero,0,
Xolmis velatus,0,
Pyrope pyrope,0,
Nengetus cinereus,0,
Neoxolmis coronatus,0,
Neoxolmis rubetra,0,
Neoxolmis rufiventris,0,
Neoxolmis salinarum,0,
Myiotheretes fumigatus,0,
Myiotheretes fuscorufus,0,
Myiotheretes pernix,0,
Myiotheretes striaticollis,0,
Agriornis albicauda,0,
Agriornis lividus,0,
Agriornis micropterus,0,
Agriornis montanus,0,
Agriornis murinus,0,
Melanopareia elegans,0,
Melanopareia maranonica,0,
Melanopareia maximiliani,0,
Melanopareia torquata,0,
Pittasoma michleri,0,
Pittasoma rufopileatum,0,
Conopophaga ardesiaca,0,
Conopophaga aurita,0,
Conopophaga castaneiceps,0,
Conopophaga cearae,0,
Conopophaga lineata,0,
Conopophaga melanogaster,0,
Conopophaga melanops,0,
Conopophaga peruviana,0,
Conopophaga roberti,0,
Conopophaga snethlageae,0,
Myrmornis torquata,0,
Pygiptila stellaris,0,
Thamnistes anabatinus,0,
Thamnistes rufescens,0,
Euchrepomis callinota,0,
Euchrepomis humeralis,0,
Euchrepomis sharpei,0,
Euchrepomis spodioptila,0,
Myrmorchilus strigilatus,0,
Microrhopias quixensis,0,
Aprositornis disjuncta,0,
Ammonastes pelzelni,0,
Myrmophylax atrothorax,0,
Neoctantes niger,0,
Clytoctantes alixii,0,
Clytoctantes atrogularis,0,
Epinecrophylla amazonica,0,
Epinecrophylla erythrura,0,
Epinecrophylla fulviventris,0,
Epinecrophylla gutturalis,0,
Epinecrophylla haematonota,0,
Epinecrophylla leucophthalma,0,
Epinecrophylla ornata,0,
Epinecrophylla spodionota,0,
Terenura maculata,0,
Terenura sicki,0,
Myrmochanes hemileucus,0,
Myrmotherula ambigua,0,
Myrmotherula assimilis,0,
Myrmotherula axillaris,0,
Myrmotherula behni,0,
Myrmotherula brachyura,0,
Myrmotherula cherriei,0,
Myrmotherula fluminensis,0,
Myrmotherula grisea,0,
Myrmotherula ignota,0,
Myrmotherula iheringi,0,
Myrmotherula klagesi,0,
Myrmotherula longicauda,0,
Myrmotherula longipennis,0,
Myrmotherula menetriesii,0,
Myrmotherula minor,0,
Myrmotherula multostriata,0,
Myrmotherula pacifica,0,
Myrmotherula schisticolor,0,
Myrmotherula sclateri,0,
Myrmotherula snowi,0,
Myrmotherula sunensis,0,
Myrmotherula surinamensis,0,
Myrmotherula unicolor,0,
Myrmotherula urosticta,0,
Formicivora acutirostris,0,
Formicivora erythronotos,0,
Formicivora grantsaui,0,
Formicivora grisea,0,
Formicivora iheringi,0,
Formicivora intermedia,0,
Formicivora melanogaster,0,
Formicivora rufa,0,
Formicivora serrana,0,
Isleria guttata,0,
Isleria hauxwelli,0,
Xenornis setifrons,0,
Thamnomanes ardesiacus,0,
Thamnomanes caesius,0,
Thamnomanes saturninus,0,
Thamnomanes schistogynus,0,
Megastictus margaritatus,0,
Rhopias gularis,0,
Dichrozona cincta,0,
Cymbilaimus lineatus,0,
Cymbilaimus sanctaemariae,0,
Taraba major,0,
Hypoedaleus guttatus,0,
Batara cinerea,0,
Mackenziaena leachii,0,
Mackenziaena severa,0,
Frederickena fulva,0,
Frederickena unduliger,0,
Frederickena viridis,0,
Sakesphoroides cristatus,0,
Biatas nigropectus,0,
Radinopsyche sellowi,0,
Dysithamnus leucostictus,0,
Dysithamnus mentalis,0,
Dysithamnus occidentalis,0,
Dysithamnus plumbeus,0,
Dysithamnus puncticeps,0,
Dysithamnus stictothorax,0,
Dysithamnus striaticeps,0,
Dysithamnus xanthopterus,0,
Herpsilochmus atricapillus,0,
Herpsilochmus axillaris,0,
Herpsilochmus dorsimaculatus,0,
Herpsilochmus dugandi,0,
Herpsilochmus frater,0,
Herpsilochmus gentryi,0,
Herpsilochmus longirostris,0,
Herpsilochmus motacilloides,0,
Herpsilochmus parkeri,0,
Herpsilochmus pectoralis,0,
Herpsilochmus pileatus,0,
Herpsilochmus praedictus,0,
Herpsilochmus roraimae,0,
Herpsilochmus rufimarginatus,0,
Herpsilochmus stictocephalus,0,
Herpsilochmus sticturus,0,
Herpsilochmus stotzi,0,
Sakesphorus canadensis,0,
Sakesphorus luctuosus,0,
Sakesphorus pulchellus,0,
Thamnophilus aethiops,0,
Thamnophilus amazonicus,0,
Thamnophilus ambiguus,0,
Thamnophilus aroyae,0,
Thamnophilus atrinucha,0,
Thamnophilus bernardi,0,
Thamnophilus bridgesi,0,
Thamnophilus caerulescens,0,
Thamnophilus cryptoleucus,0,
Thamnophilus divisorius,0,
Thamnophilus doliatus,1,
Thamnophilus insignis,0,
Thamnophilus melanonotus,0,
Thamnophilus melanothorax,0,
Thamnophilus multistriatus,0,
Thamnophilus murinus,0,
Thamnophilus nigriceps,0,
Thamnophilus nigrocinereus,0,
Thamnophilus palliatus,0,
Thamnophilus pelzelni,0,
Thamnophilus praecox,0,
Thamnophilus punctatus,0,
Thamnophilus ruficapillus,0,
Thamnophilus schistaceus,0,
Thamnophilus shumbae,0,
Thamnophilus stictocephalus,0,
Thamnophilus sticturus,0,
Thamnophilus tenuepunctatus,0,
Thamnophilus torquatus,0,
Thamnophilus unicolor,0,
Thamnophilus zarumae,0,
Phaenostictus mcleannani,0,
Pithys albifrons,0,
Pithys castaneus,0,
Willisornis poecilinotus,0,
Willisornis vidua,0,
Phlegopsis borbae,0,
Phlegopsis erythroptera,0,
Phlegopsis nigromaculata,0,
Oneillornis lunulatus,0,
Oneillornis salvini,0,
Gymnopithys bicolor,0,
Gymnopithys leucaspis,0,
Gymnopithys rufigula,0,
Rhegmatorhina berlepschi,0,
Rhegmatorhina cristata,0,
Rhegmatorhina gymnops,0,
Rhegmatorhina hoffmannsi,0,
Rhegmatorhina melanosticta,0,
Cercomacra brasiliana,0,
Cercomacra carbonaria,0,
Cercomacra cinerascens,0,
Cercomacra ferdinandi,0,
Cercomacra manu,0,
Cercomacra melanaria,0,
Cercomacra nigricans,0,
Cercomacroides fuscicauda,0,
Cercomacroides laeta,0,
Cercomacroides nigrescens,0,
Cercomacroides parkeri,0,
Cercomacroides serva,0,
Cercomacroides tyrannina,0,
Sciaphylax castanea,0,
Sciaphylax hemimelaena,0,
Hypocnemis cantator,0,
Hypocnemis flavescens,0,
Hypocnemis hypoxantha,0,
Hypocnemis ochrogyna,0,
Hypocnemis peruviana,0,
Hypocnemis rondoni,0,
Hypocnemis striata,0,
Hypocnemis subflava,0,
Drymophila caudata,0,
Drymophila devillei,0,
Drymophila ferruginea,0,
Drymophila genei,0,
Drymophila hellmayri,0,
Drymophila klagesi,0,
Drymophila malura,0,
Drymophila ochropyga,0,
Drymophila rubricollis,0,
Drymophila squamata,0,
Drymophila striaticeps,0,
Poliocrania exsul,0,
Ampelornis griseiceps,0,
Sipia berlepschi,0,
Sipia laemosticta,0,
Sipia nigricauda,0,
Sipia palliata,0,
Myrmoderus eowilsoni,0,
Myrmoderus ferrugineus,0,
Myrmoderus loricatus,0,
Myrmoderus ruficauda,0,
Myrmoderus squamosus,0,
Hypocnemoides maculicauda,0,
Hypocnemoides melanopogon,0,
Hylophylax naevioides,0,
Hylophylax naevius,0,
Hylophylax punctulatus,0,
Sclateria naevia,0,
Myrmelastes brunneiceps,0,
Myrmelastes caurensis,0,
Myrmelastes humaythae,0,
Myrmelastes hyperythrus,0,
Myrmelastes leucostigma,0,
Myrmelastes rufifacies,0,
Myrmelastes saturatus,0,
Myrmelastes schistaceus,0,
Myrmeciza longipes,0,
Rhopornis ardesiacus,0,
Myrmoborus leucophrys,0,
Myrmoborus lophotes,0,
Myrmoborus lugubris,0,
Myrmoborus melanurus,0,
Myrmoborus myotherinus,0,
Pyriglena atra,0,
Pyriglena leuconota,0,
Pyriglena leucoptera,0,
Pyriglena maura,0,
Pyriglena similis,0,
Gymnocichla nudiceps,0,
Akletos goeldii,0,
Akletos melanoceps,0,
Percnostola arenarum,0,
Percnostola rufifrons,0,
Hafferia fortis,0,
Hafferia immaculata,0,
Hafferia zeledoni,0,
Cryptopezus nattereri,0,
Grallaricula cucullata,0,
Grallaricula cumanensis,0,
Grallaricula ferrugineipectus,0,
Grallaricula flavirostris,0,
Grallaricula leymebambae,0,
Grallaricula lineifrons,0,
Grallaricula loricata,0,
Grallaricula nana,0,
Grallaricula ochraceifrons,0,
Grallaricula peruviana,0,
Hylopezus auricularis,0,
Hylopezus macularius,0,
Hylopezus ochroleucus,0,
Hylopezus paraensis,0,
Hylopezus perspicillatus,0,
Hylopezus whittakeri,0,
Myrmothera berlepschi,0,
Myrmothera campanisona,0,
Myrmothera dives,0,
Myrmothera fulviventris,0,
Myrmothera simplex,0,
Myrmothera subcanescens,0,
Grallaria albigula,0,
Grallaria alleni,0,
Grallaria alticola,0,
Grallaria alvarezi,0,
Grallaria andicolus,0,
Grallaria atuensis,0,
Grallaria ayacuchensis,0,
Grallaria bangsi,0,
Grallaria blakei,0,
Grallaria cajamarcae,0,
Grallaria capitalis,0,
Grallaria carrikeri,0,
Grallaria centralis,0,
Grallaria chthonia,0,
Grallaria cochabambae,0,
Grallaria dignissima,0,
Grallaria eludens,0,
Grallaria erythroleuca,0,
Grallaria erythrotis,0,
Grallaria excelsa,0,
Grallaria flavotincta,0,
Grallaria gigantea,0,
Grallaria gravesi,0,
Grallaria griseonucha,0,
Grallaria guatimalensis,0,
Grallaria haplonota,0,
Grallaria hypoleuca,0,
Grallaria kaestneri,0,
Grallaria milleri,0,
Grallaria nuchalis,0,
Grallaria obscura,0,
Grallaria occabambae,0,
Grallaria oneilli,0,
Grallaria przewalskii,0,
Grallaria quitensis,0,
Grallaria ridgelyi,0,
Grallaria ruficapilla,0,
Grallaria rufocinerea,0,
Grallaria rufula,0,
Grallaria saltuensis,0,
Grallaria saturata,0,
Grallaria sinaensis,0,
Grallaria spatiator,0,
Grallaria squamigera,0,
Grallaria urraoensis,0,
Grallaria varia,0,
Grallaria watkinsi,0,
Scelorchilus albicollis,0,
Scelorchilus rubecula,0,
Pteroptochos castaneus,0,
Pteroptochos megapodius,0,
Pteroptochos tarnii,0,
Psilorhamphus guttatus,0,
Liosceles thoracicus,0,
Acropternis orthonyx,0,
Teledromas fuscus,0,
Rhinocrypta lanceolata,0,
Merulaxis ater,0,
Merulaxis stresemanni,0,
Eleoscytalopus indigoticus,0,
Eleoscytalopus psychopompus,0,
Myornis senilis,0,
Eugralla paradoxa,0,
Scytalopus acutirostris,0,
Scytalopus affinis,0,
Scytalopus altirostris,0,
Scytalopus alvarezlopezi,0,
Scytalopus androstictus,0,
Scytalopus argentifrons,0,
Scytalopus atratus,0,
Scytalopus bolivianus,0,
Scytalopus canus,0,
Scytalopus caracae,0,
Scytalopus chocoensis,0,
Scytalopus diamantinensis,0,
Scytalopus femoralis,0,
Scytalopus frankeae,0,
Scytalopus fuscus,0,
Scytalopus gettyae,0,
Scytalopus gonzagai,0,
Scytalopus griseicollis,0,
Scytalopus intermedius,0,
Scytalopus iraiensis,0,
Scytalopus krabbei,0,
Scytalopus latebricola,0,
Scytalopus latrans,0,
Scytalopus macropus,0,
Scytalopus magellanicus,0,
Scytalopus meridanus,0,
Scytalopus micropterus,0,
Scytalopus novacapitalis,0,
Scytalopus opacus,0,
Scytalopus pachecoi,0,
Scytalopus panamensis,0,
Scytalopus parkeri,0,
Scytalopus parvirostris,0,
Scytalopus perijanus,0,
Scytalopus petrophilus,0,
Scytalopus robbinsi,0,
Scytalopus rodriguezi,0,
Scytalopus sanctaemartae,0,
Scytalopus schulenbergi,0,
Scytalopus simonsi,0,
Scytalopus speluncae,0,
Scytalopus spillmanni,0,
Scytalopus stilesi,0,
Scytalopus superciliaris,0,
Scytalopus unicolor,0,
Scytalopus urubambae,0,
Scytalopus vicinior,0,
Scytalopus whitneyi,0,
Scytalopus zimmeri,0,
Chamaeza campanisona,0,
Chamaeza meruloides,0,
Chamaeza mollissima,0,
Chamaeza nobilis,0,
Chamaeza ruficauda,0,
Chamaeza turdina,0,
Formicarius analis,0,
Formicarius colma,0,
Formicarius moniliger,0,
Formicarius nigricapillus,0,
Formicarius rufifrons,0,
Formicarius rufipectus,0,
Sclerurus albigularis,0,
Sclerurus caudacutus,0,
Sclerurus guatemalensis,0,
Sclerurus mexicanus,0,
Sclerurus obscurior,0,
Sclerurus rufigularis,0,
Sclerurus scansor,0,
Geositta antarctica,0,
Geositta crassirostris,0,
Geositta cunicularia,0,
Geositta isabellina,0,
Geositta maritima,0,
Geositta peruviana,1,
Geositta poeciloptera,0,
Geositta punensis,0,
Geositta rufipennis,0,
Geositta saxicolina,0,
Geositta tenuirostris,0,
Glyphorynchus spirurus,0,
Certhiasomus stictolaemus,0,
Sittasomus griseicapillus,0,
Deconychura longicauda,0,
Deconychura pallida,0,
Deconychura typica,0,
Dendrocincla anabatina,0,
Dendrocincla fuliginosa,0,
Dendrocincla homochroa,0,
Dendrocincla merula,0,
Dendrocincla turdina,0,
Dendrocincla tyrannina,0,
Nasica longirostris,0,
Dendrexetastes rufigula,0,
Dendrocolaptes certhia,0,
Dendrocolaptes hoffmannsi,0,
Dendrocolaptes picumnus,0,
Dendrocolaptes platyrostris,0,
Dendrocolaptes sanctithomae,0,
Hylexetastes perrotii,0,
Hylexetastes stresemanni,0,
Hylexetastes uniformis,0,
Xiphocolaptes albicollis,0,
Xiphocolaptes falcirostris,0,
Xiphocolaptes major,0,
Xiphocolaptes promeropirhynchus,0,
Xiphorhynchus atlanticus,0,
Xiphorhynchus elegans,0,
Xiphorhynchus erythropygius,0,
Xiphorhynchus flavigaster,0,
Xiphorhynchus fuscus,0,
Xiphorhynchus guttatus,0,
Xiphorhynchus lachrymosus,0,
Xiphorhynchus obsoletus,0,
Xiphorhynchus ocellatus,0,
Xiphorhynchus pardalotus,0,
Xiphorhynchus spixii,0,
Xiphorhynchus susurrans,0,
Xiphorhynchus triangularis,0,
Dendroplex kienerii,0,
Dendroplex picus,0,
Campylorhamphus falcularius,0,
Campylorhamphus multostriatus,0,
Campylorhamphus probatus,0,
Campylorhamphus procurvoides,0,
Campylorhamphus pusillus,0,
Campylorhamphus trochilirostris,0,
Drymornis bridgesii,0,
Drymotoxeres pucheranii,0,
Lepidocolaptes affinis,0,
Lepidocolaptes albolineatus,0,
Lepidocolaptes angustirostris,0,
Lepidocolaptes duidae,0,
Lepidocolaptes falcinellus,0,
Lepidocolaptes fatimalimae,0,
Lepidocolaptes fuscicapillus,0,
Lepidocolaptes lacrymiger,0,
Lepidocolaptes leucogaster,0,
Lepidocolaptes souleyetii,0,
Lepidocolaptes squamatus,0,
Xenops genibarbis,0,
Xenops mexicanus,0,
Xenops minutus,0,
Xenops rutilans,0,
Xenops tenuirostris,0,
Berlepschia rikeri,0,
Microxenops milleri,0,
Pygarrhichas albogularis,0,
Ochetorhynchus andaecola,0,
Ochetorhynchus melanurus,0,
Ochetorhynchus phoenicurus,0,
Ochetorhynchus ruficaudus,0,
Premnoplex brunnescens,0,
Premnoplex tatei,0,
Margarornis bellulus,0,
Margarornis rubiginosus,0,
Margarornis squamiger,0,
Margarornis stellatus,0,
Cichlocolaptes leucophrus,0,
Cichlocolaptes mazarbarnetti,0,
Heliobletus contaminatus,0,
Philydor atricapillus,0,
Philydor novaesi,0,
Philydor pyrrhodes,0,
Anabazenops dorsalis,0,
Anabazenops fuscus,0,
Neophilydor erythrocercum,0,
Neophilydor fuscipenne,0,
Megaxenops parnaguae,0,
Anabacerthia amaurotis,0,
Anabacerthia lichtensteini,0,
Anabacerthia ruficaudata,0,
Anabacerthia striaticollis,0,
Anabacerthia variegaticeps,0,
Syndactyla dimidiata,0,
Syndactyla guttulata,0,
Syndactyla roraimae,0,
Syndactyla ruficollis,0,
Syndactyla rufosuperciliata,0,
Syndactyla striata,0,
Syndactyla subalaris,0,
Syndactyla ucayalae,0,
Ancistrops strigilatus,0,
Dendroma erythroptera,0,
Dendroma rufa,0,
Clibanornis dendrocolaptoides,0,
Clibanornis erythrocephalus,0,
Clibanornis rectirostris,0,
Clibanornis rubiginosus,0,
Clibanornis rufipectus,0,
Thripadectes flammulatus,0,
Thripadectes holostictus,0,
Thripadectes ignobilis,0,
Thripadectes melanorhynchus,0,
Thripadectes rufobrunneus,0,
Thripadectes scrutator,0,
Thripadectes virgaticeps,0,
Automolus cervinigularis,0,
Automolus exsertus,0,
Automolus infuscatus,0,
Automolus lammi,0,
Automolus leucophthalmus,0,
Automolus melanopezus,0,
Automolus ochrolaemus,0,
Automolus paraensis,0,
Automolus rufipileatus,0,
Automolus subulatus,0,
Automolus virgatus,0,
Tarphonomus certhioides,0,
Tarphonomus harterti,0,
Premnornis guttuliger,0,
Pseudocolaptes boissonneautii,0,
Pseudocolaptes johnsoni,0,
Pseudocolaptes lawrencii,0,
Lochmias nematura,0,
Limnornis curvirostris,0,
Phleocryptes melanops,0,
Furnarius cinnamomeus,0,
Furnarius cristatus,0,
Furnarius figulus,0,
Furnarius leucopus,0,
Furnarius longirostris,0,
Furnarius minor,0,
Furnarius rufus,0,
Furnarius torridus,0,
Geocerthia serrana,0,
Upucerthia albigula,0,
Upucerthia dumetaria,0,
Upucerthia saturatior,0,
Upucerthia validirostris,0,
Cinclodes albidiventris,0,
Cinclodes albiventris,0,
Cinclodes antarcticus,0,
Cinclodes aricomae,0,
Cinclodes atacamensis,0,
Cinclodes comechingonus,0,
Cinclodes excelsior,0,
Cinclodes fuscus,0,
Cinclodes nigrofumosus,0,
Cinclodes olrogi,0,
Cinclodes oustaleti,0,
Cinclodes pabsti,0,
Cinclodes palliatus,0,
Cinclodes patagonicus,0,
Cinclodes taczanowskii,0,
Aphrastura masafuerae,0,
Aphrastura spinicauda,0,
Sylviorthorhynchus desmurii,0,
Sylviorthorhynchus yanacensis,0,
Leptasthenura aegithaloides,0,
Leptasthenura andicola,0,
Leptasthenura fuliginiceps,0,
Leptasthenura pileata,0,
Leptasthenura platensis,0,
Leptasthenura setaria,0,
Leptasthenura striata,0,
Leptasthenura striolata,0,
Leptasthenura xenothorax,0,
Anumbius annumbi,0,
Coryphistera alaudina,0,
Phacellodomus dorsalis,0,
Phacellodomus erythrophthalmus,0,
Phacellodomus ferrugineigula,0,
Phacellodomus inornatus,0,
Phacellodomus maculipectus,0,
Phacellodomus ruber,0,
Phacellodomus rufifrons,0,
Phacellodomus sibilatrix,0,
Phacellodomus striaticeps,0,
Phacellodomus striaticollis,0,
Hellmayrea gularis,0,
Asthenes anthoides,0,
Asthenes arequipae,0,
Asthenes ayacuchensis,0,
Asthenes baeri,0,
Asthenes berlepschi,0,
Asthenes coryi,0,
Asthenes dorbignyi,0,
Asthenes flammulata,0,
Asthenes fuliginosa,0,
Asthenes griseomurina,0,
Asthenes harterti,0,
Asthenes helleri,0,
Asthenes heterura,0,
Asthenes huancavelicae,0,
Asthenes hudsoni,0,
Asthenes humilis,0,
Asthenes luizae,0,
Asthenes maculicauda,0,
Asthenes modesta,0,
Asthenes moreirae,0,
Asthenes ottonis,0,
Asthenes palpebralis,0,
Asthenes perijana,0,
Asthenes pudibunda,0,
Asthenes pyrrholeuca,0,
Asthenes urubambensis,0,
Asthenes vilcabambae,0,
Asthenes virgata,0,
Asthenes wyatti,0,
Spartonoica maluroides,0,
Pseudoseisura cristata,0,
Pseudoseisura gutturalis,0,
Pseudoseisura lophotes,0,
Pseudoseisura unirufa,0,
Acrobatornis fonsecai,0,
Metopothrix aurantiaca,0,
Xenerpestes minlosi,0,
Xenerpestes singularis,0,
Siptornis striaticollis,0,
Roraimia adusta,0,
Thripophaga amacurensis,0,
Thripophaga cherriei,0,
Thripophaga fusciceps,0,
Thripophaga gutturata,0,
Thripophaga macroura,0,
Limnoctites rectirostris,0,
Limnoctites sulphuriferus,0,
Cranioleuca albicapilla,0,
Cranioleuca albiceps,0,
Cranioleuca antisiensis,0,
Cranioleuca berlepschi,0,
Cranioleuca curtata,0,
Cranioleuca demissa,0,
Cranioleuca dissita,0,
Cranioleuca erythrops,0,
Cranioleuca hellmayri,0,
Cranioleuca henricae,0,
Cranioleuca marcapatae,0,
Cranioleuca muelleri,0,
Cranioleuca obsoleta,0,
Cranioleuca pallida,0,
Cranioleuca pyrrhophia,0,
Cranioleuca semicinerea,0,
Cranioleuca subcristata,0,
Cranioleuca vulpecula,0,
Cranioleuca vulpina,0,
Cranioleuca weskei,0,
Pseudasthenes cactorum,0,
Pseudasthenes humicola,0,
Pseudasthenes patagonica,0,
Pseudasthenes steinbachi,0,
Mazaria propinqua,0,
Schoeniophylax phryganophilus,0,
Certhiaxis cinnamomeus,0,
Certhiaxis mustelinus,0,
Synallaxis albescens,0,
Synallaxis albigularis,0,
Synallaxis albilora,0,
Synallaxis azarae,0,
Synallaxis beverlyae,0,
Synallaxis brachyura,0,
Synallaxis cabanisi,0,
Synallaxis candei,0,
Synallaxis castanea,0,
Synallaxis cherriei,0,
Synallaxis chinchipensis,0,
Synallaxis cinerascens,0,
Synallaxis cinerea,0,
Synallaxis cinnamomea,0,
Synallaxis courseni,0,
Synallaxis erythrothorax,0,
Synallaxis frontalis,0,
Synallaxis fuscorufa,0,
Synallaxis gujanensis,0,
Synallaxis hellmayri,0,
Synallaxis hypochondriaca,0,
Synallaxis hypospodia,0,
Synallaxis infuscata,0,
Synallaxis kollari,0,
Synallaxis macconnelli,0,
Synallaxis maranonica,0,
Synallaxis moesta,0,
Synallaxis ruficapilla,0,
Synallaxis rutilans,0,
Synallaxis scutata,0,
Synallaxis simoni,0,
Synallaxis spixi,0,
Synallaxis stictothorax,0,
Synallaxis subpudica,0,
Synallaxis tithys,0,
Synallaxis unirufa,0,
Synallaxis zimmeri,0,
Menura alberti,0,
Menura novaehollandiae,0,
Atrichornis clamosus,0,
Atrichornis rufescens,0,
Cormobates leucophaea,0,
Cormobates placens,0,
Climacteris affinis,0,
Climacteris erythrops,0,
Climacteris melanurus,0,
Climacteris picumnus,0,
Climacteris rufus,0,
Sericulus ardens,0,
Sericulus aureus,0,
Sericulus bakeri,0,
Sericulus chrysocephalus,0,
Ptilonorhynchus violaceus,0,
Chlamydera cerviniventris,0,
Chlamydera guttata,0,
Chlamydera lauterbachi,0,
Chlamydera maculata,0,
Chlamydera nuchalis,0,
Ailuroedus buccoides,0,
Ailuroedus crassirostris,0,
Ailuroedus geislerorum,0,
Ailuroedus maculosus,0,
Ailuroedus melanotis,0,
Ailuroedus stonii,0,
Scenopoeetes dentirostris,0,
Prionodura newtoniana,0,
Amblyornis flavifrons,0,
Amblyornis inornata,0,
Amblyornis macgregoriae,0,
Amblyornis subalaris,0,
Archboldia papuensis,0,
Amytornis ballarae,0,
Amytornis barbatus,0,
Amytornis dorotheae,0,
Amytornis goyderi,0,
Amytornis housei,0,
Amytornis merrotsyi,0,
Amytornis modestus,0,
Amytornis oweni,0,
Amytornis purnelli,0,
Amytornis rowleyi,0,
Amytornis striatus,0,
Amytornis textilis,0,
Amytornis whitei,0,
Amytornis woodwardi,0,
Stipiturus malachurus,0,
Stipiturus mallee,0,
Stipiturus ruficeps,0,
Sipodotus wallacii,0,
Clytomyias insignis,0,
Chenorhamphus campbelli,0,
Chenorhamphus grayi,0,
Malurus alboscapulatus,0,
Malurus amabilis,0,
Malurus assimilis,0,
Malurus coronatus,0,
Malurus cyaneus,0,
Malurus cyanocephalus,0,
Malurus elegans,0,
Malurus lamberti,0,
Malurus leucopterus,0,
Malurus melanocephalus,0,
Malurus pulcherrimus,0,
Malurus splendens,0,
Dasyornis brachypterus,0,
Dasyornis broadbenti,0,
Dasyornis longirostris,0,
Pardalotus punctatus,0,
Pardalotus quadragintus,0,
Pardalotus rubricatus,0,
Pardalotus striatus,0,
Oreoscopus gutturalis,0,
Pachycare flavogriseum,0,
Gerygone albofrontata,0,
Gerygone chloronota,0,
Gerygone chrysogaster,0,
Gerygone citrina,0,
Gerygone dorsalis,0,
Gerygone flavolateralis,0,
Gerygone fusca,0,
Gerygone hypoxantha,0,
Gerygone igata,0,
Gerygone inornata,0,
Gerygone insularis,0,
Gerygone levigaster,0,
Gerygone magnirostris,0,
Gerygone modesta,0,
Gerygone mouki,0,
Gerygone olivacea,0,
Gerygone palpebrosa,0,
Gerygone ruficollis,0,
Gerygone sulphurea,0,
Gerygone tenebrosa,0,
Acanthornis magna,0,
Aphelocephala leucopsis,0,
Aphelocephala nigricincta,0,
Aphelocephala pectoralis,0,
Acanthiza apicalis,0,
Acanthiza chrysorrhoa,0,
Acanthiza cinerea,0,
Acanthiza ewingii,0,
Acanthiza inornata,0,
Acanthiza iredalei,0,
Acanthiza katherina,0,
Acanthiza lineata,0,
Acanthiza murina,0,
Acanthiza nana,0,
Acanthiza pusilla,0,
Acanthiza reguloides,0,
Acanthiza robustirostris,0,
Acanthiza uropygialis,0,
Smicrornis brevirostris,0,
Pycnoptilus floccosus,0,
Pyrrholaemus brunneus,0,
Pyrrholaemus sagittatus,0,
Hylacola cauta,0,
Hylacola pyrrhopygia,0,
Calamanthus campestris,0,
Calamanthus fuliginosus,0,
Calamanthus montanellus,0,
Origma murina,0,
Origma robusta,0,
Origma solitaria,0,
Neosericornis citreogularis,0,
Aethomyias arfakianus,0,
Aethomyias nigrorufus,0,
Aethomyias papuensis,0,
Aethomyias perspicillatus,0,
Aethomyias rufescens,0,
Aethomyias spilodera,0,
Sericornis beccarii,0,
Sericornis frontalis,0,
Sericornis humilis,0,
Sericornis keri,0,
Sericornis maculatus,0,
Sericornis magnirostra,0,
Sericornis nouhuysi,0,
Myza celebensis,0,
Myza sarasinorum,0,
Acanthorhynchus superciliosus,0,
Acanthorhynchus tenuirostris,0,
Glycichaera fallax,0,
Melionyx fuscus,0,
Melionyx nouhuysi,0,
Melionyx princeps,0,
Ptiloprora erythropleura,0,
Ptiloprora guisei,0,
Ptiloprora mayri,0,
Ptiloprora meekiana,0,
Ptiloprora perstriata,0,
Ptiloprora plumbea,0,
Ashbyia lovensis,0,
Epthianura albifrons,0,
Epthianura aurifrons,0,
Epthianura crocea,0,
Epthianura tricolor,0,
Stresemannia bougainvillei,0,
Ramsayornis fasciatus,0,
Ramsayornis modestus,0,
Conopophila albogularis,0,
Conopophila rufogularis,0,
Conopophila whitei,0,
Melilestes megarhynchus,0,
Timeliopsis fulvigula,0,
Timeliopsis griseigula,0,
Macgregoria pulchra,0,
Melipotes ater,0,
Melipotes carolae,0,
Melipotes fumigatus,0,
Melipotes gymnops,0,
Gliciphila melanops,0,
Gliciphila notabilis,0,
Gliciphila undulata,0,
Prosthemadera novaeseelandiae,0,
Anthornis melanocephala,0,
Anthornis melanura,0,
Certhionyx variegatus,0,
Pycnopygius cinereus,0,
Pycnopygius ixoides,0,
Pycnopygius stictocephalus,0,
Sugomel nigrum,0,
Melitograis gilolensis,0,
Vosea whitemanensis,0,
Myzomela adolphinae,0,
Myzomela albigula,0,
Myzomela batjanensis,0,
Myzomela blasii,0,
Myzomela boiei,0,
Myzomela caledonica,0,
Myzomela cardinalis,0,
Myzomela chermesina,0,
Myzomela chloroptera,0,
Myzomela cineracea,0,
Myzomela cruentata,0,
Myzomela dammermani,0,
Myzomela eichhorni,0,
Myzomela eques,0,
Myzomela erythrina,0,
Myzomela erythrocephala,0,
Myzomela erythromelas,0,
Myzomela irianawidodoae,0,
Myzomela jugularis,0,
Myzomela kuehni,0,
Myzomela lafargei,0,
Myzomela longirostris,0,
Myzomela malaitae,0,
Myzomela melanocephala,0,
Myzomela nigrita,0,
Myzomela nigriventris,1,
Myzomela obscura,0,
Myzomela pammelaena,0,
Myzomela prawiradilagae,0,
Myzomela pulchella,0,
Myzomela rosenbergii,0,
Myzomela rubratra,0,
Myzomela rubrobrunnea,0,
Myzomela rubrotincta,0,
Myzomela sanguinolenta,0,
Myzomela sclateri,0,
Myzomela simplex,0,
Myzomela tristrami,0,
Myzomela vulnerata,0,
Myzomela wahe,0,
Myzomela wakoloensis,0,
Gymnomyza aubryana,0,
Gymnomyza brunneirostris,0,
Gymnomyza samoensis,1,
Gymnomyza viridis,0,
Plectorhyncha lanceolata,0,
Grantiella picta,0,
Xanthotis flaviventer,0,
Xanthotis macleayanus,0,
Xanthotis polygrammus,0,
Philemon albitorques,0,
Philemon argenticeps,0,
Philemon brassi,0,
Philemon buceroides,0,
Philemon citreogularis,0,
Philemon cockerelli,0,
Philemon corniculatus,0,
Philemon diemenensis,0,
Philemon eichhorni,0,
Philemon fuscicapillus,0,
Philemon inornatus,0,
Philemon kisserensis,0,
Philemon meyeri,0,
Philemon moluccensis,0,
Philemon plumigenis,0,
Philemon subcorniculatus,0,
Meliarchus sclateri,0,
Guadalcanaria inexpectata,0,
Meliphacator provocator,0,
Foulehaio carunculatus,1,
Foulehaio procerior,0,
Foulehaio taviunensis,0,
Trichodere cockerelli,0,
Phylidonyris niger,0,
Phylidonyris novaehollandiae,0,
Phylidonyris pyrrhopterus,0,
Cissomela pectoralis,0,
Lichmera alboauricularis,0,
Lichmera argentauris,0,
Lichmera deningeri,0,
Lichmera flavicans,0,
Lichmera incana,0,
Lichmera indistincta,0,
Lichmera lombokia,0,
Lichmera monticola,0,
Lichmera notabilis,0,
Lichmera squamata,0,
Nesoptilotis flavicollis,0,
Nesoptilotis leucotis,0,
Entomyzon cyanotis,0,
Melithreptus affinis,0,
Melithreptus albogularis,0,
Melithreptus brevirostris,0,
Melithreptus chloropsis,0,
Melithreptus gularis,0,
Melithreptus lunatus,0,
Melithreptus validirostris,0,
Stomiopera flava,0,
Stomiopera unicolor,0,
Meliphaga albilineata,0,
Meliphaga albonotata,0,
Meliphaga analoga,0,
Meliphaga aruensis,0,
Meliphaga chrysogenys,0,
Meliphaga cinereifrons,0,
Meliphaga flavirictus,0,
Meliphaga fordiana,0,
Meliphaga gracilis,0,
Meliphaga imitatrix,0,
Meliphaga lewinii,0,
Meliphaga mimikae,0,
Meliphaga montana,0,
Meliphaga notata,0,
Meliphaga orientalis,0,
Meliphaga reticulata,0,
Meliphaga vicina,0,
Purnella albifrons,0,
Lichenostomus cratitius,0,
Lichenostomus melanops,0,
Gavicalis fasciogularis,0,
Gavicalis versicolor,0,
Gavicalis virescens,0,
Ptilotula flavescens,0,
Ptilotula fusca,0,
Ptilotula keartlandi,0,
Ptilotula ornata,0,
Ptilotula penicillata,0,
Ptilotula plumula,0,
Caligavis chrysops,0,
Caligavis obscura,0,
Caligavis subfrenata,0,
Acanthagenys rufogularis,0,
Anthochaera carunculata,0,
Anthochaera chrysoptera,0,
Anthochaera lunulata,0,
Anthochaera paradoxa,0,
Anthochaera phrygia,0,
Bolemoreus frenatus,0,
Bolemoreus hindwoodi,0,
Manorina flavigula,0,
Manorina melanocephala,0,
Manorina melanophrys,0,
Manorina melanotis,0,
Melidectes belfordi,0,
Melidectes foersteri,0,
Melidectes leucostephes,0,
Melidectes ochromelas,0,
Melidectes rufocrissalis,0,
Melidectes torquatus,0,
Orthonyx novaeguineae,0,
Orthonyx spaldingii,0,
Orthonyx temminckii,0,
Garritornis isidorei,0,
Pomatostomus halli,0,
Pomatostomus ruficeps,0,
Pomatostomus superciliosus,0,
Pomatostomus temporalis,0,
Ptilorrhoa caerulescens,0,
Ptilorrhoa castanonota,0,
Ptilorrhoa geislerorum,0,
Ptilorrhoa leucosticta,0,
Cinclosoma ajax,0,
Cinclosoma alisteri,0,
Cinclosoma castaneothorax,0,
Cinclosoma castanotum,0,
Cinclosoma cinnamomeum,0,
Cinclosoma clarum,0,
Cinclosoma marginatum,0,
Cinclosoma punctatum,0,
Pericrocotus albifrons,0,
Pericrocotus brevirostris,0,
Pericrocotus cantonensis,0,
Pericrocotus cinnamomeus,0,
Pericrocotus divaricatus,1,
Pericrocotus erythropygius,0,
Pericrocotus ethologus,0,
Pericrocotus flammeus,0,
Pericrocotus igneus,0,
Pericrocotus lansbergei,0,
Pericrocotus miniatus,0,
Pericrocotus roseus,0,
Pericrocotus solaris,0,
Pericrocotus tegimae,0,
Ceblepyris caesius,0,
Ceblepyris cinereus,0,
Ceblepyris cucullatus,1,
Ceblepyris graueri,0,
Ceblepyris pectoralis,0,
Coracina atriceps,0,
Coracina bicolor,0,
Coracina boyeri,0,
Coracina caeruleogrisea,0,
Coracina caledonica,0,
Coracina dobsoni,0,
Coracina fortis,0,
Coracina guillemardi,0,
Coracina javensis,0,
Coracina kochii,0,
Coracina larutensis,0,
Coracina larvata,0,
Coracina leucopygia,0,
Coracina lineata,0,
Coracina longicauda,0,
Coracina macei,0,
Coracina maxima,0,
Coracina mindorensis,0,
Coracina novaehollandiae,0,
Coracina panayensis,0,
Coracina papuensis,0,
Coracina parvula,0,
Coracina personata,0,
Coracina schistacea,0,
Coracina striata,0,
Coracina temminckii,0,
Coracina welchmani,0,
Lobotos lobatus,0,
Lobotos oriolinus,0,
Campephaga flava,0,
Campephaga petiti,0,
Campephaga phoenicea,0,
Campephaga quiscalina,0,
Campochaera sloetii,0,
Malindangia mcgregori,0,
Lalage atrovirens,0,
Lalage aurea,0,
Lalage conjuncta,0,
Lalage fimbriata,0,
Lalage leucomela,0,
Lalage leucoptera,0,
Lalage leucopyga,0,
Lalage leucopygialis,0,
Lalage maculosa,1,
Lalage melanoleuca,0,
Lalage melanoptera,0,
Lalage melaschistos,0,
Lalage moesta,0,
Lalage newtoni,0,
Lalage nigra,0,
Lalage polioptera,0,
Lalage sharpei,1,
Lalage sueurii,0,
Lalage tricolor,0,
Lalage typica,1,
Cyanograucalus azureus,0,
Celebesica abbotti,0,
Edolisoma admiralitatis,0,
Edolisoma amboinense,0,
Edolisoma anale,0,
Edolisoma ceramense,0,
Edolisoma coerulescens,0,
Edolisoma dispar,0,
Edolisoma dohertyi,0,
Edolisoma erythropygium,0,
Edolisoma grayi,0,
Edolisoma holopolium,0,
Edolisoma incertum,0,
Edolisoma insperatum,0,
Edolisoma melas,0,
Edolisoma meyerii,0,
Edolisoma mindanense,0,
Edolisoma monacha,0,
Edolisoma montanum,0,
Edolisoma morio,0,
Edolisoma nesiotis,0,
Edolisoma obiense,0,
Edolisoma ostentum,0,
Edolisoma pelingi,0,
Edolisoma remotum,0,
Edolisoma rostratum,0,
Edolisoma salomonis,0,
Edolisoma salvadorii,0,
Edolisoma schisticeps,0,
Edolisoma sula,0,
Edolisoma tenuirostre,0,
Edolisoma timoriense,0,
Edolisoma tricolor,0,
Mohoua albicilla,0,
Mohoua novaeseelandiae,0,
Mohoua ochrocephala,0,
Machaerirhynchus flaviventer,0,
Machaerirhynchus nigripectus,0,
Artamus cinereus,0,
Artamus cyanopterus,0,
Artamus fuscus,0,
Artamus insignis,0,
Artamus leucorynchus,0,
Artamus maximus,0,
Artamus mentalis,0,
Artamus minor,0,
Artamus monachus,0,
Artamus personatus,0,
Artamus superciliosus,0,
Peltops blainvillii,0,
Peltops montanus,0,
Strepera fuliginosa,0,
Strepera graculina,0,
Strepera versicolor,0,
Melloria quoyi,0,
Gymnorhina tibicen,0,
Cracticus argenteus,0,
Cracticus cassicus,0,
Cracticus louisiadensis,0,
Cracticus mentalis,0,
Cracticus nigrogularis,0,
Cracticus torquatus,0,
Rhagologus leucostigma,0,
Pityriasis gymnocephala,0,
Aegithina lafresnayei,0,
Aegithina nigrolutea,0,
Aegithina tiphia,0,
Aegithina viridissima,0,
Nilaus afer,0,
Bocagia minuta,0,
Tchagra australis,0,
Tchagra jamesi,0,
Tchagra senegalus,0,
Tchagra tchagra,0,
Malaconotus alius,0,
Malaconotus blanchoti,0,
Malaconotus cruentus,0,
Malaconotus gladiator,0,
Malaconotus lagdeni,0,
Malaconotus monteiri,0,
Dryoscopus angolensis,0,
Dryoscopus cubla,0,
Dryoscopus gambensis,0,
Dryoscopus pringlii,0,
Dryoscopus sabini,0,
Dryoscopus senegalensis,0,
Rhodophoneus cruentus,0,
Telophorus dohertyi,0,
Telophorus viridis,0,
Telophorus zeylonus,0,
Chlorophoneus bocagei,0,
Chlorophoneus kupeensis,0,
Chlorophoneus multicolor,0,
Chlorophoneus nigrifrons,0,
Chlorophoneus olivaceus,0,
Chlorophoneus sulfureopectus,0,
Laniarius aethiopicus,0,
Laniarius amboimensis,0,
Laniarius atrococcineus,0,
Laniarius atroflavus,0,
Laniarius barbarus,0,
Laniarius bicolor,0,
Laniarius brauni,0,
Laniarius erythrogaster,0,
Laniarius ferrugineus,0,
Laniarius fuelleborni,0,
Laniarius funebris,0,
Laniarius holomelas,0,
Laniarius leucorhynchus,0,
Laniarius luehderi,0,
Laniarius major,0,
Laniarius mufumbiri,0,
Laniarius nigerrimus,0,
Laniarius poensis,0,
Laniarius ruficeps,0,
Laniarius sublacteus,0,
Laniarius turatii,0,
Laniarius willardi,0,
Lanioturdus torquatus,0,
Dyaphorophyia castanea,0,
Dyaphorophyia hormophora,0,
Dyaphorophyia tonsa,0,
Platysteira albifrons,0,
Platysteira blissetti,0,
Platysteira chalybea,0,
Platysteira concreta,0,
Platysteira cyanea,0,
Platysteira jamesoni,0,
Platysteira laticincta,0,
Platysteira peltata,0,
Batis capensis,0,
Batis crypta,0,
Batis dimorpha,0,
Batis diops,0,
Batis erlangeri,0,
Batis fratrum,0,
Batis ituriensis,0,
Batis margaritae,0,
Batis minima,0,
Batis minor,0,
Batis minulla,0,
Batis mixta,0,
Batis molitor,0,
Batis occulta,0,
Batis orientalis,0,
Batis perkeo,0,
Batis poensis,0,
Batis pririt,0,
Batis senegalensis,0,
Batis soror,0,
Philentoma pyrhoptera,0,
Philentoma velata,0,
Prionops alberti,0,
Prionops caniceps,0,
Prionops gabela,0,
Prionops plumatus,0,
Prionops poliolophus,0,
Prionops retzii,0,
Prionops rufiventris,0,
Prionops scopifrons,0,
Megabyas flammulatus,0,
Bias musicus,0,
Hemipus hirundinaceus,0,
Hemipus picatus,0,
Tephrodornis affinis,0,
Tephrodornis pondicerianus,0,
Tephrodornis sylvicola,0,
Tephrodornis virgatus,0,
Tylas eduardi,0,
Calicalicus madagascariensis,0,
Calicalicus rufocarpalis,0,
Newtonia amphichroa,0,
Newtonia archboldi,0,
Newtonia brunneicauda,0,
Newtonia fanovanae,0,
Hypositta corallirostris,0,
Leptopterus chabert,0,
Mystacornis crossleyi,0,
Cyanolanius comorensis,1,
Cyanolanius madagascarinus,0,
Vanga curvirostris,0,
Pseudobias wardi,0,
Euryceros prevostii,0,
Schetba rufa,0,
Xenopirostris damii,0,
Xenopirostris polleni,0,
Xenopirostris xenopirostris,0,
Oriolia bernieri,0,
Falculea palliata,0,
Artamella viridis,0,
Daphoenositta chrysoptera,0,
Daphoenositta miranda,0,
Daphoenositta papuensis,0,
Androphobus viridis,0,
Psophodes cristatus,0,
Psophodes nigrogularis,0,
Psophodes occidentalis,0,
Psophodes olivaceus,0,
Eulacestoma nigropectus,0,
Oreoica gutturalis,0,
Ornorectes cristatus,0,
Aleadryas rufinucha,0,
Falcunculus frontatus,0,
Falcunculus leucogaster,0,
Falcunculus whitei,0,
Oreocharis arfaki,0,
Paramythia montium,0,
Paramythia olivacea,0,
Pteruthius aenobarbus,0,
Pteruthius aeralatus,0,
Pteruthius flaviscapis,0,
Pteruthius intermedius,0,
Pteruthius melanotis,0,
Pteruthius rufiventer,0,
Pteruthius xanthochlorus,0,
Erpornis zantholeuca,0,
Cyclarhis gujanensis,0,
Cyclarhis nigrirostris,0,
Hylophilus amaurocephalus,0,
Hylophilus brunneiceps,0,
Hylophilus flavipes,0,
Hylophilus olivaceus,0,
Hylophilus pectoralis,0,
Hylophilus poicilotis,0,
Hylophilus semicinereus,0,
Hylophilus thoracicus,0,
Vireolanius eximius,0,
Vireolanius leucotis,0,
Vireolanius melitophrys,0,
Vireolanius pulchellus,0,
Tunchiornis ferrugineifrons,0,
Tunchiornis luteifrons,0,
Tunchiornis ochraceiceps,0,
Tunchiornis rubrifrons,0,
Pachysylvia aurantiifrons,0,
Pachysylvia decurtata,0,
Pachysylvia hypoxantha,0,
Pachysylvia muscicapina,0,
Pachysylvia semibrunnea,0,
Vireo altiloquus,1,
Vireo atricapilla,1,
Vireo bairdi,0,
Vireo bellii,1,
Vireo brevipennis,0,
Vireo caribaeus,0,
Vireo carmioli,0,
Vireo cassinii,1,
Vireo chivi,0,
Vireo crassirostris,1,
Vireo flavifrons,1,
Vireo flavoviridis,1,
Vireo gilvus,1,
Vireo gracilirostris,0,
Vireo griseus,1,
Vireo gundlachii,1,
Vireo huttoni,1,
Vireo hypochryseus,0,
Vireo latimeri,0,
Vireo leucophrys,0,
Vireo magister,1,
Vireo masteri,0,
Vireo modestus,0,
Vireo nanus,0,
Vireo nelsoni,0,
Vireo olivaceus,1,
Vireo osburni,0,
Vireo pallens,0,
Vireo philadelphicus,1,
Vireo plumbeus,1,
Vireo sclateri,0,
Vireo solitarius,1,
Vireo vicinior,1,
Pitohui cerviniventris,0,
Pitohui dichrous,0,
Pitohui kirhocephalus,0,
Pitohui uropygialis,0,
Turnagra capensis,0,
Turnagra tanagra,0,
Sphecotheres hypoleucus,0,
Sphecotheres vieilloti,0,
Sphecotheres viridis,0,
Oriolus albiloris,0,
Oriolus auratus,0,
Oriolus bouroensis,0,
Oriolus brachyrynchus,0,
Oriolus chinensis,0,
Oriolus chlorocephalus,0,
Oriolus consanguineus,0,
Oriolus consobrinus,0,
Oriolus crassirostris,0,
Oriolus cruentus,0,
Oriolus decipiens,0,
Oriolus finschi,0,
Oriolus flavocinctus,0,
Oriolus forsteni,0,
Oriolus hosii,0,
Oriolus isabellae,0,
Oriolus kundoo,0,
Oriolus larvatus,0,
Oriolus melanotis,0,
Oriolus mellianus,0,
Oriolus monacha,0,
Oriolus nigripennis,0,
Oriolus oriolus,1,
Oriolus percivali,0,
Oriolus phaeochromus,0,
Oriolus sagittatus,0,
Oriolus steerii,0,
Oriolus szalayi,0,
Oriolus tenuirostris,0,
Oriolus traillii,1,
Oriolus xanthonotus,0,
Oriolus xanthornus,0,
Pseudorectes ferrugineus,0,
Pseudorectes incertus,0,
Colluricincla boweri,0,
Colluricincla harmonica,0,
Colluricincla megarhyncha,0,
Colluricincla tenebrosa,0,
Colluricincla woodwardi,0,
Melanorectes nigrescens,0,
Coracornis raveni,0,
Coracornis sanghirensis,0,
Pachycephala albiventris,0,
Pachycephala arctitorquis,0,
Pachycephala aurea,0,
Pachycephala balim,0,
Pachycephala caledonica,0,
Pachycephala calliope,0,
Pachycephala chlorura,0,
Pachycephala cinerea,0,
Pachycephala citreogaster,0,
Pachycephala collaris,0,
Pachycephala feminina,0,
Pachycephala flavifrons,1,
Pachycephala graeffii,0,
Pachycephala griseonota,0,
Pachycephala homeyeri,0,
Pachycephala hyperythra,0,
Pachycephala hypoxantha,0,
Pachycephala implicata,0,
Pachycephala inornata,0,
Pachycephala jacquinoti,1,
Pachycephala lanioides,0,
Pachycephala leucogastra,0,
Pachycephala lorentzi,0,
Pachycephala macrorhyncha,0,
Pachycephala melanorhyncha,0,
Pachycephala melanura,0,
Pachycephala mentalis,0,
Pachycephala meyeri,0,
Pachycephala modesta,0,
Pachycephala monacha,0,
Pachycephala nudigula,0,
Pachycephala olivacea,0,
Pachycephala orioloides,0,
Pachycephala ornata,0,
Pachycephala orpheus,0,
Pachycephala pectoralis,0,
Pachycephala phaionota,0,
Pachycephala philippinensis,0,
Pachycephala richardsi,0,
Pachycephala rufiventris,0,
Pachycephala rufogularis,0,
Pachycephala schlegelii,0,
Pachycephala sharpei,0,
Pachycephala simplex,0,
Pachycephala soror,0,
Pachycephala sulfuriventer,0,
Pachycephala tenebrosa,0,
Pachycephala teysmanni,0,
Pachycephala utupuae,0,
Pachycephala vanikorensis,0,
Pachycephala vitiensis,0,
Chaetorhynchus papuensis,0,
Eutrichomyias rowleyi,0,
Lamprolia klinesmithi,0,
Lamprolia victoriae,0,
Rhipidura albicollis,0,
Rhipidura albiscapa,0,
Rhipidura albiventris,0,
Rhipidura albogularis,0,
Rhipidura albolimbata,0,
Rhipidura atra,0,
Rhipidura aureola,0,
Rhipidura brachyrhyncha,0,
Rhipidura cockerelli,0,
Rhipidura coultasi,0,
Rhipidura cyaniceps,0,
Rhipidura dahli,0,
Rhipidura dedemi,0,
Rhipidura diluta,0,
Rhipidura drownei,0,
Rhipidura dryas,0,
Rhipidura euryura,0,
Rhipidura fuliginosa,0,
Rhipidura fuscorufa,0,
Rhipidura habibiei,0,
Rhipidura hyperythra,0,
Rhipidura javanica,0,
Rhipidura kubaryi,0,
Rhipidura layardi,0,
Rhipidura lepida,0,
Rhipidura leucophrys,0,
Rhipidura leucothorax,0,
Rhipidura louisiadensis,0,
Rhipidura maculipectus,0,
Rhipidura malaitae,0,
Rhipidura matthiae,0,
Rhipidura melanolaema,0,
Rhipidura nebulosa,1,
Rhipidura nigritorquis,1,
Rhipidura nigrocinnamomea,0,
Rhipidura ocularis,0,
Rhipidura opistherythra,0,
Rhipidura perlata,0,
Rhipidura personata,0,
Rhipidura phasiana,0,
Rhipidura phoenicura,0,
Rhipidura rennelliana,0,
Rhipidura rufidorsa,0,
Rhipidura rufifrons,0,
Rhipidura rufiventris,0,
Rhipidura rufofronta,0,
Rhipidura samarensis,0,
Rhipidura sauli,0,
Rhipidura semicollaris,0,
Rhipidura semirubra,0,
Rhipidura spilodera,0,
Rhipidura sulaensis,0,
Rhipidura superciliaris,0,
Rhipidura superflua,0,
Rhipidura tenebrosa,0,
Rhipidura teysmanni,0,
Rhipidura threnothorax,0,
Rhipidura torrida,0,
Rhipidura verreauxi,0,
Rhipidura versicolor,0,
Dicrurus adsimilis,0,
Dicrurus aeneus,0,
Dicrurus aldabranus,0,
Dicrurus andamanensis,0,
Dicrurus annectens,0,
Dicrurus atripennis,0,
Dicrurus balicassius,0,
Dicrurus bracteatus,0,
Dicrurus caerulescens,0,
Dicrurus densus,0,
Dicrurus forficatus,1,
Dicrurus fuscipennis,1,
Dicrurus hottentottus,0,
Dicrurus leucophaeus,0,
Dicrurus lophorinus,0,
Dicrurus ludwigii,0,
Dicrurus macrocercus,0,
Dicrurus megarhynchus,0,
Dicrurus menagei,0,
Dicrurus modestus,0,
Dicrurus montanus,0,
Dicrurus palawanensis,0,
Dicrurus paradiseus,0,
Dicrurus remifer,0,
Dicrurus sharpei,0,
Dicrurus striatus,0,
Dicrurus sumatranus,0,
Dicrurus waldenii,1,
Trochocercus cyanomelas,0,
Trochocercus nitens,0,
Hypothymis azurea,0,
Hypothymis coelestis,0,
Hypothymis helenae,0,
Hypothymis puella,0,
Terpsiphone affinis,0,
Terpsiphone atrocaudata,1,
Terpsiphone atrochalybeia,0,
Terpsiphone batesi,0,
Terpsiphone bedfordi,0,
Terpsiphone bourbonnensis,0,
Terpsiphone cinnamomea,0,
Terpsiphone corvina,0,
Terpsiphone cyanescens,0,
Terpsiphone floris,0,
Terpsiphone incei,0,
Terpsiphone mutata,1,
Terpsiphone paradisi,0,
Terpsiphone rufiventer,0,
Terpsiphone rufocinerea,0,
Terpsiphone viridis,0,
Grallina bruijnii,0,
Grallina cyanoleuca,0,
Arses insularis,0,
Arses kaupi,0,
Arses lorealis,0,
Arses telescopthalmus,0,
Myiagra albiventris,1,
Myiagra alecto,0,
Myiagra atra,0,
Myiagra azureocapilla,0,
Myiagra caledonica,0,
Myiagra castaneigularis,0,
Myiagra cervinicauda,0,
Myiagra cyanoleuca,0,
Myiagra eichhorni,0,
Myiagra erythrops,0,
Myiagra ferrocyanea,0,
Myiagra freycineti,0,
Myiagra galeata,0,
Myiagra hebetior,0,
Myiagra inquieta,0,
Myiagra nana,0,
Myiagra oceanica,0,
Myiagra pluto,0,
Myiagra rubecula,0,
Myiagra ruficollis,0,
Myiagra vanikorensis,0,
Symposiachrus axillaris,0,
Symposiachrus barbatus,0,
Symposiachrus bimaculatus,0,
Symposiachrus boanensis,0,
Symposiachrus brehmii,0,
Symposiachrus browni,0,
Symposiachrus everetti,0,
Symposiachrus guttula,0,
Symposiachrus infelix,0,
Symposiachrus julianae,0,
Symposiachrus leucurus,0,
Symposiachrus loricatus,0,
Symposiachrus malaitae,0,
Symposiachrus manadensis,0,
Symposiachrus melanopterus,0,
Symposiachrus menckei,0,
Symposiachrus mundus,0,
Symposiachrus nigrotectus,0,
Symposiachrus rubiensis,0,
Symposiachrus sacerdotum,0,
Symposiachrus trivirgatus,0,
Symposiachrus verticalis,0,
Symposiachrus vidua,0,
Carterornis castus,0,
Carterornis chrysomela,0,
Carterornis leucotis,0,
Carterornis pileatus,0,
Metabolus rugensis,0,
Monarcha castaneiventris,0,
Monarcha cinerascens,0,
Monarcha frater,0,
Monarcha godeffroyi,0,
Monarcha melanopsis,0,
Monarcha richardsii,0,
Monarcha takatsukasae,0,
Pomarea dimidiata,1,
Pomarea fluxa,0,
Pomarea iphis,0,
Pomarea maupitiensis,0,
Pomarea mendozae,0,
Pomarea mira,0,
Pomarea nigra,0,
Pomarea nukuhivae,0,
Pomarea whitneyi,0,
Chasiempis ibidis,0,
Chasiempis sandwichensis,1,
Chasiempis sclateri,0,
Neolalage banksiana,0,
Mayrornis lessoni,0,
Mayrornis schistaceus,0,
Mayrornis versicolor,0,
Clytorhynchus hamlini,0,
Clytorhynchus nigrogularis,0,
Clytorhynchus pachycephaloides,0,
Clytorhynchus sanctaecrucis,0,
Clytorhynchus vitiensis,1,
Corcorax melanorhamphos,0,
Struthidea cinerea,0,
Ifrita kowaldi,0,
Lycocorax obiensis,0,
Lycocorax pyrrhopterus,0,
Phonygammus keraudrenii,0,
Manucodia ater,0,
Manucodia chalybatus,0,
Manucodia comrii,0,
Manucodia jobiensis,0,
Pteridophora alberti,0,
Parotia berlepschi,0,
Parotia carolae,0,
Parotia helenae,0,
Parotia lawesii,0,
Parotia sefilata,0,
Parotia wahnesi,0,
Seleucidis melanoleucus,0,
Drepanornis albertisi,0,
Drepanornis bruijnii,0,
Semioptera wallacii,0,
Lophorina latipennis,0,
Lophorina minor,0,
Lophorina superba,0,
Ptiloris intercedens,0,
Ptiloris magnificus,0,
Ptiloris paradiseus,0,
Ptiloris victoriae,0,
Epimachus fastosus,0,
Epimachus meyeri,0,
Paradigalla brevicauda,0,
Paradigalla carunculata,0,
Astrapia mayeri,0,
Astrapia nigra,0,
Astrapia rothschildi,0,
Astrapia splendidissima,0,
Astrapia stephaniae,0,
Cicinnurus regius,0,
Diphyllodes magnificus,0,
Diphyllodes respublica,0,
Paradisornis rudolphi,0,
Paradisaea apoda,0,
Paradisaea decora,0,
Paradisaea guilielmi,0,
Paradisaea minor,0,
Paradisaea raggiana,0,
Paradisaea rubra,0,
Melampitta lugubris,0,
Megalampitta gigantea,0,
Platylophus galericulatus,0,
Corvinella corvina,1,
Urolestes melanoleucus,0,
Lanius borealis,1,
Lanius bucephalus,1,
Lanius cabanisi,1,
Lanius collaris,1,
Lanius collurio,1,
Lanius collurioides,1,
Lanius cristatus,1,
Lanius dorsalis,0,
Lanius excubitor,1,
Lanius excubitoroides,1,
Lanius giganteus,0,
Lanius gubernator,1,
Lanius humeralis,1,
Lanius isabellinus,1,
Lanius ludovicianus,1,
Lanius mackinnoni,1,
Lanius meridionalis,1,
Lanius minor,1,
Lanius newtoni,1,
Lanius nubicus,1,
Lanius phoenicuroides,1,
Lanius schach,1,
Lanius senator,1,
Lanius somalicus,1,
Lanius souzae,1,
Lanius sphenocercus,1,
Lanius tephronotus,1,
Lanius tigrinus,1,
Lanius validirostris,1,
Lanius vittatus,1,
Eurocephalus anguitimens,0,
Eurocephalus ruppelli,0,
Pyrrhocorax graculus,1,
Pyrrhocorax pyrrhocorax,1,
Crypsirina cucullata,0,
Crypsirina temia,0,
Temnurus temnurus,0,
Platysmurus aterrimus,0,
Platysmurus leucopterus,0,
Dendrocitta bayleii,0,
Dendrocitta cinerascens,0,
Dendrocitta formosae,0,
Dendrocitta frontalis,0,
Dendrocitta leucogastra,0,
Dendrocitta occipitalis,0,
Dendrocitta vagabunda,0,
Cissa chinensis,0,
Cissa hypoleuca,0,
Cissa jefferyi,0,
Cissa thalassina,0,
Urocissa caerulea,0,
Urocissa erythroryncha,0,
Urocissa flavirostris,0,
Urocissa ornata,0,
Urocissa whiteheadi,0,
Cyanopica cooki,1,
Cyanopica cyanus,0,
Perisoreus canadensis,0,
Perisoreus infaustus,1,
Perisoreus internigrans,0,
Cyanolyca argentigula,0,
Cyanolyca armillata,0,
Cyanolyca cucullata,0,
Cyanolyca mirabilis,0,
Cyanolyca nanus,0,
Cyanolyca pulchra,0,
Cyanolyca pumilo,0,
Cyanolyca turcosa,0,
Cyanolyca viridicyanus,0,
Gymnorhinus cyanocephalus,1,
Cyanocitta cristata,1,
Cyanocitta stelleri,1,
Aphelocoma californica,1,
Aphelocoma coerulescens,0,
Aphelocoma insularis,1,
Aphelocoma ultramarina,0,
Aphelocoma unicolor,0,
Aphelocoma wollweberi,1,
Aphelocoma woodhouseii,1,
Cyanocorax affinis,0,
Cyanocorax beecheii,0,
Cyanocorax cayanus,0,
Cyanocorax chrysops,0,
Cyanocorax coeruleus,0,
Cyanocorax colliei,1,
Cyanocorax cristatellus,0,
Cyanocorax cyanomelas,0,
Cyanocorax cyanopogon,0,
Cyanocorax dickeyi,0,
Cyanocorax formosus,0,
Cyanocorax heilprini,0,
Cyanocorax melanocyaneus,0,
Cyanocorax morio,1,
Cyanocorax mystacalis,0,
Cyanocorax sanblasianus,0,
Cyanocorax violaceus,0,
Cyanocorax yncas,1,
Cyanocorax yucatanicus,0,
Garrulus glandarius,1,
Garrulus lanceolatus,0,
Garrulus lidthi,1,
Zavattariornis stresemanni,0,
Pica asirensis,1,
Pica bottanensis,1,
Pica hudsonia,1,
Pica mauritanica,1,
Pica nuttallii,1,
Pica pica,1,
Pica serica,1,
Ptilostomus afer,0,
Podoces biddulphi,0,
Podoces hendersoni,0,
Podoces panderi,0,
Podoces pleskei,0,
Nucifraga caryocatactes,1,
Nucifraga columbiana,0,
Nucifraga hemispila,0,
Nucifraga multipunctata,1,
Coloeus dauuricus,1,
Coloeus monedula,1,
Corvus albicollis,0,
Corvus albus,1,
Corvus bennetti,0,
Corvus brachyrhynchos,1,
Corvus capensis,0,
Corvus celebensis,0,
Corvus corax,1,
Corvus corone,1,
Corvus coronoides,0,
Corvus crassirostris,0,
Corvus cryptoleucus,1,
Corvus edithae,0,
Corvus enca,0,
Corvus florensis,0,
Corvus frugilegus,1,
Corvus fuscicapillus,0,
Corvus hawaiiensis,1,
Corvus imparatus,1,
Corvus insularis,0,
Corvus jamaicensis,0,
Corvus kubaryi,0,
Corvus leucognaphalus,0,
Corvus macrorhynchos,0,
Corvus meeki,0,
Corvus mellori,0,
Corvus minutus,0,
Corvus moneduloides,0,
Corvus nasicus,0,
Corvus orru,0,
Corvus ossifragus,1,
Corvus palmarum,0,
Corvus philippinus,0,
Corvus pusillus,0,
Corvus rhipidurus,1,
Corvus ruficollis,0,
Corvus samarensis,0,
Corvus sierramadrensis,0,
Corvus sinaloae,0,
Corvus splendens,1,
Corvus tasmanicus,0,
Corvus torquatus,1,
Corvus tristis,0,
Corvus typicus,0,
Corvus unicolor,0,
Corvus validus,0,
Corvus violaceus,0,
Corvus woodfordi,0,
Loboparadisea sericea,0,
Cnemophilus loriae,0,
Cnemophilus macgregorii,0,
Toxorhamphus novaeguineae,0,
Toxorhamphus poliopterus,0,
Oedistoma iliolophus,0,
Oedistoma pygmaeum,0,
Melanocharis arfakiana,0,
Melanocharis citreola,0,
Melanocharis crassirostris,0,
Melanocharis longicauda,0,
Melanocharis nigra,0,
Melanocharis piperata,0,
Melanocharis striativentris,0,
Melanocharis versteri,0,
Notiomystis cincta,0,
Callaeas cinereus,0,
Callaeas wilsoni,0,
Heteralocha acutirostris,0,
Philesturnus carunculatus,0,
Philesturnus rufusater,0,
Eupetes macrocerus,0,
Chaetops aurantius,0,
Chaetops frenatus,0,
Picathartes gymnocephalus,0,
Picathartes oreas,0,
Amalocichla incerta,0,
Amalocichla sclateriana,0,
Pachycephalopsis hattamensis,0,
Pachycephalopsis poliosoma,0,
Eugerygone rubra,0,
Petroica archboldi,0,
Petroica australis,0,
Petroica bivittata,0,
Petroica boodang,0,
Petroica goodenovii,0,
Petroica longipes,0,
Petroica macrocephala,0,
Petroica multicolor,0,
Petroica phoenicea,0,
Petroica polymorpha,0,
Petroica pusilla,1,
Petroica rodinogaster,0,
Petroica rosea,0,
Petroica traversi,0,
Devioeca papuana,0,
Kempiella flavovirescens,0,
Kempiella griseoceps,0,
Cryptomicroeca flaviventris,0,
Monachella muelleriana,0,
Microeca fascinans,0,
Microeca flavigaster,0,
Microeca hemixantha,0,
Drymodes beccarii,0,
Drymodes brunneopygia,0,
Drymodes superciliaris,0,
Heteromyias albispecularis,0,
Heteromyias armiti,0,
Heteromyias cinereifrons,0,
Plesiodryas albonotata,0,
Leucophantes brachyurus,0,
Poecilodryas cerviniventris,0,
Poecilodryas hypoleuca,0,
Poecilodryas superciliosa,0,
Eopsaltria australis,0,
Eopsaltria capito,0,
Eopsaltria georgiana,0,
Eopsaltria griseogularis,0,
Eopsaltria leucops,0,
Eopsaltria placens,0,
Melanodryas bimaculata,0,
Melanodryas cryptoleuca,0,
Melanodryas cucullata,0,
Melanodryas cyanus,0,
Melanodryas pulverulenta,0,
Melanodryas sigillata,0,
Melanodryas vittata,0,
Chelidorhynx hypoxanthus,0,
Stenostira scita,0,
Culicicapa ceylonensis,0,
Culicicapa helianthea,0,
Elminia albicauda,0,
Elminia albiventris,0,
Elminia albonotata,0,
Elminia longicauda,0,
Elminia nigromitrata,0,
Hyliota australis,0,
Hyliota flavigaster,0,
Hyliota usambara,0,
Hyliota violacea,0,
Auriparus flaviceps,1,
Remiz consobrinus,0,
Remiz coronatus,0,
Remiz macronyx,0,
Remiz pendulinus,1,
Anthoscopus caroli,0,
Anthoscopus flavifrons,0,
Anthoscopus minutus,0,
Anthoscopus musculus,0,
Anthoscopus parvulus,0,
Anthoscopus punctifrons,0,
Cephalopyrus flammiceps,1,
Sylviparus modestus,0,
Melanochlora sultanea,0,
Cyanistes caeruleus,1,
Cyanistes cyanus,1,
Cyanistes teneriffae,1,
Pseudopodoces humilis,0,
Parus cinereus,0,
Parus major,1,
Parus monticolus,0,
Machlolophus aplonotus,0,
Machlolophus holsti,1,
Machlolophus nuchalis,0,
Machlolophus spilonotus,0,
Machlolophus xanthogenys,0,
Melaniparus afer,0,
Melaniparus albiventris,0,
Melaniparus carpi,0,
Melaniparus cinerascens,0,
Melaniparus fasciiventer,0,
Melaniparus fringillinus,0,
Melaniparus funereus,0,
Melaniparus griseiventris,0,
Melaniparus guineensis,0,
Melaniparus leucomelas,0,
Melaniparus leuconotus,0,
Melaniparus niger,0,
Melaniparus rufiventris,0,
Melaniparus thruppi,0,
Periparus amabilis,0,
Periparus ater,1,
Periparus elegans,0,
Periparus rubidiventris,0,
Periparus rufonuchalis,0,
Periparus venustulus,0,
Lophophanes cristatus,1,
Lophophanes dichrous,0,
Baeolophus atricristatus,1,
Baeolophus bicolor,1,
Baeolophus inornatus,1,
Baeolophus ridgwayi,1,
Baeolophus wollweberi,1,
Sittiparus castaneoventris,0,
Sittiparus olivaceus,0,
Sittiparus owstoni,0,
Sittiparus semilarvatus,0,
Sittiparus varius,1,
Poecile atricapillus,1,
Poecile carolinensis,1,
Poecile cinctus,1,
Poecile davidi,0,
Poecile gambeli,1,
Poecile hudsonicus,1,
Poecile hypermelaenus,0,
Poecile hyrcanus,0,
Poecile lugubris,1,
Poecile montanus,1,
Poecile palustris,1,
Poecile rufescens,1,
Poecile sclateri,1,
Poecile superciliosus,0,
Poecile weigoldicus,0,
Panurus biarmicus,1,
Alaemon alaudipes,1,
Alaemon hamertoni,1,
Ammomanopsis grayi,0,
Chersomanes albofasciata,0,
Chersomanes beesleyi,0,
Certhilauda chuana,0,
Certhilauda curvirostris,0,
Certhilauda semitorquata,0,
Certhilauda subcoronata,0,
Pinarocorys erythropygia,0,
Pinarocorys nigricans,0,
Ramphocoris clotbey,1,
Ammomanes cinctura,1,
Ammomanes deserti,1,
Ammomanes phoenicura,0,
Eremopterix australis,0,
Eremopterix griseus,0,
Eremopterix hova,0,
Eremopterix leucopareia,0,
Eremopterix leucotis,0,
Eremopterix nigriceps,0,
Eremopterix signatus,0,
Eremopterix verticalis,0,
Calendulauda africanoides,0,
Calendulauda albescens,0,
Calendulauda burra,0,
Calendulauda erythrochlamys,0,
Calendulauda gilletti,0,
Calendulauda poecilosterna,0,
Calendulauda rufa,0,
Calendulauda sabota,0,
Heteromirafra archeri,0,
Heteromirafra ruddi,0,
Plocealauda affinis,0,
Plocealauda assamica,1,
Plocealauda erythrocephala,1,
Plocealauda erythroptera,0,
Plocealauda microptera,1,
Mirafra albicauda,0,
Mirafra cheniana,0,
Mirafra cordofanica,0,
Mirafra javanica,1,
Mirafra passerina,0,
Mirafra pulpa,0,
Mirafra williamsi,0,
Amirafra angolensis,0,
Amirafra collaris,0,
Amirafra rufocinnamomea,0,
Corypha africana,0,
Corypha apiata,0,
Corypha athi,0,
Corypha fasciolata,0,
Corypha hypermetra,0,
Corypha kabalii,0,
Corypha kidepoensis,0,
Corypha kurrae,0,
Corypha nigrescens,0,
Corypha sharpii,0,
Corypha somalica,0,
Lullula arborea,1,
Spizocorys conirostris,0,
Spizocorys fremantlii,0,
Spizocorys fringillaris,0,
Spizocorys obbiensis,0,
Spizocorys personata,0,
Spizocorys sclateri,0,
Spizocorys starki,0,
Alauda arvensis,1,
Alauda gulgula,1,
Alauda leucoptera,1,
Alauda razae,1,
Galerida cristata,1,
Galerida deva,0,
Galerida magnirostris,0,
Galerida malabarica,0,
Galerida modesta,0,
Galerida theklae,1,
Eremophila alpestris,1,
Eremophila bilopha,1,
Calandrella acutirostris,1,
Calandrella blanfordi,1,
Calandrella brachydactyla,1,
Calandrella cinerea,1,
Calandrella dukhunensis,1,
Calandrella eremica,0,
Melanocorypha bimaculata,1,
Melanocorypha calandra,1,
Melanocorypha maxima,0,
Melanocorypha mongolica,1,
Melanocorypha yeltoniensis,1,
Chersophilus duponti,1,
Eremalauda dunni,0,
Eremalauda eremodites,0,
Alaudala cheleensis,0,
Alaudala heinei,1,
Alaudala raytal,1,
Alaudala rufescens,1,
Alaudala somalica,0,
Nicator chloris,0,
Nicator gularis,0,
Nicator vireo,0,
Macrosphenus concolor,0,
Macrosphenus flavicans,0,
Macrosphenus kempi,0,
Macrosphenus kretschmeri,0,
Macrosphenus pulitzeri,0,
Achaetops pycnopygius,0,
Sphenoeacus afer,0,
Melocichla mentalis,0,
Cryptillas victorini,0,
Sylvietta brachyura,0,
Sylvietta denti,0,
Sylvietta isabellina,0,
Sylvietta leucophrys,0,
Sylvietta philippae,0,
Sylvietta rufescens,0,
Sylvietta ruficapilla,0,
Sylvietta virens,0,
Sylvietta whytii,0,
Neomixis striatigula,0,
Neomixis tenella,0,
Neomixis viridis,0,
Micromacronus leytensis,0,
Micromacronus sordidus,0,
Eremomela atricollis,0,
Eremomela badiceps,0,
Eremomela canescens,0,
Eremomela flavicrissalis,0,
Eremomela gregalis,0,
Eremomela icteropygialis,0,
Eremomela pusilla,0,
Eremomela scotops,0,
Eremomela turneri,0,
Eremomela usticollis,0,
Drymocichla incana,0,
Schistolais leontica,0,
Schistolais leucopogon,0,
Oreophilais robertsi,0,
Phragmacia substriata,0,
Urolais epichlorus,0,
Oreolais pulcher,0,
Oreolais ruwenzorii,0,
Artisornis metopias,0,
Artisornis moreaui,0,
Poliolais lopezi,0,
Calamonastes fasciolatus,0,
Calamonastes simplex,0,
Calamonastes stierlingi,0,
Calamonastes undosus,0,
Camaroptera brachyura,0,
Camaroptera chloronota,0,
Camaroptera harterti,0,
Camaroptera superciliaris,0,
Spiloptila clamans,0,
Phyllolais pulchella,0,
Apalis alticola,0,
Apalis argentea,0,
Apalis bamendae,0,
Apalis binotata,0,
Apalis chapini,0,
Apalis chariessa,0,
Apalis chirindensis,0,
Apalis cinerea,0,
Apalis flavida,0,
Apalis flavigularis,0,
Apalis fuscigularis,0,
Apalis goslingi,0,
Apalis jacksoni,0,
Apalis kaboboensis,0,
Apalis karamojae,0,
Apalis lynesi,0,
Apalis melanocephala,0,
Apalis nigriceps,0,
Apalis personata,0,
Apalis porphyrolaema,0,
Apalis ruddi,0,
Apalis rufogularis,0,
Apalis sharpii,0,
Apalis stronachi,0,
Apalis thoracica,0,
Orthotomus atrogularis,0,
Orthotomus castaneiceps,0,
Orthotomus chaktomuk,0,
Orthotomus chloronotus,0,
Orthotomus cinereiceps,0,
Orthotomus derbianus,0,
Orthotomus frontalis,0,
Orthotomus nigriceps,0,
Orthotomus ruficeps,0,
Orthotomus samarensis,0,
Orthotomus sepium,0,
Orthotomus sericeus,0,
Orthotomus sutorius,1,
Prinia atrogularis,0,
Prinia bairdii,0,
Prinia buchanani,0,
Prinia cinereocapilla,0,
Prinia cooki,0,
Prinia crinigera,0,
Prinia erythroptera,0,
Prinia familiaris,0,
Prinia flavicans,0,
Prinia flaviventris,1,
Prinia fluviatilis,0,
Prinia gracilis,0,
Prinia hodgsonii,0,
Prinia hypoxantha,0,
Prinia inornata,0,
Prinia khasiana,0,
Prinia lepida,0,
Prinia maculosa,0,
Prinia molleri,0,
Prinia polychroa,0,
Prinia rocki,0,
Prinia rufescens,0,
Prinia rufifrons,0,
Prinia socialis,0,
Prinia somalica,0,
Prinia striata,0,
Prinia subflava,0,
Prinia superciliaris,1,
Prinia sylvatica,0,
Euryptila subcinnamomea,0,
Scepomycter winifredae,0,
Incana incana,0,
Malcorus pectoralis,0,
Hypergerus atriceps,0,
Eminia lepida,0,
Bathmocercus cerviniventris,0,
Bathmocercus rufus,0,
Cisticola aberdare,0,
Cisticola aberrans,0,
Cisticola anderseni,0,
Cisticola angusticauda,0,
Cisticola anonymus,0,
Cisticola aridulus,0,
Cisticola ayresii,0,
Cisticola bailunduensis,0,
Cisticola bakerorum,0,
Cisticola bodessa,0,
Cisticola brachypterus,0,
Cisticola brunnescens,0,
Cisticola bulliens,0,
Cisticola cantans,0,
Cisticola carruthersi,0,
Cisticola cherina,1,
Cisticola chiniana,0,
Cisticola chubbi,0,
Cisticola cinereolus,0,
Cisticola cinnamomeus,0,
Cisticola dambo,0,
Cisticola distinctus,0,
Cisticola erythrops,0,
Cisticola exilis,0,
Cisticola eximius,0,
Cisticola fulvicapilla,0,
Cisticola galactotes,0,
Cisticola guinea,0,
Cisticola haematocephalus,0,
Cisticola haesitatus,0,
Cisticola hunteri,0,
Cisticola juncidis,1,
Cisticola lais,0,
Cisticola lateralis,0,
Cisticola luapula,0,
Cisticola lugubris,0,
Cisticola marginatus,0,
Cisticola melanurus,0,
Cisticola nana,0,
Cisticola natalensis,0,
Cisticola nigriloris,0,
Cisticola njombe,0,
Cisticola pipiens,0,
Cisticola restrictus,0,
Cisticola robustus,0,
Cisticola ruficeps,0,
Cisticola rufilatus,0,
Cisticola rufus,0,
Cisticola subruficapilla,0,
Cisticola textrix,0,
Cisticola tinniens,0,
Cisticola troglodytes,0,
Cisticola woosnami,0,
Graueria vittata,0,
Nesillas aldabrana,0,
Nesillas brevicaudata,1,
Nesillas lantzii,0,
Nesillas mariae,1,
Nesillas typica,1,
Hippolais icterina,1,
Hippolais languida,1,
Hippolais olivetorum,1,
Hippolais polyglotta,1,
Arundinax aedon,1,
Iduna caligata,1,
Iduna natalensis,0,
Iduna opaca,1,
Iduna pallida,1,
Iduna rama,1,
Iduna similis,0,
Calamonastides gracilirostris,0,
Acrocephalus aequinoctialis,1,
Acrocephalus agricola,1,
Acrocephalus arundinaceus,1,
Acrocephalus astrolabii,0,
Acrocephalus atyphus,0,
Acrocephalus australis,0,
Acrocephalus bistrigiceps,1,
Acrocephalus brevipennis,0,
Acrocephalus caffer,0,
Acrocephalus concinens,0,
Acrocephalus dumetorum,1,
Acrocephalus familiaris,1,
Acrocephalus gracilirostris,0,
Acrocephalus griseldis,0,
Acrocephalus hiwae,0,
Acrocephalus kerearako,1,
Acrocephalus longirostris,0,
Acrocephalus luscinius,0,
Acrocephalus melanopogon,1,
Acrocephalus mendanae,0,
Acrocephalus musae,0,
Acrocephalus newtoni,0,
Acrocephalus nijoi,0,
Acrocephalus orientalis,0,
Acrocephalus orinus,0,
Acrocephalus paludicola,1,
Acrocephalus palustris,1,
Acrocephalus percernis,0,
Acrocephalus rehsei,1,
Acrocephalus rimitarae,0,
Acrocephalus rodericanus,0,
Acrocephalus rufescens,0,
Acrocephalus schoenobaenus,1,
Acrocephalus scirpaceus,1,
Acrocephalus sechellensis,0,
Acrocephalus sorghophilus,0,
Acrocephalus stentoreus,1,
Acrocephalus syrinx,0,
Acrocephalus taiti,1,
Acrocephalus tangorum,0,
Acrocephalus vaughani,1,
Acrocephalus yamashinae,0,
Donacobius atricapilla,0,
Crossleyia tenebrosa,0,
Crossleyia xanthophrys,0,
Xanthomixis apperti,0,
Xanthomixis cinereiceps,0,
Xanthomixis zosterops,0,
Hartertula flavoviridis,0,
Thamnornis chloropetoides,0,
Randia pseudozosterops,0,
Cryptosylvicola randrianasoloi,0,
Oxylabes madagascariensis,0,
Bernieria madagascariensis,0,
Robsonius rabori,0,
Robsonius sorsogonensis,0,
Robsonius thompsoni,0,
Helopsaltes amnicola,1,
Helopsaltes certhiola,1,
Helopsaltes fasciolatus,1,
Helopsaltes ochotensis,1,
Helopsaltes pleskei,1,
Helopsaltes pryeri,1,
Locustella accentor,0,
Locustella alfredi,0,
Locustella alishanensis,0,
Locustella castanea,0,
Locustella caudata,0,
Locustella chengi,0,
Locustella davidi,0,
Locustella disturbans,0,
Locustella fluviatilis,1,
Locustella idonea,0,
Locustella kashmirensis,0,
Locustella lanceolata,1,
Locustella luscinioides,1,
Locustella luteoventris,0,
Locustella major,0,
Locustella mandelli,0,
Locustella montis,0,
Locustella musculus,0,
Locustella naevia,1,
Locustella portenta,0,
Locustella seebohmi,0,
Locustella tacsanowskia,0,
Locustella thoracica,0,
Elaphrornis palliseri,0,
Schoenicola platyurus,0,
Schoenicola striatus,0,
Catriscus brevirostris,0,
Megalurus palustris,0,
Bradypterus baboecala,0,
Bradypterus bangwaensis,0,
Bradypterus barratti,0,
Bradypterus brunneus,0,
Bradypterus carpalis,0,
Bradypterus centralis,0,
Bradypterus cinnamomeus,0,
Bradypterus grandis,0,
Bradypterus graueri,0,
Bradypterus lopezi,0,
Bradypterus seebohmi,0,
Bradypterus sylvaticus,0,
Poodytes albolimbatus,0,
Poodytes carteri,0,
Poodytes gramineus,0,
Poodytes punctatus,0,
Poodytes rufescens,0,
Malia grata,0,
Cincloramphus bivittatus,0,
Cincloramphus cruralis,0,
Cincloramphus grosvenori,0,
Cincloramphus llaneae,0,
Cincloramphus macrurus,0,
Cincloramphus mariae,0,
Cincloramphus mathewsi,0,
Cincloramphus rubiginosus,0,
Cincloramphus rufus,0,
Cincloramphus timoriensis,0,
Cincloramphus turipavae,0,
Cincloramphus whitneyi,0,
Pnoepyga albiventer,0,
Pnoepyga formosana,0,
Pnoepyga immaculata,0,
Pnoepyga pusilla,0,
Pseudochelidon eurystomina,0,
Pseudochelidon sirintarae,0,
Psalidoprocne albiceps,0,
Psalidoprocne fuliginosa,0,
Psalidoprocne nitens,0,
Psalidoprocne obscura,0,
Psalidoprocne pristoptera,0,
Cheramoeca leucosterna,0,
Pseudhirundo griseopyga,0,
Phedina borbonica,1,
Phedinopsis brazzae,0,
Neophedina cincta,1,
Riparia chinensis,0,
Riparia congica,0,
Riparia cowani,0,
Riparia diluta,1,
Riparia paludicola,1,
Riparia riparia,1,
Tachycineta albilinea,1,
Tachycineta albiventer,0,
Tachycineta bicolor,1,
Tachycineta cyaneoviridis,1,
Tachycineta euchrysea,0,
Tachycineta leucopyga,1,
Tachycineta leucorrhoa,0,
Tachycineta stolzmanni,0,
Tachycineta thalassina,0,
Progne chalybea,1,
Progne cryptoleuca,1,
Progne dominicensis,0,
Progne elegans,1,
Progne modesta,0,
Progne murphyi,0,
Progne sinaloae,0,
Progne subis,1,
Progne tapera,1,
Stelgidopteryx ruficollis,0,
Stelgidopteryx serripennis,1,
Atticora fasciata,0,
Atticora pileata,0,
Atticora tibialis,0,
Pygochelidon cyanoleuca,1,
Pygochelidon melanoleuca,0,
Alopochelidon fucata,0,
Orochelidon andecola,0,
Orochelidon flavipes,0,
Orochelidon murina,0,
Ptyonoprogne concolor,0,
Ptyonoprogne fuligula,1,
Ptyonoprogne obsoleta,1,
Ptyonoprogne rufigula,0,
Ptyonoprogne rupestris,1,
Hirundo aethiopica,0,
Hirundo albigularis,0,
Hirundo angolensis,0,
Hirundo atrocaerulea,0,
Hirundo dimidiata,0,
Hirundo domicola,0,
Hirundo javanica,1,
Hirundo leucosoma,0,
Hirundo lucida,0,
Hirundo megaensis,0,
Hirundo neoxena,0,
Hirundo nigrita,0,
Hirundo nigrorufa,0,
Hirundo rustica,1,
Hirundo smithii,0,
Hirundo tahitica,0,
Atronanus fuliginosus,0,
Delichon dasypus,1,
Delichon lagopodum,1,
Delichon nipalense,1,
Delichon urbicum,1,
Cecropis abyssinica,0,
Cecropis badia,0,
Cecropis cucullata,0,
Cecropis daurica,1,
Cecropis hyperythra,0,
Cecropis melanocrissus,0,
Cecropis rufula,1,
Cecropis semirufa,0,
Cecropis senegalensis,0,
Petrochelidon ariel,0,
Petrochelidon fluvicola,0,
Petrochelidon fulva,1,
Petrochelidon nigricans,0,
Petrochelidon perdita,0,
Petrochelidon preussi,0,
Petrochelidon pyrrhonota,1,
Petrochelidon rufigula,0,
Petrochelidon rufocollaris,0,
Petrochelidon spilodera,0,
Hylia prasina,0,
Pholidornis rushiae,0,
Leptopoecile elegans,0,
Leptopoecile sophiae,0,
Psaltriparus minimus,1,
Aegithalos caudatus,1,
Aegithalos concinnus,1,
Aegithalos exilis,0,
Aegithalos fuliginosus,0,
Aegithalos glaucogularis,0,
Aegithalos iouschistos,0,
Aegithalos leucogenys,0,
Aegithalos niveogularis,0,
Erythrocercus holochlorus,0,
Erythrocercus livingstonei,0,
Erythrocercus mccallii,0,
Scotocerca inquieta,0,
Hemitesia neumanni,0,
Hemitesia pallidipes,0,
Urosphena squameiceps,0,
Urosphena subulata,0,
Urosphena whiteheadi,0,
Tesia cyaniventer,0,
Tesia everetti,0,
Tesia olivea,0,
Tesia superciliaris,0,
Cettia brunnifrons,1,
Cettia castaneocoronata,1,
Cettia cetti,1,
Cettia major,1,
Abroscopus albogularis,0,
Abroscopus schisticeps,0,
Abroscopus superciliaris,0,
Phyllergates cucullatus,0,
Phyllergates heterolaemus,0,
Tickellia hodgsoni,0,
Horornis acanthizoides,0,
Horornis annae,0,
Horornis brunnescens,0,
Horornis canturians,0,
Horornis carolinae,0,
Horornis diphone,1,
Horornis flavolivaceus,0,
Horornis fortipes,0,
Horornis haddeni,0,
Horornis parens,0,
Horornis ruficapilla,0,
Horornis seebohmi,0,
Phylloscopus affinis,0,
Phylloscopus amoenus,0,
Phylloscopus armandii,0,
Phylloscopus bonelli,1,
Phylloscopus borealis,1,
Phylloscopus borealoides,0,
Phylloscopus budongoensis,0,
Phylloscopus burkii,0,
Phylloscopus calciatilis,0,
Phylloscopus canariensis,1,
Phylloscopus cantator,0,
Phylloscopus castaniceps,0,
Phylloscopus cebuensis,0,
Phylloscopus chloronotus,0,
Phylloscopus claudiae,0,
Phylloscopus collybita,1,
Phylloscopus coronatus,1,
Phylloscopus emeiensis,0,
Phylloscopus examinandus,1,
Phylloscopus forresti,0,
Phylloscopus fuligiventer,0,
Phylloscopus fuscatus,1,
Phylloscopus goodsoni,0,
Phylloscopus grammiceps,0,
Phylloscopus griseolus,0,
Phylloscopus hainanus,0,
Phylloscopus herberti,0,
Phylloscopus humei,1,
Phylloscopus ibericus,1,
Phylloscopus ijimae,0,
Phylloscopus inornatus,1,
Phylloscopus intensior,0,
Phylloscopus intermedius,0,
Phylloscopus kansuensis,0,
Phylloscopus laetus,0,
Phylloscopus laurae,0,
Phylloscopus maculipennis,0,
Phylloscopus maforensis,0,
Phylloscopus magnirostris,1,
Phylloscopus makirensis,0,
Phylloscopus misoriensis,0,
Phylloscopus montis,0,
Phylloscopus neglectus,1,
Phylloscopus nesophilus,0,
Phylloscopus nigrorum,0,
Phylloscopus nitidus,1,
Phylloscopus occipitalis,0,
Phylloscopus ogilviegranti,0,
Phylloscopus olivaceus,0,
Phylloscopus omeiensis,0,
Phylloscopus orientalis,1,
Phylloscopus plumbeitarsus,1,
Phylloscopus poliocephalus,0,
Phylloscopus poliogenys,0,
Phylloscopus presbytes,0,
Phylloscopus proregulus,1,
Phylloscopus pulcher,0,
Phylloscopus reguloides,0,
Phylloscopus ricketti,0,
Phylloscopus rotiensis,0,
Phylloscopus ruficapilla,0,
Phylloscopus sarasinorum,0,
Phylloscopus schwarzi,1,
Phylloscopus sibilatrix,1,
Phylloscopus sindianus,1,
Phylloscopus soror,0,
Phylloscopus subaffinis,0,
Phylloscopus subviridis,0,
Phylloscopus tenellipes,1,
Phylloscopus tephrocephalus,0,
Phylloscopus trivirgatus,0,
Phylloscopus trochiloides,1,
Phylloscopus trochilus,1,
Phylloscopus tytleri,0,
Phylloscopus umbrovirens,0,
Phylloscopus valentini,0,
Phylloscopus whistleri,0,
Phylloscopus xanthodryas,0,
Phylloscopus xanthoschistos,0,
Phylloscopus yunnanensis,0,
Andropadus importunus,0,
Calyptocichla serinus,0,
Stelgidillas gracilirostris,0,
Neolestes torquatus,0,
Bleda canicapillus,0,
Bleda eximius,0,
Bleda notatus,0,
Bleda syndactylus,0,
Bleda ugandae,0,
Arizelocichla chlorigula,0,
Arizelocichla fusciceps,0,
Arizelocichla kikuyuensis,0,
Arizelocichla masukuensis,0,
Arizelocichla milanjensis,0,
Arizelocichla montana,0,
Arizelocichla neumanni,0,
Arizelocichla nigriceps,0,
Arizelocichla striifacies,0,
Arizelocichla tephrolaema,0,
Ixonotus guttatus,0,
Thescelocichla leucopleura,0,
Atimastillas flavicollis,0,
Atimastillas flavigula,1,
Baeopogon clamans,0,
Baeopogon indicator,0,
Chlorocichla falkensteini,0,
Chlorocichla flaviventris,0,
Chlorocichla laetissima,0,
Chlorocichla prigoginei,0,
Chlorocichla simplex,0,
Criniger barbatus,0,
Criniger calurus,0,
Criniger chloronotus,0,
Criniger ndussumensis,0,
Criniger olivaceus,0,
Eurillas ansorgei,0,
Eurillas curvirostris,0,
Eurillas gracilis,0,
Eurillas latirostris,0,
Eurillas virens,0,
Phyllastrephus albigula,0,
Phyllastrephus albigularis,0,
Phyllastrephus baumanni,0,
Phyllastrephus cabanisi,0,
Phyllastrephus cerviniventris,0,
Phyllastrephus debilis,0,
Phyllastrephus fischeri,0,
Phyllastrephus flavostriatus,0,
Phyllastrephus fulviventris,0,
Phyllastrephus hypochloris,0,
Phyllastrephus icterinus,0,
Phyllastrephus lorenzi,0,
Phyllastrephus poensis,0,
Phyllastrephus poliocephalus,0,
Phyllastrephus scandens,0,
Phyllastrephus strepitans,0,
Phyllastrephus terrestris,0,
Phyllastrephus viridiceps,0,
Phyllastrephus xavieri,0,
Microtarsus eutilotus,0,
Microtarsus fuscoflavescens,0,
Microtarsus melanocephalos,0,
Microtarsus melanoleucos,0,
Microtarsus nieuwenhuisii,0,
Microtarsus priocephalus,0,
Microtarsus urostictus,0,
Rubigula cyaniventris,0,
Rubigula dispar,0,
Rubigula erythropthalmos,0,
Rubigula flaviventris,0,
Rubigula gularis,0,
Rubigula melanictera,0,
Rubigula montis,0,
Rubigula squamata,0,
Nok hualon,0,
Spizixos canifrons,0,
Spizixos semitorques,0,
Pycnonotus aurigaster,1,
Pycnonotus barbatus,0,
Pycnonotus bimaculatus,1,
Pycnonotus blanfordi,0,
Pycnonotus brunneus,0,
Pycnonotus cafer,1,
Pycnonotus capensis,0,
Pycnonotus cinereifrons,0,
Pycnonotus conradi,1,
Pycnonotus davisoni,0,
Pycnonotus finlaysoni,1,
Pycnonotus flavescens,1,
Pycnonotus goiavier,1,
Pycnonotus jocosus,1,
Pycnonotus leucogenys,0,
Pycnonotus leucops,0,
Pycnonotus leucotis,1,
Pycnonotus luteolus,0,
Pycnonotus nigricans,0,
Pycnonotus penicillatus,0,
Pycnonotus plumosus,1,
Pycnonotus pseudosimplex,1,
Pycnonotus simplex,1,
Pycnonotus sinensis,1,
Pycnonotus snouckaerti,1,
Pycnonotus taivanus,0,
Pycnonotus tympanistrigus,0,
Pycnonotus xantholaemus,0,
Pycnonotus xanthopygos,0,
Pycnonotus xanthorrhous,0,
Pycnonotus zeylanicus,0,
Tricholestes criniger,0,
Setornis criniger,0,
Alophoixus bres,0,
Alophoixus flaveolus,0,
Alophoixus frater,0,
Alophoixus ochraceus,0,
Alophoixus pallidus,0,
Alophoixus phaeocephalus,0,
Alophoixus ruficrissus,0,
Alophoixus tephrogenys,0,
Alcurus striatus,0,
Iole cacharensis,0,
Iole charlottae,0,
Iole crypta,0,
Iole finschii,0,
Iole palawanensis,0,
Iole propinqua,0,
Iole viridescens,0,
Acritillas indica,0,
Hemixos castanonotus,1,
Hemixos cinereus,1,
Hemixos flavala,1,
Ixos leucogrammicus,0,
Ixos malaccensis,0,
Ixos mcclellandii,0,
Ixos sumatranus,0,
Ixos virescens,0,
Hypsipetes affinis,0,
Hypsipetes amaurotis,0,
Hypsipetes aureus,0,
Hypsipetes borbonicus,0,
Hypsipetes catarmanensis,0,
Hypsipetes chloris,0,
Hypsipetes crassirostris,0,
Hypsipetes everetti,0,
Hypsipetes ganeesa,0,
Hypsipetes guimarasensis,0,
Hypsipetes harterti,0,
Hypsipetes leucocephalus,0,
Hypsipetes longirostris,0,
Hypsipetes lucasi,0,
Hypsipetes madagascariensis,1,
Hypsipetes mindorensis,0,
Hypsipetes moheliensis,1,
Hypsipetes mysticalis,0,
Hypsipetes nicobariensis,0,
Hypsipetes olivaceus,0,
Hypsipetes parvirostris,1,
Hypsipetes philippinus,0,
Hypsipetes platenae,0,
Hypsipetes rufigularis,0,
Hypsipetes siquijorensis,0,
Hypsipetes thompsoni,0,
Sylvia abyssinica,0,
Sylvia atricapilla,1,
Sylvia atriceps,0,
Sylvia borin,1,
Sylvia dohrni,0,
Sylvia galinieri,0,
Sylvia nigricapillus,0,
Curruca balearica,1,
Curruca boehmi,0,
Curruca buryi,0,
Curruca cantillans,1,
Curruca communis,1,
Curruca conspicillata,1,
Curruca crassirostris,1,
Curruca curruca,1,
Curruca deserti,1,
Curruca deserticola,1,
Curruca hortensis,1,
Curruca iberiae,1,
Curruca layardi,0,
Curruca leucomelaena,0,
Curruca lugens,0,
Curruca melanocephala,1,
Curruca melanothorax,1,
Curruca mystacea,1,
Curruca nana,1,
Curruca nisoria,1,
Curruca ruppeli,1,
Curruca sarda,1,
Curruca subalpina,1,
Curruca subcoerulea,0,
Curruca undata,1,
Myzornis pyrrhoura,1,
Moupinia poecilotis,0,
Lioparus chrysotis,1,
Chrysomma altirostre,1,
Chrysomma sinense,1,
Rhopophilus albosuperciliaris,0,
Rhopophilus pekinensis,0,
Fulvetta cinereiceps,1,
Fulvetta danisi,1,
Fulvetta formosana,0,
Fulvetta ludlowi,1,
Fulvetta manipurensis,1,
Fulvetta ruficapilla,1,
Fulvetta striaticollis,0,
Fulvetta vinipectus,1,
Chamaea fasciata,1,
Paradoxornis aemodius,1,
Paradoxornis bakeri,1,
Paradoxornis flavirostris,0,
Paradoxornis gularis,1,
Paradoxornis guttaticollis,1,
Paradoxornis heudei,0,
Paradoxornis margaritae,0,
Paradoxornis paradoxus,0,
Paradoxornis ruficeps,0,
Paradoxornis unicolor,1,
Suthora alphonsiana,1,
Suthora atrosuperciliaris,1,
Suthora brunnea,1,
Suthora conspicillata,0,
Suthora davidiana,1,
Suthora fulvifrons,1,
Suthora nipalensis,1,
Suthora przewalskii,0,
Suthora ricketti,0,
Suthora verreauxi,1,
Suthora webbiana,1,
Suthora zappeyi,0,
Parayuhina diademata,1,
Staphida castaniceps,1,
Staphida everetti,0,
Staphida torqueola,1,
Yuhina bakeri,1,
Yuhina brunneiceps,1,
Yuhina flavicollis,1,
Yuhina gularis,1,
Yuhina humilis,1,
Yuhina nigrimenta,1,
Yuhina occipitalis,1,
Cleptornis marchei,1,
Apalopteron familiare,1,
Dasycrotapha plateni,0,
Dasycrotapha pygmaea,0,
Dasycrotapha speciosa,0,
Sterrhoptilus affinis,0,
Sterrhoptilus capitalis,0,
Sterrhoptilus dennistouni,0,
Sterrhoptilus nigrocapitatus,0,
Zosterornis hypogrammicus,0,
Zosterornis latistriatus,0,
Zosterornis nigrorum,0,
Zosterornis striatus,0,
Zosterornis whiteheadi,0,
Megazosterops palauensis,1,
Heleia crassirostris,0,
Heleia dohertyi,1,
Heleia goodfellowi,0,
Heleia javanica,0,
Heleia muelleri,0,
Heleia pinaiae,0,
Heleia squamiceps,0,
Heleia squamifrons,1,
Heleia superciliaris,0,
Heleia wallacei,0,
Tephrozosterops stalkeri,0,
Rukia longirostra,0,
Rukia ruki,0,
Zosterops abyssinicus,0,
Zosterops albogularis,1,
Zosterops anderssoni,1,
Zosterops anomalus,0,
Zosterops atricapilla,0,
Zosterops atriceps,0,
Zosterops atrifrons,0,
Zosterops auriventer,1,
Zosterops borbonicus,1,
Zosterops brunneus,0,
Zosterops buruensis,0,
Zosterops ceylonensis,0,
Zosterops chloris,0,
Zosterops chloronothos,1,
Zosterops cinereus,0,
Zosterops citrinella,0,
Zosterops consobrinorum,0,
Zosterops conspicillatus,1,
Zosterops dehaani,0,
Zosterops emiliae,0,
Zosterops erythropleurus,1,
Zosterops eurycricotus,0,
Zosterops everetti,1,
Zosterops explorator,0,
Zosterops feae,0,
Zosterops ficedulinus,0,
Zosterops finschii,1,
Zosterops flavifrons,0,
Zosterops flavilateralis,0,
Zosterops flavissimus,0,
Zosterops flavus,1,
Zosterops fuscicapilla,1,
Zosterops gibbsi,0,
Zosterops grayi,0,
Zosterops griseotinctus,0,
Zosterops griseovirescens,0,
Zosterops hamlini,0,
Zosterops hypolais,0,
Zosterops hypoxanthus,0,
Zosterops inornatus,0,
Zosterops japonicus,1,
Zosterops kaffensis,0,
Zosterops kasaicus,0,
Zosterops kikuyuensis,0,
Zosterops kirki,1,
Zosterops kuehni,0,
Zosterops kulambangrae,0,
Zosterops lacertosus,0,
Zosterops lateralis,1,
Zosterops leucophaeus,0,
Zosterops lugubris,0,
Zosterops luteirostris,0,
Zosterops luteus,0,
Zosterops maderaspatanus,1,
Zosterops mauritianus,1,
Zosterops mayottensis,1,
Zosterops mbuluensis,0,
Zosterops meeki,0,
Zosterops melanocephalus,0,
Zosterops melanurus,1,
Zosterops meratusensis,0,
Zosterops metcalfii,1,
Zosterops meyeni,1,
Zosterops minor,0,
Zosterops minutus,0,
Zosterops modestus,1,
Zosterops mouroniensis,1,
Zosterops murphyi,0,
Zosterops mysorensis,0,
Zosterops natalis,0,
Zosterops nehrkorni,1,
Zosterops nigrorum,0,
Zosterops novaeguineae,1,
Zosterops oblitus,0,
Zosterops oleagineus,0,
Zosterops olivaceus,1,
Zosterops pallidus,0,
Zosterops palpebrosus,1,
Zosterops paruhbesar,0,
Zosterops poliogastrus,1,
Zosterops ponapensis,0,
Zosterops rendovae,0,
Zosterops rennellianus,0,
Zosterops rotensis,1,
Zosterops samoensis,1,
Zosterops sanctaecrucis,0,
Zosterops semiflavus,1,
Zosterops semperi,1,
Zosterops senegalensis,0,
Zosterops silvanus,0,
Zosterops simplex,1,
Zosterops socotranus,0,
Zosterops somadikartai,0,
Zosterops splendidus,0,
Zosterops stalkeri,0,
Zosterops stenocricotus,0,
Zosterops strenuus,1,
Zosterops stresemanni,0,
Zosterops stuhlmanni,0,
Zosterops superciliosus,0,
Zosterops tenuirostris,0,
Zosterops tetiparius,0,
Zosterops uropygialis,0,
Zosterops vaughani,0,
Zosterops vellalavella,0,
Zosterops virens,1,
Zosterops winifredae,0,
Zosterops xanthochroa,0,
Timalia pileata,0,
Dumetia atriceps,0,
Dumetia hyperythra,0,
Mixornis bornensis,0,
Mixornis flavicollis,0,
Mixornis gularis,0,
Mixornis kelleyi,0,
Mixornis prillwitzi,0,
Macronus ptilosus,0,
Macronus striaticeps,1,
Cyanoderma bicolor,0,
Cyanoderma chrysaeum,0,
Cyanoderma erythropterum,0,
Cyanoderma melanothorax,0,
Cyanoderma pyrrhops,0,
Cyanoderma ruficeps,1,
Cyanoderma rufifrons,0,
Spelaeornis badeigularis,0,
Spelaeornis caudatus,0,
Spelaeornis chocolatinus,0,
Spelaeornis kinneari,0,
Spelaeornis longicaudatus,0,
Spelaeornis oatesi,0,
Spelaeornis reptatus,0,
Spelaeornis troglodytoides,0,
Melanocichla calva,0,
Melanocichla lugubris,0,
Pomatorhinus bornensis,0,
Pomatorhinus ferruginosus,0,
Pomatorhinus horsfieldii,0,
Pomatorhinus melanurus,0,
Pomatorhinus montanus,0,
Pomatorhinus musicus,0,
Pomatorhinus ochraceiceps,0,
Pomatorhinus phayrei,0,
Pomatorhinus ruficollis,0,
Pomatorhinus schisticeps,0,
Pomatorhinus superciliaris,0,
Erythrogenys erythrocnemis,0,
Erythrogenys erythrogenys,0,
Erythrogenys gravivox,0,
Erythrogenys hypoleucos,0,
Erythrogenys imberbis,0,
Erythrogenys mcclellandi,0,
Erythrogenys swinhoei,0,
Stachyris grammiceps,0,
Stachyris herberti,0,
Stachyris humei,0,
Stachyris leucotis,0,
Stachyris maculata,0,
Stachyris nigriceps,0,
Stachyris nigricollis,0,
Stachyris nonggangensis,0,
Stachyris oglei,0,
Stachyris poliocephala,0,
Stachyris roberti,0,
Stachyris strialata,0,
Stachyris thoracica,0,
Graminicola bengalensis,1,
Graminicola striatus,1,
Turdinus atrigularis,0,
Turdinus macrodactylus,0,
Turdinus marmoratus,1,
Malacopteron affine,0,
Malacopteron albogulare,0,
Malacopteron cinereum,0,
Malacopteron magnirostre,0,
Malacopteron magnum,0,
Malacopteron palawanense,0,
Gampsorhynchus rufulus,0,
Gampsorhynchus torquatus,1,
Schoeniparus brunneus,0,
Schoeniparus castaneceps,0,
Schoeniparus cinereus,0,
Schoeniparus dubius,0,
Schoeniparus klossi,0,
Schoeniparus rufogularis,0,
Schoeniparus variegaticeps,0,
Pellorneum albiventre,1,
Pellorneum bicolor,0,
Pellorneum buettikoferi,0,
Pellorneum capistratoides,0,
Pellorneum capistratum,0,
Pellorneum celebense,0,
Pellorneum cinereiceps,0,
Pellorneum fuscocapillus,0,
Pellorneum malaccense,0,
Pellorneum nigrocapitatum,0,
Pellorneum palustre,0,
Pellorneum pyrrogenys,0,
Pellorneum rostratum,0,
Pellorneum ruficeps,0,
Pellorneum tickelli,0,
Laticilla burnesii,0,
Laticilla cinerascens,0,
Illadopsis albipectus,0,
Illadopsis cleaveri,0,
Illadopsis distans,0,
Illadopsis fulvescens,0,
Illadopsis puveli,0,
Illadopsis pyrrhoptera,0,
Illadopsis rufescens,0,
Illadopsis rufipennis,0,
Illadopsis turdina,0,
Kenopia striata,0,
Ptilocichla falcata,0,
Ptilocichla leucogrammica,0,
Ptilocichla mindanensis,0,
Napothera albostriata,0,
Napothera danjoui,0,
Napothera epilepidota,0,
Napothera malacoptila,0,
Napothera naungmungensis,0,
Napothera pasquieri,0,
Malacocincla abbotti,0,
Malacocincla perspicillata,0,
Malacocincla sepiaria,0,
Gypsophila annamensis,0,
Gypsophila brevicaudata,0,
Gypsophila calcicola,0,
Gypsophila crassa,0,
Gypsophila crispifrons,0,
Gypsophila rufipectus,0,
Alcippe brunneicauda,1,
Alcippe davidi,0,
Alcippe fratercula,1,
Alcippe grotei,0,
Alcippe hueti,0,
Alcippe morrisonia,0,
Alcippe nipalensis,0,
Alcippe peracensis,1,
Alcippe poioicephala,1,
Alcippe pyrrhoptera,0,
Grammatoptila striata,0,
Laniellus albonotatus,0,
Laniellus langbianis,0,
Cutia legalleni,0,
Cutia nipalensis,1,
Trochalopteron affine,1,
Trochalopteron austeni,1,
Trochalopteron chrysopterum,1,
Trochalopteron elliotii,0,
Trochalopteron erythrocephalum,0,
Trochalopteron formosum,0,
Trochalopteron henrici,0,
Trochalopteron imbricatum,0,
Trochalopteron lineatum,0,
Trochalopteron melanostigma,0,
Trochalopteron milnei,0,
Trochalopteron morrisonianum,0,
Trochalopteron ngoclinhense,0,
Trochalopteron peninsulae,0,
Trochalopteron squamatum,0,
Trochalopteron subunicolor,0,
Trochalopteron variegatum,0,
Trochalopteron virgatum,0,
Trochalopteron yersini,0,
Montecincla cachinnans,0,
Montecincla fairbanki,0,
Montecincla jerdoni,0,
Montecincla meridionalis,0,
Heterophasia auricularis,0,
Heterophasia capistrata,0,
Heterophasia desgodinsi,0,
Heterophasia gracilis,0,
Heterophasia melanoleuca,0,
Heterophasia picaoides,0,
Heterophasia pulchella,0,
Actinodura cyanouroptera,0,
Actinodura egertoni,0,
Actinodura morrisoniana,0,
Actinodura nipalensis,0,
Actinodura ramsayi,0,
Actinodura sodangorum,0,
Actinodura souliei,0,
Actinodura strigula,0,
Actinodura waldeni,0,
Leiothrix argentauris,0,
Leiothrix lutea,1,
Minla ignotincta,0,
Leioptila annectens,0,
Liocichla bugunorum,0,
Liocichla omeiensis,0,
Liocichla phoenicea,0,
Liocichla ripponi,0,
Liocichla steerii,0,
Argya affinis,0,
Argya altirostris,0,
Argya aylmeri,0,
Argya caudata,0,
Argya cinereifrons,0,
Argya earlei,1,
Argya fulva,0,
Argya gularis,1,
Argya huttoni,0,
Argya longirostris,1,
Argya malcolmi,0,
Argya rubiginosa,0,
Argya rufescens,0,
Argya squamiceps,0,
Argya striata,0,
Argya subrufa,0,
Turdoides atripennis,0,
Turdoides bicolor,0,
Turdoides chapini,0,
Turdoides gilberti,0,
Turdoides gymnogenys,0,
Turdoides hartlaubii,0,
Turdoides hindei,0,
Turdoides hypoleuca,0,
Turdoides jardineii,0,
Turdoides leucocephala,0,
Turdoides leucopygia,0,
Turdoides melanops,0,
Turdoides nipalensis,0,
Turdoides plebejus,0,
Turdoides reinwardtii,0,
Turdoides rufocinctus,0,
Turdoides sharpei,0,
Turdoides squamulata,0,
Turdoides tenebrosa,0,
Garrulax annamensis,0,
Garrulax bicolor,0,
Garrulax canorus,1,
Garrulax castanotis,0,
Garrulax ferrarius,0,
Garrulax leucolophus,0,
Garrulax maesi,0,
Garrulax merulinus,1,
Garrulax milleti,0,
Garrulax monileger,1,
Garrulax palliatus,0,
Garrulax rufifrons,0,
Garrulax strepitans,0,
Garrulax taewanus,0,
Ianthocincla bieti,0,
Ianthocincla cineracea,0,
Ianthocincla konkakinhensis,0,
Ianthocincla lunulata,0,
Ianthocincla maxima,0,
Ianthocincla ocellata,0,
Ianthocincla rufogularis,0,
Ianthocincla sukatschewi,0,
Pterorhinus albogularis,0,
Pterorhinus berthemyi,0,
Pterorhinus caerulatus,1,
Pterorhinus chinensis,1,
Pterorhinus courtoisi,0,
Pterorhinus davidi,0,
Pterorhinus delesserti,0,
Pterorhinus galbanus,1,
Pterorhinus gularis,0,
Pterorhinus koslowi,0,
Pterorhinus lanceolatus,0,
Pterorhinus mitratus,0,
Pterorhinus nuchalis,0,
Pterorhinus pectoralis,1,
Pterorhinus perspicillatus,0,
Pterorhinus poecilorhynchus,0,
Pterorhinus ruficeps,0,
Pterorhinus ruficollis,0,
Pterorhinus sannio,0,
Pterorhinus treacheri,0,
Pterorhinus vassali,0,
Pterorhinus waddelli,0,
Pterorhinus woodi,0,
Dulus dominicus,0,
Bombycilla cedrorum,0,
Bombycilla garrulus,1,
Bombycilla japonica,1,
Phainoptila melanoxantha,0,
Phainopepla nitens,1,
Ptiliogonys caudatus,0,
Ptiliogonys cinereus,1,
Hylocitrea bonensis,0,
Hypocolius ampelinus,0,
Chaetoptila angustipluma,1,
Moho apicalis,1,
Moho bishopi,1,
Moho braccatus,1,
Moho nobilis,1,
Corthylio calendula,1,
Regulus goodfellowi,1,
Regulus ignicapilla,1,
Regulus madeirensis,0,
Regulus regulus,1,
Regulus satrapa,1,
Tichodroma muraria,1,
Sitta arctica,0,
Sitta azurea,0,
Sitta canadensis,1,
Sitta carolinensis,1,
Sitta cashmirensis,0,
Sitta castanea,0,
Sitta cinnamoventris,0,
Sitta europaea,1,
Sitta formosa,0,
Sitta frontalis,0,
Sitta himalayensis,1,
Sitta insularis,0,
Sitta krueperi,1,
Sitta ledanti,0,
Sitta leucopsis,0,
Sitta magna,0,
Sitta nagaensis,0,
Sitta neglecta,0,
Sitta neumayer,1,
Sitta oenochlamys,0,
Sitta przewalskii,0,
Sitta pusilla,1,
Sitta pygmaea,1,
Sitta solangiae,0,
Sitta tephronota,1,
Sitta victoriae,0,
Sitta villosa,0,
Sitta whiteheadi,1,
Sitta yunnanensis,0,
Salpornis salvadori,0,
Salpornis spilonota,0,
Certhia americana,1,
Certhia brachydactyla,1,
Certhia discolor,0,
Certhia familiaris,1,
Certhia himalayana,0,
Certhia hodgsoni,0,
Certhia manipurensis,0,
Certhia nipalensis,0,
Certhia tianquanensis,0,
Microbates cinereiventris,1,
Microbates collaris,0,
Ramphocaenus melanurus,1,
Ramphocaenus sticturus,0,
Polioptila albiloris,1,
Polioptila albiventris,0,
Polioptila bilineata,0,
Polioptila caerulea,1,
Polioptila californica,1,
Polioptila clementsi,0,
Polioptila dumicola,0,
Polioptila guianensis,0,
Polioptila lactea,0,
Polioptila lembeyei,1,
Polioptila maior,0,
Polioptila melanura,0,
Polioptila nigriceps,1,
Polioptila paraensis,0,
Polioptila plumbea,0,
Polioptila schistaceigula,0,
Salpinctes obsoletus,1,
Catherpes mexicanus,1,
Hylorchilus navai,0,
Hylorchilus sumichrasti,0,
Microcerculus bambla,0,
Microcerculus marginatus,0,
Microcerculus philomela,0,
Microcerculus ustulatus,0,
Thryothorus ludovicianus,1,
Thryomanes bewickii,1,
Campylorhynchus albobrunneus,0,
Campylorhynchus brunneicapillus,1,
Campylorhynchus capistratus,0,
Campylorhynchus chiapensis,0,
Campylorhynchus fasciatus,0,
Campylorhynchus griseus,0,
Campylorhynchus gularis,0,
Campylorhynchus humilis,0,
Campylorhynchus jocosus,0,
Campylorhynchus megalopterus,0,
Campylorhynchus nuchalis,0,
Campylorhynchus rufinucha,0,
Campylorhynchus turdinus,0,
Campylorhynchus yucatanicus,0,
Campylorhynchus zonatus,0,
Cistothorus apolinari,0,
Cistothorus meridae,0,
Cistothorus palustris,1,
Cistothorus platensis,0,
Cistothorus stellaris,1,
Ferminia cerverai,0,
Thryorchilus browni,0,
Troglodytes aedon,1,
Troglodytes beani,0,
Troglodytes cobbi,0,
Troglodytes grenadensis,0,
Troglodytes hiemalis,1,
Troglodytes martinicensis,0,
Troglodytes mesoleucus,0,
Troglodytes monticola,0,
Troglodytes musculus,0,
Troglodytes musicus,0,
Troglodytes ochraceus,0,
Troglodytes pacificus,1,
Troglodytes rufociliatus,0,
Troglodytes rufulus,0,
Troglodytes sissonii,0,
Troglodytes solstitialis,0,
Troglodytes tanneri,0,
Troglodytes troglodytes,1,
Odontorchilus branickii,0,
Odontorchilus cinereus,0,
Uropsila leucogastra,0,
Pheugopedius atrogularis,0,
Pheugopedius coraya,1,
Pheugopedius eisenmanni,0,
Pheugopedius euophrys,0,
Pheugopedius fasciatoventris,0,
Pheugopedius felix,0,
Pheugopedius genibarbis,0,
Pheugopedius maculipectus,0,
Pheugopedius mystacalis,0,
Pheugopedius rutilus,0,
Pheugopedius schulenbergi,0,
Pheugopedius sclateri,0,
Pheugopedius spadix,0,
Cinnycerthia fulva,0,
Cinnycerthia olivascens,0,
Cinnycerthia peruana,0,
Cinnycerthia unirufa,0,
Cantorchilus elutus,0,
Cantorchilus griseus,0,
Cantorchilus guarayanus,0,
Cantorchilus leucopogon,0,
Cantorchilus leucotis,0,
Cantorchilus longirostris,0,
Cantorchilus modestus,0,
Cantorchilus nigricapillus,0,
Cantorchilus semibadius,0,
Cantorchilus superciliaris,0,
Cantorchilus thoracicus,0,
Cantorchilus zeledoni,0,
Henicorhina anachoreta,0,
Henicorhina leucophrys,0,
Henicorhina leucoptera,0,
Henicorhina leucosticta,0,
Henicorhina negreti,0,
Cyphorhinus arada,0,
Cyphorhinus dichrous,0,
Cyphorhinus phaeocephalus,0,
Cyphorhinus thoracicus,0,
Thryophilus nicefori,0,
Thryophilus pleurostictus,0,
Thryophilus rufalbus,1,
Thryophilus sernai,0,
Thryophilus sinaloa,1,
Elachura formosa,0,
Buphagus africanus,0,
Buphagus erythroryncha,0,
Melanotis caerulescens,1,
Melanotis hypoleucus,0,
Melanoptila glabrirostris,1,
Dumetella carolinensis,1,
Ramphocinclus brachyurus,0,
Ramphocinclus sanctaeluciae,0,
Allenia fusca,1,
Margarops fuscatus,1,
Cinclocerthia gutturalis,0,
Cinclocerthia ruficauda,1,
Toxostoma bendirei,0,
Toxostoma cinereum,1,
Toxostoma crissale,1,
Toxostoma curvirostre,1,
Toxostoma guttatum,1,
Toxostoma lecontei,1,
Toxostoma longirostre,1,
Toxostoma ocellatum,0,
Toxostoma redivivum,1,
Toxostoma rufum,1,
Oreoscoptes montanus,1,
Mimus dorsalis,1,
Mimus gilvus,1,
Mimus graysoni,1,
Mimus gundlachii,1,
Mimus longicaudatus,0,
Mimus macdonaldi,0,
Mimus melanotis,0,
Mimus parvulus,0,
Mimus patagonicus,1,
Mimus polyglottos,1,
Mimus saturninus,1,
Mimus thenca,1,
Mimus trifasciatus,0,
Mimus triurus,1,
Rhabdornis grandis,0,
Rhabdornis inornatus,0,
Rhabdornis mystacalis,0,
Rhabdornis rabori,0,
Enodes erythrophris,0,
Scissirostrum dubium,0,
Basilornis celebensis,0,
Basilornis corythaix,0,
Basilornis galeatus,0,
Goodfellowia miranda,0,
Sarcops calvus,0,
Streptocitta albertinae,0,
Streptocitta albicollis,0,
Mino anais,0,
Mino dumontii,0,
Mino kreffti,0,
Ampeliceps coronatus,0,
Gracula indica,0,
Gracula ptilogenys,0,
Gracula religiosa,1,
Gracula venerata,0,
Aplonis atrifusca,1,
Aplonis brunneicapillus,0,
Aplonis cantoroides,0,
Aplonis cinerascens,1,
Aplonis corvina,0,
Aplonis crassa,0,
Aplonis dichroa,0,
Aplonis feadensis,0,
Aplonis fusca,0,
Aplonis grandis,0,
Aplonis insularis,0,
Aplonis magna,0,
Aplonis mavornata,1,
Aplonis metallica,0,
Aplonis minor,0,
Aplonis mysolensis,0,
Aplonis mystacea,0,
Aplonis opaca,0,
Aplonis panayensis,1,
Aplonis pelzelni,0,
Aplonis santovestris,0,
Aplonis striata,0,
Aplonis tabuensis,1,
Aplonis zelandica,0,
Sturnus unicolor,1,
Sturnus vulgaris,1,
Creatophora cinerea,0,
Pastor roseus,1,
Agropsar philippensis,1,
Agropsar sturninus,1,
Gracupica contra,1,
Gracupica floweri,1,
Gracupica jalla,1,
Gracupica nigricollis,1,
Necropsar rodericanus,0,
Leucopsar rothschildi,0,
Fregilupus varius,0,
Sturnornis albofrontatus,0,
Sturnia erythropygia,0,
Sturnia malabarica,1,
Sturnia pagodarum,0,
Sturnia sinensis,0,
Spodiopsar cineraceus,1,
Spodiopsar sericeus,0,
Acridotheres albocinctus,1,
Acridotheres burmannicus,1,
Acridotheres cinereus,1,
Acridotheres cristatellus,1,
Acridotheres fuscus,1,
Acridotheres ginginianus,1,
Acridotheres grandis,1,
Acridotheres javanicus,1,
Acridotheres leucocephalus,1,
Acridotheres melanopterus,1,
Acridotheres tristis,1,
Hartlaubius auratus,0,
Cinnyricinclus leucogaster,0,
Onychognathus albirostris,0,
Onychognathus blythii,0,
Onychognathus frater,0,
Onychognathus fulgidus,0,
Onychognathus morio,0,
Onychognathus nabouroup,0,
Onychognathus neumanni,0,
Onychognathus salvadorii,0,
Onychognathus tenuirostris,0,
Onychognathus tristramii,0,
Onychognathus walleri,0,
Notopholia corusca,0,
Hylopsar cupreocauda,0,
Hylopsar purpureiceps,0,
Saroglossa spilopterus,0,
Neocichla gutturalis,0,
Speculipastor bicolor,0,
Grafisia torquata,0,
Pholia sharpii,0,
Arizelopsar femoralis,0,
Poeoptera kenricki,0,
Poeoptera lugubris,0,
Poeoptera stuhlmanni,0,
Lamprotornis acuticaudus,0,
Lamprotornis albicapillus,0,
Lamprotornis australis,0,
Lamprotornis bicolor,0,
Lamprotornis caudatus,0,
Lamprotornis chalcurus,0,
Lamprotornis chalybaeus,0,
Lamprotornis chloropterus,0,
Lamprotornis fischeri,0,
Lamprotornis hildebrandti,0,
Lamprotornis iris,0,
Lamprotornis mevesii,0,
Lamprotornis nitens,0,
Lamprotornis ornatus,0,
Lamprotornis pulcher,0,
Lamprotornis purpureus,0,
Lamprotornis purpuroptera,0,
Lamprotornis regius,0,
Lamprotornis shelleyi,0,
Lamprotornis splendidus,0,
Lamprotornis superbus,0,
Lamprotornis unicolor,0,
Cinclus cinclus,1,
Cinclus leucocephalus,1,
Cinclus mexicanus,1,
Cinclus pallasii,1,
Cinclus schulzii,0,
Grandala coelicolor,1,
Sialia currucoides,1,
Sialia mexicana,1,
Sialia sialis,1,
Pinarornis plumosus,0,
Stizorhina finschi,0,
Stizorhina fraseri,0,
Neocossyphus poensis,0,
Neocossyphus rufus,0,
Myadestes coloratus,0,
Myadestes elisabeth,1,
Myadestes genibarbis,0,
Myadestes lanaiensis,1,
Myadestes melanops,0,
Myadestes myadestinus,1,
Myadestes obscurus,1,
Myadestes occidentalis,1,
Myadestes palmeri,0,
Myadestes ralloides,0,
Myadestes townsendi,1,
Myadestes unicolor,0,
Myadestes woahensis,1,
Zoothera andromedae,0,
Zoothera atrigena,0,
Zoothera aurea,1,
Zoothera dauma,1,
Zoothera dixoni,0,
Zoothera everetti,0,
Zoothera griseiceps,0,
Zoothera heinei,0,
Zoothera heinrichi,0,
Zoothera imbricata,0,
Zoothera lunulata,0,
Zoothera machiki,0,
Zoothera major,1,
Zoothera margaretae,0,
Zoothera marginata,1,
Zoothera mollissima,0,
Zoothera monticola,0,
Zoothera neilgherriensis,0,
Zoothera salimalii,0,
Zoothera talaseae,0,
Zoothera terrestris,1,
Zoothera turipavae,0,
Chlamydochaera jefferyi,1,
Cochoa azurea,1,
Cochoa beccarii,1,
Cochoa purpurea,1,
Cochoa viridis,1,
Ixoreus naevius,1,
Cichlopsis leucogenys,0,
Entomodestes coracinus,0,
Entomodestes leucotis,0,
Hylocichla mustelina,1,
Ridgwayia pinicola,1,
Catharus aurantiirostris,1,
Catharus bicknelli,1,
Catharus dryas,0,
Catharus frantzii,0,
Catharus fuscater,0,
Catharus fuscescens,1,
Catharus gracilirostris,0,
Catharus guttatus,1,
Catharus maculatus,0,
Catharus mexicanus,1,
Catharus minimus,1,
Catharus occidentalis,0,
Catharus ustulatus,1,
Geokichla camaronensis,0,
Geokichla cinerea,0,
Geokichla citrina,1,
Geokichla crossleyi,0,
Geokichla dohertyi,0,
Geokichla dumasi,0,
Geokichla erythronota,0,
Geokichla gurneyi,0,
Geokichla guttata,0,
Geokichla interpres,0,
Geokichla joiceyi,0,
Geokichla leucolaema,0,
Geokichla mendeni,0,
Geokichla oberlaenderi,0,
Geokichla peronii,0,
Geokichla piaggiae,0,
Geokichla princei,0,
Geokichla schistacea,0,
Geokichla sibirica,1,
Geokichla spiloptera,0,
Geokichla wardii,0,
Turdus abyssinicus,0,
Turdus albicollis,0,
Turdus albocinctus,1,
Turdus amaurochalinus,0,
Turdus ardosiaceus,0,
Turdus arthuri,0,
Turdus assimilis,1,
Turdus atrogularis,1,
Turdus aurantius,0,
Turdus bewsheri,1,
Turdus bougainvillei,0,
Turdus boulboul,0,
Turdus cardis,1,
Turdus celaenops,1,
Turdus chiguanco,0,
Turdus chrysolaus,1,
Turdus daguae,0,
Turdus deningeri,0,
Turdus dissimilis,0,
Turdus eremita,0,
Turdus erythropleurus,0,
Turdus eunomus,1,
Turdus falcklandii,0,
Turdus feae,1,
Turdus flavipes,0,
Turdus fulviventris,0,
Turdus fumigatus,0,
Turdus fuscater,0,
Turdus grayi,1,
Turdus haplochrous,0,
Turdus hauxwelli,0,
Turdus heinrothi,0,
Turdus helleri,0,
Turdus hortulorum,1,
Turdus ignobilis,0,
Turdus iliacus,1,
Turdus infuscatus,0,
Turdus jamaicensis,0,
Turdus javanicus,0,
Turdus kessleri,0,
Turdus kulambangrae,0,
Turdus lawrencii,0,
Turdus leucomelas,0,
Turdus leucops,0,
Turdus lherminieri,0,
Turdus libonyana,0,
Turdus litsitsirupa,0,
Turdus ludoviciae,0,
Turdus maculirostris,0,
Turdus mandarinus,1,
Turdus maranonicus,0,
Turdus maximus,0,
Turdus menachensis,0,
Turdus merula,1,
Turdus migratorius,1,
Turdus mindorensis,0,
Turdus mupinensis,1,
Turdus murinus,0,
Turdus naumanni,1,
Turdus nigrescens,0,
Turdus nigriceps,0,
Turdus nigrorum,0,
Turdus niveiceps,0,
Turdus nudigenis,0,
Turdus obscurus,1,
Turdus obsoletus,0,
Turdus olivaceofuscus,0,
Turdus olivaceus,0,
Turdus olivater,0,
Turdus pallidus,1,
Turdus papuensis,0,
Turdus pelios,0,
Turdus philomelos,1,
Turdus pilaris,1,
Turdus plebejus,0,
Turdus plumbeus,1,
Turdus poliocephalus,0,
Turdus pritzbueri,0,
Turdus ravidus,0,
Turdus reevei,0,
Turdus roehli,0,
Turdus rubrocanus,0,
Turdus ruficeps,0,
Turdus ruficollis,1,
Turdus rufitorques,0,
Turdus rufiventris,0,
Turdus rufopalliatus,1,
Turdus samoensis,1,
Turdus sanchezorum,0,
Turdus schlegelii,0,
Turdus serranus,0,
Turdus simensis,0,
Turdus simillimus,0,
Turdus smithi,0,
Turdus subalaris,0,
Turdus swalesi,0,
Turdus tephronotus,0,
Turdus thomassoni,0,
Turdus torquatus,1,
Turdus turdoides,0,
Turdus unicolor,1,
Turdus vanikorensis,0,
Turdus viscivorus,1,
Turdus xanthopus,1,
Turdus xanthorhynchus,0,
Alethe castanea,0,
Alethe diademata,1,
Tychaedon barbata,1,
Tychaedon coryphoeus,1,
Tychaedon leucosticta,1,
Tychaedon quadrivirgata,1,
Tychaedon signata,1,
Cercotrichas galactotes,1,
Cercotrichas hartlaubi,1,
Cercotrichas leucophrys,1,
Cercotrichas paena,1,
Cercotrichas podobe,1,
Copsychus albiventris,1,
Copsychus albospecularis,1,
Copsychus barbouri,1,
Copsychus cebuensis,1,
Copsychus fulicatus,1,
Copsychus leggei,0,
Copsychus luzoniensis,1,
Copsychus malabaricus,1,
Copsychus mindanensis,1,
Copsychus niger,1,
Copsychus nigricauda,1,
Copsychus omissus,0,
Copsychus pyrropygus,1,
Copsychus saularis,0,
Copsychus sechellarum,1,
Copsychus stricklandii,1,
Copsychus superciliaris,1,
Agricola infuscatus,1,
Agricola pallidus,0,
Fraseria caerulescens,1,
Fraseria cinerascens,0,
Fraseria griseigularis,0,
Fraseria lendu,1,
Fraseria ocreata,1,
Fraseria olivascens,0,
Fraseria plumbea,0,
Fraseria tessmanni,0,
Namibornis herero,1,
Empidornis semipartitus,0,
Sigelus silens,1,
Melaenornis annamarulae,0,
Melaenornis ardesiacus,0,
Melaenornis brunneus,0,
Melaenornis chocolatinus,0,
Melaenornis edolioides,0,
Melaenornis fischeri,0,
Melaenornis pammelaina,0,
Myopornis boehmi,0,
Artomyias fuliginosa,0,
Artomyias ussheri,0,
Bradornis comitatus,0,
Bradornis mariquensis,0,
Bradornis microrhynchus,0,
Humblotia flavirostris,1,
Muscicapa adusta,1,
Muscicapa aquatica,0,
Muscicapa cassini,0,
Muscicapa dauurica,1,
Muscicapa epulata,0,
Muscicapa ferruginea,0,
Muscicapa gambagae,0,
Muscicapa griseisticta,1,
Muscicapa muttui,0,
Muscicapa randi,0,
Muscicapa segregata,0,
Muscicapa sethsmithi,0,
Muscicapa sibirica,1,
Muscicapa sodhii,0,
Muscicapa striata,1,
Muscicapa williamsoni,0,
Leucoptilon concretum,0,
Sholicola albiventris,0,
Sholicola major,0,
Niltava davidi,0,
Niltava grandis,0,
Niltava macgrigoriae,0,
Niltava oatesi,0,
Niltava sumatrana,0,
Niltava sundara,0,
Niltava vivida,0,
Cyanoptila cumatilis,0,
Cyanoptila cyanomelana,0,
Eumyias additus,0,
Eumyias albicaudatus,0,
Eumyias hoevelli,0,
Eumyias hyacinthinus,0,
Eumyias indigo,0,
Eumyias oscillans,0,
Eumyias panayensis,0,
Eumyias sanfordi,0,
Eumyias sordidus,0,
Eumyias stresemanni,0,
Eumyias thalassinus,0,
Anthipes monileger,0,
Anthipes solitaris,0,
Cyornis banyumas,1,
Cyornis brunneatus,0,
Cyornis caerulatus,0,
Cyornis camarinensis,0,
Cyornis colonus,0,
Cyornis glaucicomans,0,
Cyornis hainanus,0,
Cyornis herioti,0,
Cyornis kadayangensis,0,
Cyornis kalaoensis,0,
Cyornis lemprieri,0,
Cyornis magnirostris,0,
Cyornis montanus,0,
Cyornis nicobaricus,0,
Cyornis ocularis,0,
Cyornis olivaceus,0,
Cyornis omissus,0,
Cyornis pallidipes,0,
Cyornis pelingensis,0,
Cyornis poliogenys,0,
Cyornis rubeculoides,0,
Cyornis ruckii,0,
Cyornis ruficauda,0,
Cyornis ruficrissa,0,
Cyornis rufigastra,0,
Cyornis sumatrensis,0,
Cyornis superbus,0,
Cyornis tickelliae,0,
Cyornis turcosus,0,
Cyornis umbratilis,0,
Cyornis unicolor,0,
Cyornis whitei,0,
Erithacus rubecula,1,
Swynnertonia swynnertoni,1,
Pogonocichla stellata,1,
Stiphrornis erythrothorax,1,
Stiphrornis mabirae,0,
Stiphrornis pyrrholaemus,0,
Cossyphicula isabellae,1,
Cossyphicula roberti,1,
Chamaetylas choloensis,1,
Chamaetylas fuelleborni,1,
Chamaetylas poliocephala,0,
Chamaetylas poliophrys,1,
Cossypha albicapillus,1,
Cossypha cyanocampter,1,
Cossypha dichroa,1,
Cossypha heinrichi,1,
Cossypha heuglini,1,
Cossypha natalensis,1,
Cossypha niveicapilla,1,
Cossypha semirufa,1,
Cichladusa arquata,1,
Cichladusa guttata,1,
Cichladusa ruficauda,1,
Xenocopsychus ansorgei,1,
Dessonornis anomalus,1,
Dessonornis archeri,1,
Dessonornis caffer,1,
Dessonornis humeralis,1,
Sheppardia aequatorialis,1,
Sheppardia aurantiithorax,0,
Sheppardia bocagei,1,
Sheppardia cyornithopsis,1,
Sheppardia gabela,0,
Sheppardia gunningi,1,
Sheppardia lowei,0,
Sheppardia montana,1,
Sheppardia poensis,1,
Sheppardia polioptera,1,
Sheppardia sharpei,1,
Irania gutturalis,1,
Luscinia luscinia,1,
Luscinia megarhynchos,1,
Luscinia phaenicuroides,1,
Luscinia svecica,1,
Calliope calliope,1,
Calliope obscura,1,
Calliope pectardens,1,
Calliope pectoralis,1,
Calliope tschebaiewi,1,
Myiomela diana,1,
Myiomela leucura,0,
Myiomela sumatrana,0,
Enicurus borneensis,1,
Enicurus immaculatus,1,
Enicurus leschenaulti,1,
Enicurus maculatus,1,
Enicurus ruficapillus,1,
Enicurus schistaceus,1,
Enicurus scouleri,1,
Enicurus velatus,1,
Cinclidium frontale,1,
Myophonus blighi,0,
Myophonus borneensis,0,
Myophonus caeruleus,1,
Myophonus castaneus,0,
Myophonus glaucinus,0,
Myophonus horsfieldii,0,
Myophonus insularis,0,
Myophonus melanurus,0,
Myophonus robinsoni,1,
Heinrichia calligyna,0,
Leonardina woodi,0,
Vauriella albigularis,0,
Vauriella goodfellowi,0,
Vauriella gularis,0,
Vauriella insignis,0,
Larvivora akahige,1,
Larvivora brunnea,1,
Larvivora cyane,1,
Larvivora komadori,1,
Larvivora namiyei,1,
Larvivora ruficeps,1,
Larvivora sibilans,1,
Larvivora tanensis,1,
Brachypteryx cruralis,1,
Brachypteryx erythrogyna,0,
Brachypteryx floris,1,
Brachypteryx goodfellowi,1,
Brachypteryx hyperythra,1,
Brachypteryx leucophris,1,
Brachypteryx montana,1,
Brachypteryx poliogyna,0,
Brachypteryx saturata,0,
Brachypteryx sinensis,1,
Ficedula albicilla,1,
Ficedula albicollis,1,
Ficedula basilanica,0,
Ficedula bonthaina,0,
Ficedula buruensis,0,
Ficedula crypta,0,
Ficedula disposita,0,
Ficedula dumetoria,0,
Ficedula elisae,0,
Ficedula erithacus,0,
Ficedula harterti,0,
Ficedula henrici,0,
Ficedula hodgsoni,0,
Ficedula hyperythra,0,
Ficedula hypoleuca,1,
Ficedula luzoniensis,0,
Ficedula mugimaki,1,
Ficedula narcissina,1,
Ficedula nigrorufa,0,
Ficedula owstoni,0,
Ficedula parva,1,
Ficedula platenae,0,
Ficedula riedeli,0,
Ficedula ruficauda,0,
Ficedula rufigula,0,
Ficedula sapphira,0,
Ficedula semitorquata,1,
Ficedula speculigera,1,
Ficedula strophiata,0,
Ficedula subrubra,0,
Ficedula superciliaris,0,
Ficedula timorensis,0,
Ficedula tricolor,0,
Ficedula westermanni,0,
Ficedula zanthopygia,0,
Tarsiger albocoeruleus,0,
Tarsiger chrysaeus,1,
Tarsiger cyanurus,1,
Tarsiger formosanus,1,
Tarsiger hyperythrus,1,
Tarsiger indicus,1,
Tarsiger johnstoniae,1,
Tarsiger rufilatus,1,
Heteroxenicus stellatus,0,
Phoenicurus alaschanicus,1,
Phoenicurus auroreus,1,
Phoenicurus bicolor,1,
Phoenicurus coeruleocephala,1,
Phoenicurus erythrogastrus,1,
Phoenicurus erythronotus,1,
Phoenicurus frontalis,1,
Phoenicurus fuliginosus,1,
Phoenicurus hodgsoni,1,
Phoenicurus leucocephalus,1,
Phoenicurus moussieri,1,
Phoenicurus ochruros,1,
Phoenicurus phoenicurus,1,
Phoenicurus schisticeps,1,
Monticola angolensis,0,
Monticola brevipes,0,
Monticola cinclorhyncha,0,
Monticola erythronotus,0,
Monticola explorator,0,
Monticola gularis,1,
Monticola imerina,0,
Monticola rufiventris,1,
Monticola rufocinereus,0,
Monticola rupestris,0,
Monticola saxatilis,1,
Monticola semirufus,1,
Monticola sharpei,0,
Monticola solitarius,1,
Saxicola caprata,1,
Saxicola dacotiae,1,
Saxicola ferreus,1,
Saxicola gutturalis,1,
Saxicola insignis,1,
Saxicola jerdoni,1,
Saxicola leucurus,1,
Saxicola macrorhynchus,1,
Saxicola maurus,1,
Saxicola rubetra,1,
Saxicola rubicola,1,
Saxicola tectes,1,
Saxicola torquatus,1,
Campicoloides bifasciatus,1,
Emarginata schlegelii,1,
Emarginata sinuata,1,
Emarginata tractrac,1,
Pinarochroa sordida,0,
Thamnolaea cinnamomeiventris,1,
Myrmecocichla aethiops,1,
Myrmecocichla arnotti,1,
Myrmecocichla formicivora,1,
Myrmecocichla melaena,1,
Myrmecocichla monticola,1,
Myrmecocichla nigra,1,
Myrmecocichla tholloni,1,
Oenanthe albifrons,1,
Oenanthe albonigra,1,
Oenanthe bottae,1,
Oenanthe chrysopygia,1,
Oenanthe cypriaca,1,
Oenanthe deserti,1,
Oenanthe dubia,1,
Oenanthe familiaris,1,
Oenanthe finschii,1,
Oenanthe frenata,0,
Oenanthe fusca,1,
Oenanthe heuglinii,1,
Oenanthe hispanica,1,
Oenanthe isabellina,1,
Oenanthe leucopyga,1,
Oenanthe leucura,1,
Oenanthe lugens,0,
Oenanthe lugentoides,1,
Oenanthe lugubris,1,
Oenanthe melanoleuca,1,
Oenanthe melanura,1,
Oenanthe moesta,1,
Oenanthe monacha,1,
Oenanthe oenanthe,1,
Oenanthe phillipsi,1,
Oenanthe picata,1,
Oenanthe pileata,1,
Oenanthe pleschanka,1,
Oenanthe scotocerca,1,
Oenanthe seebohmi,0,
Oenanthe xanthoprymna,1,
Promerops cafer,0,
Promerops gurneyi,0,
Modulatrix stictigula,0,
Kakamega poliothorax,0,
Arcanator orostruthus,0,
Prionochilus maculatus,1,
Prionochilus percussus,1,
Prionochilus plateni,0,
Prionochilus thoracicus,1,
Prionochilus xanthopygius,0,
Pachyglossa agilis,0,
Pachyglossa chrysorrhea,0,
Pachyglossa everetti,0,
Pachyglossa melanozantha,0,
Pachyglossa olivacea,0,
Pachyglossa propria,0,
Pachyglossa vincens,0,
Dicaeum aeneum,0,
Dicaeum annae,0,
Dicaeum anthonyi,0,
Dicaeum aureolimbatum,0,
Dicaeum australe,0,
Dicaeum beccarii,0,
Dicaeum bicolor,0,
Dicaeum cambodianum,0,
Dicaeum celebicum,0,
Dicaeum concolor,0,
Dicaeum cruentatum,0,
Dicaeum dayakorum,0,
Dicaeum erythrorhynchos,0,
Dicaeum erythrothorax,0,
Dicaeum eximium,0,
Dicaeum geelvinkianum,0,
Dicaeum haematostictum,0,
Dicaeum hanieli,0,
Dicaeum hirundinaceum,0,
Dicaeum hypoleucum,0,
Dicaeum igniferum,0,
Dicaeum ignipectus,0,
Dicaeum kampalili,0,
Dicaeum keiense,0,
Dicaeum luzoniense,0,
Dicaeum maugei,0,
Dicaeum minullum,0,
Dicaeum monticolum,0,
Dicaeum nehrkorni,0,
Dicaeum nigrilore,0,
Dicaeum nitidum,0,
Dicaeum pectorale,0,
Dicaeum pygmaeum,0,
Dicaeum quadricolor,0,
Dicaeum retrocinctum,0,
Dicaeum rhodopygiale,0,
Dicaeum sanguinolentum,0,
Dicaeum schistaceiceps,0,
Dicaeum trigonostigma,0,
Dicaeum tristrami,0,
Dicaeum trochileum,0,
Dicaeum virescens,0,
Dicaeum vulneratum,0,
Dicaeum wilhelminae,0,
Kurochkinegramma hypogrammicum,0,
Arachnothera affinis,0,
Arachnothera chrysogenys,0,
Arachnothera clarae,0,
Arachnothera crassirostris,0,
Arachnothera dilutior,0,
Arachnothera everetti,0,
Arachnothera flammifera,0,
Arachnothera flavigaster,0,
Arachnothera juliae,0,
Arachnothera longirostra,0,
Arachnothera magna,0,
Arachnothera modesta,0,
Arachnothera robusta,0,
Chalcoparia singalensis,0,
Anthreptes anchietae,0,
Anthreptes aurantius,0,
Anthreptes gabonicus,0,
Anthreptes griseigularis,1,
Anthreptes longuemarei,0,
Anthreptes malacensis,1,
Anthreptes neglectus,0,
Anthreptes orientalis,0,
Anthreptes rectirostris,0,
Anthreptes reichenowi,0,
Anthreptes rhodolaemus,1,
Anthreptes rubritorques,0,
Anthreptes seimundi,0,
Anthreptes simplex,1,
Anthreptes tephrolaemus,0,
Leptocoma aspasia,0,
Leptocoma brasiliana,0,
Leptocoma calcostetha,0,
Leptocoma minima,0,
Leptocoma sperata,0,
Leptocoma zeylonica,0,
Aethopyga bella,0,
Aethopyga boltoni,0,
Aethopyga christinae,0,
Aethopyga duyvenbodei,0,
Aethopyga eximia,0,
Aethopyga flagrans,0,
Aethopyga gouldiae,0,
Aethopyga guimarasensis,0,
Aethopyga ignicauda,0,
Aethopyga linaraborae,0,
Aethopyga magnifica,0,
Aethopyga mystacalis,0,
Aethopyga nipalensis,0,
Aethopyga primigenia,0,
Aethopyga pulcherrima,0,
Aethopyga saturata,0,
Aethopyga shelleyi,0,
Aethopyga siparaja,0,
Aethopyga temminckii,0,
Aethopyga tibolii,0,
Aethopyga vigorsii,0,
Hedydipna collaris,0,
Hedydipna metallica,0,
Hedydipna pallidigaster,0,
Hedydipna platura,0,
Anabathmis hartlaubii,0,
Anabathmis newtonii,0,
Anabathmis reichenbachii,0,
Anthobaphes violacea,0,
Cyanomitra alinae,0,
Cyanomitra bannermani,0,
Cyanomitra cyanolaema,0,
Cyanomitra olivacea,0,
Cyanomitra oritis,0,
Cyanomitra veroxii,0,
Cyanomitra verticalis,0,
Deleornis axillaris,0,
Deleornis fraseri,0,
Dreptes thomensis,0,
Nectarinia bocagii,0,
Nectarinia famosa,0,
Nectarinia johnstoni,0,
Nectarinia kilimensis,0,
Nectarinia purpureiventris,0,
Nectarinia tacazze,0,
Drepanorhynchus reichenowi,0,
Chalcomitra adelberti,0,
Chalcomitra amethystina,0,
Chalcomitra balfouri,0,
Chalcomitra fuliginosa,0,
Chalcomitra hunteri,0,
Chalcomitra rubescens,0,
Chalcomitra senegalensis,0,
Cinnyris afer,0,
Cinnyris asiaticus,0,
Cinnyris aurora,0,
Cinnyris batesi,0,
Cinnyris bifasciatus,0,
Cinnyris bouvieri,0,
Cinnyris buettikoferi,0,
Cinnyris chalcomelas,0,
Cinnyris chalybeus,0,
Cinnyris chloropygius,0,
Cinnyris clementiae,0,
Cinnyris coccinigastrus,0,
Cinnyris comorensis,1,
Cinnyris congensis,0,
Cinnyris coquerellii,1,
Cinnyris cupreus,0,
Cinnyris dussumieri,0,
Cinnyris erythrocercus,0,
Cinnyris frenatus,0,
Cinnyris fuelleborni,0,
Cinnyris fuscus,0,
Cinnyris gertrudis,0,
Cinnyris habessinicus,0,
Cinnyris hellmayri,0,
Cinnyris humbloti,1,
Cinnyris idenburgi,0,
Cinnyris infrenatus,0,
Cinnyris johannae,0,
Cinnyris jugularis,0,
Cinnyris lotenius,0,
Cinnyris loveridgei,0,
Cinnyris ludovicensis,0,
Cinnyris manoensis,0,
Cinnyris mariquensis,0,
Cinnyris mediocris,0,
Cinnyris melanogastrus,0,
Cinnyris minullus,0,
Cinnyris moreaui,0,
Cinnyris nectarinioides,0,
Cinnyris neergaardi,0,
Cinnyris notatus,1,
Cinnyris ornatus,0,
Cinnyris osea,0,
Cinnyris oustaleti,0,
Cinnyris pembae,0,
Cinnyris prigoginei,0,
Cinnyris pulchellus,0,
Cinnyris regius,0,
Cinnyris reichenowi,0,
Cinnyris rockefelleri,0,
Cinnyris rufipennis,0,
Cinnyris shelleyi,0,
Cinnyris solaris,0,
Cinnyris sovimanga,1,
Cinnyris stuhlmanni,0,
Cinnyris superbus,0,
Cinnyris talatala,0,
Cinnyris teysmanni,0,
Cinnyris tsavoensis,0,
Cinnyris ursulae,0,
Cinnyris usambaricus,0,
Cinnyris venustus,0,
Chloropsis aurifrons,0,
Chloropsis cochinchinensis,0,
Chloropsis cyanopogon,0,
Chloropsis flavipennis,0,
Chloropsis hardwickii,0,
Chloropsis jerdoni,0,
Chloropsis kinabaluensis,0,
Chloropsis media,0,
Chloropsis moluccensis,0,
Chloropsis palawanensis,0,
Chloropsis sonnerati,0,
Chloropsis venusta,0,
Irena cyanogastra,0,
Irena puella,0,
Irena tweeddalii,0,
Peucedramus taeniatus,0,
Urocynchramus pylzowi,0,
Amblyospiza albifrons,0,
Histurgops ruficauda,0,
Sporopipes frontalis,0,
Sporopipes squamifrons,0,
Philetairus socius,0,
Pseudonigrita arnaudi,0,
Pseudonigrita cabanisi,0,
Plocepasser donaldsoni,0,
Plocepasser mahali,0,
Plocepasser rufoscapulatus,0,
Plocepasser superciliosus,0,
Dinemellia dinemelli,0,
Bubalornis albirostris,0,
Bubalornis niger,0,
Ploceus albinucha,0,
Ploceus alienus,0,
Ploceus angolensis,0,
Ploceus aurantius,0,
Ploceus aureonucha,0,
Ploceus badius,1,
Ploceus baglafecht,0,
Ploceus bannermani,0,
Ploceus batesi,0,
Ploceus benghalensis,0,
Ploceus bertrandi,0,
Ploceus bicolor,0,
Ploceus bojeri,0,
Ploceus brachypterus,0,
Ploceus burnieri,0,
Ploceus capensis,0,
Ploceus castaneiceps,0,
Ploceus castaneofuscus,0,
Ploceus castanops,0,
Ploceus cucullatus,0,
Ploceus dichrocephalus,0,
Ploceus dorsomaculatus,0,
Ploceus flavipes,0,
Ploceus galbula,0,
Ploceus golandi,0,
Ploceus grandis,0,
Ploceus heuglini,0,
Ploceus holoxanthus,0,
Ploceus hypoxanthus,1,
Ploceus insignis,0,
Ploceus intermedius,1,
Ploceus jacksoni,1,
Ploceus katangae,0,
Ploceus luteolus,0,
Ploceus manyar,1,
Ploceus megarhynchus,0,
Ploceus melanocephalus,1,
Ploceus melanogaster,0,
Ploceus nelicourvi,0,
Ploceus nicolli,0,
Ploceus nigerrimus,0,
Ploceus nigricollis,0,
Ploceus nigrimentus,0,
Ploceus ocularis,0,
Ploceus olivaceiceps,0,
Ploceus pelzelni,0,
Ploceus philippinus,1,
Ploceus preussi,0,
Ploceus princeps,0,
Ploceus reichardi,0,
Ploceus rubiginosus,0,
Ploceus ruweti,0,
Ploceus sakalava,0,
Ploceus sanctithomae,0,
Ploceus spekei,0,
Ploceus spekeoides,0,
Ploceus subaureus,0,
Ploceus subpersonatus,0,
Ploceus taeniopterus,0,
Ploceus temporalis,0,
Ploceus tricolor,0,
Ploceus velatus,0,
Ploceus vitellinus,0,
Ploceus weynsi,0,
Ploceus xanthops,0,
Ploceus xanthopterus,0,
Pachyphantes superciliosus,0,
Quelea cardinalis,0,
Quelea erythrops,0,
Quelea quelea,0,
Foudia aldabrana,0,
Foudia eminentissima,1,
Foudia flavicans,0,
Foudia madagascariensis,1,
Foudia omissa,0,
Foudia rubra,0,
Foudia sechellarum,0,
Brachycope anomala,0,
Euplectes afer,1,
Euplectes albonotatus,0,
Euplectes ardens,0,
Euplectes aureus,0,
Euplectes axillaris,0,
Euplectes capensis,0,
Euplectes diadematus,0,
Euplectes franciscanus,1,
Euplectes gierowii,0,
Euplectes hartlaubi,0,
Euplectes hordeaceus,0,
Euplectes jacksoni,0,
Euplectes laticauda,0,
Euplectes macroura,0,
Euplectes nigroventris,0,
Euplectes orix,0,
Euplectes progne,1,
Euplectes psammacromius,0,
Anaplectes jubaensis,0,
Anaplectes rubriceps,0,
Malimbus ballmanni,0,
Malimbus cassini,0,
Malimbus coronatus,0,
Malimbus erythrogaster,0,
Malimbus ibadanensis,0,
Malimbus malimbicus,0,
Malimbus nitens,0,
Malimbus racheliae,0,
Malimbus rubricollis,0,
Malimbus scutatus,0,
Anomalospiza imberbis,0,
Vidua camerunensis,0,
Vidua chalybeata,0,
Vidua codringtoni,0,
Vidua fischeri,0,
Vidua funerea,1,
Vidua hypocherina,0,
Vidua interjecta,0,
Vidua larvaticola,0,
Vidua macroura,1,
Vidua maryae,0,
Vidua nigeriae,0,
Vidua obtusa,0,
Vidua orientalis,0,
Vidua paradisaea,0,
Vidua purpurascens,0,
Vidua raricola,0,
Vidua regia,0,
Vidua togoensis,0,
Vidua wilsoni,0,
Heteromunia pectoralis,0,
Oreostruthus fuliginosus,0,
Stagonopleura bella,0,
Stagonopleura guttata,0,
Stagonopleura oculata,0,
Neochmia phaeton,0,
Neochmia temporalis,0,
Emblema modestum,0,
Emblema pictum,0,
Emblema ruficauda,0,
Stizoptera bichenovii,0,
Taeniopygia guttata,1,
Poephila acuticauda,0,
Poephila cincta,0,
Poephila personata,0,
Spermestes bicolor,0,
Spermestes cucullata,1,
Spermestes fringilloides,0,
Spermestes griseicapilla,0,
Lepidopygia nana,0,
Euodice cantans,1,
Euodice malabarica,1,
Padda fuscata,0,
Padda oryzivora,1,
Mayrimunia leucosticta,0,
Mayrimunia tristissima,0,
Lonchura atricapilla,1,
Lonchura caniceps,0,
Lonchura castaneothorax,1,
Lonchura ferruginosa,0,
Lonchura flaviprymna,0,
Lonchura forbesi,0,
Lonchura fuscans,0,
Lonchura grandis,0,
Lonchura hunsteini,0,
Lonchura kelaarti,0,
Lonchura leucogastra,1,
Lonchura leucogastroides,1,
Lonchura maja,1,
Lonchura malacca,1,
Lonchura melaena,0,
Lonchura molucca,0,
Lonchura montana,0,
Lonchura monticola,0,
Lonchura nevermanni,0,
Lonchura nigerrima,0,
Lonchura pallida,0,
Lonchura punctulata,1,
Lonchura quinticolor,0,
Lonchura spectabilis,1,
Lonchura striata,1,
Lonchura stygia,0,
Lonchura teerinki,0,
Lonchura vana,1,
Chloebia gouldiae,0,
Erythrura coloria,0,
Erythrura cyaneovirens,1,
Erythrura hyperythra,1,
Erythrura kleinschmidti,0,
Erythrura papuana,1,
Erythrura pealii,0,
Erythrura prasina,1,
Erythrura psittacea,0,
Erythrura trichroa,1,
Erythrura tricolor,0,
Erythrura viridifacies,0,
Nesocharis ansorgei,0,
Nesocharis shelleyi,0,
Coccopygia bocagei,0,
Coccopygia melanotis,0,
Coccopygia quartinia,0,
Mandingoa nitidula,0,
Cryptospiza jacksoni,0,
Cryptospiza reichenovii,0,
Cryptospiza salvadorii,0,
Cryptospiza shelleyi,0,
Parmoptila jamesoni,0,
Parmoptila rubrifrons,0,
Parmoptila woodhousei,0,
Nigrita bicolor,0,
Nigrita canicapillus,0,
Nigrita fusconotus,0,
Nigrita luteifrons,0,
Delacourella capistrata,0,
Brunhilda charmosyna,0,
Brunhilda erythronotos,0,
Glaucestrilda caerulescens,1,
Glaucestrilda perreini,0,
Glaucestrilda thomensis,0,
Estrilda astrild,1,
Estrilda atricapilla,0,
Estrilda kandti,0,
Estrilda melpoda,1,
Estrilda nigriloris,0,
Estrilda nonnula,0,
Estrilda paludicola,0,
Estrilda poliopareia,0,
Estrilda rhodopyga,0,
Estrilda rufibarba,0,
Estrilda troglodytes,1,
Paludipasser locustella,0,
Ortygospiza atricollis,0,
Amadina erythrocephala,0,
Amadina fasciata,0,
Amandava amandava,1,
Amandava formosa,0,
Amandava subflava,0,
Granatina granatina,0,
Granatina ianthinogaster,0,
Uraeginthus angolensis,0,
Uraeginthus bengalus,0,
Uraeginthus cyanocephalus,0,
Pyrenestes minor,0,
Pyrenestes ostrinus,0,
Pyrenestes sanguineus,0,
Spermophaga haematina,0,
Spermophaga poliogenys,0,
Spermophaga ruficapilla,0,
Pytilia afra,0,
Pytilia hypogrammica,0,
Pytilia lineata,0,
Pytilia melba,0,
Pytilia phoenicoptera,0,
Hypargos margaritatus,0,
Hypargos niveoguttatus,0,
Euschistospiza cinereovinacea,0,
Euschistospiza dybowskii,0,
Clytospiza monteiri,0,
Lagonosticta larvata,0,
Lagonosticta nitidula,0,
Lagonosticta rara,0,
Lagonosticta rhodopareia,0,
Lagonosticta rubricata,0,
Lagonosticta rufopicta,0,
Lagonosticta sanguinodorsalis,0,
Lagonosticta senegala,0,
Lagonosticta umbrinodorsalis,0,
Lagonosticta virata,0,
Prunella atrogularis,1,
Prunella collaris,0,
Prunella fulvescens,0,
Prunella himalayana,0,
Prunella immaculata,1,
Prunella koslowi,0,
Prunella modularis,1,
Prunella montanella,1,
Prunella ocularis,1,
Prunella rubeculoides,0,
Prunella rubida,0,
Prunella strophiata,1,
Hypocryptadius cinnamomeus,0,
Petronia petronia,1,
Montifringilla adamsi,0,
Montifringilla henrici,0,
Montifringilla nivalis,1,
Onychostruthus taczanowskii,0,
Pyrgilauda blanfordi,0,
Pyrgilauda davidiana,0,
Pyrgilauda ruficollis,0,
Pyrgilauda theresae,0,
Carpospiza brachydactyla,0,
Gymnoris dentata,0,
Gymnoris pyrgita,0,
Gymnoris superciliaris,0,
Gymnoris xanthocollis,0,
Passer ammodendri,0,
Passer castanopterus,0,
Passer cinnamomeus,1,
Passer cordofanicus,0,
Passer diffusus,0,
Passer domesticus,1,
Passer eminibey,0,
Passer euchlorus,0,
Passer flaveolus,1,
Passer gongonensis,0,
Passer griseus,0,
Passer hemileucus,0,
Passer hispaniolensis,1,
Passer iagoensis,0,
Passer insularis,0,
Passer italiae,1,
Passer luteus,1,
Passer melanurus,0,
Passer moabiticus,1,
Passer montanus,1,
Passer motitensis,0,
Passer pyrrhonotus,0,
Passer rufocinctus,0,
Passer shelleyi,0,
Passer simplex,0,
Passer suahelicus,0,
Passer swainsonii,0,
Passer zarudnyi,0,
Dendronanthus indicus,1,
Motacilla aguimp,0,
Motacilla alba,1,
Motacilla bocagii,0,
Motacilla capensis,0,
Motacilla cinerea,1,
Motacilla citreola,1,
Motacilla clara,0,
Motacilla flava,1,
Motacilla flaviventris,0,
Motacilla grandis,1,
Motacilla maderaspatensis,0,
Motacilla samveasnae,0,
Motacilla tschutschensis,1,
Tmetothylacus tenellus,0,
Hemimacronyx chloris,0,
Macronyx ameliae,0,
Macronyx aurantiigula,0,
Macronyx capensis,0,
Macronyx croceus,0,
Macronyx flavicollis,0,
Macronyx fuelleborni,0,
Macronyx grimwoodi,0,
Macronyx sharpei,0,
Anthus antarcticus,1,
Anthus australis,0,
Anthus berthelotii,1,
Anthus bogotensis,0,
Anthus brachyurus,0,
Anthus brevirostris,0,
Anthus caffer,0,
Anthus campestris,1,
Anthus cervinus,1,
Anthus chacoensis,0,
Anthus chii,0,
Anthus cinnamomeus,0,
Anthus correndera,0,
Anthus crenatus,0,
Anthus furcatus,0,
Anthus godlewskii,1,
Anthus gustavi,1,
Anthus gutturalis,1,
Anthus hellmayri,0,
Anthus hodgsoni,1,
Anthus hoeschi,0,
Anthus japonicus,1,
Anthus leucophrys,0,
Anthus lineiventris,0,
Anthus melindae,0,
Anthus nattereri,0,
Anthus nicholsoni,0,
Anthus nilghiriensis,0,
Anthus novaeseelandiae,0,
Anthus nyassae,0,
Anthus pallidiventris,0,
Anthus peruvianus,0,
Anthus petrosus,1,
Anthus pratensis,1,
Anthus richardi,1,
Anthus roseatus,1,
Anthus rubescens,1,
Anthus ruficollis,1,
Anthus rufulus,1,
Anthus similis,1,
Anthus sokokensis,0,
Anthus spinoletta,1,
Anthus spragueii,1,
Anthus sylvanus,1,
Anthus trivialis,1,
Anthus vaalensis,0,
Fringilla canariensis,0,
Fringilla coelebs,1,
Fringilla maderensis,0,
Fringilla montifringilla,1,
Fringilla moreletti,0,
Fringilla polatzeki,1,
Fringilla spodiogenys,0,
Fringilla teydea,1,
Chlorophonia callophrys,0,
Chlorophonia cyanea,0,
Chlorophonia cyanocephala,0,
Chlorophonia elegantissima,0,
Chlorophonia flavifrons,0,
Chlorophonia flavirostris,0,
Chlorophonia musica,0,
Chlorophonia occipitalis,0,
Chlorophonia pyrrhophrys,0,
Chlorophonia sclateri,0,
Euphonia affinis,0,
Euphonia anneae,0,
Euphonia cayennensis,0,
Euphonia chalybea,0,
Euphonia chlorotica,0,
Euphonia chrysopasta,0,
Euphonia concinna,0,
Euphonia finschi,0,
Euphonia fulvicrissa,0,
Euphonia godmani,0,
Euphonia gouldi,0,
Euphonia hirundinacea,0,
Euphonia imitans,0,
Euphonia jamaica,0,
Euphonia laniirostris,0,
Euphonia luteicapilla,0,
Euphonia mesochrysa,0,
Euphonia minuta,0,
Euphonia pectoralis,0,
Euphonia plumbea,0,
Euphonia rufiventris,0,
Euphonia saturata,0,
Euphonia trinitatis,0,
Euphonia violacea,0,
Euphonia xanthogaster,0,
Mycerobas affinis,1,
Mycerobas carnipes,1,
Mycerobas icterioides,0,
Mycerobas melanozanthos,1,
Hesperiphona abeillei,0,
Hesperiphona vespertina,1,
Coccothraustes coccothraustes,1,
Eophona migratoria,1,
Eophona personata,1,
Carpodacus davidianus,0,
Carpodacus dubius,0,
Carpodacus edwardsii,1,
Carpodacus erythrinus,1,
Carpodacus ferreorostris,0,
Carpodacus formosanus,0,
Carpodacus grandis,0,
Carpodacus pulcherrimus,0,
Carpodacus puniceus,1,
Carpodacus rhodochlamys,0,
Carpodacus roborowskii,0,
Carpodacus rodochroa,0,
Carpodacus rodopeplus,0,
Carpodacus roseus,1,
Carpodacus rubicilla,1,
Carpodacus rubicilloides,0,
Carpodacus sibiricus,1,
Carpodacus sillemi,0,
Carpodacus sipahi,1,
Carpodacus stoliczkae,0,
Carpodacus subhimachalus,1,
Carpodacus synoicus,0,
Carpodacus thura,0,
Carpodacus trifasciatus,0,
Carpodacus verreauxii,1,
Carpodacus vinaceus,1,
Carpodacus waltoni,1,
Melamprosops phaeosoma,1,
Oreomystis bairdi,0,
Paroreomyza flammea,1,
Paroreomyza maculata,1,
Paroreomyza montana,1,
Loxioides bailleui,1,
Telespiza cantans,1,
Telespiza ultima,1,
Chloridops kona,1,
Rhodacanthis flaviceps,1,
Rhodacanthis palmeri,1,
Ciridops anna,1,
Akialoa ellisiana,1,
Akialoa lanaiensis,1,
Akialoa obscura,1,
Akialoa stejnegeri,1,
Palmeria dolei,0,
Himatione fraithii,1,
Himatione sanguinea,0,
Drepanis coccinea,0,
Drepanis funerea,1,
Drepanis pacifica,1,
Psittirostra psittacea,1,
Dysmorodrepanis munroi,1,
Pseudonestor xanthophrys,1,
Hemignathus affinis,1,
Hemignathus hanapepe,1,
Hemignathus lucidus,1,
Hemignathus wilsoni,1,
Magumma parva,1,
Chlorodrepanis flava,1,
Chlorodrepanis stejnegeri,1,
Chlorodrepanis virens,1,
Viridonia sagittirostris,1,
Loxops caeruleirostris,1,
Loxops coccineus,1,
Loxops mana,1,
Loxops ochraceus,1,
Loxops wolstenholmei,1,
Pinicola enucleator,1,
Pyrrhula aurantiaca,0,
Pyrrhula erythaca,1,
Pyrrhula erythrocephala,0,
Pyrrhula leucogenis,0,
Pyrrhula murina,1,
Pyrrhula nipalensis,1,
Pyrrhula owstoni,1,
Pyrrhula pyrrhula,1,
Rhodopechys sanguineus,1,
Bucanetes githagineus,1,
Bucanetes mongolicus,1,
Agraphospiza rubescens,0,
Pyrrhoplectes epauletta,1,
Callacanthis burtoni,0,
Procarduelis nipalensis,1,
Leucosticte arctoa,1,
Leucosticte atrata,1,
Leucosticte australis,1,
Leucosticte brandti,0,
Leucosticte nemoricola,1,
Leucosticte tephrocotis,1,
Haemorhous cassinii,1,
Haemorhous mexicanus,1,
Haemorhous purpureus,1,
Rhodospiza obsoleta,0,
Rhynchostruthus louisae,0,
Rhynchostruthus percivali,0,
Rhynchostruthus socotranus,0,
Chloris ambigua,1,
Chloris chloris,1,
Chloris monguilloti,1,
Chloris sinica,1,
Chloris spinoides,1,
Linurgus olivaceus,0,
Crithagra albogularis,0,
Crithagra ankoberensis,0,
Crithagra atrogularis,1,
Crithagra buchanani,0,
Crithagra burtoni,0,
Crithagra canicapilla,0,
Crithagra capistrata,0,
Crithagra citrinelloides,0,
Crithagra citrinipectus,0,
Crithagra concolor,0,
Crithagra donaldsoni,0,
Crithagra dorsostriata,0,
Crithagra flavigula,0,
Crithagra flaviventris,1,
Crithagra frontalis,0,
Crithagra gularis,0,
Crithagra hyposticta,0,
Crithagra koliensis,0,
Crithagra leucoptera,0,
Crithagra leucopygia,0,
Crithagra melanochroa,0,
Crithagra menachensis,0,
Crithagra mennelli,0,
Crithagra mozambica,1,
Crithagra reichardi,0,
Crithagra reichenowi,0,
Crithagra rothschildi,0,
Crithagra rufobrunnea,0,
Crithagra scotops,0,
Crithagra striatipectus,0,
Crithagra striolata,0,
Crithagra sulphurata,0,
Crithagra symonsi,1,
Crithagra totta,1,
Crithagra tristriata,0,
Crithagra whytii,0,
Crithagra xantholaema,0,
Crithagra xanthopygia,0,
Linaria cannabina,1,
Linaria flavirostris,1,
Linaria johannis,0,
Linaria yemenensis,0,
Acanthis flammea,1,
Loxia curvirostra,1,
Loxia leucoptera,1,
Loxia megaplaga,0,
Loxia pytyopsittacus,1,
Loxia scotica,1,
Loxia sinesciuris,0,
Chrysocorythus estherae,0,
Chrysocorythus mindanensis,0,
Carduelis caniceps,1,
Carduelis carduelis,1,
Carduelis citrinella,1,
Carduelis corsicana,1,
Serinus alario,0,
Serinus canaria,1,
Serinus canicollis,1,
Serinus flavivertex,0,
Serinus nigriceps,0,
Serinus pusillus,1,
Serinus serinus,1,
Serinus syriacus,0,
Spinus atratus,0,
Spinus atriceps,0,
Spinus barbatus,0,
Spinus crassirostris,0,
Spinus cucullatus,0,
Spinus dominicensis,0,
Spinus lawrencei,1,
Spinus magellanicus,0,
Spinus notatus,0,
Spinus olivaceus,0,
Spinus pinus,1,
Spinus psaltria,1,
Spinus siemiradzkii,0,
Spinus spinescens,0,
Spinus spinus,1,
Spinus thibetanus,1,
Spinus tristis,1,
Spinus uropygialis,0,
Spinus xanthogastrus,0,
Spinus yarrellii,0,
Rhodinocichla rosea,0,
Rhynchophanes mccownii,1,
Plectrophenax hyperboreus,1,
Plectrophenax nivalis,1,
Calcarius lapponicus,1,
Calcarius ornatus,1,
Calcarius pictus,1,
Emberiza affinis,1,
Emberiza aureola,1,
Emberiza bruniceps,1,
Emberiza buchanani,1,
Emberiza cabanisi,1,
Emberiza caesia,1,
Emberiza calandra,1,
Emberiza capensis,1,
Emberiza chrysophrys,1,
Emberiza cia,1,
Emberiza cineracea,1,
Emberiza cioides,1,
Emberiza cirlus,1,
Emberiza citrinella,1,
Emberiza elegans,1,
Emberiza flaviventris,1,
Emberiza fucata,1,
Emberiza godlewskii,1,
Emberiza goslingi,0,
Emberiza hortulana,1,
Emberiza impetuani,1,
Emberiza jankowskii,1,
Emberiza koslowi,1,
Emberiza lathami,1,
Emberiza leucocephalos,1,
Emberiza melanocephala,1,
Emberiza pallasi,1,
Emberiza personata,1,
Emberiza poliopleura,1,
Emberiza pusilla,1,
Emberiza rustica,1,
Emberiza rutila,1,
Emberiza sahari,1,
Emberiza schoeniclus,1,
Emberiza siemsseni,1,
Emberiza socotrana,1,
Emberiza spodocephala,1,
Emberiza stewarti,1,
Emberiza striolata,1,
Emberiza sulphurata,1,
Emberiza tahapisi,1,
Emberiza tristrami,1,
Emberiza variabilis,1,
Emberiza yessoensis,1,
Amphispizopsis quinquestriata,1,
Amphispiza bilineata,1,
Calamospiza melanocorys,1,
Chondestes grammacus,1,
Spizella atrogularis,1,
Spizella breweri,1,
Spizella pallida,1,
Spizella passerina,1,
Spizella pusilla,1,
Spizella wortheni,1,
Oreothraupis arremonops,0,
Chlorospingus canigularis,0,
Chlorospingus flavigularis,0,
Chlorospingus flavopectus,0,
Chlorospingus inornatus,0,
Chlorospingus parvirostris,0,
Chlorospingus pileatus,0,
Chlorospingus semifuscus,0,
Chlorospingus tacarcunae,0,
Ammodramus aurifrons,1,
Ammodramus humeralis,1,
Ammodramus savannarum,1,
Rhynchospiza dabbenei,1,
Rhynchospiza stolzmanni,1,
Rhynchospiza strigiceps,1,
Arremonops chloronotus,1,
Arremonops conirostris,1,
Arremonops rufivirgatus,1,
Arremonops tocuyensis,1,
Peucaea aestivalis,1,
Peucaea botterii,1,
Peucaea carpalis,1,
Peucaea cassinii,1,
Peucaea humeralis,1,
Peucaea mystacalis,1,
Peucaea ruficauda,1,
Peucaea sumichrasti,1,
Arremon abeillei,1,
Arremon assimilis,0,
Arremon atricapillus,1,
Arremon aurantiirostris,1,
Arremon axillaris,0,
Arremon basilicus,0,
Arremon brunneinucha,1,
Arremon castaneiceps,0,
Arremon costaricensis,0,
Arremon crassirostris,1,
Arremon dorbignii,0,
Arremon flavirostris,0,
Arremon franciscanus,0,
Arremon nigriceps,0,
Arremon perijanus,0,
Arremon phaeopleurus,0,
Arremon phygas,0,
Arremon schlegeli,0,
Arremon semitorquatus,0,
Arremon taciturnus,1,
Arremon torquatus,0,
Arremon virenticeps,0,
Spizelloides arborea,1,
Passerella iliaca,1,
Junco bairdi,0,
Junco hyemalis,1,
Junco insularis,0,
Junco phaeonotus,1,
Junco vulcani,1,
Zonotrichia albicollis,1,
Zonotrichia atricapilla,1,
Zonotrichia capensis,1,
Zonotrichia leucophrys,1,
Zonotrichia querula,1,
Pooecetes gramineus,1,
Artemisiospiza belli,1,
Artemisiospiza nevadensis,1,
Oriturus superciliosus,1,
Ammospiza caudacuta,1,
Ammospiza leconteii,1,
Ammospiza maritima,1,
Ammospiza nelsoni,1,
Passerculus sandwichensis,1,
Centronyx bairdii,1,
Centronyx henslowii,1,
Xenospiza baileyi,1,
Melospiza georgiana,1,
Melospiza lincolnii,1,
Melospiza melodia,1,
Aimophila notosticta,1,
Aimophila rufescens,1,
Aimophila ruficeps,1,
Melozone aberti,1,
Melozone albicollis,1,
Melozone biarcuata,1,
Melozone cabanisi,1,
Melozone crissalis,1,
Melozone fusca,1,
Melozone kieneri,1,
Melozone leucotis,1,
Melozone occipitalis,1,
Pezopetes capitalis,0,
Torreornis inexpectata,1,
Pipilo chlorurus,1,
Pipilo erythrophthalmus,1,
Pipilo maculatus,1,
Pipilo naufragus,1,
Pipilo ocai,1,
Atlapetes albiceps,0,
Atlapetes albinucha,0,
Atlapetes albofrenatus,0,
Atlapetes blancae,0,
Atlapetes canigenis,0,
Atlapetes citrinellus,0,
Atlapetes crassus,0,
Atlapetes flaviceps,0,
Atlapetes forbesi,0,
Atlapetes fulviceps,0,
Atlapetes fuscoolivaceus,0,
Atlapetes latinuchus,0,
Atlapetes leucopis,0,
Atlapetes leucopterus,0,
Atlapetes luteoviridis,0,
Atlapetes melanocephalus,0,
Atlapetes melanolaemus,0,
Atlapetes melanopsis,0,
Atlapetes nationi,0,
Atlapetes nigrifrons,0,
Atlapetes pallidiceps,0,
Atlapetes pallidinucha,0,
Atlapetes personatus,0,
Atlapetes pileatus,0,
Atlapetes rufigenis,0,
Atlapetes rufinucha,0,
Atlapetes schistaceus,0,
Atlapetes seebohmi,0,
Atlapetes semirufus,0,
Atlapetes taczanowskii,0,
Atlapetes terborghi,0,
Atlapetes tibialis,0,
Atlapetes tricolor,0,
Calyptophilus frugivorus,0,
Calyptophilus tertius,0,
Zeledonia coronata,0,
Xenoligea montana,0,
Microligea palustris,0,
Phaenicophilus palmarum,0,
Phaenicophilus poliocephalus,0,
Nesospingus speculiferus,0,
Spindalis dominicensis,0,
Spindalis nigricephala,0,
Spindalis portoricensis,0,
Spindalis zena,1,
Teretistris fernandinae,0,
Teretistris fornsi,0,
Icteria virens,1,
Xanthocephalus xanthocephalus,1,
Dolichonyx oryzivorus,1,
Sturnella lilianae,1,
Sturnella magna,1,
Sturnella neglecta,1,
Leistes bellicosus,0,
Leistes defilippii,0,
Leistes loyca,1,
Leistes militaris,0,
Leistes superciliaris,0,
Amblycercus holosericeus,0,
Cassiculus melanicterus,0,
Psarocolius angustifrons,0,
Psarocolius atrovirens,0,
Psarocolius bifasciatus,0,
Psarocolius cassini,0,
Psarocolius decumanus,0,
Psarocolius guatimozinus,0,
Psarocolius montezuma,0,
Psarocolius viridis,0,
Psarocolius wagleri,0,
Cacicus cela,0,
Cacicus chrysonotus,0,
Cacicus chrysopterus,0,
Cacicus haemorrhous,0,
Cacicus koepckeae,0,
Cacicus latirostris,0,
Cacicus oseryi,0,
Cacicus sclateri,0,
Cacicus solitarius,0,
Cacicus uropygialis,0,
Icterus abeillei,1,
Icterus auratus,0,
Icterus auricapillus,0,
Icterus bonana,0,
Icterus bullockiorum,1,
Icterus cayanensis,0,
Icterus chrysater,0,
Icterus croconotus,0,
Icterus cucullatus,1,
Icterus dominicensis,0,
Icterus galbula,1,
Icterus graceannae,0,
Icterus graduacauda,0,
Icterus gularis,0,
Icterus icterus,1,
Icterus jamacaii,0,
Icterus laudabilis,0,
Icterus leucopteryx,0,
Icterus maculialatus,0,
Icterus melanopsis,0,
Icterus mesomelas,0,
Icterus nigrogularis,0,
Icterus northropi,0,
Icterus oberi,0,
Icterus parisorum,0,
Icterus pectoralis,1,
Icterus portoricensis,1,
Icterus prosthemelas,0,
Icterus pustulatus,1,
Icterus pyrrhopterus,0,
Icterus spurius,1,
Icterus wagleri,1,
Nesopsar nigerrimus,0,
Agelaius assimilis,0,
Agelaius humeralis,0,
Agelaius phoeniceus,1,
Agelaius tricolor,1,
Agelaius xanthomus,0,
Molothrus aeneus,1,
Molothrus armenti,0,
Molothrus ater,1,
Molothrus bonariensis,1,
Molothrus oryzivorus,1,
Molothrus rufoaxillaris,1,
Dives dives,0,
Dives warczewiczi,0,
Ptiloxena atroviolacea,0,
Euphagus carolinus,1,
Euphagus cyanocephalus,0,
Quiscalus lugubris,1,
Quiscalus major,1,
Quiscalus mexicanus,1,
Quiscalus nicaraguensis,0,
Quiscalus niger,0,
Quiscalus palustris,1,
Quiscalus quiscula,1,
Macroagelaius imthurni,0,
Macroagelaius subalaris,0,
Lampropsar tanagrinus,0,
Gymnomystax mexicanus,0,
Hypopyrrhus pyrohypogaster,0,
Amblyramphus holosericeus,0,
Curaeus curaeus,0,
Anumara forbesi,0,
Gnorimopsar chopi,0,
Agelasticus cyanopus,0,
Agelasticus thilius,0,
Agelasticus xanthophthalmus,0,
Oreopsar bolivianus,0,
Agelaioides badius,0,
Agelaioides fringillarius,0,
Chrysomus icterocephalus,0,
Chrysomus ruficapillus,0,
Xanthopsar flavus,0,
Pseudoleistes guirahuro,0,
Pseudoleistes virescens,0,
Seiurus aurocapilla,1,
Parkesia motacilla,1,
Parkesia noveboracensis,1,
Helmitheros vermivorum,1,
Mniotilta varia,1,
Protonotaria citrea,1,
Limnothlypis swainsonii,1,
Vermivora bachmanii,1,
Vermivora chrysoptera,1,
Vermivora cyanoptera,1,
Oreothlypis gutturalis,1,
Oreothlypis superciliosa,1,
Leiothlypis celata,1,
Leiothlypis crissalis,1,
Leiothlypis luciae,1,
Leiothlypis peregrina,1,
Leiothlypis ruficapilla,1,
Leiothlypis virginiae,1,
Oporornis agilis,1,
Leucopeza semperi,1,
Geothlypis aequinoctialis,1,
Geothlypis auricularis,1,
Geothlypis beldingi,1,
Geothlypis flavovelata,1,
Geothlypis formosa,1,
Geothlypis nelsoni,1,
Geothlypis philadelphia,1,
Geothlypis poliocephala,1,
Geothlypis rostrata,1,
Geothlypis semiflava,1,
Geothlypis speciosa,1,
Geothlypis tolmiei,1,
Geothlypis trichas,1,
Geothlypis velata,1,
Catharopeza bishopi,1,
Setophaga adelaidae,1,
Setophaga aestiva,1,
Setophaga americana,1,
Setophaga angelae,1,
Setophaga caerulescens,1,
Setophaga castanea,1,
Setophaga cerulea,1,
Setophaga chrysoparia,1,
Setophaga citrina,1,
Setophaga coronata,1,
Setophaga delicata,1,
Setophaga discolor,1,
Setophaga dominica,1,
Setophaga flavescens,1,
Setophaga fusca,1,
Setophaga graciae,1,
Setophaga kirtlandii,1,
Setophaga magnolia,1,
Setophaga nigrescens,1,
Setophaga occidentalis,1,
Setophaga palmarum,1,
Setophaga pensylvanica,1,
Setophaga petechia,1,
Setophaga pharetra,1,
Setophaga pinus,1,
Setophaga pitiayumi,1,
Setophaga pityophila,1,
Setophaga plumbea,1,
Setophaga ruticilla,1,
Setophaga striata,1,
Setophaga subita,1,
Setophaga tigrina,1,
Setophaga townsendi,1,
Setophaga virens,1,
Setophaga vitellina,1,
Myiothlypis basilica,1,
Myiothlypis bivittata,1,
Myiothlypis chlorophrys,1,
Myiothlypis chrysogaster,1,
Myiothlypis cinereicollis,1,
Myiothlypis conspicillata,1,
Myiothlypis coronata,1,
Myiothlypis flaveola,1,
Myiothlypis fraseri,1,
Myiothlypis fulvicauda,1,
Myiothlypis griseiceps,1,
Myiothlypis leucoblephara,1,
Myiothlypis leucophrys,1,
Myiothlypis luteoviridis,1,
Myiothlypis nigrocristata,1,
Myiothlypis rivularis,1,
Myiothlypis signata,1,
Basileuterus belli,1,
Basileuterus culicivorus,1,
Basileuterus delattrii,1,
Basileuterus ignotus,1,
Basileuterus lachrymosus,1,
Basileuterus melanogenys,1,
Basileuterus melanotis,1,
Basileuterus punctipectus,1,
Basileuterus rufifrons,1,
Basileuterus tacarcunae,1,
Basileuterus trifasciatus,1,
Basileuterus tristriatus,1,
Cardellina canadensis,1,
Cardellina pusilla,1,
Cardellina rubra,1,
Cardellina rubrifrons,1,
Cardellina versicolor,1,
Myioborus albifacies,1,
Myioborus albifrons,1,
Myioborus brunniceps,1,
Myioborus cardonai,1,
Myioborus castaneocapilla,1,
Myioborus flavivertex,1,
Myioborus melanocephalus,1,
Myioborus miniatus,1,
Myioborus ornatus,1,
Myioborus pariae,1,
Myioborus pictus,1,
Myioborus torquatus,1,
Pheucticus aureoventris,1,
Pheucticus chrysogaster,1,
Pheucticus chrysopeplus,1,
Pheucticus ludovicianus,1,
Pheucticus melanocephalus,1,
Pheucticus tibialis,1,
Granatellus paraensis,0,
Granatellus pelzelni,0,
Granatellus sallaei,0,
Granatellus venustus,0,
Spiza americana,1,
Cyanoloxia brissonii,0,
Cyanoloxia cyanoides,0,
Cyanoloxia glaucocaerulea,0,
Cyanoloxia rothschildii,0,
Amaurospiza aequatorialis,0,
Amaurospiza carrizalensis,0,
Amaurospiza concolor,0,
Amaurospiza moesta,0,
Cyanocompsa parellina,1,
Passerina amoena,1,
Passerina caerulea,1,
Passerina ciris,1,
Passerina cyanea,1,
Passerina leclancherii,0,
Passerina rositae,0,
Passerina versicolor,1,
Habia rubica,0,
Chlorothraupis carmioli,0,
Chlorothraupis frenata,0,
Chlorothraupis olivacea,0,
Chlorothraupis stolzmanni,0,
Periporphyrus celaeno,1,
Periporphyrus erythromelas,0,
Caryothraustes canadensis,0,
Caryothraustes poliogaster,0,
Cardinalis cardinalis,1,
Cardinalis phoeniceus,0,
Cardinalis sinuatus,0,
Driophlox atrimaxillaris,0,
Driophlox cristata,0,
Driophlox fuscicauda,0,
Driophlox gutturalis,0,
Piranga bidentata,1,
Piranga erythrocephala,0,
Piranga flava,1,
Piranga leucoptera,1,
Piranga ludoviciana,1,
Piranga olivacea,1,
Piranga roseogularis,0,
Piranga rubra,1,
Piranga rubriceps,0,
Orthogonys chloricterus,0,
Lamprospiza melanoleuca,0,
Mitrospingus cassinii,1,
Mitrospingus oleagineus,0,
Orchesticus abeillei,0,
Parkerthraustes humeralis,0,
Sericossypha albocristata,0,
Compsothraupis loricata,0,
Cyanicterus cyanicterus,0,
Nemosia pileata,0,
Nemosia rourei,0,
Tersina viridis,0,
Cyanerpes caeruleus,0,
Cyanerpes cyaneus,1,
Cyanerpes lucidus,0,
Cyanerpes nitidus,0,
Dacnis albiventris,0,
Dacnis berlepschi,0,
Dacnis cayana,0,
Dacnis flaviventer,0,
Dacnis hartlaubi,0,
Dacnis lineata,0,
Dacnis nigripes,0,
Dacnis venusta,0,
Dacnis viguieri,0,
Iridophanes pulcherrimus,0,
Chlorophanes spiza,0,
Heterospingus rubrifrons,0,
Heterospingus xanthopygius,0,
Chrysothlypis chrysomelas,0,
Chrysothlypis salmoni,0,
Hemithraupis flavicollis,0,
Hemithraupis guira,0,
Hemithraupis ruficapilla,0,
Creurgops dentatus,0,
Creurgops verticalis,0,
Volatinia jacarina,1,
Conothraupis mesoleuca,0,
Conothraupis speculigera,0,
Eucometis penicillata,0,
Heliothraupis oneilli,0,
Trichothraupis melanops,0,
Loriotus cristatus,0,
Loriotus luctuosus,0,
Loriotus rufiventer,0,
Coryphospingus cucullatus,0,
Coryphospingus pileatus,0,
Rhodospingus cruentus,0,
Lanio aurantius,0,
Lanio fulvus,0,
Lanio leucothorax,0,
Lanio versicolor,0,
Tachyphonus coronatus,0,
Tachyphonus delatrii,0,
Tachyphonus phoenicius,0,
Tachyphonus rufus,0,
Tachyphonus surinamus,0,
Ramphocelus bresilia,0,
Ramphocelus carbo,0,
Ramphocelus dimidiatus,0,
Ramphocelus flammigerus,0,
Ramphocelus melanogaster,0,
Ramphocelus nigrogularis,0,
Ramphocelus passerinii,0,
Ramphocelus sanguinolentus,0,
Charitospiza eucosma,0,
Conirostrum albifrons,0,
Conirostrum bicolor,0,
Conirostrum binghami,0,
Conirostrum cinereum,0,
Conirostrum ferrugineiventre,0,
Conirostrum leucogenys,0,
Conirostrum margaritae,0,
Conirostrum rufum,0,
Conirostrum sitticolor,0,
Conirostrum speciosum,0,
Conirostrum tamarugense,0,
Phrygilus atriceps,0,
Phrygilus gayi,0,
Phrygilus patagonicus,0,
Phrygilus punensis,0,
Nesospiza acunhae,1,
Nesospiza questi,0,
Nesospiza wilkinsi,1,
Rowettia goughensis,0,
Melanodera melanodera,0,
Melanodera xanthogramma,0,
Sicalis auriventris,0,
Sicalis citrina,0,
Sicalis columbiana,0,
Sicalis flaveola,1,
Sicalis lebruni,0,
Sicalis lutea,0,
Sicalis luteocephala,0,
Sicalis luteola,0,
Sicalis mendozae,0,
Sicalis olivascens,0,
Sicalis raimondii,0,
Sicalis taczanowskii,0,
Sicalis uropygialis,0,
Idiopsar brachyurus,0,
Idiopsar dorsalis,0,
Idiopsar erythronotus,0,
Idiopsar speculifer,0,
Xenodacnis parina,0,
Xenodacnis petersi,0,
Geospizopsis plebejus,0,
Geospizopsis unicolor,0,
Haplospiza rustica,0,
Haplospiza unicolor,0,
Acanthidops bairdi,0,
Catamenia analis,0,
Catamenia homochroa,0,
Catamenia inornata,0,
Diglossa albilatera,0,
Diglossa baritula,0,
Diglossa brunneiventris,0,
Diglossa caerulescens,0,
Diglossa carbonaria,0,
Diglossa cyanea,0,
Diglossa duidae,0,
Diglossa glauca,0,
Diglossa gloriosa,0,
Diglossa gloriosissima,0,
Diglossa humeralis,0,
Diglossa indigotica,0,
Diglossa lafresnayii,0,
Diglossa major,0,
Diglossa mystacalis,0,
Diglossa plumbea,0,
Diglossa sittoides,0,
Diglossa venezuelensis,0,
Saltatricula atricollis,0,
Saltatricula multicolor,0,
Saltator albicollis,0,
Saltator atriceps,0,
Saltator atripennis,0,
Saltator aurantiirostris,0,
Saltator cinctus,0,
Saltator coerulescens,0,
Saltator fuliginosus,0,
Saltator grandis,0,
Saltator grossus,0,
Saltator maxillosus,0,
Saltator maximus,0,
Saltator nigriceps,0,
Saltator olivascens,0,
Saltator orenocensis,0,
Saltator similis,0,
Saltator striatipectus,0,
Coryphaspiza melanotis,0,
Embernagra longicauda,0,
Embernagra platensis,0,
Emberizoides duidae,0,
Emberizoides herbicola,0,
Emberizoides ypiranganus,0,
Rhopospina alaudina,0,
Rhopospina caerulescens,0,
Rhopospina carbonaria,0,
Rhopospina fruticeti,0,
Incaspiza laeta,0,
Incaspiza ortizi,0,
Incaspiza personata,0,
Incaspiza pulchra,0,
Incaspiza watkinsi,0,
Sporophila albogularis,0,
Sporophila americana,0,
Sporophila angolensis,0,
Sporophila ardesiaca,0,
Sporophila atrirostris,0,
Sporophila beltoni,0,
Sporophila bouvreuil,0,
Sporophila bouvronides,1,
Sporophila caerulescens,0,
Sporophila castaneiventris,0,
Sporophila cinnamomea,0,
Sporophila collaris,0,
Sporophila corvina,0,
Sporophila crassirostris,0,
Sporophila falcirostris,0,
Sporophila fringilloides,0,
Sporophila frontalis,0,
Sporophila funerea,0,
Sporophila hypochroma,0,
Sporophila hypoxantha,0,
Sporophila iberaensis,0,
Sporophila intermedia,0,
Sporophila leucoptera,0,
Sporophila lineola,1,
Sporophila luctuosa,0,
Sporophila maximiliani,0,
Sporophila melanogaster,0,
Sporophila minuta,0,
Sporophila morelleti,1,
Sporophila nigricollis,0,
Sporophila nigrorufa,0,
Sporophila nuttingi,0,
Sporophila palustris,0,
Sporophila peruviana,0,
Sporophila pileata,0,
Sporophila plumbea,0,
Sporophila ruficollis,0,
Sporophila schistacea,0,
Sporophila simplex,0,
Sporophila telasco,0,
Sporophila torqueola,1,
Piezorina cinerea,0,
Xenospingus concolor,0,
Pseudospingus verticalis,0,
Pseudospingus xanthophthalmus,0,
Poospiza baeri,0,
Poospiza boliviana,0,
Poospiza garleppi,0,
Poospiza goeringi,0,
Poospiza hispaniolensis,0,
Poospiza nigrorufa,0,
Poospiza ornata,0,
Poospiza rubecula,0,
Poospiza rufosuperciliaris,0,
Poospiza whitii,0,
Cnemoscopus rubrirostris,0,
Castanozoster thoracicus,0,
Poospizopsis caesar,0,
Poospizopsis hypocondria,0,
Donacospiza albifrons,0,
Cypsnagra hirundinacea,0,
Urothraupis stolzmanni,0,
Nephelornis oneilli,0,
Microspingus alticola,0,
Microspingus cabanisi,0,
Microspingus cinereus,0,
Microspingus erythrophrys,0,
Microspingus lateralis,0,
Microspingus melanoleucus,0,
Microspingus torquatus,0,
Microspingus trifasciatus,0,
Kleinothraupis atropileus,0,
Kleinothraupis calophrys,0,
Kleinothraupis parodii,0,
Kleinothraupis reyi,0,
Sphenopsis frontalis,0,
Sphenopsis melanotis,0,
Sphenopsis ochracea,0,
Sphenopsis piurae,0,
Thlypopsis fulviceps,0,
Thlypopsis inornata,0,
Thlypopsis ornata,0,
Thlypopsis pectoralis,0,
Thlypopsis pyrrhocoma,0,
Thlypopsis ruficeps,0,
Thlypopsis sordida,0,
Thlypopsis superciliaris,0,
Catamblyrhynchus diadema,0,
Coereba flaveola,1,
Tiaris olivaceus,1,
Euneornis campestris,0,
Melopyrrha grandis,0,
Melopyrrha nigra,0,
Melopyrrha portoricensis,0,
Melopyrrha taylori,0,
Melopyrrha violacea,1,
Loxipasser anoxanthus,0,
Phonipara canora,0,
Loxigilla barbadensis,0,
Loxigilla noctis,1,
Melanospiza bicolor,1,
Melanospiza richardsoni,0,
Asemospiza fuliginosa,0,
Asemospiza obscura,0,
Certhidea fusca,0,
Certhidea olivacea,0,
Platyspiza crassirostris,0,
Pinaroloxias inornata,0,
Camarhynchus heliobates,0,
Camarhynchus pallidus,0,
Camarhynchus parvulus,0,
Camarhynchus pauper,0,
Camarhynchus psittacula,0,
Geospiza acutirostris,0,
Geospiza conirostris,0,
Geospiza difficilis,0,
Geospiza fortis,0,
Geospiza fuliginosa,0,
Geospiza magnirostris,0,
Geospiza propinqua,0,
Geospiza scandens,0,
Geospiza septentrionalis,0,
Calochaetes coccineus,0,
Iridosornis analis,0,
Iridosornis jelskii,0,
Iridosornis porphyrocephalus,0,
Iridosornis reinhardti,0,
Iridosornis rufivertex,0,
Pipraeidea melanonota,0,
Rauenia bonariensis,0,
Pseudosaltator rufiventris,0,
Dubusia carrikeri,0,
Dubusia castaneoventris,0,
Dubusia stictocephala,0,
Dubusia taeniata,0,
Sporathraupis cyanocephala,0,
Buthraupis montana,0,
Tephrophilus wetmorei,0,
Chlorornis riefferii,0,
Cnemathraupis aureodorsalis,0,
Cnemathraupis eximia,0,
Anisognathus igniventris,0,
Anisognathus lacrymosus,0,
Anisognathus melanogenys,0,
Anisognathus notabilis,0,
Anisognathus somptuosus,0,
Chlorochrysa calliparaea,0,
Chlorochrysa nitidissima,0,
Chlorochrysa phoenicotis,0,
Neothraupis fasciata,0,
Lophospingus griseocristatus,0,
Lophospingus pusillus,0,
Gubernatrix cristata,0,
Diuca diuca,0,
Stephanophorus diadematus,0,
Cissopis leverianus,0,
Schistochlamys melanopis,0,
Schistochlamys ruficapillus,0,
Paroaria baeri,0,
Paroaria capitata,0,
Paroaria coronata,1,
Paroaria dominicana,0,
Paroaria gularis,0,
Paroaria nigrogenis,0,
Wetmorethraupis sterrhopteron,0,
Bangsia arcaei,0,
Bangsia aureocincta,0,
Bangsia edwardsi,0,
Bangsia flavovirens,0,
Bangsia melanochlamys,0,
Bangsia rothschildi,0,
Tangara arthus,0,
Tangara brasiliensis,0,
Tangara callophrys,0,
Tangara chilensis,0,
Tangara chrysotis,0,
Tangara cyanocephala,0,
Tangara cyanotis,0,
Tangara cyanoventris,0,
Tangara desmaresti,0,
Tangara dowii,0,
Tangara fastuosa,0,
Tangara florida,0,
Tangara fucosa,0,
Tangara gyrola,0,
Tangara icterocephala,0,
Tangara inornata,0,
Tangara johannae,0,
Tangara labradorides,0,
Tangara lavinia,0,
Tangara mexicana,0,
Tangara nigroviridis,0,
Tangara parzudakii,0,
Tangara rufigenis,0,
Tangara schrankii,0,
Tangara seledon,0,
Tangara vassorii,0,
Tangara velia,0,
Tangara xanthocephala,0,
Chalcothraupis ruficervix,0,
Thraupis abbas,0,
Thraupis cyanoptera,0,
Thraupis episcopus,0,
Thraupis glaucocolpa,0,
Thraupis ornata,0,
Thraupis palmarum,0,
Thraupis sayaca,0,
Ixothraupis guttata,0,
Ixothraupis punctata,0,
Ixothraupis rufigula,0,
Ixothraupis varia,0,
Ixothraupis xanthogastra,0,
Poecilostreptus cabanisi,0,
Poecilostreptus palmeri,0,
Stilpnia argyrofenges,0,
Stilpnia cayana,0,
Stilpnia cucullata,0,
Stilpnia cyanicollis,0,
Stilpnia cyanoptera,0,
Stilpnia heinei,0,
Stilpnia larvata,0,
Stilpnia meyerdeschauenseei,0,
Stilpnia nigrocincta,0,
Stilpnia peruviana,0,
Stilpnia phillipsi,0,
Stilpnia preciosa,0,
Stilpnia viridicollis,0,
Stilpnia vitriolina,0,
Stilpnia whitelyi,0,
