Struthio camelus,1,4个亚种;-----------------------------------------------------;2017-12-23 厦门中山动物园;2018-5-26 北京动物园
Struthio molybdophanes,0,
Rhea americana,1,5个亚种;-----------------------------------------------------;2018-5-26 北京动物园
Rhea pennata,0,
Apteryx australis,0,
Apteryx haastii,0,
Apteryx mantelli,1,单型种(全);-----------------------------------------------------;2019-1-14 新西兰奥克兰动物园
Apteryx owenii,0,
Apteryx rowi,0,
Casuarius bennetti,0,
Casuarius casuarius,1,单型种(全);-----------------------------------------------------;2018-5-26 北京动物园;2019-8-19 新加坡裕廊飞禽公园
Casuarius unappendiculatus,0,
Dromaius novaehollandiae,1,4个亚种(全，仅剩指名亚种);-----------------------------------------------------;2018-5-26 北京动物园;2019-8-19 新加坡裕廊飞禽公园
Tinamus guttatus,0,
Tinamus major,2,3-19 Tirimbina Rainforest 12.39%;3-20 Estacion Biologica La Selva 43.98%;3-26 PN Carara-Entrada principal 44.19%
Tinamus osgoodi,0,
Tinamus solitarius,0,
Tinamus tao,0,
Nothocercus bonapartei,2,3-24 Curi-Cancha Refugio de Vida Silvestre 2.52%;3-24 Reserva Bosque Nuboso Monteverde 7.07%
Nothocercus julius,0,
Nothocercus nigrocapillus,0,
Crypturellus atrocapillus,0,
Crypturellus bartletti,0,
Crypturellus berlepschi,0,
Crypturellus boucardi,2,3-20 Estacion Biologica La Selva 11.66%
Crypturellus brevirostris,0,
Crypturellus casiquiare,0,
Crypturellus cinereus,0,
Crypturellus cinnamomeus,0,
Crypturellus duidae,0,
Crypturellus erythropus,0,
Crypturellus kerriae,0,
Crypturellus noctivagus,0,
Crypturellus obsoletus,0,
Crypturellus parvirostris,0,
Crypturellus ptaritepui,0,
Crypturellus soui,2,3-20 Estacion Biologica La Selva 11.95%
Crypturellus strigulosus,0,
Crypturellus tataupa,0,
Crypturellus transfasciatus,0,
Crypturellus undulatus,0,
Crypturellus variegatus,0,
Rhynchotus maculicollis,0,
Rhynchotus rufescens,0,
Nothoprocta cinerascens,0,
Nothoprocta curvirostris,0,
Nothoprocta ornata,0,
Nothoprocta pentlandii,0,
Nothoprocta perdicaria,0,
Nothoprocta taczanowskii,0,
Nothura boraquira,0,
Nothura darwinii,0,
Nothura maculosa,0,
Nothura minor,0,
Taoniscus nanus,0,
Eudromia elegans,1,10个亚种;-----------------------------------------------------;2022-7-3 多伦多动物园
Eudromia formosa,0,
Tinamotis ingoufi,0,
Tinamotis pentlandii,0,
Anhima cornuta,0,
Chauna chavaria,0,
Chauna torquata,0,
Anseranas semipalmata,1,单型种(全);-----------------------------------------------------;2019-8-19 新加坡裕廊飞禽公园
Dendrocygna arborea,0,
Dendrocygna arcuata,0,
Dendrocygna autumnalis,1,2个亚种;-----------------------------------------------------;2019-8-19 新加坡裕廊飞禽公园;;3-19 La Paz Waterfall Gardens 2.18%;3-25 Tarcoles--Tour en Bote 11.32%
Dendrocygna bicolor,0,
Dendrocygna eytoni,0,
Dendrocygna guttata,0,
Dendrocygna javanica,1,单型种(全);-----------------------------------------------------;2019-8-19 新加坡裕廊飞禽公园
Dendrocygna viduata,1,单型种(全);-----------------------------------------------------;2019-8-19 新加坡裕廊飞禽公园;2023-1-11 阿联酋迪拜
Thalassornis leuconotus,0,
Cereopsis novaehollandiae,1,2个亚种;-----------------------------------------------------;2018-5-26 北京动物园
Branta bernicla,1,3个亚种;-----------------------------------------------------;2022-11-8 多伦多安省游乐宫(hrota)
Branta canadensis,1,7个亚种;-----------------------------------------------------;2019-1-29 新西兰库克雪山附近(引进种);2022-6-9 多伦多Thompson公园(canadensis)
Branta hutchinsii,1,4个亚种;-----------------------------------------------------;2022-10-10 加拿大马卡姆Reesor Pond(huchinsii)
Branta leucopsis,0,
Branta ruficollis,0,
Branta sandvicensis,1,单型种(全);-----------------------------------------------------;2019-5-7 香港动植物公园;2019-8-19 新加坡裕廊飞禽公园
Anser albifrons,1,5个亚种;-----------------------------------------------------;2018-4-8 湖南长沙动物园
Anser anser,1,2个亚种;-----------------------------------------------------;2021-5-17 内蒙古阿拉善月亮湖(rubrirostris)
Anser brachyrhynchus,0,
Anser caerulescens,1,2个亚种;-----------------------------------------------------;2022-12-8 多伦多Centennial Park(atlanticus)
Anser canagicus,0,
Anser cygnoides,1,单型种(全);-----------------------------------------------------;2020-1-31 闽江口湿地公园
Anser erythropus,0,
Anser fabalis,1,3个亚种;-----------------------------------------------------;2021-12-5 石狮湿地公园(middendorffii)
Anser indicus,1,单型种(全);-----------------------------------------------------;2020-7-26 拉萨宗角禄康公园
Anser rossii,0,
Anser serrirostris,1,2个亚种;-----------------------------------------------------;2021-12-5 石狮湿地公园(serrirostris)
Coscoroba coscoroba,0,
Cygnus atratus,1,单型种(全);-----------------------------------------------------;2019-1-14 新西兰奥克兰Western Springs Park
Cygnus buccinator,1,单型种(全);-----------------------------------------------------;2022-6-9 多伦多Thompson公园
Cygnus columbianus,1,2个亚种(全);-----------------------------------------------------;2020-1-31 闽江口湿地公园(bewickii);2022-10-22 多伦多Thompson公园(columbianus)
Cygnus cygnus,1,单型种(全);-----------------------------------------------------;2018-3-18 福州动物园
Cygnus melancoryphus,1,单型种(全);-----------------------------------------------------;2018-3-18 福州动物园
Cygnus olor,1,单型种(全);-----------------------------------------------------;2019-8-19 新加坡裕廊飞禽公园;2022-6-9 多伦多Thompson公园
Stictonetta naevosa,0,
Hymenolaimus malacorhynchos,0,
Tachyeres brachypterus,0,
Tachyeres leucocephalus,0,
Tachyeres patachonicus,0,
Tachyeres pteneres,0,
Merganetta armata,0,
Plectropterus gambensis,0,
Sarkidiornis melanotos,0,
Sarkidiornis sylvicola,0,
Cyanochen cyanoptera,0,
Alopochen aegyptiaca,1,单型种(全);-----------------------------------------------------;2023-1-9 阿联酋迪拜
Alopochen kervazoi,0,
Alopochen mauritiana,0,
Neochen jubata,0,
Chloephaga hybrida,0,
Chloephaga melanoptera,0,
Chloephaga picta,0,
Chloephaga poliocephala,0,
Chloephaga rubidiceps,0,
Radjah radjah,0,
Tadorna cana,1,单型种(全);-----------------------------------------------------;2022-7-3 多伦多动物园
Tadorna cristata,0,
Tadorna ferruginea,1,单型种(全);-----------------------------------------------------;2020-7-29 西藏日喀则贡觉林卡;2021-5-4 泉州淗江;2021-5-17 内蒙古阿拉善月亮湖
Tadorna tadorna,1,单型种(全);-----------------------------------------------------;2019-8-19 新加坡裕廊飞禽公园;2020-1-31 闽江口湿地公园;2021-5-17 内蒙古阿拉善月亮湖
Tadorna tadornoides,0,
Tadorna variegata,1,单型种(全);-----------------------------------------------------;2019-1-13 新西兰基督城植物园
Malacorhynchus membranaceus,0,
Salvadorina waigiuensis,0,
Cairina moschata,2,3-25 Cerro Lodge 9.91%;3-25 Tarcoles--Tour en Bote 29.48%;3-26 PN Carara-Entrada principal 19.50%
Asarcornis scutulata,0,
Pteronetta hartlaubii,0,
Aix galericulata,1,单型种(全);-----------------------------------------------------;2019-7-7 三明市明溪县当州
Aix sponsa,1,单型种(全);-----------------------------------------------------;2019-8-19 新加坡裕廊飞禽公园;2022-6-11 多伦多High park
Chenonetta jubata,0,
Nettapus auritus,0,
Nettapus coromandelianus,0,
Nettapus pulchellus,0,
Amazonetta brasiliensis,0,
Callonetta leucophrys,1,单型种(全);-----------------------------------------------------;2019-5-7 香港动植物公园
Lophonetta specularioides,0,
Speculanas specularis,0,
Sibirionetta formosa,1,单型种(全);-----------------------------------------------------;2021-4-23 杭州动物园
Spatula clypeata,1,单型种(全);-----------------------------------------------------;2019-12-21 深圳湾;2022-9-5 多伦多Thompson公园
Spatula cyanoptera,0,
Spatula discors,1,单型种(全);-----------------------------------------------------;2022-8-1 多伦多Thompson公园;2022-12-28 古巴萨塔纳
Spatula hottentota,0,
Spatula platalea,0,
Spatula puna,0,
Spatula querquedula,1,单型种(全);-----------------------------------------------------;2020-4-8 厦门翔安东埭桥水库
Spatula rhynchotis,1,单型种(全);-----------------------------------------------------;2019-1-14 新西兰奥克兰动物园
Spatula smithii,0,
Spatula versicolor,0,
Mareca americana,1,单型种(全);-----------------------------------------------------;2022-6-18 多伦多Thompson公园
Mareca falcata,1,单型种(全);-----------------------------------------------------;2021-1-18 厦门东埭桥水库
Mareca marecula,0,
Mareca penelope,1,单型种(全);-----------------------------------------------------;2018-11-6 泉州南安江崎村;2023-1-11 阿联酋迪拜
Mareca sibilatrix,0,
Mareca strepera,1,2个亚种(全，仅剩指名亚种);-----------------------------------------------------;2021-2-9 厦门东埭桥水库;2021-5-15 宁夏石嘴山星海湖;2022-6-18 多伦多Thompson公园
Anas acuta,1,单型种(全);-----------------------------------------------------;2019-2-26 泉州湾;2019-12-21 深圳湾;2022-9-26 多伦多Thompson公园
Anas albogularis,0,
Anas andium,0,
Anas aucklandica,0,
Anas bahamensis,0,
Anas bernieri,0,
Anas capensis,0,
Anas carolinensis,1,单型种(全);-----------------------------------------------------;2022-7-9 多伦多Thompson公园
Anas castanea,0,
Anas chlorotis,0,
Anas crecca,1,单型种(全);-----------------------------------------------------;2018-11-6 泉州南安江崎村;2023-1-11 阿联酋迪拜
Anas diazi,0,
Anas eatoni,0,
Anas erythrorhyncha,0,
Anas flavirostris,0,
Anas fulvigula,0,
Anas georgica,0,
Anas gibberifrons,0,
Anas gracilis,1,2个亚种(全，仅剩指名亚种);-----------------------------------------------------;2019-1-14 新西兰奥克兰动物园
Anas laysanensis,0,
Anas luzonica,0,
Anas melleri,1,单型种(全);-----------------------------------------------------;2019-8-19 新加坡裕廊飞禽公园
Anas nesiotis,0,
Anas platyrhynchos,1,2个亚种;-----------------------------------------------------;2017-12-4 乌鲁木齐新疆大学(platyrhynchos);2020-10-31 陕西西安湖(platyrhynchos);2021-5-15 宁夏石嘴山星海湖(platyrhynchos);2022-6-9 多伦多Thompson公园(platyrhynchos);2023-1-11 阿联酋迪拜
Anas poecilorhyncha,0,
Anas rubripes,1,单型种(全);-----------------------------------------------------;2022-7-23 多伦多Thompson公园
Anas sparsa,0,
Anas superciliosa,0,
Anas theodori,0,
Anas undulata,0,
Anas wyvilliana,0,
Anas zonorhyncha,1,单型种(全);-----------------------------------------------------;2018-4-17 泉州南安江崎村;2020-10-31 陕西西安湖;2021-5-15 宁夏石嘴山星海湖
Marmaronetta angustirostris,1,单型种(全);-----------------------------------------------------;2023-1-12 阿联酋沙迦野生动物中心
Rhodonessa caryophyllacea,0,
Netta erythrophthalma,0,
Netta peposaca,1,单型种(全);-----------------------------------------------------;2023-1-11 阿联酋迪拜
Netta rufina,1,单型种(全);-----------------------------------------------------;2020-7-29 西藏日喀则贡觉林卡;2021-5-15 宁夏石嘴山星海湖
Aythya affinis,1,单型种(全);-----------------------------------------------------;2022-6-11 多伦多High park;2022-12-24 古巴哈瓦那
Aythya americana,1,单型种(全);-----------------------------------------------------;2022-7-9 多伦多Thompson公园
Aythya australis,0,
Aythya baeri,0,
Aythya collaris,1,单型种(全);-----------------------------------------------------;2022-9-11 多伦多Thompson公园
Aythya ferina,1,单型种(全);-----------------------------------------------------;2020-12-14 厦门园博园
Aythya fuligula,1,单型种(全);-----------------------------------------------------;2019-2-26 泉州湾;2019-12-21 深圳湾
Aythya innotata,0,
Aythya marila,1,2个亚种;-----------------------------------------------------;2020-12-14 厦门园博园(nearctica);2022-6-25 多伦多Thompson公园(nearctica)
Aythya novaeseelandiae,1,单型种(全);-----------------------------------------------------;2019-1-13 新西兰基督城植物园
Aythya nyroca,1,单型种(全);-----------------------------------------------------;2020-7-29 西藏日喀则贡觉林卡;2021-5-15 宁夏石嘴山星海湖
Aythya valisineria,1,单型种(全);-----------------------------------------------------;2022-6-18 多伦多Thompson公园
Polysticta stelleri,0,
Somateria fischeri,0,
Somateria mollissima,0,
Somateria spectabilis,1,单型种(全);-----------------------------------------------------;2022-6-25 多伦多Thompson公园
Histrionicus histrionicus,1,单型种(全);-----------------------------------------------------;2022-11-12 多伦多Ashbridge's Bay公园
Camptorhynchus labradorius,1,单型种(全);-----------------------------------------------------;2022-6-26 皇家安大略博物馆
Melanitta americana,1,单型种(全);-----------------------------------------------------;2022-10-29 多伦多Thompson公园
Melanitta deglandi,1,单型种(全);-----------------------------------------------------;2022-10-17 多伦多Thompson公园
Melanitta fusca,0,
Melanitta nigra,0,
Melanitta perspicillata,1,单型种(全);-----------------------------------------------------;2022-10-17 多伦多Thompson公园
Melanitta stejnegeri,1,单型种(全);-----------------------------------------------------;2022-2-12 厦门东埭桥翔沿海
Clangula hyemalis,1,单型种(全);-----------------------------------------------------;2022-10-29 多伦多Thompson公园
Bucephala albeola,1,单型种(全);-----------------------------------------------------;2022-7-29 多伦多Colonel Samuel Smith Park
Bucephala clangula,1,2个亚种;-----------------------------------------------------;2022-7-29 多伦多Colonel Samuel Smith Park(americana);;
Bucephala islandica,0,
Mergellus albellus,0,
Lophodytes cucullatus,1,单型种(全);-----------------------------------------------------;2022-6-11 多伦多High park
Mergus australis,0,
Mergus merganser,1,3个亚种;-----------------------------------------------------;2022-6-11 多伦多High park(americanus)
Mergus octosetaceus,0,
Mergus serrator,1,单型种(全);-----------------------------------------------------;2022-10-29 多伦多Thompson公园
Mergus squamatus,0,
Heteronetta atricapilla,0,
Nomonyx dominicus,0,
Oxyura australis,0,
Oxyura ferruginea,0,
Oxyura jamaicensis,1,单型种(全);-----------------------------------------------------;2022-10-22 多伦多Thompson公园
Oxyura leucocephala,0,
Oxyura maccoa,0,
Oxyura vittata,0,
Biziura lobata,0,
Alectura lathami,0,
Aepypodius arfakianus,0,
Aepypodius bruijnii,0,
Talegalla cuvieri,0,
Talegalla fuscirostris,0,
Talegalla jobiensis,0,
Leipoa ocellata,0,
Macrocephalon maleo,0,
Eulipoa wallacei,0,
Megapodius bernsteinii,0,
Megapodius cumingii,0,
Megapodius decollatus,0,
Megapodius eremita,0,
Megapodius freycinet,0,
Megapodius geelvinkianus,0,
Megapodius laperouse,0,
Megapodius layardi,0,
Megapodius nicobariensis,0,
Megapodius pritchardii,0,
Megapodius reinwardt,0,
Megapodius tenimberensis,0,
Ortalis araucuan,0,
Ortalis canicollis,0,
Ortalis cinereiceps,2,3-18 Hotel Bougainvillea 3.98%;3-19 Tirimbina Rainforest 42.76%;3-20 Estacion Biologica La Selva 9.89%;3-21 Arenal Observatory Lodge 30.23%;3-22 Arenal Observatory Lodge--access rd 32.87%;3-23 Hotel de Montana Monteverde 18.77%;3-24 Curi-Cancha Refugio de Vida Silvestre 14.92%;3-24 Reserva Bosque Nuboso Monteverde 2.42%
Ortalis columbiana,0,
Ortalis erythroptera,0,
Ortalis garrula,0,
Ortalis guttata,0,
Ortalis leucogastra,0,
Ortalis motmot,0,
Ortalis poliocephala,0,
Ortalis ruficauda,0,
Ortalis ruficeps,0,
Ortalis squamata,0,
Ortalis superciliaris,0,
Ortalis vetula,0,
Ortalis wagleri,0,
Penelope albipennis,0,
Penelope argyrotis,0,
Penelope barbata,0,
Penelope bridgesi,0,
Penelope dabbenei,0,
Penelope jacquacu,0,
Penelope jacucaca,0,
Penelope marail,0,
Penelope montagnii,0,
Penelope obscura,0,
Penelope ochrogaster,0,
Penelope ortoni,0,
Penelope perspicax,0,
Penelope pileata,0,
Penelope purpurascens,2,3-19 Tirimbina Rainforest 10.26%;3-20 Estacion Biologica La Selva 43.69%;3-21 Arenal Observatory Lodge 67.19%;3-22 Arenal Observatory Lodge--access rd 32.89%;3-24 Curi-Cancha Refugio de Vida Silvestre 44.34%;3-24 Reserva Bosque Nuboso Monteverde 9.12%;3-26 PN Carara-Entrada principal 8.46%
Penelope superciliaris,0,
Pipile cujubi,0,
Pipile cumanensis,0,
Pipile grayi,1,单型种(全);-----------------------------------------------------;2022-7-3 多伦多动物园
Pipile jacutinga,0,
Pipile pipile,0,
Aburria aburri,0,
Chamaepetes goudotii,0,
Chamaepetes unicolor,2,3-19 La Paz Waterfall Gardens 14.35%;3-21 Galeria de Colibriy Soda Cinchona 9.04%;3-23 Hotel de Montana Monteverde 6.25%;3-24 Curi-Cancha Refugio de Vida Silvestre 25.01%;3-24 Reserva Bosque Nuboso Monteverde 51.63%
Penelopina nigra,0,
Oreophasis derbianus,0,
Nothocrax urumutum,0,
Mitu mitu,0,
Mitu salvini,0,
Mitu tomentosum,0,
Mitu tuberosum,1,单型种(全);-----------------------------------------------------;2019-8-19 新加坡裕廊飞禽公园
Pauxi koepckeae,0,
Pauxi pauxi,0,
Pauxi unicornis,0,
Crax alberti,0,
Crax alector,1,2个亚种;-----------------------------------------------------;2018-11-25 上海动物园
Crax blumenbachii,0,
Crax daubentoni,0,
Crax fasciolata,0,
Crax globulosa,0,
Crax rubra,1,2个亚种;-----------------------------------------------------;2018-10-7 台北动物园;;3-20 Estacion Biologica La Selva 31.59%;3-21 Arenal Observatory Lodge 56.86%;3-22 Arenal Observatory Lodge--access rd 24.31%
Agelastes meleagrides,0,
Agelastes niger,0,
Numida meleagris,1,9个亚种;-----------------------------------------------------;2018-4-8 湖南长沙动物园
Guttera edouardi,0,
Guttera plumifera,0,
Guttera pucherani,0,
Guttera verreauxi,0,
Acryllium vulturinum,1,单型种(全);-----------------------------------------------------;2019-8-19 新加坡裕廊飞禽公园
Ptilopachus nahani,0,
Ptilopachus petrosus,0,
Dendrortyx barbatus,0,
Dendrortyx leucophrys,0,
Dendrortyx macroura,0,
Oreortyx pictus,0,
Callipepla californica,1,5个亚种;-----------------------------------------------------;2019-1-16 新西兰Taopo(引进种);2019-1-18 新西兰南岛rabbit island(引进种)
Callipepla douglasii,0,
Callipepla gambelii,0,
Callipepla squamata,0,
Philortyx fasciatus,0,
Colinus cristatus,0,
Colinus leucopogon,0,
Colinus nigrogularis,0,
Colinus virginianus,0,
Odontophorus atrifrons,0,
Odontophorus balliviani,0,
Odontophorus capueira,0,
Odontophorus columbianus,0,
Odontophorus dialeucos,0,
Odontophorus erythrops,0,
Odontophorus gujanensis,0,
Odontophorus guttatus,2,3-28 Savegre Hotel 27.18%
Odontophorus hyperythrus,0,
Odontophorus leucolaemus,2,3-19 La Paz Waterfall Gardens 1.74%;3-24 Curi-Cancha Refugio de Vida Silvestre 10.30%;3-24 Reserva Bosque Nuboso Monteverde 16.01%
Odontophorus melanonotus,0,
Odontophorus melanotis,0,
Odontophorus speciosus,0,
Odontophorus stellatus,0,
Odontophorus strophium,0,
Dactylortyx thoracicus,0,
Cyrtonyx montezumae,0,
Cyrtonyx ocellatus,0,
Rhynchortyx cinctus,0,
Xenoperdix obscuratus,0,
Xenoperdix udzungwensis,0,
Caloperdix oculeus,0,
Rollulus rouloul,1,单型种(全);-----------------------------------------------------;2019-8-19 新加坡裕廊飞禽公园
Melanoperdix niger,0,
Arborophila ardens,1,单型种(全);-----------------------------------------------------;2022-1-20 海南尖峰岭
Arborophila atrogularis,0,
Arborophila brunneopectus,0,
Arborophila cambodiana,0,
Arborophila campbelli,0,
Arborophila crudigularis,0,
Arborophila davidi,0,
Arborophila diversa,0,
Arborophila gingica,1,2个亚种;-----------------------------------------------------;2019-4-27 厦门杉级内;2019-8-19 新加坡裕廊飞禽公园;;
Arborophila hyperythra,0,
Arborophila javanica,0,
Arborophila mandellii,0,
Arborophila orientalis,0,
Arborophila rolli,0,
Arborophila rubrirostris,0,
Arborophila rufipectus,0,
Arborophila rufogularis,0,
Arborophila sumatrana,0,
Arborophila torqueola,0,
Lerwa lerwa,0,
Ithaginis cruentus,1,12个亚种;-----------------------------------------------------;2020-8-2 西藏吉隆镇扎村山路(cruentus);
Tragopan blythii,0,
Tragopan caboti,1,2个亚种;-----------------------------------------------------;2019-7-7 福建省三明市峨嵋峰(caboti);2019-8-19 新加坡裕廊飞禽公园
Tragopan melanocephalus,0,
Tragopan satyra,0,
Tragopan temminckii,1,单型种(全);-----------------------------------------------------;2018-5-26 北京动物园
Tetraophasis obscurus,0,
Tetraophasis szechenyii,0,
Lophophorus impejanus,0,
Lophophorus lhuysii,0,
Lophophorus sclateri,0,
Pucrasia macrolopha,17,9个亚种;-----------------------------------------------------;2022-1-2 三明峨眉峰(darwini)
Meleagris gallopavo,1,6个亚种;-----------------------------------------------------;2022-12-4 多伦多Rouge park(silvestris);
Meleagris ocellata,0,
Bonasa umbellus,0,
Tetrastes bonasia,0,
Tetrastes sewerzowi,0,
Centrocercus minimus,0,
Centrocercus urophasianus,0,
Dendragapus fuliginosus,0,
Dendragapus obscurus,0,
Tympanuchus cupido,0,
Tympanuchus pallidicinctus,0,
Tympanuchus phasianellus,0,
Lagopus lagopus,0,
Lagopus leucura,0,
Lagopus muta,0,
Falcipennis falcipennis,0,
Canachites canadensis,0,
Tetrao urogalloides,0,
Tetrao urogallus,0,
Lyrurus mlokosiewiczi,0,
Lyrurus tetrix,0,
Rhizothera dulitensis,0,
Rhizothera longirostris,0,
Perdix dauurica,0,
Perdix hodgsoniae,1,3个亚种;-----------------------------------------------------;2020-8-1 西藏聂拉木县(hodgsoniae)
Perdix perdix,0,
Syrmaticus ellioti,1,单型种(全);-----------------------------------------------------;2019-7-7 福建省三明市峨嵋峰
Syrmaticus humiae,0,
Syrmaticus mikado,0,
Syrmaticus reevesii,1,单型种(全);-----------------------------------------------------;2018-3-18 福州动物园;2019-8-19 新加坡裕廊飞禽公园
Syrmaticus soemmerringii,0,
Chrysolophus amherstiae,1,单型种(全);-----------------------------------------------------;2018-3-18 福州动物园
Chrysolophus pictus,1,单型种(全);-----------------------------------------------------;2018-3-18 福州动物园
Phasianus colchicus,1,30个亚种;-----------------------------------------------------;2018-10-3 台湾花莲(formosanus);2019-1-16 新西兰Rotorua(引进种);2019-4-27 厦门同安杉际内(torquatus);2020-11-1 西安陕西宾馆(strauchi);2021-5-15 宁夏石嘴山大武口森林公园(alaschanicus);2021-5-17 内蒙古阿拉善市区(sohokhotensis);;
Phasianus versicolor,0,
Catreus wallichii,0,
Crossoptilon auritum,1,单型种(全);-----------------------------------------------------;2018-5-26 北京动物园
Crossoptilon crossoptilon,1,4个亚种;-----------------------------------------------------;2018-5-26 北京动物园(crossoptilon);
Crossoptilon harmani,1,单型种(全);-----------------------------------------------------;2018-5-26 北京动物园
Crossoptilon mantchuricum,1,单型种(全);-----------------------------------------------------;2018-5-26 北京动物园
Lophura bulweri,0,
Lophura diardi,1,单型种(全);-----------------------------------------------------;2019-8-19 新加坡裕廊飞禽公园
Lophura edwardsi,1,单型种(全);-----------------------------------------------------;2019-5-7 香港公园尤德观鸟园;2019-8-19 新加坡裕廊飞禽公园
Lophura erythrophthalma,1,单型种(全);-----------------------------------------------------;2019-8-19 新加坡裕廊飞禽公园
Lophura ignita,0,
Lophura inornata,0,
Lophura leucomelanos,1,9个亚种;-----------------------------------------------------;2020-8-2 西藏吉隆镇扎村山路(leucomelanos)
Lophura nycthemera,1,15个亚种;-----------------------------------------------------;2019-4-6 福州森林公园(fokiensis)
Lophura pyronota,0,
Lophura rufa,1,单型种(全);-----------------------------------------------------;2019-8-19 新加坡裕廊飞禽公园
Lophura swinhoii,1,单型种(全);-----------------------------------------------------;2018-5-26 北京动物园;2019-8-19 新加坡裕廊飞禽公园
Rheinardia nigrescens,0,
Rheinardia ocellata,0,
Argusianus argus,1,2个亚种;-----------------------------------------------------;2018-10-7 台北动物园
Afropavo congensis,0,
Pavo cristatus,1,单型种(全);-----------------------------------------------------;2017-12-23 厦门中山动物园
Pavo muticus,0,
Tropicoperdix charltonii,0,
Tropicoperdix chloropus,0,
Tropicoperdix graydoni,0,
Haematortyx sanguiniceps,0,
Galloperdix bicalcarata,0,
Galloperdix lunulata,0,
Galloperdix spadicea,0,
Polyplectron bicalcaratum,0,
Polyplectron chalcurum,1,2个亚种;-----------------------------------------------------;2019-8-19 新加坡裕廊飞禽公园
Polyplectron germaini,1,单型种(全);-----------------------------------------------------;2019-8-19 新加坡裕廊飞禽公园
Polyplectron inopinatum,1,单型种(全);-----------------------------------------------------;2019-5-7 香港动植物公园;2019-8-19 新加坡裕廊飞禽公园
Polyplectron katsumatae,17,单型种(全);-----------------------------------------------------;2022-1-20 海南尖峰岭
Polyplectron malacense,1,单型种(全);-----------------------------------------------------;2019-5-7 香港动植物公园
Polyplectron napoleonis,0,
Polyplectron schleiermacheri,0,
Bambusicola fytchii,1,2个亚种;-----------------------------------------------------;2019-8-19 新加坡裕廊飞禽公园
Bambusicola sonorivox,0,
Bambusicola thoracicus,1,单型种(全);-----------------------------------------------------;2018-5-18 厦门天竺山森林公园
Gallus gallus,1,5个亚种;-----------------------------------------------------;2019-8-18 新加坡巴西立公园(引进种)
Gallus lafayettii,1,单型种(全);-----------------------------------------------------;2019-8-19 新加坡裕廊飞禽公园
Gallus sonneratii,1,单型种(全);-----------------------------------------------------;2018-10-7 台北动物园
Gallus varius,0,
Peliperdix lathami,0,
Ortygornis gularis,0,
Ortygornis pondicerianus,1,3个亚种;-----------------------------------------------------;2023-1-9 阿联酋迪拜(引进种)
Ortygornis sephaena,0,
Francolinus francolinus,0,
Francolinus pictus,0,
Francolinus pintadeanus,0,
Campocolinus albogularis,0,
Campocolinus coqui,0,
Campocolinus schlegelii,0,
Scleroptila afra,0,
Scleroptila elgonensis,0,
Scleroptila finschi,0,
Scleroptila gutturalis,0,
Scleroptila levaillantii,0,
Scleroptila psilolaema,0,
Scleroptila shelleyi,0,
Scleroptila streptophora,0,
Scleroptila whytei,0,
Tetraogallus altaicus,0,
Tetraogallus caspius,0,
Tetraogallus caucasicus,0,
Tetraogallus himalayensis,1,6个亚种;-----------------------------------------------------;2018-5-26 北京动物园(koslowi);
Tetraogallus tibetanus,0,
Ammoperdix griseogularis,0,
Ammoperdix heyi,0,
Synoicus adansonii,0,
Synoicus chinensis,1,8个亚种;-----------------------------------------------------;2022-1-18 海南儋州(chinensis)
Synoicus monorthonyx,0,
Synoicus ypsilophorus,0,
Margaroperdix madagarensis,0,
Coturnix coromandelica,0,
Coturnix coturnix,0,
Coturnix delegorguei,0,
Coturnix japonica,1,单型种(全);-----------------------------------------------------;2020-11-10 厦门翔安七星礁
Coturnix novaezelandiae,0,
Coturnix pectoralis,0,
Alectoris barbara,0,
Alectoris chukar,1,14个亚种;-----------------------------------------------------;2018-5-26 北京动物园
Alectoris graeca,0,
Alectoris magna,0,
Alectoris melanocephala,0,
Alectoris philbyi,1,单型种(全);-----------------------------------------------------;2023-1-12 阿联酋沙迦野生动物中心
Alectoris rufa,0,
Perdicula argoondah,0,
Perdicula asiatica,0,
Perdicula erythrorhyncha,0,
Perdicula manipurensis,0,
Ophrysia superciliosa,0,
Pternistis adspersus,0,
Pternistis afer,0,
Pternistis ahantensis,0,
Pternistis atrifrons,0,
Pternistis bicalcaratus,0,
Pternistis camerunensis,0,
Pternistis capensis,0,
Pternistis castaneicollis,0,
Pternistis clappertoni,0,
Pternistis erckelii,0,
Pternistis griseostriatus,0,
Pternistis hartlaubi,0,
Pternistis harwoodi,0,
Pternistis hildebrandti,0,
Pternistis icterorhynchus,0,
Pternistis jacksoni,0,
Pternistis leucoscepus,0,
Pternistis natalensis,0,
Pternistis nobilis,0,
Pternistis ochropectus,0,
Pternistis rufopictus,0,
Pternistis squamatus,0,
Pternistis swainsonii,0,
Pternistis swierstrai,0,
Eurostopodus archboldi,0,
Eurostopodus argus,0,
Eurostopodus diabolicus,0,
Eurostopodus exul,0,
Eurostopodus mystacalis,0,
Eurostopodus nigripennis,0,
Eurostopodus papuensis,0,
Lyncornis macrotis,0,
Lyncornis temminckii,0,
Gactornis enarratus,0,
Chordeiles acutipennis,2,3-25 Cerro Lodge 21.64%;3-25 Tarcoles--Tour en Bote 23.84%
Chordeiles gundlachii,0,
Chordeiles minor,1,9个亚种;-----------------------------------------------------;2022-7-6 多伦多High park(minor)
Chordeiles nacunda,0,
Chordeiles pusillus,0,
Chordeiles rupestris,0,
Lurocalis rufiventris,0,
Lurocalis semitorquatus,0,
Nyctiprogne leucopyga,0,
Nyctiprogne vielliardi,0,
Nyctipolus hirundinaceus,0,
Nyctipolus nigrescens,0,
Nyctidromus albicollis,2,3-18 Hotel Bougainvillea 7.22%;3-20 Estacion Biologica La Selva 22.14%;3-21 Arenal Observatory Lodge 8.50%;3-23 Hotel de Montana Monteverde 8.33%;3-25 Cerro Lodge 13.22%
Nyctidromus anthonyi,0,
Setopagis heterura,0,
Setopagis maculosa,0,
Setopagis parvula,0,
Setopagis whitelyi,0,
Eleothreptus anomalus,0,
Eleothreptus candicans,0,
Systellura decussata,0,
Systellura longirostris,0,
Uropsalis lyra,0,
Uropsalis segmentata,0,
Hydropsalis cayennensis,0,
Hydropsalis climacocerca,0,
Hydropsalis maculicaudus,0,
Hydropsalis torquata,0,
Macropsalis forcipata,0,
Siphonorhis americana,0,
Siphonorhis brewsteri,0,
Nyctiphrynus mcleodii,0,
Nyctiphrynus ocellatus,0,
Nyctiphrynus rosenbergi,0,
Nyctiphrynus yucatanicus,0,
Phalaenoptilus nuttallii,0,
Antrostomus arizonae,0,
Antrostomus badius,0,
Antrostomus carolinensis,0,
Antrostomus cubanensis,1,4个亚种;-----------------------------------------------------;2022-12-28 古巴萨帕塔(cubanensis)
Antrostomus ekmani,0,
Antrostomus noctitherus,0,
Antrostomus ridgwayi,0,
Antrostomus rufus,0,
Antrostomus salvini,0,
Antrostomus saturatus,2,3-28 Savegre Hotel 5.45%
Antrostomus sericocaudatus,0,
Antrostomus vociferus,1,单型种(全);-----------------------------------------------------;2023-5-6 多伦多Thompson公园
Veles binotatus,0,
Caprimulgus aegyptius,0,
Caprimulgus affinis,0,
Caprimulgus andamanicus,0,
Caprimulgus asiaticus,0,
Caprimulgus atripennis,0,
Caprimulgus batesi,0,
Caprimulgus celebensis,0,
Caprimulgus clarus,0,
Caprimulgus climacurus,0,
Caprimulgus concretus,0,
Caprimulgus donaldsoni,0,
Caprimulgus europaeus,0,
Caprimulgus eximius,0,
Caprimulgus fossii,0,
Caprimulgus fraenatus,0,
Caprimulgus indicus,0,
Caprimulgus inornatus,0,
Caprimulgus jotaka,17,2个亚种;-----------------------------------------------------;2020-5-16 漳州虎伯寮(jotaka)
Caprimulgus longipennis,0,
Caprimulgus macrurus,0,
Caprimulgus madagascariensis,0,
Caprimulgus mahrattensis,0,
Caprimulgus manillensis,0,
Caprimulgus meesi,0,
Caprimulgus natalensis,0,
Caprimulgus nubicus,0,
Caprimulgus pectoralis,0,
Caprimulgus phalaena,0,
Caprimulgus poliocephalus,0,
Caprimulgus prigoginei,0,
Caprimulgus pulchellus,0,
Caprimulgus ruficollis,0,
Caprimulgus rufigena,0,
Caprimulgus solala,0,
Caprimulgus stellatus,0,
Caprimulgus tristigma,0,
Caprimulgus vexillarius,0,
Steatornis caripensis,0,
Nyctibius aethereus,0,
Nyctibius grandis,2,3-19 Donde Cope 23.01%;3-20 Estacion Biologica La Selva 2.51%;3-21 Arenal Observatory Lodge 9.07%
Nyctibius griseus,0,
Nyctibius jamaicensis,4,
Nyctibius leucopterus,0,
Nyctibius maculosus,0,
Phyllaemulor bracteatus,0,
Podargus ocellatus,0,
Podargus papuensis,0,
Podargus strigoides,1,3个亚种;-----------------------------------------------------;2019-8-19 新加坡裕廊飞禽公园(strigoides)
Rigidipenna inexpectata,0,
Batrachostomus affinis,0,
Batrachostomus auritus,0,
Batrachostomus chaseni,0,
Batrachostomus cornutus,0,
Batrachostomus harterti,0,
Batrachostomus hodgsoni,0,
Batrachostomus javensis,0,
Batrachostomus mixtus,0,
Batrachostomus moniliger,0,
Batrachostomus poliolophus,0,
Batrachostomus septimus,0,
Batrachostomus stellatus,0,
Aegotheles affinis,0,
Aegotheles albertisi,0,
Aegotheles bennettii,0,
Aegotheles crinifrons,0,
Aegotheles cristatus,0,
Aegotheles insignis,0,
Aegotheles savesi,0,
Aegotheles tatei,0,
Aegotheles wallacii,0,
Hemiprocne comata,0,
Hemiprocne coronata,0,
Hemiprocne longipennis,0,
Hemiprocne mystacea,0,
Cypseloides cherriei,0,
Cypseloides cryptus,0,
Cypseloides fumigatus,0,
Cypseloides lemosi,0,
Cypseloides niger,0,
Cypseloides rothschildi,0,
Cypseloides senex,0,
Cypseloides storeri,0,
Streptoprocne biscutata,0,
Streptoprocne phelpsi,0,
Streptoprocne rutila,0,
Streptoprocne semicollaris,0,
Streptoprocne zonaris,0,3-18 Hotel Bougainvillea 1.89%;3-19 La Paz Waterfall Gardens 26.09%;3-19 Donde Cope 6.00%;3-19 Tirimbina Rainforest 9.83%;3-20 Estacion Biologica La Selva 20.21%;3-21 Arenal Observatory Lodge 18.63%;3-21 Galeria de Colibriy Soda Cinchona 15.53%;3-22 Arenal Observatory Lodge--access rd 10.01%;3-24 Reserva Bosque Nuboso Monteverde 4.13%;3-25 Cerro Lodge 2.57%;3-28 Savegre Hotel 24.86%
Hydrochous gigas,0,
Collocalia affinis,0,
Collocalia dodgei,0,
Collocalia esculenta,0,
Collocalia isonota,0,
Collocalia linchi,0,
Collocalia marginata,0,
Collocalia natalis,0,
Collocalia neglecta,0,
Collocalia sumbawae,0,
Collocalia troglodytes,0,
Collocalia uropygialis,0,
Aerodramus amelis,0,
Aerodramus bartschi,0,
Aerodramus brevirostris,1,3个亚种;-----------------------------------------------------;2020-8-1 西藏吉隆县(brevirostris);2021-8-18 石狮湿地公园(innominatus);2021-9-26 厦门浦口社(innominatus)
Aerodramus ceramensis,0,
Aerodramus elaphrus,0,
Aerodramus francicus,0,
Aerodramus fuciphagus,0,
Aerodramus germani,1,2个亚种;-----------------------------------------------------;2022-1-23 海南三亚鹿回头(germani)
Aerodramus hirundinaceus,0,
Aerodramus infuscatus,0,
Aerodramus inquietus,0,
Aerodramus leucophaeus,0,
Aerodramus maximus,0,
Aerodramus mearnsi,0,
Aerodramus nuditarsus,0,
Aerodramus ocistus,0,
Aerodramus orientalis,0,
Aerodramus papuensis,0,
Aerodramus pelewensis,0,
Aerodramus salangana,0,
Aerodramus sawtelli,0,
Aerodramus sororum,0,
Aerodramus spodiopygius,0,
Aerodramus terraereginae,0,
Aerodramus unicolor,0,
Aerodramus vanikorensis,0,
Aerodramus vulcanorum,0,
Aerodramus whiteheadi,0,
Schoutedenapus myoptilus,0,
Mearnsia novaeguineae,0,
Mearnsia picina,0,
Zoonavena grandidieri,0,
Zoonavena sylvatica,0,
Zoonavena thomensis,0,
Telacanthura melanopygia,0,
Telacanthura ussheri,0,
Rhaphidura leucopygialis,0,
Rhaphidura sabini,0,
Neafrapus boehmi,0,
Neafrapus cassini,0,
Hirundapus caudacutus,0,
Hirundapus celebensis,0,
Hirundapus cochinchinensis,0,
Hirundapus giganteus,0,
Chaetura andrei,0,
Chaetura brachyura,0,
Chaetura chapmani,0,
Chaetura cinereiventris,2,3-19 La Paz Waterfall Gardens 1.74%;3-19 Tirimbina Rainforest 6.85%;3-20 Estacion Biologica La Selva 30.03%;3-21 Arenal Observatory Lodge 2.64%;3-22 Arenal Observatory Lodge--access rd 4.29%
Chaetura egregia,0,
Chaetura fumosa,2,3-25 Cerro Lodge 4.03%;3-25 Tarcoles--Tour en Bote 11.91%;3-26 PN Carara-Entrada principal 7.37%
Chaetura martinica,0,
Chaetura meridionalis,0,
Chaetura pelagica,1,单型种(全);-----------------------------------------------------;2022-6-9 多伦多Alexandra Park
Chaetura spinicaudus,0,
Chaetura vauxi,0,3-18 Hotel Bougainvillea 15.73%;3-19 Tirimbina Rainforest 9.41%;3-20 Estacion Biologica La Selva 3.10%;3-21 Arenal Observatory Lodge 3.80%;3-22 Arenal Observatory Lodge--access rd 10.01%;3-24 Curi-Cancha Refugio de Vida Silvestre 3.57%;3-24 Reserva Bosque Nuboso Monteverde 3.27%;3-28 Savegre Hotel 5.44%
Aeronautes andecolus,0,
Aeronautes montivagus,0,
Aeronautes saxatalis,0,
Tachornis furcata,0,
Tachornis phoenicobia,1,2个亚种;-----------------------------------------------------;2022-12-29 古巴萨帕塔(iradii)
Tachornis squamata,0,
Panyptila cayennensis,2,3-19 Tirimbina Rainforest 4.27%;3-20 Estacion Biologica La Selva 8.48%
Panyptila sanctihieronymi,0,
Cypsiurus balasiensis,1,4个亚种;-----------------------------------------------------;2022-1-19 海南尖峰岭(infumatus)
Cypsiurus gracilis,0,
Cypsiurus parvus,0,
Tachymarptis aequatorialis,0,
Tachymarptis melba,0,
Apus acuticauda,0,
Apus affinis,0,
Apus alexandri,0,
Apus apus,1,2个亚种;-----------------------------------------------------;2018-5-26 北京大学(pekinensis);2021-5-14 宁夏银川水洞沟
Apus balstoni,0,
Apus barbatus,0,
Apus batesi,0,
Apus berliozi,0,
Apus bradfieldi,0,
Apus caffer,0,
Apus cooki,0,
Apus horus,0,
Apus leuconyx,0,
Apus niansae,0,
Apus nipalensis,1,4个亚种;-----------------------------------------------------;2018-2 厦门湿地公园(nipalensis);2022-1-18 海南南渡江(nipalensis);2019-8-17 新加坡河川动物园水域(subfurcatus)
Apus pacificus,1,2个亚种(全);-----------------------------------------------------;2021-5-16 宁夏石嘴山市沙湖(kanoi);2021-11-11 厦门园博园(pacificus)
Apus pallidus,1,3个亚种;-----------------------------------------------------;2023-1-9 阿联酋迪拜(pallidus)
Apus salimalii,1,单型种(全);-----------------------------------------------------;2020-7-25 拉萨布达拉宫广场
Apus sladeniae,0,
Apus unicolor,0,
Topaza pella,0,
Topaza pyra,0,
Florisuga fusca,0,
Florisuga mellivora,2,3-19 Donde Cope 90.06%;3-19 Tirimbina Rainforest 23.51%;3-20 Estacion Biologica La Selva 13.21%;3-21 Arenal Observatory Lodge 32.87%;3-22 Arenal Observatory Lodge--access rd 11.44%
Eutoxeres aquila,2,3-19 Donde Cope 36.01%
Eutoxeres condamini,0,
Ramphodon naevius,0,
Glaucis aeneus,0,
Glaucis dohrnii,0,
Glaucis hirsutus,0,
Threnetes leucurus,0,
Threnetes niger,0,
Threnetes ruckeri,2,3-20 Estacion Biologica La Selva 6.20%;3-26 PN Carara-Entrada principal 7.80%
Anopetia gounellei,0,
Phaethornis aethopygus,0,
Phaethornis anthophilus,0,
Phaethornis atrimentalis,0,
Phaethornis augusti,0,
Phaethornis bourcieri,0,
Phaethornis eurynome,0,
Phaethornis griseogularis,0,
Phaethornis guy,2,3-19 La Paz Waterfall Gardens 54.83%;3-21 Arenal Observatory Lodge 24.29%;3-21 Galeria de Colibriy Soda Cinchona 48.42%;3-22 Arenal Observatory Lodge--access rd 4.29%;3-24 Curi-Cancha Refugio de Vida Silvestre 10.93%;3-24 Reserva Bosque Nuboso Monteverde 27.53%
Phaethornis hispidus,0,
Phaethornis idaliae,0,
Phaethornis koepckeae,0,
Phaethornis longirostris,2,3-19 La Paz Waterfall Gardens 2.61%;3-19 Donde Cope 82.06%;3-19 Tirimbina Rainforest 18.38%;3-20 Estacion Biologica La Selva 20.51%;3-21 Arenal Observatory Lodge 2.05%;3-21 Galeria de Colibriy Soda Cinchona 2.89%;3-22 Arenal Observatory Lodge--access rd 8.57%;3-26 PN Carara-Entrada principal 23.61%
Phaethornis longuemareus,0,
Phaethornis malaris,0,
Phaethornis mexicanus,0,
Phaethornis nattereri,0,
Phaethornis philippii,0,
Phaethornis pretrei,0,
Phaethornis ruber,0,
Phaethornis rupurumii,0,
Phaethornis squalidus,0,
Phaethornis striigularis,2,3-19 La Paz Waterfall Gardens 2.17%;3-19 Donde Cope 47.02%;3-19 Tirimbina Rainforest 6.41%;3-20 Estacion Biologica La Selva 16.09%;3-21 Arenal Observatory Lodge 11.80%;3-22 Arenal Observatory Lodge--access rd 7.14%;3-25 Cerro Lodge 1.83%;3-26 PN Carara-Entrada principal 23.16%
Phaethornis stuarti,0,
Phaethornis subochraceus,0,
Phaethornis superciliosus,0,
Phaethornis syrmatophorus,0,
Phaethornis yaruqui,0,
Doryfera johannae,0,
Doryfera ludovicae,2,3-19 La Paz Waterfall Gardens 5.23%
Schistes albogularis,0,
Schistes geoffroyi,0,
Augastes lumachella,0,
Augastes scutatus,0,
Colibri coruscans,0,
Colibri cyanotus,2,3-19 La Paz Waterfall Gardens 15.26%;3-21 Galeria de Colibriy Soda Cinchona 10.13%;3-23 Hotel de Montana Monteverde 29.17%;3-24 Curi-Cancha Refugio de Vida Silvestre 81.33%;3-24 Reserva Bosque Nuboso Monteverde 50.39%;3-28 Savegre Hotel 60.80%
Colibri delphinae,2,3-19 La Paz Waterfall Gardens 28.32%;3-21 Arenal Observatory Lodge 23.31%;3-21 Galeria de Colibriy Soda Cinchona 14.45%;3-22 Arenal Observatory Lodge--access rd 8.59%;3-24 Curi-Cancha Refugio de Vida Silvestre 4.83%
Colibri serrirostris,0,
Colibri thalassinus,0,
Androdon aequatorialis,0,
Heliactin bilophus,0,
Heliothryx auritus,0,
Heliothryx barroti,2,3-19 La Paz Waterfall Gardens 3.92%;3-19 Tirimbina Rainforest 14.96%;3-20 Estacion Biologica La Selva 7.67%;3-21 Arenal Observatory Lodge 9.95%;3-22 Arenal Observatory Lodge--access rd 10.01%;3-26 PN Carara-Entrada principal 17.10%
Polytmus guainumbi,0,
Polytmus milleri,0,
Polytmus theresiae,0,
Avocettula recurvirostris,0,
Chrysolampis mosquitus,0,
Anthracothorax aurulentus,0,
Anthracothorax dominicus,0,
Anthracothorax mango,0,
Anthracothorax nigricollis,0,
Anthracothorax prevostii,2,3-18 Hotel Bougainvillea 1.33%;3-19 La Paz Waterfall Gardens 2.61%;3-19 Donde Cope 29.01%;3-21 Galeria de Colibriy Soda Cinchona 1.81%;3-25 Cerro Lodge 2.56%
Anthracothorax veraguensis,0,
Anthracothorax viridigula,0,
Anthracothorax viridis,0,
Eulampis holosericeus,0,
Eulampis jugularis,0,
Heliangelus amethysticollis,0,
Heliangelus clarisse,0,
Heliangelus exortis,0,
Heliangelus mavors,0,
Heliangelus micraster,0,
Heliangelus regalis,0,
Heliangelus spencei,0,
Heliangelus strophianus,0,
Heliangelus viola,0,
Sephanoides fernandensis,0,
Sephanoides sephaniodes,0,
Discosura conversii,2,3-19 La Paz Waterfall Gardens 68.33%;3-21 Arenal Observatory Lodge 13.17%;3-21 Galeria de Colibriy Soda Cinchona 50.96%
Discosura langsdorffi,0,
Discosura letitiae,0,
Discosura longicaudus,0,
Discosura popelairii,0,
Lophornis adorabilis,0,
Lophornis brachylophus,0,
Lophornis chalybeus,0,
Lophornis delattrei,0,
Lophornis gouldii,0,
Lophornis helenae,2,3-21 Arenal Observatory Lodge 23.02%
Lophornis magnificus,0,
Lophornis ornatus,0,
Lophornis pavoninus,0,
Lophornis stictolophus,0,
Lophornis verreauxii,0,
Phlogophilus harterti,0,
Phlogophilus hemileucurus,0,
Adelomyia melanogenys,0,
Aglaiocercus berlepschi,0,
Aglaiocercus coelestis,0,
Aglaiocercus kingii,0,
Sappho sparganurus,0,
Polyonymus caroli,0,
Taphrolesbia griseiventris,0,
Oreotrochilus adela,0,
Oreotrochilus chimborazo,0,
Oreotrochilus cyanolaemus,0,
Oreotrochilus estella,0,
Oreotrochilus leucopleurus,0,
Oreotrochilus melanogaster,0,
Oreotrochilus stolzmanni,0,
Opisthoprora euryptera,0,
Lesbia nuna,0,
Lesbia victoriae,0,
Ramphomicron dorsale,0,
Ramphomicron microrhynchum,0,
Chalcostigma herrani,0,
Chalcostigma heteropogon,0,
Chalcostigma olivaceum,0,
Chalcostigma ruficeps,0,
Chalcostigma stanleyi,0,
Oxypogon cyanolaemus,0,
Oxypogon guerinii,0,
Oxypogon lindenii,0,
Oxypogon stuebelii,0,
Oreonympha nobilis,0,
Metallura aeneocauda,0,
Metallura baroni,0,
Metallura eupogon,0,
Metallura iracunda,0,
Metallura odomae,0,
Metallura phoebe,0,
Metallura theresiae,0,
Metallura tyrianthina,0,
Metallura williami,0,
Haplophaedia assimilis,0,
Haplophaedia aureliae,0,
Haplophaedia lugens,0,
Eriocnemis aline,0,
Eriocnemis cupreoventris,0,
Eriocnemis derbyi,0,
Eriocnemis glaucopoides,0,
Eriocnemis godini,0,
Eriocnemis isabellae,0,
Eriocnemis luciani,0,
Eriocnemis mirabilis,0,
Eriocnemis mosquera,0,
Eriocnemis nigrivestis,0,
Eriocnemis vestita,0,
Loddigesia mirabilis,0,
Aglaeactis aliciae,0,
Aglaeactis castelnaudii,0,
Aglaeactis cupripennis,0,
Aglaeactis pamela,0,
Coeligena bonapartei,0,
Coeligena coeligena,0,
Coeligena conradii,0,
Coeligena consita,0,
Coeligena eos,0,
Coeligena helianthea,0,
Coeligena inca,0,
Coeligena iris,0,
Coeligena lutetiae,0,
Coeligena orina,0,
Coeligena phalerata,0,
Coeligena prunellei,0,
Coeligena torquata,0,
Coeligena violifer,0,
Coeligena wilsoni,0,
Lafresnaya lafresnayi,0,
Ensifera ensifera,0,
Pterophanes cyanopterus,0,
Boissonneaua flavescens,0,
Boissonneaua jardini,0,
Boissonneaua matthewsii,0,
Ocreatus addae,0,
Ocreatus peruanus,0,
Ocreatus underwoodii,0,
Urochroa bougueri,0,
Urochroa leucura,0,
Urosticte benjamini,0,
Urosticte ruficrissa,0,
Heliodoxa aurescens,0,
Heliodoxa branickii,0,
Heliodoxa gularis,0,
Heliodoxa imperatrix,0,
Heliodoxa jacula,2,3-19 La Paz Waterfall Gardens 78.36%;3-21 Galeria de Colibriy Soda Cinchona 90.34%;3-23 Hotel de Montana Monteverde 6.25%;3-24 Curi-Cancha Refugio de Vida Silvestre 43.92%;3-24 Reserva Bosque Nuboso Monteverde 49.02%
Heliodoxa leadbeateri,0,
Heliodoxa rubinoides,0,
Heliodoxa rubricauda,0,
Heliodoxa schreibersii,0,
Heliodoxa xanthogonys,0,
Patagona gigas,0,
Sternoclyta cyanopectus,0,
Hylonympha macrocerca,0,
Eugenes fulgens,0,
Eugenes spectabilis,2,3-19 La Paz Waterfall Gardens 7.84%;3-21 Galeria de Colibriy Soda Cinchona 6.51%
Panterpe insignis,2,3-19 La Paz Waterfall Gardens 2.17%;3-28 Savegre Hotel 7.75%
Heliomaster constantii,0,
Heliomaster furcifer,0,
Heliomaster longirostris,0,
Heliomaster squamosus,0,
Lampornis amethystinus,0,
Lampornis calolaemus,2,3-19 La Paz Waterfall Gardens 70.96%;3-21 Galeria de Colibriy Soda Cinchona 9.04%;3-24 Curi-Cancha Refugio de Vida Silvestre 42.66%;3-24 Reserva Bosque Nuboso Monteverde 54.53%
Lampornis castaneoventris,0,
Lampornis cinereicauda,0,
Lampornis clemenciae,0,
Lampornis hemileucus,2,3-19 La Paz Waterfall Gardens 23.94%;3-21 Galeria de Colibriy Soda Cinchona 30.01%
Lampornis sybillae,0,
Lampornis viridipallens,0,
Lamprolaima rhami,0,
Calliphlox amethystina,0,
Myrtis fanny,0,
Rhodopis vesper,0,
Myrmia micrura,0,
Thaumastura cora,0,
Philodice bryantae,2,3-19 La Paz Waterfall Gardens 10.89%;3-21 Galeria de Colibriy Soda Cinchona 2.53%;3-23 Hotel de Montana Monteverde 25.02%;3-24 Curi-Cancha Refugio de Vida Silvestre 55.70%;3-24 Reserva Bosque Nuboso Monteverde 30.63%
Philodice mitchellii,0,
Eulidia yarrellii,0,
Microstilbon burmeisteri,0,
Chaetocercus astreans,0,
Chaetocercus berlepschi,0,
Chaetocercus bombus,0,
Chaetocercus heliodor,0,
Chaetocercus jourdanii,0,
Chaetocercus mulsant,0,
Tilmatura dupontii,0,
Doricha eliza,0,
Doricha enicura,0,
Calothorax lucifer,0,
Calothorax pulcher,0,
Archilochus alexandri,0,
Archilochus colubris,1,单型种(全);-----------------------------------------------------;2022-6-11 多伦多High park
Mellisuga helenae,1,单型种(全);-----------------------------------------------------;2022-12-27 古巴萨帕塔
Mellisuga minima,0,
Nesophlox evelynae,0,
Nesophlox lyrura,0,
Calypte anna,0,
Calypte costae,0,
Selasphorus ardens,0,
Selasphorus calliope,0,
Selasphorus ellioti,0,
Selasphorus flammula,0,
Selasphorus heloisa,0,
Selasphorus platycercus,0,
Selasphorus rufus,0,
Selasphorus sasin,0,
Selasphorus scintilla,2,3-19 La Paz Waterfall Gardens 3.05%;3-24 Curi-Cancha Refugio de Vida Silvestre 5.88%;3-24 Reserva Bosque Nuboso Monteverde 1.89%;3-28 Savegre Hotel 52.74%
Phaeoptila sordida,0,
Riccordia bicolor,0,
Riccordia bracei,0,
Riccordia maugaeus,0,
Riccordia ricordii,1,单型种(全);-----------------------------------------------------;2022-12-24 古巴哈瓦那
Riccordia swainsonii,0,
Cynanthus auriceps,0,
Cynanthus canivetii,2,3-18 Hotel Bougainvillea 3.62%;3-23 Hotel de Montana Monteverde 18.77%;3-24 Reserva Bosque Nuboso Monteverde 2.07%
Cynanthus doubledayi,0,
Cynanthus forficatus,0,
Cynanthus latirostris,0,
Cynanthus lawrencei,0,
Chlorostilbon alice,0,
Chlorostilbon assimilis,0,
Chlorostilbon gibsoni,0,
Chlorostilbon lucidus,0,
Chlorostilbon melanorhynchus,0,
Chlorostilbon mellisugus,0,
Chlorostilbon olivaresi,0,
Chlorostilbon poortmani,0,
Chlorostilbon russatus,0,
Chlorostilbon stenurus,0,
Basilinna leucotis,0,
Basilinna xantusii,0,
Pampa curvipennis,0,
Pampa pampa,0,
Pampa rufa,0,
Abeillia abeillei,0,
Klais guimeti,2,3-19 Donde Cope 34.02%;3-19 Tirimbina Rainforest 6.42%;3-20 Estacion Biologica La Selva 7.31%;3-21 Arenal Observatory Lodge 54.80%;3-22 Arenal Observatory Lodge--access rd 12.87%
Orthorhyncus cristatus,0,
Anthocephala berlepschi,0,
Anthocephala floriceps,0,
Stephanoxis lalandi,0,
Stephanoxis loddigesii,0,
Campylopterus calcirupicola,0,
Campylopterus diamantinensis,0,
Campylopterus duidae,0,
Campylopterus ensipennis,0,
Campylopterus falcatus,0,
Campylopterus hemileucurus,2,3-19 La Paz Waterfall Gardens 80.10%;3-21 Galeria de Colibriy Soda Cinchona 88.17%;3-23 Hotel de Montana Monteverde 29.21%;3-24 Curi-Cancha Refugio de Vida Silvestre 53.40%;3-24 Reserva Bosque Nuboso Monteverde 51.79%
Campylopterus hyperythrus,0,
Campylopterus largipennis,0,
Campylopterus phainopeplus,0,
Campylopterus villaviscensio,0,
Chalybura buffonii,0,
Chalybura urochrysia,2,3-19 Donde Cope 85.06%;3-19 Tirimbina Rainforest 17.10%;3-20 Estacion Biologica La Selva 12.40%;3-21 Arenal Observatory Lodge 14.82%
Thalurania colombica,2,3-19 La Paz Waterfall Gardens 2.17%;3-19 Donde Cope 59.02%;3-19 Tirimbina Rainforest 4.27%;3-20 Estacion Biologica La Selva 10.77%;3-21 Arenal Observatory Lodge 30.62%;3-21 Galeria de Colibriy Soda Cinchona 1.81%;3-22 Arenal Observatory Lodge--access rd 4.30%
Thalurania furcata,0,
Thalurania glaucopis,0,
Thalurania watertonii,0,
Microchera albocoronata,0,
Microchera chionura,0,
Microchera cupreiceps,2,3-19 La Paz Waterfall Gardens 71.82%;3-21 Galeria de Colibriy Soda Cinchona 54.23%;3-23 Hotel de Montana Monteverde 10.42%;3-24 Curi-Cancha Refugio de Vida Silvestre 72.09%;3-24 Reserva Bosque Nuboso Monteverde 31.65%
Goldmania bella,0,
Goldmania violiceps,0,
Eupherusa cyanophrys,0,
Eupherusa eximia,2,3-19 La Paz Waterfall Gardens 7.83%;3-21 Galeria de Colibriy Soda Cinchona 2.17%;3-23 Hotel de Montana Monteverde 6.25%;3-24 Curi-Cancha Refugio de Vida Silvestre 51.07%;3-24 Reserva Bosque Nuboso Monteverde 36.63%;3-28 Savegre Hotel 34.60%
Eupherusa nigriventris,2,3-19 La Paz Waterfall Gardens 67.47%;3-21 Galeria de Colibriy Soda Cinchona 11.21%
Eupherusa poliocerca,0,
Eupherusa ridgwayi,0,
Phaeochroa cuvierii,2,3-19 Tirimbina Rainforest 5.99%;3-21 Arenal Observatory Lodge 35.01%;3-22 Arenal Observatory Lodge--access rd 8.59%;3-25 Cerro Lodge 2.21%;3-25 Tarcoles--Tour en Bote 15.78%;3-26 PN Carara-Entrada principal 14.73%
Leucippus fallax,0,
Thaumasius baeri,0,
Thaumasius taczanowskii,0,
Taphrospilus hypostictus,0,
Eupetomena cirrochloris,0,
Eupetomena macroura,0,
Talaphorus chlorocercus,0,
Trochilus polytmus,0,
Trochilus scitulus,0,
Saucerottia beryllina,0,
Saucerottia castaneiventris,0,
Saucerottia cupreicauda,0,
Saucerottia cyanifrons,0,
Saucerottia cyanocephala,0,
Saucerottia cyanura,0,
Saucerottia edward,0,
Saucerottia hoffmanni,2,3-18 Hotel Bougainvillea 6.82%;3-21 Arenal Observatory Lodge 4.58%;3-23 Hotel de Montana Monteverde 29.17%;3-24 Curi-Cancha Refugio de Vida Silvestre 9.88%;3-24 Reserva Bosque Nuboso Monteverde 3.61%;3-25 Cerro Lodge 9.90%;3-26 PN Carara-Entrada principal 14.08%
Saucerottia saucerottei,0,
Saucerottia tobaci,0,
Saucerottia viridigaster,0,
Amazilia boucardi,2,3-25 Tarcoles--Tour en Bote 20.85%
Amazilia luciae,0,
Amazilia rutila,2,3-25 Cerro Lodge 49.53%
Amazilia tzacatl,2,3-18 Hotel Bougainvillea 69.58%;3-19 La Paz Waterfall Gardens 49.18%;3-19 Donde Cope 68.01%;3-19 Tirimbina Rainforest 53.87%;3-20 Estacion Biologica La Selva 49.34%;3-21 Arenal Observatory Lodge 72.85%;3-21 Galeria de Colibriy Soda Cinchona 72.62%;3-22 Arenal Observatory Lodge--access rd 27.14%;3-23 Hotel de Montana Monteverde 16.73%;3-24 Curi-Cancha Refugio de Vida Silvestre 5.04%;3-24 Reserva Bosque Nuboso Monteverde 4.47%;3-25 Cerro Lodge 12.46%;3-25 Tarcoles--Tour en Bote 10.12%;3-26 PN Carara-Entrada principal 36.81%
Amazilia yucatanensis,0,
Amazilis amazilia,0,
Uranomitra franciae,0,
Chrysuronia brevirostris,0,
Chrysuronia coeruleogularis,0,
Chrysuronia goudoti,0,
Chrysuronia grayi,0,
Chrysuronia humboldtii,0,
Chrysuronia leucogaster,0,
Chrysuronia lilliae,0,
Chrysuronia oenone,0,
Chrysuronia versicolor,0,
Leucochloris albicollis,0,
Chionomesa fimbriata,0,
Chionomesa lactea,0,
Hylocharis chrysura,0,
Hylocharis sapphirina,0,
Elliotomyia chionogaster,0,
Elliotomyia viridicauda,0,
Polyerata amabilis,2,3-19 Donde Cope 11.01%;3-20 Estacion Biologica La Selva 13.13%
Polyerata decora,2,3-25 Cerro Lodge 2.93%;3-25 Tarcoles--Tour en Bote 27.70%
Polyerata rosenbergi,0,
Chlorestes candida,0,
Chlorestes cyanus,0,
Chlorestes eliciae,2,3-21 Arenal Observatory Lodge 6.04%;3-26 PN Carara-Entrada principal 11.27%
Chlorestes julie,0,
Chlorestes notata,0,
Ramosomyia violiceps,0,
Ramosomyia viridifrons,0,
Ramosomyia wagneri,0,
Corythaeola cristata,0,
Crinifer concolor,0,
Crinifer leucogaster,0,
Crinifer personatus,0,
Crinifer piscator,0,
Crinifer zonurus,0,
Gallirex johnstoni,0,
Gallirex porphyreolophus,1,2个亚种;-----------------------------------------------------;2019-8-17 新加坡河川动物园;2019-8-19 新加坡裕廊飞禽公园(porphyreolophus)
Menelikornis leucotis,1,2个亚种;-----------------------------------------------------;2019-8-19 新加坡裕廊飞禽公园(leucotis)
Menelikornis ruspolii,0,
Tauraco bannermani,0,
Tauraco corythaix,0,
Tauraco erythrolophus,0,
Tauraco fischeri,0,
Tauraco hartlaubi,1,单型种(全);-----------------------------------------------------;2019-8-19 新加坡裕廊飞禽公园
Tauraco leucolophus,1,单型种(全);-----------------------------------------------------;2019-8-19 新加坡裕廊飞禽公园
Tauraco livingstonii,1,2个亚种;-----------------------------------------------------;2019-8-19 新加坡裕廊飞禽公园(reichenowi)
Tauraco macrorhynchus,0,
Tauraco persa,1,3个亚种;-----------------------------------------------------;2019-3 厦门中山公园动物园
Tauraco rossae,0,
Tauraco schalowi,0,
Tauraco schuettii,0,
Tauraco violaceus,1,单型种(全);-----------------------------------------------------;2018-10-7 台北动物园;2019-8-19 新加坡裕廊飞禽公园
Otis tarda,1,2个亚种;-----------------------------------------------------;2018-5-26 北京动物园(dybowskii);
Ardeotis arabs,0,
Ardeotis australis,0,
Ardeotis kori,0,
Ardeotis nigriceps,0,
Chlamydotis macqueenii,1,单型种(全);-----------------------------------------------------;2023-1-12 阿联酋沙迦野生动物中心
Chlamydotis undulata,0,
Neotis denhami,0,
Neotis heuglinii,0,
Neotis ludwigii,0,
Neotis nuba,0,
Eupodotis caerulescens,0,
Eupodotis humilis,0,
Eupodotis rueppelii,0,
Eupodotis senegalensis,0,
Eupodotis vigorsii,0,
Lophotis gindiana,0,
Lophotis ruficrista,0,
Lophotis savilei,0,
Afrotis afra,0,
Afrotis afraoides,0,
Lissotis hartlaubii,0,
Lissotis melanogaster,0,
Houbaropsis bengalensis,0,
Sypheotides indicus,0,
Tetrax tetrax,0,
Guira guira,0,
Crotophaga ani,1,单型种(全);-----------------------------------------------------;2022-12-28 古巴萨帕塔
Crotophaga major,0,
Crotophaga sulcirostris,0,3-18 Hotel Bougainvillea 3.23%;3-19 La Paz Waterfall Gardens 2.62%;3-19 Donde Cope 5.01%;3-19 Tirimbina Rainforest 6.42%;3-20 Estacion Biologica La Selva 8.56%;3-21 Galeria de Colibriy Soda Cinchona 1.44%;3-24 Reserva Bosque Nuboso Monteverde 3.95%;3-25 Cerro Lodge 26.77%;3-25 Tarcoles--Tour en Bote 38.12%;3-26 PN Carara-Entrada principal 10.40%
Tapera naevia,2,3-25 Cerro Lodge 7.33%;3-25 Tarcoles--Tour en Bote 10.12%
Dromococcyx pavoninus,0,
Dromococcyx phasianellus,0,
Morococcyx erythropygus,0,
Geococcyx californianus,0,
Geococcyx velox,0,
Neomorphus geoffroyi,0,
Neomorphus pucheranii,0,
Neomorphus radiolosus,0,
Neomorphus rufipennis,0,
Neomorphus squamiger,0,
Centropus andamanensis,0,
Centropus anselli,0,
Centropus ateralbus,0,
Centropus bengalensis,0,
Centropus bernsteini,0,
Centropus burchellii,0,
Centropus celebensis,0,
Centropus chalybeus,0,
Centropus chlororhynchos,0,
Centropus cupreicaudus,0,
Centropus goliath,0,
Centropus grillii,0,
Centropus leucogaster,0,
Centropus melanops,0,
Centropus menbeki,0,
Centropus milo,0,
Centropus monachus,0,
Centropus nigrorufus,0,
Centropus phasianinus,0,
Centropus rectunguis,0,
Centropus senegalensis,0,
Centropus sinensis,1,6个亚种;-----------------------------------------------------;2017-12 莆田东圳水渠(sinensis);2022-1-18 海南南渡江(intermedius)
Centropus spilopterus,0,
Centropus steerii,0,
Centropus superciliosus,0,
Centropus toulou,0,
Centropus unirufus,0,
Centropus violaceus,0,
Centropus viridis,0,
Carpococcyx radiceus,0,
Carpococcyx renauldi,0,
Carpococcyx viridis,0,
Coua caerulea,0,
Coua coquereli,0,
Coua cristata,0,
Coua cursor,0,
Coua delalandei,0,
Coua gigas,0,
Coua reynaudii,0,
Coua ruficeps,0,
Coua serriana,0,
Coua verreauxi,0,
Rhinortha chlorophaea,0,
Ceuthmochares aereus,0,
Ceuthmochares australis,0,
Taccocua leschenaultii,0,
Zanclostomus javanicus,0,
Rhamphococcyx calyorhynchus,0,
Phaenicophaeus curvirostris,0,
Phaenicophaeus diardi,0,
Phaenicophaeus pyrrhocephalus,0,
Phaenicophaeus sumatranus,0,
Phaenicophaeus tristis,1,2个亚种;-----------------------------------------------------;2022-1-23 海南三亚鹿回头(tristis)
Phaenicophaeus viridirostris,0,
Dasylophus cumingi,0,
Dasylophus superciliosus,0,
Clamator coromandus,1,单型种(全);-----------------------------------------------------;2019-4-27 厦门同安杉际内
Clamator glandarius,0,
Clamator jacobinus,0,
Clamator levaillantii,0,
Coccycua cinerea,0,
Coccycua minuta,0,
Coccycua pumila,0,
Piaya cayana,2,3-18 Hotel Bougainvillea 20.11%;3-19 La Paz Waterfall Gardens 2.61%;3-19 Donde Cope 10.00%;3-19 Tirimbina Rainforest 12.83%;3-20 Estacion Biologica La Selva 36.22%;3-21 Arenal Observatory Lodge 5.36%;3-24 Curi-Cancha Refugio de Vida Silvestre 30.26%;3-24 Reserva Bosque Nuboso Monteverde 5.16%;3-25 Cerro Lodge 12.46%;3-25 Tarcoles--Tour en Bote 3.87%;3-26 PN Carara-Entrada principal 29.03%
Piaya melanogaster,0,
Coccyzus americanus,1,单型种(全);-----------------------------------------------------;2022-6-11 多伦多High park
Coccyzus erythropthalmus,1,单型种(全);-----------------------------------------------------;2022-7-9 多伦多Thompson公园
Coccyzus euleri,0,
Coccyzus ferrugineus,0,
Coccyzus lansbergi,0,
Coccyzus longirostris,0,
Coccyzus melacoryphus,0,
Coccyzus merlini,1,4个亚种;-----------------------------------------------------;2022-12-28 古巴萨帕塔(merlini)
Coccyzus minor,2,3-25 Tarcoles--Tour en Bote 7.74%
Coccyzus pluvialis,0,
Coccyzus rufigularis,0,
Coccyzus vetula,0,
Coccyzus vieilloti,0,
Pachycoccyx audeberti,0,
Microdynamis parva,0,
Eudynamys melanorhynchus,0,
Eudynamys orientalis,0,
Eudynamys scolopaceus,1,5个亚种;-----------------------------------------------------;2018-5 厦门湿地公园(chinensis)
Urodynamis taitensis,0,
Scythrops novaehollandiae,0,
Chrysococcyx basalis,0,
Chrysococcyx caprius,0,
Chrysococcyx cupreus,0,
Chrysococcyx flavigularis,0,
Chrysococcyx klaas,0,
Chrysococcyx lucidus,0,
Chrysococcyx maculatus,0,
Chrysococcyx megarhynchus,0,
Chrysococcyx meyerii,0,
Chrysococcyx minutillus,0,
Chrysococcyx osculans,0,
Chrysococcyx ruficollis,0,
Chrysococcyx xanthorhynchus,0,
Cacomantis aeruginosus,0,
Cacomantis castaneiventris,0,
Cacomantis flabelliformis,0,
Cacomantis leucolophus,0,
Cacomantis merulinus,1,4个亚种;-----------------------------------------------------;2019-5-22 厦门集美大学(querulus);2019-8-18 新加坡巴西立公园(threnodes)
Cacomantis pallidus,0,
Cacomantis passerinus,0,
Cacomantis sepulcralis,0,
Cacomantis sonneratii,0,
Cacomantis variolosus,0,
Cercococcyx mechowi,0,
Cercococcyx montanus,0,
Cercococcyx olivinus,0,
Surniculus dicruroides,0,
Surniculus lugubris,0,
Surniculus musschenbroeki,0,
Surniculus velutinus,0,
Hierococcyx bocki,0,
Hierococcyx fugax,0,
Hierococcyx hyperythrus,0,
Hierococcyx nisicolor,0,
Hierococcyx pectoralis,0,
Hierococcyx sparverioides,1,单型种(全);-----------------------------------------------------;2020-5-26 厦门天竺山
Hierococcyx vagans,0,
Hierococcyx varius,0,
Cuculus canorus,1,4个亚种;-----------------------------------------------------;2020-7-25 拉萨罗布林卡(bakeri)
Cuculus clamosus,0,
Cuculus crassirostris,0,
Cuculus gularis,0,
Cuculus lepidus,0,
Cuculus micropterus,17,2个亚种;-----------------------------------------------------;2021-4-23 杭州西湖(micropterus)
Cuculus optatus,0,
Cuculus poliocephalus,1,单型种(全);-----------------------------------------------------;2021-5-23 厦门小坪山
Cuculus rochii,0,
Cuculus saturatus,0,
Cuculus solitarius,0,
Nannococcyx psix,0,
Mesitornis unicolor,0,
Mesitornis variegatus,0,
Monias benschi,0,
Syrrhaptes paradoxus,0,
Syrrhaptes tibetanus,0,
Pterocles alchata,0,
Pterocles bicinctus,0,
Pterocles burchelli,0,
Pterocles coronatus,0,
Pterocles decoratus,0,
Pterocles exustus,1,5个亚种;-----------------------------------------------------;2023-1-15 阿联酋拉斯海玛(erlangeri)
Pterocles gutturalis,0,
Pterocles indicus,0,
Pterocles lichtensteinii,0,
Pterocles namaqua,0,
Pterocles orientalis,0,
Pterocles personatus,0,
Pterocles quadricinctus,0,
Pterocles senegallus,0,
Columba albinucha,0,
Columba albitorques,0,
Columba argentina,0,
Columba arquatrix,0,
Columba bollii,0,
Columba delegorguei,0,
Columba elphinstonii,0,
Columba eversmanni,0,
Columba guinea,1,2个亚种;-----------------------------------------------------;2019-5-7 香港动植物公园
Columba hodgsonii,1,单型种(全);-----------------------------------------------------;2020-8-2 西藏吉隆镇扎村山路
Columba iriditorques,0,
Columba janthina,0,
Columba jouyi,0,
Columba junoniae,0,
Columba larvata,1,7个亚种;-----------------------------------------------------;2019-8-19 新加坡裕廊飞禽公园
Columba leucomela,0,
Columba leuconota,1,2个亚种;-----------------------------------------------------;2020-8-1 西藏吉隆县(leuconota)
Columba livia,1,9个亚种;-----------------------------------------------------;2019-1-28 新西兰南岛Duntroon(引进种)
Columba malherbii,0,
Columba oenas,0,
Columba oliviae,0,
Columba pallidiceps,0,
Columba palumboides,0,
Columba palumbus,1,5个亚种;-----------------------------------------------------;2023-1-9 阿联酋迪拜(引进种);
Columba pollenii,0,
Columba pulchricollis,1,单型种(全);-----------------------------------------------------;2019-8-19 新加坡裕廊飞禽公园
Columba punicea,1,单型种(全);-----------------------------------------------------;2019-8-19 新加坡裕廊飞禽公园
Columba rupestris,1,2个亚种;-----------------------------------------------------;2020-7-24 西藏拉萨(turkestanica)
Columba sjostedti,0,
Columba thomensis,0,
Columba torringtoniae,0,
Columba trocaz,0,
Columba unicincta,0,
Columba versicolor,0,
Columba vitiensis,0,
Patagioenas araucana,0,
Patagioenas caribaea,0,
Patagioenas cayennensis,2,3-19 Donde Cope 77.04%;3-19 Tirimbina Rainforest 7.26%;3-20 Estacion Biologica La Selva 9.45%;3-21 Arenal Observatory Lodge 6.83%;3-22 Arenal Observatory Lodge--access rd 12.87%
Patagioenas corensis,0,
Patagioenas fasciata,0,3-19 La Paz Waterfall Gardens 2.17%;3-21 Galeria de Colibriy Soda Cinchona 1.45%;3-23 Hotel de Montana Monteverde 12.50%;3-24 Curi-Cancha Refugio de Vida Silvestre 10.30%;3-24 Reserva Bosque Nuboso Monteverde 10.14%
Patagioenas flavirostris,2,3-18 Hotel Bougainvillea 61.22%;3-19 La Paz Waterfall Gardens 8.27%;3-19 Donde Cope 6.00%;3-19 Tirimbina Rainforest 24.80%;3-20 Estacion Biologica La Selva 7.52%;3-21 Arenal Observatory Lodge 43.98%;3-21 Galeria de Colibriy Soda Cinchona 7.95%;3-22 Arenal Observatory Lodge--access rd 15.71%;3-23 Hotel de Montana Monteverde 54.21%;3-24 Curi-Cancha Refugio de Vida Silvestre 30.06%;3-24 Reserva Bosque Nuboso Monteverde 9.12%;3-25 Cerro Lodge 4.40%;3-25 Tarcoles--Tour en Bote 13.10%
Patagioenas goodsoni,0,
Patagioenas inornata,0,
Patagioenas leucocephala,1,单型种(全);-----------------------------------------------------;2022-12-28 古巴萨帕塔
Patagioenas maculosa,0,
Patagioenas nigrirostris,2,3-18 Hotel Bougainvillea 1.14%;3-19 Donde Cope 5.00%;3-19 Tirimbina Rainforest 18.81%;3-20 Estacion Biologica La Selva 47.80%;3-21 Arenal Observatory Lodge 8.19%;3-22 Arenal Observatory Lodge--access rd 8.57%;3-25 Cerro Lodge 1.83%;3-26 PN Carara-Entrada principal 45.47%
Patagioenas oenops,0,
Patagioenas picazuro,0,
Patagioenas plumbea,0,
Patagioenas speciosa,0,
Patagioenas squamosa,0,
Patagioenas subvinacea,2,3-19 La Paz Waterfall Gardens 6.96%;3-24 Curi-Cancha Refugio de Vida Silvestre 21.85%;3-24 Reserva Bosque Nuboso Monteverde 14.79%;3-28 Savegre Hotel 23.88%
Nesoenas mayeri,0,
Nesoenas picturatus,1,5个亚种;-----------------------------------------------------;2019-8-19 新加坡裕廊飞禽公园(picturatus)
Nesoenas rodericanus,0,
Streptopelia bitorquata,0,
Streptopelia capicola,0,
Streptopelia decaocto,1,单型种(全);-----------------------------------------------------;2020-12-14 厦门员筜湖;2021-5-16 宁夏石嘴山市沙湖;2022-12-24 古巴哈瓦那;2023-1-9 阿联酋迪拜
Streptopelia decipiens,0,
Streptopelia dusumieri,0,
Streptopelia hypopyrrha,0,
Streptopelia lugens,1,单型种(全);-----------------------------------------------------;2019-8-19 新加坡裕廊飞禽公园
Streptopelia orientalis,1,5个亚种;-----------------------------------------------------;2018-10-7 台湾台北市立动物园附近(orientalis);2019-4-6 福州森林公园(orientalis);2020-7-24 西藏拉萨(agricola)
Streptopelia reichenowi,0,
Streptopelia roseogrisea,0,
Streptopelia semitorquata,0,
Streptopelia tranquebarica,1,2个亚种(全);-----------------------------------------------------;2018-10-1 台湾花莲、金门(humilis);2019-4-14 厦门东埭桥水库(tranquebarica)
Streptopelia turtur,1,4个亚种;-----------------------------------------------------;2023-1-12 阿联酋沙迦野生动物中心
Streptopelia vinacea,0,
Streptopelia xanthocycla,0,
Spilopelia chinensis,1,5个亚种;-----------------------------------------------------;2017-12 厦门前埔(chinensis);2019-1-14 新西兰奥克兰(tigrina);2019-8-17 新加坡;2022-1-18 海南白沙门公园(hainana);
Spilopelia senegalensis,1,5个亚种;-----------------------------------------------------;2023-1-9 阿联酋迪拜(cambayensis)
Macropygia amboinensis,0,
Macropygia cinnamomea,0,
Macropygia doreya,0,
Macropygia emiliana,1,2个亚种;-----------------------------------------------------;2019-5-7 香港公园尤德观鸟园
Macropygia macassariensis,0,
Macropygia mackinlayi,0,
Macropygia magna,0,
Macropygia modiglianii,0,
Macropygia nigrirostris,0,
Macropygia phasianella,0,
Macropygia ruficeps,0,
Macropygia rufipennis,0,
Macropygia tenuirostris,0,
Macropygia timorlaoensis,0,
Macropygia unchall,1,3个亚种;-----------------------------------------------------;2019-8-19 新加坡裕廊飞禽公园
Reinwardtoena browni,0,
Reinwardtoena crassirostris,0,
Reinwardtoena reinwardti,0,
Turacoena manadensis,0,
Turacoena modesta,0,
Turacoena sulaensis,0,
Turtur abyssinicus,0,
Turtur afer,0,
Turtur brehmeri,0,
Turtur chalcospilos,0,
Turtur tympanistria,1,单型种(全);-----------------------------------------------------;2019-8-19 新加坡裕廊飞禽公园
Oena capensis,1,2个亚种;-----------------------------------------------------;2023-1-14 阿联酋富查伊拉(capensis)
Chalcophaps indica,1,6个亚种;-----------------------------------------------------;2020-1-13 厦门天竺山(indica)
Chalcophaps longirostris,0,
Chalcophaps stephani,0,
Henicophaps albifrons,0,
Henicophaps foersteri,0,
Phaps chalcoptera,1,单型种(全);-----------------------------------------------------;2019-8-19 新加坡裕廊飞禽公园
Phaps elegans,1,2个亚种;-----------------------------------------------------;2019-8-19 新加坡裕廊飞禽公园
Phaps histrionica,0,
Ocyphaps lophotes,1,2个亚种;-----------------------------------------------------;2019-1-14 新西兰奥克兰动物园;2019-8-19 新加坡裕廊飞禽公园
Geophaps plumifera,0,
Geophaps scripta,0,
Geophaps smithii,0,
Trugon terrestris,0,
Leucosarcia melanoleuca,1,单型种(全);-----------------------------------------------------;2019-8-19 新加坡裕廊飞禽公园
Petrophassa albipennis,0,
Petrophassa rufipennis,0,
Geopelia cuneata,1,单型种(全);-----------------------------------------------------;2019-8-19 新加坡裕廊飞禽公园
Geopelia humeralis,1,4个亚种;-----------------------------------------------------;2019-8-19 新加坡裕廊飞禽公园
Geopelia maugeus,0,
Geopelia placida,0,
Geopelia striata,1,单型种(全);-----------------------------------------------------;2018-10-1 台湾高雄卫武营都会公园;2019-8-17 新加坡
Columbina buckleyi,0,
Columbina cruziana,0,
Columbina cyanopis,0,
Columbina inca,0,3-18 Hotel Bougainvillea 36.78%;3-24 Reserva Bosque Nuboso Monteverde 1.38%;3-25 Cerro Lodge 32.64%;3-25 Tarcoles--Tour en Bote 14.88%;3-26 PN Carara-Entrada principal 15.37%
Columbina minuta,0,
Columbina passerina,1,18个亚种;-----------------------------------------------------;2022-12-24 古巴哈瓦那(insularis)
Columbina picui,0,
Columbina squammata,0,
Columbina talpacoti,2,3-19 Donde Cope 15.00%;3-19 Tirimbina Rainforest 12.41%;3-20 Estacion Biologica La Selva 19.77%;3-21 Galeria de Colibriy Soda Cinchona 2.53%;3-25 Cerro Lodge 26.41%;3-25 Tarcoles--Tour en Bote 32.15%;3-26 PN Carara-Entrada principal 16.90%
Claravis pretiosa,3,单型种(全);-----------------------------------------------------;2019-8-19 新加坡裕廊飞禽公园;;3-20 Estacion Biologica La Selva 6.87%;3-25 Tarcoles--Tour en Bote 4.76%;3-26 PN Carara-Entrada principal 6.07%
Paraclaravis geoffroyi,0,
Paraclaravis mondetoura,0,
Metriopelia aymara,0,
Metriopelia ceciliae,0,
Metriopelia melanoptera,0,
Metriopelia morenoi,0,
Uropelia campestris,0,
Starnoenas cyanocephala,0,zapata swamp
Geotrygon caniceps,17,单型种(全);-----------------------------------------------------;2022-12-28 古巴萨帕塔
Geotrygon chrysia,0,
Geotrygon leucometopia,0,
Geotrygon montana,0,
Geotrygon mystacea,0,
Geotrygon purpurata,0,
Geotrygon saphirina,0,
Geotrygon versicolor,1,单型种(全);-----------------------------------------------------;2019-8-19 新加坡裕廊飞禽公园
Geotrygon violacea,0,
Leptotrygon veraguensis,0,
Leptotila battyi,0,
Leptotila cassinii,2,3-20 Estacion Biologica La Selva 19.40%;3-21 Arenal Observatory Lodge 9.27%;3-25 Cerro Lodge 1.84%;3-26 PN Carara-Entrada principal 34.23%
Leptotila conoveri,0,
Leptotila jamaicensis,0,
Leptotila megalura,0,
Leptotila ochraceiventris,0,
Leptotila pallida,0,
Leptotila plumbeiceps,0,
Leptotila rufaxilla,0,
Leptotila verreauxi,2,3-18 Hotel Bougainvillea 23.70%;3-19 Donde Cope 7.00%;3-19 Tirimbina Rainforest 21.38%;3-20 Estacion Biologica La Selva 18.88%;3-21 Arenal Observatory Lodge 21.55%;3-21 Galeria de Colibriy Soda Cinchona 1.44%;3-22 Arenal Observatory Lodge--access rd 4.29%;3-24 Curi-Cancha Refugio de Vida Silvestre 7.78%;3-24 Reserva Bosque Nuboso Monteverde 2.58%;3-25 Cerro Lodge 23.08%;3-25 Tarcoles--Tour en Bote 13.10%;3-26 PN Carara-Entrada principal 39.20%
Leptotila wellsi,0,
Zentrygon albifacies,0,
Zentrygon carrikeri,0,
Zentrygon chiriquensis,2,3-24 Curi-Cancha Refugio de Vida Silvestre 4.63%;3-24 Reserva Bosque Nuboso Monteverde 3.27%
Zentrygon costaricensis,2,3-21 Galeria de Colibriy Soda Cinchona 9.75%;3-24 Reserva Bosque Nuboso Monteverde 8.09%;3-28 Savegre Hotel 3.46%
Zentrygon frenata,0,
Zentrygon goldmani,0,
Zentrygon lawrencii,0,
Zentrygon linearis,0,
Ectopistes migratorius,1,单型种(全);-----------------------------------------------------;2022-6-26 皇家安大略博物馆
Zenaida asiatica,0,3-18 Hotel Bougainvillea 67.66%;3-19 La Paz Waterfall Gardens 6.09%;3-21 Arenal Observatory Lodge 1.66%;3-21 Galeria de Colibriy Soda Cinchona 2.17%;3-22 Arenal Observatory Lodge--access rd 4.29%;3-23 Hotel de Montana Monteverde 8.33%;3-24 Reserva Bosque Nuboso Monteverde 1.38%;3-25 Cerro Lodge 57.93%;3-25 Tarcoles--Tour en Bote 31.56%;3-26 PN Carara-Entrada principal 21.01%
Zenaida auriculata,0,
Zenaida aurita,1,3个亚种;-----------------------------------------------------;2022-12-26 古巴萨帕塔(zenaida)
Zenaida galapagoensis,0,
Zenaida graysoni,0,
Zenaida macroura,1,5个亚种;-----------------------------------------------------;2022-6-11 多伦多High park(carolinensis);2022-12-24 古巴哈瓦那(macroura)
Zenaida meloda,0,
Caloenas maculata,0,
Caloenas nicobarica,1,2个亚种;-----------------------------------------------------;2018-10-7 台北动物园;2019-8-19 新加坡裕廊飞禽公园
Gallicolumba crinigera,1,3个亚种;-----------------------------------------------------;2019-8-19 新加坡裕廊飞禽公园(crinigera)
Gallicolumba keayi,0,
Gallicolumba luzonica,1,3个亚种;-----------------------------------------------------;2019-8-19 新加坡裕廊飞禽公园(luzonica)
Gallicolumba menagei,0,
Gallicolumba platenae,0,
Gallicolumba rufigula,0,
Gallicolumba tristigmata,1,3个亚种;-----------------------------------------------------;2019-8-19 新加坡裕廊飞禽公园(tristigmata)
Pampusana beccarii,0,
Pampusana canifrons,0,
Pampusana erythroptera,0,
Pampusana ferruginea,0,
Pampusana hoedtii,0,
Pampusana jobiensis,0,
Pampusana kubaryi,0,
Pampusana norfolkensis,0,
Pampusana rubescens,0,
Pampusana salamonis,0,
Pampusana sanctaecrucis,0,
Pampusana stairi,0,
Pampusana xanthonura,0,
Microgoura meeki,0,
Otidiphaps nobilis,1,4个亚种;-----------------------------------------------------;2022-7-3 多伦多动物园(nobilis)
Goura cristata,1,单型种(全);-----------------------------------------------------;2018-11-25 上海动物园
Goura scheepmakeri,0,
Goura sclaterii,1,单型种(全);-----------------------------------------------------;2018-5-26 北京动物园
Goura victoria,1,2个亚种;-----------------------------------------------------;2019-5-7 香港公园尤德观鸟园;2019-8-19 新加坡裕廊飞禽公园
Raphus cucullatus,1,单型种(全);-----------------------------------------------------;2022-6-26 皇家安大略博物馆
Pezophaps solitaria,0,
Didunculus strigirostris,0,
Phapitreron amethystinus,0,
Phapitreron brunneiceps,0,
Phapitreron cinereiceps,0,
Phapitreron leucotis,0,
Treron affinis,0,
Treron apicauda,0,
Treron aromaticus,0,
Treron australis,0,
Treron axillaris,0,
Treron bicinctus,0,
Treron calvus,0,
Treron capellei,0,
Treron chloropterus,0,
Treron curvirostra,1,9个亚种;-----------------------------------------------------;2019-8-19 新加坡裕廊飞禽公园
Treron floris,0,
Treron formosae,0,
Treron fulvicollis,0,
Treron griseicauda,0,
Treron griveaudi,0,
Treron olax,0,
Treron oxyurus,0,
Treron pembaensis,0,
Treron permagnus,0,
Treron phayrei,0,
Treron phoenicopterus,0,
Treron pompadora,0,
Treron psittaceus,0,
Treron sanctithomae,0,
Treron seimundi,0,
Treron sieboldii,0,
Treron sphenurus,0,
Treron teysmannii,0,
Treron vernans,1,单型种(全);-----------------------------------------------------;2019-8-17 新加坡河川动物园旁水库
Treron waalia,1,单型种(全);-----------------------------------------------------;2019-8-19 新加坡裕廊飞禽公园
Ptilinopus alligator,0,
Ptilinopus arcanus,0,
Ptilinopus aurantiifrons,1,单型种(全);-----------------------------------------------------;2019-8-19 新加坡裕廊飞禽公园
Ptilinopus bernsteinii,0,
Ptilinopus chalcurus,0,
Ptilinopus chrysogaster,0,
Ptilinopus cinctus,0,
Ptilinopus coralensis,0,
Ptilinopus coronulatus,0,
Ptilinopus dohertyi,0,
Ptilinopus dupetithouarsii,0,
Ptilinopus eugeniae,0,
Ptilinopus fischeri,0,
Ptilinopus granulifrons,0,
Ptilinopus greyi,0,
Ptilinopus gularis,0,
Ptilinopus hernsheimi,0,
Ptilinopus huttoni,0,
Ptilinopus hyogastrus,0,
Ptilinopus insolitus,0,
Ptilinopus insularis,0,
Ptilinopus iozonus,0,
Ptilinopus jambu,1,单型种(全);-----------------------------------------------------;2019-8-19 新加坡裕廊飞禽公园
Ptilinopus layardi,0,
Ptilinopus leclancheri,0,
Ptilinopus luteovirens,0,
Ptilinopus magnificus,0,
Ptilinopus mangoliensis,0,
Ptilinopus marchei,0,
Ptilinopus melanospilus,0,
Ptilinopus mercierii,0,
Ptilinopus merrilli,0,
Ptilinopus monacha,0,
Ptilinopus nainus,0,
Ptilinopus occipitalis,0,
Ptilinopus ornatus,0,
Ptilinopus pelewensis,0,
Ptilinopus perlatus,0,
Ptilinopus perousii,0,
Ptilinopus ponapensis,0,
Ptilinopus porphyraceus,0,
Ptilinopus porphyreus,0,
Ptilinopus pulchellus,0,
Ptilinopus purpuratus,0,
Ptilinopus rarotongensis,0,
Ptilinopus regina,0,
Ptilinopus richardsii,0,
Ptilinopus rivoli,0,
Ptilinopus roseicapilla,0,
Ptilinopus solomonensis,0,
Ptilinopus speciosus,0,
Ptilinopus subgularis,0,
Ptilinopus superbus,0,
Ptilinopus tannensis,0,
Ptilinopus victor,0,
Ptilinopus viridis,0,
Ptilinopus wallacii,0,
Drepanoptila holosericea,0,
Alectroenas madagascariensis,0,
Alectroenas nitidissimus,0,
Alectroenas pulcherrimus,0,
Alectroenas sganzini,0,
Ducula aenea,1,12个亚种;-----------------------------------------------------;2019-5-7 香港公园尤德观鸟园;2019-8-19 新加坡裕廊飞禽公园(paulina)
Ducula aurorae,0,
Ducula badia,17,4个亚种;-----------------------------------------------------;2022-1-20 海南尖峰岭(griseicapilla)
Ducula bakeri,0,
Ducula basilica,0,
Ducula bicolor,1,单型种(全);-----------------------------------------------------;2018-10-7 台北动物园;2019-8-19 新加坡裕廊飞禽公园
Ducula brenchleyi,0,
Ducula carola,0,
Ducula chalconota,0,
Ducula cineracea,0,
Ducula concinna,1,单型种(全);-----------------------------------------------------;2019-8-19 新加坡裕廊飞禽公园
Ducula cuprea,0,
Ducula finschii,0,
Ducula forsteni,0,
Ducula galeata,0,
Ducula geelvinkiana,0,
Ducula goliath,0,
Ducula lacernulata,0,
Ducula latrans,0,
Ducula luctuosa,1,单型种(全);-----------------------------------------------------;2019-8-19 新加坡裕廊飞禽公园
Ducula melanochroa,0,
Ducula mindorensis,0,
Ducula mullerii,0,
Ducula myristicivora,0,
Ducula neglecta,0,
Ducula nicobarica,0,
Ducula oceanica,0,
Ducula oenothorax,0,
Ducula pacifica,1,2个亚种;-----------------------------------------------------;2019-8-19 新加坡裕廊飞禽公园
Ducula perspicillata,0,
Ducula pickeringii,0,
Ducula pinon,1,3个亚种;-----------------------------------------------------;2019-8-19 新加坡裕廊飞禽公园
Ducula pistrinaria,1,4个亚种;-----------------------------------------------------;2019-8-19 新加坡裕廊飞禽公园
Ducula poliocephala,0,
Ducula radiata,0,
Ducula rosacea,1,单型种(全);-----------------------------------------------------;2019-8-19 新加坡裕廊飞禽公园
Ducula rubricera,0,
Ducula rufigaster,1,2个亚种;-----------------------------------------------------;2019-5-7 香港公园尤德观鸟园
Ducula spilorrhoa,1,单型种(全);-----------------------------------------------------;2019-5-7 香港动植物公园
Ducula subflavescens,0,
Ducula whartoni,0,
Ducula zoeae,0,
Lopholaimus antarcticus,0,
Hemiphaga chathamensis,0,
Hemiphaga novaeseelandiae,1,2个亚种;-----------------------------------------------------;2019-1 新西兰南岛(novaeseelandiae)
Cryptophaps poecilorrhoa,0,
Gymnophaps albertisii,0,
Gymnophaps mada,0,
Gymnophaps solomonensis,0,
Gymnophaps stalkeri,0,
Podica senegalensis,0,
Heliopais personatus,0,
Heliornis fulica,0,
Mentocrex beankaensis,0,
Mentocrex kioloides,0,
Sarothrura affinis,0,
Sarothrura ayresi,0,
Sarothrura boehmi,0,
Sarothrura elegans,0,
Sarothrura insularis,0,
Sarothrura lugens,0,
Sarothrura pulchra,0,
Sarothrura rufa,0,
Sarothrura watersi,0,
Rallicula forbesi,0,
Rallicula leucospila,0,
Rallicula mayri,0,
Rallicula rubra,0,
Canirallus oculeus,0,
Mustelirallus albicollis,0,
Neocrex colombiana,0,
Neocrex erythrops,0,
Cyanolimnas cerverai,0,
Pardirallus maculatus,0,
Pardirallus nigricans,0,
Pardirallus sanguinolentus,0,
Amaurolimnas concolor,0,
Aramides albiventris,2,3-19 Donde Cope 52.06%;3-19 Tirimbina Rainforest 4.70%;3-20 Estacion Biologica La Selva 4.65%
Aramides axillaris,0,
Aramides cajaneus,2,3-18 Hotel Bougainvillea 3.04%;3-25 Tarcoles--Tour en Bote 8.93%
Aramides calopterus,0,
Aramides mangle,0,
Aramides saracura,0,
Aramides wolfi,0,
Aramides ypecaha,0,
Rallus aequatorialis,0,
Rallus antarcticus,0,
Rallus aquaticus,0,
Rallus caerulescens,0,
Rallus crepitans,0,
Rallus elegans,0,
Rallus indicus,1,单型种(全);-----------------------------------------------------;2019-11-30 泉州德化县雷锋镇;2020-4-17 石狮湿地公园
Rallus limicola,17,2个亚种;-----------------------------------------------------;2023-4-14 多伦多Thompson公园(limicola)
Rallus longirostris,0,
Rallus madagascariensis,0,
Rallus obsoletus,0,
Rallus semiplumbeus,0,
Rallus tenuirostris,0,
Rallus wetmorei,0,
Crecopsis egregia,0,
Rougetius rougetii,0,
Dryolimnas augusti,0,
Dryolimnas cuvieri,0,
Crex crex,0,
Aramidopsis plateni,0,
Lewinia mirifica,0,
Lewinia muelleri,0,
Lewinia pectoralis,0,
Lewinia striata,0,
Diaphorapteryx hawkinsi,0,
Habroptila wallacii,0,
Gallirallus australis,1,4个亚种;-----------------------------------------------------;2019-1 新西兰南岛(australis)
Aptenorallus calayanensis,0,
Eulabeornis castaneoventris,0,
Cabalus lafresnayanus,0,
Cabalus modestus,0,
Hypotaenidia dieffenbachii,0,
Hypotaenidia insignis,0,
Hypotaenidia okinawae,0,
Hypotaenidia owstoni,0,
Hypotaenidia pacifica,0,
Hypotaenidia philippensis,0,
Hypotaenidia poeciloptera,0,
Hypotaenidia rovianae,0,
Hypotaenidia sylvestris,0,
Hypotaenidia torquata,0,
Hypotaenidia wakensis,0,
Hypotaenidia woodfordi,0,
Porphyriops melanops,0,
Porzana carolina,17,单型种(全);-----------------------------------------------------;2023-4-20 多伦多Thompson公园
Porzana fluminea,0,
Porzana porzana,0,
Tribonyx mortierii,0,
Tribonyx ventralis,0,
Paragallinula angulata,0,
Gallinula chloropus,1,5个亚种;-----------------------------------------------------;2017-12 厦门湿地公园(chloropus);2020-8-4 西藏玛旁雍错(chloropus)
Gallinula comeri,0,
Gallinula galeata,1,7个亚种;-----------------------------------------------------;2022-10-1 加拿大奥沙华(cachinnans);2022-12-24 古巴哈瓦那(cerceris)
Gallinula nesiotis,0,
Gallinula pacifica,0,
Gallinula silvestris,0,
Gallinula tenebrosa,0,
Fulica alai,0,
Fulica americana,1,2个亚种;-----------------------------------------------------;2022-7-29 多伦多Colonel Samuel Smith Park(americana);2022-12-24 古巴哈瓦那(americana)
Fulica ardesiaca,0,
Fulica armillata,0,
Fulica atra,1,4个亚种;-----------------------------------------------------;2018-2 厦门翔安东埭桥水库(atra);2019-1-14 新西兰奥克兰West Spring公园(australis);2020-7-24 西藏拉萨(atra)
Fulica cornuta,0,
Fulica cristata,0,
Fulica gigantea,0,
Fulica leucoptera,0,
Fulica newtonii,0,
Fulica rufifrons,0,
Porphyrio albus,0,
Porphyrio alleni,0,
Porphyrio flavirostris,0,
Porphyrio hochstetteri,0,
Porphyrio indicus,0,
Porphyrio madagascariensis,0,
Porphyrio mantelli,0,
Porphyrio martinica,0,3-25 Tarcoles--Tour en Bote 27.20%
Porphyrio melanotus,1,5个亚种;-----------------------------------------------------;2019-1 新西兰南北岛(melanotus)
Porphyrio poliocephalus,1,3个亚种;-----------------------------------------------------;2018-3 厦门翔安东埭桥水库(poliocephalus)
Porphyrio porphyrio,0,
Porphyrio pulverulentus,0,
Micropygia schomburgkii,0,
Rufirallus castaneiceps,0,
Rufirallus viridis,0,
Coturnicops exquisitus,0,
Coturnicops notatus,0,
Coturnicops noveboracensis,0,
Laterallus albigularis,0,
Laterallus exilis,0,
Laterallus fasciatus,0,
Laterallus flaviventer,0,
Laterallus jamaicensis,0,
Laterallus leucopyrrhus,0,
Laterallus levraudi,0,
Laterallus melanophaius,0,
Laterallus rogersi,0,
Laterallus ruber,0,
Laterallus spilonota,0,
Laterallus spiloptera,0,
Laterallus xenopterus,0,
Mundia elpenor,0,
Aphanocrex podarces,0,
Zapornia akool,1,2个亚种;-----------------------------------------------------;2021-5-23 泉州安溪林尾村(coccineipes)
Zapornia astrictocarpus,0,
Zapornia atra,0,
Zapornia bicolor,0,
Zapornia flavirostra,1,单型种(全);-----------------------------------------------------;2022-7-3 多伦多动物园
Zapornia fusca,1,4个亚种;-----------------------------------------------------;2020-6-11 厦门同安杉际内(erythrothorax)
Zapornia monasa,0,
Zapornia nigra,0,
Zapornia olivieri,0,
Zapornia palmeri,0,
Zapornia parva,0,
Zapornia paykullii,0,
Zapornia pusilla,0,
Zapornia sandwichensis,0,
Zapornia tabuensis,0,
Rallina canningi,0,
Rallina eurizonoides,0,
Rallina fasciata,0,
Rallina tricolor,0,
Gymnocrex plumbeiventris,0,
Gymnocrex rosenbergii,0,
Gymnocrex talaudensis,0,
Himantornis haematopus,0,
Megacrex inepta,0,
Poliolimnas cinereus,0,
Aenigmatolimnas marginalis,0,
Gallicrex cinerea,0,
Amaurornis isabellina,0,
Amaurornis magnirostris,0,
Amaurornis moluccana,0,
Amaurornis olivacea,0,
Amaurornis phoenicurus,1,3个亚种;-----------------------------------------------------;2017-12 厦门湿地公园(phoenicurus)
Aphanapteryx bonasia,0,
Erythromachus leguati,0,
Psophia crepitans,1,3个亚种;-----------------------------------------------------;2018-11-25 上海动物园
Psophia leucoptera,0,
Psophia viridis,0,
Balearica pavonina,1,2个亚种;-----------------------------------------------------;2018-9-29 广州长隆飞鸟乐园;2018-11-25 上海动物园(pavonina);2019-8-19 新加坡裕廊飞禽公园;;
Balearica regulorum,1,2个亚种;-----------------------------------------------------;2017-12-23 厦门中山动物园;2018-5-26 北京动物园(gibbericeps);2019-8-19 新加坡裕廊飞禽公园;
Leucogeranus leucogeranus,1,单型种(全);-----------------------------------------------------;2021-1-16 石狮湿地公园
Antigone antigone,1,3个亚种;-----------------------------------------------------;2018-9-29 广州长隆飞鸟乐园;2019-8-19 新加坡裕廊飞禽公园
Antigone canadensis,1,5个亚种;-----------------------------------------------------;2022-10-9 加拿大Long point(rowani)
Antigone rubicunda,1,单型种(全);-----------------------------------------------------;2019-1-14 新西兰奥克兰动物园
Antigone vipio,1,单型种(全);-----------------------------------------------------;2017-12-23 厦门中山动物园
Grus americana,0,
Grus carunculata,1,单型种(全);-----------------------------------------------------;2018-9-29 广州长隆飞鸟乐园
Grus grus,1,单型种(全);-----------------------------------------------------;2017-12-23 厦门中山动物园
Grus japonensis,1,单型种(全);-----------------------------------------------------;2017-12-23 厦门中山动物园
Grus monacha,1,单型种(全);-----------------------------------------------------;2018-9-29 广州长隆飞鸟乐园
Grus nigricollis,1,单型种(全);-----------------------------------------------------;2020-7-29 西藏羊卓雍措
Grus paradisea,1,单型种(全);-----------------------------------------------------;2019-5-7 香港动植物公园
Grus virgo,1,单型种(全);-----------------------------------------------------;2017-12-23 厦门中山动物园
Aramus guarauna,1,4个亚种;-----------------------------------------------------;2022-12-28 古巴萨帕塔(pictus)
Tachybaptus dominicus,2,3-23 Hotel de Montana Monteverde 8.40%
Tachybaptus novaehollandiae,0,
Tachybaptus pelzelnii,0,
Tachybaptus ruficollis,1,7个亚种;-----------------------------------------------------;2017-12 厦门湿地公园(poggei);2020-10-31 陕西西安湖(poggei);2022-1-18 海南南渡江(poggei)
Tachybaptus rufolavatus,0,
Tachybaptus tricolor,0,
Podilymbus gigas,0,
Podilymbus podiceps,1,3个亚种;-----------------------------------------------------;2022-9-4 多伦多Colonel Samuel Smith公园(podiceps)
Rollandia microptera,0,
Rollandia rolland,0,
Poliocephalus poliocephalus,0,
Poliocephalus rufopectus,1,单型种(全);-----------------------------------------------------;2019-1-15 新西兰北岛霍比屯
Podiceps andinus,0,
Podiceps auritus,1,2个亚种;-----------------------------------------------------;2022-7-16 多伦多Rouge beach Park(cornutus)
Podiceps cristatus,1,3个亚种;-----------------------------------------------------;2019-1-28 新西兰南岛Omarama(australis);2020-1-4 厦门翔安东埭桥水库(cristatus);2020-7-28 西藏羊卓雍措湖(cristatus);2020-10-31 陕西西安湖(cristatus)
Podiceps gallardoi,0,
Podiceps grisegena,1,2个亚种;-----------------------------------------------------;2022-6-18 多伦多Thompson公园(holbollii)
Podiceps major,0,
Podiceps nigricollis,1,3个亚种;-----------------------------------------------------;2021-1-19 厦门园博园(nigricollis)
Podiceps occipitalis,0,
Podiceps taczanowskii,0,
Aechmophorus clarkii,0,
Aechmophorus occidentalis,0,
Phoenicopterus chilensis,1,单型种(全);-----------------------------------------------------;2018-5-26 北京动物园
Phoenicopterus roseus,1,单型种(全);-----------------------------------------------------;2019-8-19 新加坡裕廊飞禽公园;2023-1-11 阿联酋迪拜
Phoenicopterus ruber,1,单型种(全);-----------------------------------------------------;2019-8-19 新加坡裕廊飞禽公园;2022-12-27 古巴萨帕塔
Phoeniconaias minor,1,单型种(全);-----------------------------------------------------;2018-5-26 北京动物园;2019-8-19 新加坡裕廊飞禽公园
Phoenicoparrus andinus,0,
Phoenicoparrus jamesi,0,
Turnix castanotus,0,
Turnix everetti,0,
Turnix hottentottus,0,
Turnix maculosus,0,
Turnix melanogaster,0,
Turnix nanus,0,
Turnix nigricollis,0,
Turnix novaecaledoniae,0,
Turnix ocellatus,0,
Turnix olivii,0,
Turnix pyrrhothorax,0,
Turnix suscitator,1,16个亚种;-----------------------------------------------------;2022-1-18 海南儋州(blakistoni)
Turnix sylvaticus,0,
Turnix tanki,0,
Turnix varius,0,
Turnix velox,0,
Turnix worcesteri,0,
Ortyxelos meiffrenii,0,
Burhinus bistriatus,2,3-25 Cerro Lodge 5.13%;3-25 Tarcoles--Tour en Bote 31.27%
Burhinus capensis,0,
Burhinus grallarius,1,单型种(全);-----------------------------------------------------;2019-8-19 新加坡裕廊飞禽公园
Burhinus indicus,0,
Burhinus oedicnemus,1,5个亚种;-----------------------------------------------------;2023-1-12 阿联酋沙迦野生动物中心
Burhinus senegalensis,0,
Burhinus superciliaris,0,
Burhinus vermiculatus,0,
Esacus magnirostris,0,
Esacus recurvirostris,0,
Chionis albus,0,
Chionis minor,0,
Pluvianellus socialis,0,
Haematopus ater,0,
Haematopus bachmani,0,
Haematopus chathamensis,0,
Haematopus finschi,1,单型种(全);-----------------------------------------------------;2019-1-18 新西兰西海岸
Haematopus fuliginosus,0,
Haematopus leucopodus,0,
Haematopus longirostris,0,
Haematopus meadewaldoi,0,
Haematopus moquini,0,
Haematopus ostralegus,1,4个亚种;-----------------------------------------------------;2018-3 厦门翔安东埭桥水库(ostralegus);2023-1-13 阿联酋乌姆盖万(longipes)
Haematopus palliatus,0,
Haematopus unicolor,1,单型种(全);-----------------------------------------------------;2019-1-18 新西兰西海岸
Ibidorhyncha struthersii,0,
Himantopus himantopus,1,单型种(全);-----------------------------------------------------;2018-4 泉州南安江崎村;2021-5-16 宁夏石嘴山市沙湖
Himantopus leucocephalus,1,单型种(全);-----------------------------------------------------;2019-1 新西兰南北岛
Himantopus melanurus,0,
Himantopus mexicanus,1,2个亚种;-----------------------------------------------------;2022-12-27 古巴萨帕塔(mexicanus)
Himantopus novaezelandiae,0,
Cladorhynchus leucocephalus,0,
Recurvirostra americana,0,
Recurvirostra andina,0,
Recurvirostra avosetta,1,单型种(全);-----------------------------------------------------;2018-11 泉州南安江崎村;2021-5-17 内蒙古阿拉善月亮湖
Recurvirostra novaehollandiae,0,
Vanellus albiceps,0,
Vanellus armatus,1,单型种(全);-----------------------------------------------------;2019-5-7 香港动植物公园
Vanellus chilensis,2,3-25 Cerro Lodge 2.93%;3-25 Tarcoles--Tour en Bote 24.43%
Vanellus cinereus,1,单型种(全);-----------------------------------------------------;2021-5-16 宁夏石嘴山市沙湖
Vanellus coronatus,0,
Vanellus crassirostris,0,
Vanellus duvaucelii,0,
Vanellus gregarius,1,单型种(全);-----------------------------------------------------;2023-1-15 阿联酋拉斯海玛
Vanellus indicus,1,4个亚种;-----------------------------------------------------;2023-1-9 阿联酋迪拜(aigneri)
Vanellus leucurus,0,
Vanellus lugubris,0,
Vanellus macropterus,0,
Vanellus malabaricus,0,
Vanellus melanocephalus,0,
Vanellus melanopterus,0,
Vanellus miles,1,2个亚种(全);-----------------------------------------------------;2019-1 新西兰南北岛(novaehollandiae);2019-8-19 新加坡裕廊飞禽公园(miles)
Vanellus resplendens,0,
Vanellus senegallus,0,
Vanellus spinosus,0,
Vanellus superciliosus,0,
Vanellus tectus,0,
Vanellus tricolor,0,
Vanellus vanellus,1,单型种(全);-----------------------------------------------------;2019-8-19 新加坡裕廊飞禽公园;2021-5-17 内蒙古阿拉善月亮湖
Erythrogonys cinctus,0,
Peltohyas australis,0,
Anarhynchus frontalis,0,
Pluvialis apricaria,0,
Pluvialis dominica,0,
Pluvialis fulva,1,单型种(全);-----------------------------------------------------;2018-3 厦门翔安东埭桥水库
Pluvialis squatarola,1,单型种(全);-----------------------------------------------------;2018-3 厦门翔安东埭桥水库;2022-9-26 多伦多Thompson公园;2022-12-27 古巴萨帕塔;2023-1-13 阿联酋乌姆盖万
Charadrius alexandrinus,1,3个亚种;-----------------------------------------------------;2019-2-17 泉州围头湾(alexandrinus);2023-1-13 阿联酋乌姆盖万
Charadrius alticola,0,
Charadrius asiaticus,0,
Charadrius atrifrons,0,
Charadrius bicinctus,1,2个亚种;-----------------------------------------------------;2019-1-29 新西兰库克雪山(bicinctus)
Charadrius collaris,2,3-25 Tarcoles--Tour en Bote 21.14%
Charadrius dealbatus,1,单型种(全);-----------------------------------------------------;2019-2-17 泉州围头湾
Charadrius dubius,1,3个亚种;-----------------------------------------------------;2019-4-14 厦门翔安东埭桥水库(curonicus);2022-1-19 海南儋州(curonicus)
Charadrius falklandicus,0,
Charadrius forbesi,0,
Charadrius hiaticula,1,3个亚种;-----------------------------------------------------;2023-1-13 阿联酋乌姆盖万
Charadrius javanicus,0,
Charadrius leschenaultii,1,3个亚种;-----------------------------------------------------;2019-4-14 厦门翔安东埭桥水库(leschenaultii)
Charadrius marginatus,0,
Charadrius melodus,1,2个亚种;-----------------------------------------------------;2022-7-2 多伦多岛(melodus)
Charadrius modestus,0,
Charadrius mongolus,1,5个亚种;-----------------------------------------------------;2021-5-4 泉州淗江(mongolus)
Charadrius montanus,0,
Charadrius morinellus,0,
Charadrius nivosus,0,
Charadrius obscurus,0,
Charadrius pallidus,0,
Charadrius pecuarius,0,
Charadrius peronii,0,
Charadrius placidus,0,
Charadrius ruficapillus,0,
Charadrius sanctaehelenae,0,
Charadrius semipalmatus,1,单型种(全);-----------------------------------------------------;2022-8-1 多伦多Thompson Park;2022-12-27 古巴萨帕塔
Charadrius thoracicus,0,
Charadrius tricollaris,0,
Charadrius veredus,0,
Charadrius vociferus,1,3个亚种;-----------------------------------------------------;2022-6-9 多伦多Thompson公园(vociferus);2022-12-25 古巴哈瓦那(ternominatus)
Charadrius wilsonia,0,3-25 Tarcoles--Tour en Bote 8.34%
Thinornis cucullatus,0,
Thinornis novaeseelandiae,0,
Elseyornis melanops,0,
Oreopholus ruficollis,0,
Phegornis mitchellii,0,
Hoploxypterus cayanus,0,
Pluvianus aegyptius,4,
Rostratula australis,0,
Rostratula benghalensis,1,单型种(全);-----------------------------------------------------;2020-4-17 石狮湿地公园
Nycticryphes semicollaris,0,
Microparra capensis,0,
Actophilornis africanus,0,
Actophilornis albinucha,0,
Irediparra gallinacea,0,
Hydrophasianus chirurgus,1,单型种(全);-----------------------------------------------------;2018-11 厦门翔安东埭桥水库
Metopidius indicus,0,
Jacana jacana,0,
Jacana spinosa,2,3-20 Estacion Biologica La Selva 2.51%;3-25 Cerro Lodge 1.85%;3-25 Tarcoles--Tour en Bote 61.96%;3-26 PN Carara-Entrada principal 5.86%
Pedionomus torquatus,0,
Attagis gayi,0,
Attagis malouinus,0,
Thinocorus orbignyianus,0,
Thinocorus rumicivorus,0,
Bartramia longicauda,0,
Numenius americanus,0,
Numenius arquata,1,单型种(全);-----------------------------------------------------;2018-2 厦门翔安东埭桥水库;2023-1-13 阿联酋乌姆盖万
Numenius borealis,0,
Numenius hudsonicus,0,3-25 Tarcoles--Tour en Bote 83.69%
Numenius madagascariensis,1,单型种(全);-----------------------------------------------------;2022-4-4 厦门翔安七星礁
Numenius minutus,1,单型种(全);-----------------------------------------------------;2019-4-30 厦门翔安七星礁
Numenius phaeopus,1,5个亚种;-----------------------------------------------------;2018-2 厦门翔安东埭桥水库(variegatus);2022-1-21 海南西岛(variegatus);2023-1-13 阿联酋乌姆盖万(phaeopus)
Numenius tahitiensis,0,
Numenius tenuirostris,0,
Limosa fedoa,0,
Limosa haemastica,0,
Limosa lapponica,1,3个亚种;-----------------------------------------------------;2019-1-25 新西兰Curio Bay(baueri);2019-4-14 厦门东埭桥水库(menzbieri)
Limosa limosa,1,4个亚种;-----------------------------------------------------;2021-8-18 石狮湿地公园(melanuroides);2023-1-11 阿联酋迪拜(limosa)
Arenaria interpres,1,2个亚种(全);-----------------------------------------------------;2018-4-17 泉州南安江崎村(interpres);2019-1-25 新西兰Waipapa(interpres);2022-9-11 多伦多Thompson Park(morinella);
Arenaria melanocephala,0,
Prosobonia cancellata,0,
Prosobonia ellisi,0,
Prosobonia leucoptera,0,
Prosobonia parvirostris,0,
Calidris acuminata,1,单型种(全);-----------------------------------------------------;2020-4-11 石狮湿地公园
Calidris alba,1,2个亚种(全);-----------------------------------------------------;2019-2-26 泉州围头湾(rubida);2022-7-9 多伦多Thompson公园(alba)
Calidris alpina,1,10个亚种;-----------------------------------------------------;2020-4-8 厦门翔安七星礁(sakhalina);2022-12-27 古巴萨帕塔(hudsonia)
Calidris bairdii,1,单型种(全);-----------------------------------------------------;2022-9-17 多伦多Thompson公园
Calidris canutus,1,6个亚种;-----------------------------------------------------;2021-5-4 泉州淗江(rogersi);2022-12-27 古巴萨帕塔(rufa)
Calidris falcinellus,1,2个亚种;-----------------------------------------------------;2021-5-4 泉州淗江(sibirica)
Calidris ferruginea,1,单型种(全);-----------------------------------------------------;2018-4-17 泉州南安江崎村
Calidris fuscicollis,1,单型种(全);-----------------------------------------------------;2022-8-27 多伦多Thompson公园
Calidris himantopus,0,
Calidris maritima,1,单型种(全);-----------------------------------------------------;2022-11-25 多伦多Colonel Samuel Smith公园
Calidris mauri,0,3-25 Tarcoles--Tour en Bote 11.63%
Calidris melanotos,1,单型种(全);-----------------------------------------------------;2022-8-1 多伦多Thompson Park
Calidris minuta,1,单型种(全);-----------------------------------------------------;2023-1-17 阿联酋阿布扎比
Calidris minutilla,1,单型种(全);-----------------------------------------------------;2022-7-9 多伦多Thompson公园;2022-12-27 古巴萨帕塔
Calidris ptilocnemis,0,
Calidris pugnax,1,单型种(全);-----------------------------------------------------;2023-1-17 阿联酋阿布扎比
Calidris pusilla,1,单型种(全);-----------------------------------------------------;2022-6-19 多伦多岛;2022-12-27 古巴萨帕塔
Calidris pygmaea,1,单型种(全);-----------------------------------------------------;2019-2-26 泉州围头湾;2019-4-14 厦门东埭桥水库
Calidris ruficollis,1,单型种(全);-----------------------------------------------------;2018-4-17 泉州南安江崎村
Calidris subminuta,1,单型种(全);-----------------------------------------------------;2019-2-26 石狮湿地公园
Calidris subruficollis,0,
Calidris temminckii,1,单型种(全);-----------------------------------------------------;2019-2-26 石狮湿地公园
Calidris tenuirostris,1,单型种(全);-----------------------------------------------------;2018-4-17 泉州南安江崎村
Calidris virgata,0,
Limnodromus griseus,1,3个亚种;-----------------------------------------------------;2022-7-23 多伦多Thompson公园(griseus);2022-12-27 古巴萨帕塔(griseus)
Limnodromus scolopaceus,1,单型种(全);-----------------------------------------------------;2019-2-26 石狮湿地公园
Limnodromus semipalmatus,1,单型种(全);-----------------------------------------------------;2021-5-4 泉州淗江
Scolopax bukidnonensis,0,
Scolopax celebensis,0,
Scolopax minor,1,单型种(全);-----------------------------------------------------;2023-3-21 多伦多Thompson公园
Scolopax mira,0,
Scolopax rochussenii,0,
Scolopax rosenbergii,0,
Scolopax rusticola,0,
Scolopax saturata,0,
Coenocorypha aucklandica,0,
Coenocorypha barrierensis,0,
Coenocorypha huegeli,0,
Coenocorypha iredalei,0,
Coenocorypha pusilla,0,
Lymnocryptes minimus,0,
Gallinago andina,0,
Gallinago delicata,1,单型种(全);-----------------------------------------------------;2022-8-17 多伦多Thompson公园
Gallinago gallinago,1,2个亚种;-----------------------------------------------------;2018-2 厦门翔安东埭桥水库(gallinago);2022-1-18 海南儋州(gallinago);2023-1-15 阿联酋拉斯海玛(gallinago)
Gallinago hardwickii,0,
Gallinago imperialis,0,
Gallinago jamesoni,0,
Gallinago macrodactyla,0,
Gallinago magellanica,0,
Gallinago media,0,
Gallinago megala,1,单型种(全);-----------------------------------------------------;2021-5-1 石狮湿地公园
Gallinago nemoricola,0,
Gallinago nigripennis,0,
Gallinago nobilis,0,
Gallinago paraguaiae,0,
Gallinago solitaria,0,
Gallinago stenura,1,单型种(全);-----------------------------------------------------;2020-5-5 厦门员筜湖
Gallinago stricklandii,0,
Gallinago undulata,0,
Xenus cinereus,1,单型种(全);-----------------------------------------------------;2018-4-17 泉州南安江崎村
Phalaropus fulicarius,0,
Phalaropus lobatus,1,单型种(全);-----------------------------------------------------;2021-5-4 泉州淗江
Phalaropus tricolor,0,
Actitis hypoleucos,1,单型种(全);-----------------------------------------------------;2018-4-17 泉州南安江崎村;2019-8-18 新加坡巴西立公园;2021-5-16 宁夏石嘴山市沙湖;2022-1-18 海南南渡江;2023-1-9 阿联酋迪拜
Actitis macularius,1,单型种(全);-----------------------------------------------------;2022-6-18 多伦多Thompson公园;2022-12-25 古巴哈瓦那
Tringa brevipes,1,单型种(全);-----------------------------------------------------;2018-10-6 台湾野柳地质公园;2019-9-7 厦门翔安东埭桥水库
Tringa erythropus,1,单型种(全);-----------------------------------------------------;2018-4-17 泉州南安江崎村
Tringa flavipes,1,单型种(全);-----------------------------------------------------;2022-7-9 多伦多Thompson公园;2022-12-27 古巴萨帕塔
Tringa glareola,1,单型种(全);-----------------------------------------------------;2018-4-17 泉州南安江崎村;2022-1-18 海南儋州
Tringa guttifer,1,单型种(全);-----------------------------------------------------;2020-4-7 厦门翔安七星礁
Tringa incana,0,
Tringa melanoleuca,1,单型种(全);-----------------------------------------------------;2022-8-13 多伦多Thompson公园;2022-12-27 古巴萨帕塔
Tringa nebularia,1,单型种(全);-----------------------------------------------------;2018-4-17 泉州南安江崎村
Tringa ochropus,1,单型种(全);-----------------------------------------------------;2018-2 厦门翔安东埭桥水库;2020-7-31 西藏珠峰公园
Tringa semipalmata,1,2个亚种;-----------------------------------------------------;2022-12-27 古巴萨帕塔(semipalmata)
Tringa solitaria,1,2个亚种;-----------------------------------------------------;2022-8-17 多伦多Thompson公园(solitaria)
Tringa stagnatilis,1,单型种(全);-----------------------------------------------------;2020-9-21 泉州淗江
Tringa totanus,1,6个亚种;-----------------------------------------------------;2018-4-17 泉州南安江崎村;2020-7-26 拉萨拉鲁湿地公园(eurhina)
Dromas ardeola,0,
Cursorius coromandelicus,0,
Cursorius cursor,0,
Cursorius rufus,0,
Cursorius somalensis,0,
Cursorius temminckii,0,
Rhinoptilus africanus,0,
Rhinoptilus bitorquatus,0,
Rhinoptilus chalcopterus,0,
Rhinoptilus cinctus,0,
Stiltia isabella,0,
Glareola cinerea,0,
Glareola lactea,0,
Glareola maldivarum,0,
Glareola nordmanni,0,
Glareola nuchalis,0,
Glareola ocularis,0,
Glareola pratincola,0,
Anous albivitta,0,
Anous ceruleus,0,
Anous minutus,0,
Anous stolidus,0,
Anous tenuirostris,0,
Gygis alba,0,
Rynchops albicollis,0,
Rynchops flavirostris,0,
Rynchops niger,0,
Creagrus furcatus,0,
Rissa brevirostris,0,
Rissa tridactyla,0,
Pagophila eburnea,0,
Xema sabini,0,
Chroicocephalus brunnicephalus,1,单型种(全);-----------------------------------------------------;2020-7-25 西藏拉萨河
Chroicocephalus bulleri,1,单型种(全);-----------------------------------------------------;2019-1 新西兰南北岛
Chroicocephalus cirrocephalus,0,
Chroicocephalus genei,1,单型种(全);-----------------------------------------------------;2019-2-26 泉州围头湾;2023-1-11 阿联酋迪拜
Chroicocephalus hartlaubii,0,
Chroicocephalus maculipennis,0,
Chroicocephalus novaehollandiae,1,单型种(全);-----------------------------------------------------;2019-1 新西兰南北岛(scopulinus)
Chroicocephalus philadelphia,1,单型种(全);-----------------------------------------------------;2023-4-11 多伦多Ashbridge's Bay公园
Chroicocephalus ridibundus,1,单型种(全);-----------------------------------------------------;2018-2 厦门翔安东埭桥水库;2023-1-9 阿联酋迪拜;2023-1-24 阿曼马斯科特
Chroicocephalus saundersi,1,单型种(全);-----------------------------------------------------;2018-11 泉州南安江崎村
Chroicocephalus serranus,0,
Hydrocoloeus minutus,0,
Rhodostethia rosea,0,
Leucophaeus atricilla,1,2个亚种;-----------------------------------------------------;2022-12-25 古巴哈瓦那(atricilla)
Leucophaeus fuliginosus,0,
Leucophaeus modestus,0,
Leucophaeus pipixcan,0,
Leucophaeus scoresbii,0,
Ichthyaetus audouinii,0,
Ichthyaetus hemprichii,1,单型种(全);-----------------------------------------------------;2023-1-22 波斯湾;2023-1-24 阿曼马斯科特
Ichthyaetus ichthyaetus,1,单型种(全);-----------------------------------------------------;2020-8-1 西藏吉隆县
Ichthyaetus leucophthalmus,0,
Ichthyaetus melanocephalus,0,
Ichthyaetus relictus,1,单型种(全);-----------------------------------------------------;2019-2 泉州围头湾
Larus argentatus,0,
Larus armenicus,0,
Larus atlanticus,0,
Larus belcheri,0,
Larus brachyrhynchus,0,
Larus cachinnans,0,
Larus californicus,0,
Larus canus,0,
Larus crassirostris,1,单型种(全);-----------------------------------------------------;2019-2 泉州围头湾
Larus delawarensis,1,单型种(全);-----------------------------------------------------;2022-6-9 多伦多Alexandra Park
Larus dominicanus,1,5个亚种;-----------------------------------------------------;2019-1 新西兰南北岛(dominicanus)
Larus fuscus,1,5个亚种;-----------------------------------------------------;2019-2-26 泉州围头湾(heuglini);2022-10-2 多伦多Thompson公园(graellsii);2023-1-13 阿联酋乌姆盖万(barabensis);2023-1-24 阿曼马斯科特(barabensis)
Larus glaucescens,0,
Larus glaucoides,1,3个亚种;-----------------------------------------------------;2022-12-10 多伦多Ashbridge's Bay公园(kumlieni)
Larus heermanni,0,
Larus hyperboreus,1,4个亚种;-----------------------------------------------------;2022-12-4 多伦多Rouge Beach Park(leuceretes) ;
Larus livens,0,
Larus marinus,1,单型种(全);-----------------------------------------------------;2022-9-25 多伦多Thompson公园
Larus michahellis,0,
Larus occidentalis,0,
Larus pacificus,0,
Larus schistisagus,0,
Larus smithsonianus,1,单型种(全);-----------------------------------------------------;2022-6-18 多伦多Thompson公园;2022-12-25 古巴哈瓦那
Larus vegae,1,2个亚种;-----------------------------------------------------;2019-2-26 泉州围头湾(mongolicus)
Gelochelidon macrotarsa,0,
Gelochelidon nilotica,1,5个亚种;-----------------------------------------------------;2018-4 泉州南安江崎村(affinis)
Hydroprogne caspia,1,单型种(全);-----------------------------------------------------;2018-4 泉州南安江崎村;2022-7-6 多伦多High park;2023-1-9 阿联酋迪拜
Thalasseus acuflavidus,1,2个亚种;-----------------------------------------------------;2022-12-27 古巴萨帕塔(acuflavidus)
Thalasseus albididorsalis,0,
Thalasseus bengalensis,1,3个亚种;-----------------------------------------------------;2023-1-13 阿联酋乌姆盖万(bengalensis)
Thalasseus bergii,1,4个亚种;-----------------------------------------------------;2021-4-3 泉州围头湾近海(cristatus);2023-1-24 阿曼马斯科特(velox)
Thalasseus bernsteini,1,单型种(全);-----------------------------------------------------;2021-4-3 泉州围头湾近海
Thalasseus elegans,0,
Thalasseus maximus,1,单型种(全);-----------------------------------------------------;2022-12-24 古巴哈瓦那
Thalasseus sandvicensis,0,
Sternula albifrons,1,3个亚种;-----------------------------------------------------;2018-4 泉州南安江崎村(sinensis);2023-1-9 阿联酋迪拜(albifrons)
Sternula antillarum,0,
Sternula balaenarum,0,
Sternula lorata,0,
Sternula nereis,0,
Sternula saundersi,0,
Sternula superciliaris,0,
Onychoprion aleuticus,0,
Onychoprion anaethetus,1,4个亚种;-----------------------------------------------------;2021-6-20 漳州古雷(anaethetus)
Onychoprion fuscatus,0,
Onychoprion lunatus,0,
Sterna acuticauda,0,
Sterna aurantia,0,
Sterna dougallii,1,5个亚种;-----------------------------------------------------;2020-6-26 厦门会展(bangsi)
Sterna forsteri,0,
Sterna hirundinacea,0,
Sterna hirundo,1,4个亚种;-----------------------------------------------------;2020-7-26 拉萨拉鲁湿地公园(tibetana);2021-5-14 宁夏银川水洞沟(minussensis);2022-6-9 多伦多Thompson公园(hirundo)
Sterna paradisaea,0,
Sterna repressa,0,
Sterna striata,1,单型种(全);-----------------------------------------------------;2019-1 新西兰南岛
Sterna sumatrana,1,2个亚种;-----------------------------------------------------;2018-6 厦门会展中心海边(sumatrana)
Sterna trudeaui,0,
Sterna virgata,0,
Sterna vittata,0,
Chlidonias albostriatus,1,单型种(全);-----------------------------------------------------;2019-1-23 新西兰米尔福峡湾;2019-1-29 新西兰库克雪山
Chlidonias hybrida,1,3个亚种;-----------------------------------------------------;2018-4 泉州南安江崎村(hybrida);
Chlidonias leucopterus,1,单型种(全);-----------------------------------------------------;2021-5-4 泉州淗江
Chlidonias niger,0,
Phaetusa simplex,0,
Larosterna inca,0,
Stercorarius antarcticus,0,
Stercorarius chilensis,0,
Stercorarius longicaudus,4,
Stercorarius maccormicki,0,
Stercorarius parasiticus,0,
Stercorarius pomarinus,4,
Stercorarius skua,0,
Alle alle,1,2个亚种;-----------------------------------------------------;2022-12-10 多伦多Ashbridge's Bay公园(alle)
Uria aalge,1,5个亚种;-----------------------------------------------------;2018-1-7 珠海长隆海洋王国
Uria lomvia,0,
Alca torda,0,
Pinguinus impennis,1,单型种(全);-----------------------------------------------------;2023-2-10 皇家安大略博物馆
Cepphus carbo,0,
Cepphus columba,0,
Cepphus grylle,0,
Brachyramphus brevirostris,0,
Brachyramphus marmoratus,0,
Brachyramphus perdix,0,
Synthliboramphus antiquus,0,
Synthliboramphus craveri,0,
Synthliboramphus hypoleucus,0,
Synthliboramphus scrippsi,0,
Synthliboramphus wumizusume,0,
Ptychoramphus aleuticus,0,
Aethia cristatella,0,
Aethia psittacula,0,
Aethia pusilla,0,
Aethia pygmaea,0,
Cerorhinca monocerata,0,
Fratercula arctica,0,
Fratercula cirrhata,1,单型种(全);-----------------------------------------------------;2018-1-7 珠海长隆海洋王国
Fratercula corniculata,0,
Rhynochetos jubatus,0,
Eurypyga helias,1,3个亚种;-----------------------------------------------------;2022-7-3 多伦多动物园
Phaethon aethereus,0,
Phaethon lepturus,0,
Phaethon rubricauda,0,
Gavia adamsii,0,
Gavia arctica,0,
Gavia immer,1,单型种(全);-----------------------------------------------------;2022-7-16 多伦多Rouge beach Park
Gavia pacifica,0,
Gavia stellata,0,
Aptenodytes forsteri,1,单型种(全);-----------------------------------------------------;2018-1-7 珠海长隆海洋王国
Aptenodytes patagonicus,1,单型种(全);-----------------------------------------------------;2018-1-7 珠海长隆海洋王国;2019-8-19 新加坡裕廊飞禽公园
Pygoscelis adeliae,1,单型种(全);-----------------------------------------------------;2018-1-7 珠海长隆海洋王国
Pygoscelis antarcticus,1,单型种(全);-----------------------------------------------------;2018-1-7 珠海长隆海洋王国
Pygoscelis papua,1,4个亚种;-----------------------------------------------------;2018-1-7 珠海长隆海洋王国;2019-8-19 新加坡裕廊飞禽公园
Eudyptes chrysocome,1,2个亚种;-----------------------------------------------------;2019-8-19 新加坡裕廊飞禽公园
Eudyptes chrysolophus,1,单型种(全);-----------------------------------------------------;2019-8-19 新加坡裕廊飞禽公园
Eudyptes moseleyi,0,
Eudyptes pachyrhynchus,0,
Eudyptes robustus,0,
Eudyptes schlegeli,0,
Eudyptes sclateri,0,
Spheniscus demersus,1,单型种(全);-----------------------------------------------------;2018-5-26 北京动物园;2019-8-19 新加坡裕廊飞禽公园
Spheniscus humboldti,1,单型种(全);-----------------------------------------------------;2019-8-19 新加坡裕廊飞禽公园
Spheniscus magellanicus,1,单型种(全);-----------------------------------------------------;2018-5-26 北京动物园
Spheniscus mendiculus,0,
Megadyptes antipodes,1,单型种(全);-----------------------------------------------------;2019-1-25 新西兰Curio Bay
Eudyptula minor,1,6个亚种;-----------------------------------------------------;2019-1-14 新西兰奥克兰动物园
Oceanites gracilis,0,
Oceanites oceanicus,4,
Oceanites pincoyae,0,
Garrodia nereis,0,
Pelagodroma marina,0,
Fregetta grallaria,0,
Fregetta lineata,0,
Fregetta maoriana,0,
Fregetta tropica,0,
Nesofregetta fuliginosa,0,
Phoebastria albatrus,0,
Phoebastria immutabilis,0,
Phoebastria irrorata,0,
Phoebastria nigripes,0,
Diomedea amsterdamensis,0,
Diomedea antipodensis,0,
Diomedea dabbenena,0,
Diomedea epomophora,1,单型种(全);-----------------------------------------------------;2019-2-1 新西兰凯库拉
Diomedea exulans,1,单型种(全);-----------------------------------------------------;2019-2-1 新西兰凯库拉
Diomedea sanfordi,1,单型种(全);-----------------------------------------------------;2019-2-1 新西兰凯库拉;2019-1-27 皇家信天翁中心
Phoebetria fusca,0,
Phoebetria palpebrata,0,
Thalassarche bulleri,0,
Thalassarche carteri,0,
Thalassarche cauta,0,
Thalassarche chlororhynchos,0,
Thalassarche chrysostoma,0,
Thalassarche eremita,0,
Thalassarche impavida,0,
Thalassarche melanophris,0,
Thalassarche salvini,1,单型种(全);-----------------------------------------------------;2019-2-1 新西兰凯库拉
Hydrobates castro,0,
Hydrobates cheimomnestes,0,
Hydrobates furcatus,0,
Hydrobates homochroa,0,秋季换羽期时，成年个体尾部可能呈现浅叉状(上图)
Hydrobates hornbyi,0,
Hydrobates jabejabe,0,
Hydrobates leucorhous,4,
Hydrobates macrodactylus,0,
Hydrobates markhami,0,
Hydrobates matsudairae,0,
Hydrobates melania,0,
Hydrobates microsoma,0,
Hydrobates monorhis,0,
Hydrobates monteiroi,0,
Hydrobates pelagicus,0,
Hydrobates socorroensis,0,
Hydrobates tethys,0,
Hydrobates tristrami,0,
Macronectes giganteus,0,
Macronectes halli,1,单型种(全);-----------------------------------------------------;2019-2-1 新西兰凯库拉
Fulmarus glacialis,0,
Fulmarus glacialoides,0,
Thalassoica antarctica,0,
Daption capense,1,2个亚种;-----------------------------------------------------;2019-1-17 新西兰库克海峡(australe);2019-2-1 新西兰凯库拉(australe)
Pagodroma nivea,0,
Halobaena caerulea,0,
Pachyptila belcheri,0,
Pachyptila crassirostris,0,
Pachyptila desolata,0,
Pachyptila macgillivrayi,0,
Pachyptila salvini,0,
Pachyptila turtur,0,
Pachyptila vittata,0,
Aphrodroma brevirostris,0,
Pterodroma alba,0,
Pterodroma arminjoniana,0,
Pterodroma atrata,0,
Pterodroma axillaris,0,
Pterodroma baraui,0,
Pterodroma brevipes,0,
Pterodroma cahow,0,
Pterodroma caribbaea,0,
Pterodroma cervicalis,0,
Pterodroma cookii,0,
Pterodroma defilippiana,0,
Pterodroma deserta,0,
Pterodroma externa,0,
Pterodroma feae,0,
Pterodroma gouldi,0,
Pterodroma hasitata,0,
Pterodroma heraldica,0,
Pterodroma hypoleuca,0,
Pterodroma incerta,0,
Pterodroma inexpectata,0,
Pterodroma lessonii,0,
Pterodroma leucoptera,0,
Pterodroma longirostris,0,
Pterodroma macroptera,0,
Pterodroma madeira,0,
Pterodroma magentae,0,
Pterodroma mollis,0,
Pterodroma neglecta,0,
Pterodroma nigripennis,0,
Pterodroma occulta,0,
Pterodroma phaeopygia,0,
Pterodroma pycrofti,0,
Pterodroma sandwichensis,0,
Pterodroma solandri,0,
Pterodroma ultima,0,
Pseudobulweria aterrima,0,
Pseudobulweria becki,0,
Pseudobulweria macgillivrayi,0,
Pseudobulweria rostrata,0,
Pseudobulweria rupinarum,0,
Procellaria aequinoctialis,1,2个亚种;-----------------------------------------------------;2019-2-1 新西兰凯库拉(steadi)
Procellaria cinerea,0,
Procellaria conspicillata,0,
Procellaria parkinsoni,0,
Procellaria westlandica,1,单型种(全);-----------------------------------------------------;2019-2-1 新西兰凯库拉
Calonectris borealis,0,
Calonectris diomedea,0,
Calonectris edwardsii,0,
Calonectris leucomelas,0,
Ardenna bulleri,1,单型种(全);-----------------------------------------------------;2019-2-1 新西兰凯库拉
Ardenna carneipes,0,
Ardenna creatopus,0,
Ardenna gravis,0,
Ardenna grisea,0,
Ardenna pacifica,0,
Ardenna tenuirostris,0,
Puffinus assimilis,0,
Puffinus auricularis,0,
Puffinus bailloni,0,
Puffinus bannermani,0,
Puffinus baroli,0,
Puffinus boydi,0,
Puffinus bryani,0,
Puffinus elegans,0,
Puffinus gavia,0,
Puffinus heinrothi,0,
Puffinus huttoni,1,单型种(全);-----------------------------------------------------;2019-2-1 新西兰凯库拉
Puffinus lherminieri,0,
Puffinus mauretanicus,0,
Puffinus myrtae,0,
Puffinus nativitatis,0,
Puffinus newelli,0,
Puffinus opisthomelas,0,
Puffinus persicus,0,
Puffinus puffinus,0,
Puffinus subalaris,0,
Puffinus yelkouan,0,
Pelecanoides garnotii,0,
Pelecanoides georgicus,0,
Pelecanoides magellani,0,
Pelecanoides urinatrix,0,
Bulweria bifax,0,
Bulweria bulwerii,0,
Bulweria fallax,0,
Mycteria americana,1,单型种(全);-----------------------------------------------------;2022-12-26 古巴萨帕塔
Mycteria cinerea,1,单型种(全);-----------------------------------------------------;2019-8-17 新加坡河川动物园
Mycteria ibis,1,单型种(全);-----------------------------------------------------;2017-12-23 厦门中山动物园
Mycteria leucocephala,0,
Anastomus lamelligerus,0,
Anastomus oscitans,0,
Ciconia abdimii,1,单型种(全);-----------------------------------------------------;2019-8-19 新加坡裕廊飞禽公园
Ciconia boyciana,1,单型种(全);-----------------------------------------------------;2022-2-8 莆田木兰溪
Ciconia ciconia,0,
Ciconia episcopus,0,
Ciconia maguari,0,
Ciconia microscelis,0,
Ciconia nigra,1,单型种(全);-----------------------------------------------------;2018-4-8 湖南长沙动物园;2019-8-19 新加坡裕廊飞禽公园
Ciconia stormi,0,
Ephippiorhynchus asiaticus,1,2个亚种;-----------------------------------------------------;2019-8-19 新加坡裕廊飞禽公园
Ephippiorhynchus senegalensis,0,
Jabiru mycteria,0,
Leptoptilos crumenifer,1,单型种(全);-----------------------------------------------------;2018-5-26 北京动物园;2019-8-19 新加坡裕廊飞禽公园
Leptoptilos dubius,0,
Leptoptilos javanicus,1,单型种(全);-----------------------------------------------------;2019-8-19 新加坡裕廊飞禽公园
Fregata andrewsi,0,
Fregata aquila,0,
Fregata ariel,1,3个亚种;-----------------------------------------------------;2020-6-14 漳州古雷(ariel)
Fregata magnificens,1,2个亚种;-----------------------------------------------------;2022-12-25 古巴哈瓦那(rothschildi)
Fregata minor,0,
Morus bassanus,4,
Morus capensis,0,
Morus serrator,1,单型种(全);-----------------------------------------------------;2019-1-17 新西兰库克海峡
Papasula abbotti,0,
Sula dactylatra,4,
Sula granti,0,
Sula leucogaster,0,
Sula nebouxii,0,
Sula sula,4,
Sula variegata,0,
Anhinga anhinga,0,3-20 Estacion Biologica La Selva 5.31%;3-25 Tarcoles--Tour en Bote 74.46%
Anhinga melanogaster,0,
Anhinga novaehollandiae,0,
Anhinga rufa,0,
Microcarbo africanus,0,
Microcarbo coronatus,0,
Microcarbo melanoleucos,1,3个亚种;-----------------------------------------------------;2019-1-15 新西兰Rotorua湖(brevirostris)
Microcarbo niger,0,
Microcarbo pygmaeus,0,
Poikilocarbo gaimardi,0,
Urile pelagicus,0,
Urile penicillatus,0,
Urile perspicillatus,0,
Urile urile,0,
Phalacrocorax capensis,0,
Phalacrocorax capillatus,0,
Phalacrocorax carbo,1,5个亚种;-----------------------------------------------------;2017-12 厦门湿地公园(sinensis);2019-1 新西兰南北岛(novaehollandiae);2023-1-11 阿联酋迪拜;2023-1-24 阿曼马斯科特
Phalacrocorax featherstoni,0,
Phalacrocorax fuscescens,0,
Phalacrocorax fuscicollis,0,
Phalacrocorax lucidus,0,
Phalacrocorax neglectus,0,
Phalacrocorax nigrogularis,1,单型种(全);-----------------------------------------------------;2023-1-13 阿联酋乌姆盖万
Phalacrocorax punctatus,1,2个亚种;-----------------------------------------------------;2019-1-25 新西兰Waipapa(punctatus)
Phalacrocorax sulcirostris,1,单型种(全);-----------------------------------------------------;2019-1-14 新西兰奥克兰Western Springs Park
Phalacrocorax varius,0,
Gulosus aristotelis,0,
Nannopterum auritum,1,5个亚种;-----------------------------------------------------;2022-6-9 多伦多Thompson公园(auritum);2022-12-27 古巴萨帕塔(floridanum)
Nannopterum brasilianum,0,3-19 Tirimbina Rainforest 9.83%;3-20 Estacion Biologica La Selva 2.95%;3-21 Arenal Observatory Lodge 1.76%;3-25 Tarcoles--Tour en Bote 71.18%
Nannopterum harrisi,0,
Leucocarbo atriceps,0,
Leucocarbo bougainvillii,0,
Leucocarbo bransfieldensis,0,
Leucocarbo campbelli,0,
Leucocarbo carunculatus,0,
Leucocarbo chalconotus,1,单型种(全);-----------------------------------------------------;2019-1-27 新西兰奥玛鲁
Leucocarbo colensoi,0,
Leucocarbo georgianus,0,
Leucocarbo magellanicus,0,
Leucocarbo melanogenis,0,
Leucocarbo nivalis,0,
Leucocarbo onslowi,0,
Leucocarbo purpurascens,0,
Leucocarbo ranfurlyi,0,
Leucocarbo stewarti,1,单型种(全);-----------------------------------------------------;2019-1-25 新西兰Foveaux Strait
Leucocarbo verrucosus,0,
Threskiornis aethiopicus,1,单型种(全);-----------------------------------------------------;2019-5-7 香港动植物公园;2019-8-19 新加坡裕廊飞禽公园
Threskiornis bernieri,0,
Threskiornis melanocephalus,1,单型种(全);-----------------------------------------------------;2017-12-23 厦门中山动物园
Threskiornis molucca,0,
Threskiornis solitarius,0,
Threskiornis spinicollis,1,单型种(全);-----------------------------------------------------;2019-8-19 新加坡裕廊飞禽公园
Pseudibis davisoni,0,
Pseudibis gigantea,0,
Pseudibis papillosa,0,
Geronticus calvus,0,
Geronticus eremita,1,单型种(全);-----------------------------------------------------;2019-8-19 新加坡裕廊飞禽公园
Nipponia nippon,1,单型种(全);-----------------------------------------------------;2018-9-29 广州长隆飞鸟乐园
Bostrychia bocagei,0,
Bostrychia carunculata,0,
Bostrychia hagedash,0,
Bostrychia olivacea,0,
Bostrychia rara,0,
Theristicus branickii,0,
Theristicus caerulescens,0,
Theristicus caudatus,0,
Theristicus melanopis,0,
Cercibis oxycerca,0,
Mesembrinibis cayennensis,2,3-19 Tirimbina Rainforest 7.27%;3-20 Estacion Biologica La Selva 17.05%
Phimosus infuscatus,0,
Eudocimus albus,1,2个亚种;-----------------------------------------------------;2019-8-19 新加坡裕廊飞禽公园;2022-12-27 古巴萨帕塔(albus)
Eudocimus ruber,5,单型种(全);-----------------------------------------------------;2018-1-6 澳门石排湾动物园;2019-8-19 新加坡裕廊飞禽公园
Plegadis chihi,4,
Plegadis falcinellus,1,单型种(全);-----------------------------------------------------;2021-8-30 石狮湿地公园
Plegadis ridgwayi,0,
Lophotibis cristata,0,
Platalea ajaja,1,单型种(全);-----------------------------------------------------;2019-8-19 新加坡裕廊飞禽公园;2022-12-27 古巴萨帕塔
Platalea alba,1,单型种(全);-----------------------------------------------------;2022-7-3 多伦多动物园
Platalea flavipes,0,
Platalea leucorodia,1,3个亚种;-----------------------------------------------------;2020-1-31 闽江口湿地公园(leucorodia);2021-5-16 宁夏石嘴山市沙湖(leucorodia)
Platalea minor,1,单型种(全);-----------------------------------------------------;2019-2 泉州南安江崎村;2019-8-19 新加坡裕廊飞禽公园
Platalea regia,1,单型种(全);-----------------------------------------------------;2019-1-25 新西兰奥玛鲁
Zonerodius heliosylus,0,
Tigriornis leucolopha,0,
Tigrisoma fasciatum,2,3-19 Tirimbina Rainforest 5.13%;3-21 Arenal Observatory Lodge 3.03%;3-22 Arenal Observatory Lodge--access rd 8.63%
Tigrisoma lineatum,0,
Tigrisoma mexicanum,2,3-19 Tirimbina Rainforest 9.41%;3-20 Estacion Biologica La Selva 4.94%;3-25 Cerro Lodge 2.21%;3-25 Tarcoles--Tour en Bote 84.60%;3-26 PN Carara-Entrada principal 10.84%
Agamia agami,0,
Cochlearius cochlearius,2,3-25 Tarcoles--Tour en Bote 56.61%;3-26 PN Carara-Entrada principal 4.35%
Zebrilus undulatus,0,
Botaurus lentiginosus,0,
Botaurus pinnatus,0,
Botaurus poiciloptilus,0,
Botaurus stellaris,0,
Ixobrychus cinnamomeus,0,
Ixobrychus dubius,0,
Ixobrychus eurhythmus,0,
Ixobrychus exilis,1,6个亚种;-----------------------------------------------------;2022-7-26 多伦多High park(exilis)
Ixobrychus flavicollis,0,
Ixobrychus involucris,0,
Ixobrychus minutus,0,
Ixobrychus novaezelandiae,0,
Ixobrychus sinensis,1,单型种(全);-----------------------------------------------------;2018-5-14 厦门翔安东埭桥水库
Ixobrychus sturmii,0,
Gorsachius goisagi,0,
Gorsachius leuconotus,0,
Gorsachius magnificus,1,单型种(全);-----------------------------------------------------;2019-10-6 广西南宁动物园
Gorsachius melanolophus,1,单型种(全);-----------------------------------------------------;2018-10-7 台湾大安森林公园
Nycticorax caledonicus,0,
Nycticorax duboisi,0,
Nycticorax mauritianus,0,
Nycticorax megacephalus,0,
Nycticorax nycticorax,1,4个亚种;-----------------------------------------------------;2017-12 厦门湿地公园(nycticorax);2020-7-26 拉萨拉鲁湿地公园(nycticorax);2022-1-19 海南儋州(nycticorax);2022-6-11 多伦多High park(hoactli)
Nycticorax olsoni,0,
Nyctanassa carcinocatactes,0,
Nyctanassa violacea,1,5个亚种;-----------------------------------------------------;2022-9-4 多伦多Colonel Samuel Smith公园(violacea);2022-12-28 古巴萨帕塔(violacea)
Butorides striata,1,21个亚种;-----------------------------------------------------;2019-2-19 厦门天竺山森林公园(actophila);2019-8-18 新加坡(javanica)
Butorides sundevalli,0,
Butorides virescens,1,4个亚种;-----------------------------------------------------;2022-8-17 多伦多Thompson公园(virescens);2022-12-27 古巴萨帕塔(virescens)
Ardeola bacchus,1,单型种(全);-----------------------------------------------------;2018-1 厦门集美水上运动中心;2022-1-18 海南南渡江
Ardeola grayii,0,
Ardeola idae,0,
Ardeola ralloides,0,
Ardeola rufiventris,0,
Ardeola speciosa,0,
Bubulcus coromandus,1,单型种(全);-----------------------------------------------------;2017-12 厦门翔安七星礁;2022-1-18 海南儋州
Bubulcus ibis,1,单型种(全);-----------------------------------------------------;2022-12-24 古巴哈瓦那;2022-11-11 阿联酋迪拜
Ardea alba,1,4个亚种;-----------------------------------------------------;2017-12 厦门湿地公园(modesta);2021-5-16 宁夏石嘴山市沙湖;2022-1-19 海南儋州(modesta);2022-6-22 多伦多High Park(egretta);2022-12-27 古巴萨帕塔(egretta);2023-1-11 阿联酋迪拜(alba)
Ardea cinerea,1,4个亚种;-----------------------------------------------------;2017-12 厦门湿地公园(jouyi);2021-5-16 宁夏石嘴山市沙湖;2022-1-19 海南儋州(jouyi);2022-1-10 阿联酋迪拜(cinerea) ;2023-1-24 阿曼马斯科特
Ardea cocoi,0,
Ardea goliath,0,
Ardea herodias,1,5个亚种;-----------------------------------------------------;2022-7-9 多伦多Thompson公园(herodias);2022-12-27 古巴萨帕塔(wardi)
Ardea humbloti,0,
Ardea insignis,0,
Ardea intermedia,1,3个亚种;-----------------------------------------------------;2019-4-22 厦门翔安七星礁(intermedia)
Ardea melanocephala,0,
Ardea pacifica,0,
Ardea purpurea,1,4个亚种;-----------------------------------------------------;2018-11-9 厦门翔安东埭桥水库(manilensis);2019-8-17 新加坡动物园旁水库(manilensis);2021-5-16 宁夏石嘴山市沙湖(manilensis);2023-1-11 阿联酋迪拜(purpurea)
Ardea sumatrana,0,
Pilherodius pileatus,0,
Syrigma sibilatrix,0,
Egretta ardesiaca,0,
Egretta caerulea,1,单型种(全);-----------------------------------------------------;2022-12-27 古巴萨帕塔
Egretta dimorpha,0,
Egretta eulophotes,1,单型种(全);-----------------------------------------------------;2019-4-14 厦门东埭桥水库
Egretta garzetta,1,2个亚种;-----------------------------------------------------;2017-12 厦门集美大学(garzetta);2022-1-18 海南南渡江(garzetta);2023-1-11 阿联酋迪拜(garzetta)
Egretta gularis,1,2个亚种;-----------------------------------------------------;2022-1-10 阿联酋迪拜(schistacea)
Egretta novaehollandiae,1,单型种(全);-----------------------------------------------------;2019-1 新西兰南北岛
Egretta picata,0,
Egretta rufescens,1,2个亚种;-----------------------------------------------------;2022-12-27 古巴萨帕塔(rufescens)
Egretta sacra,1,2个亚种;-----------------------------------------------------;2019-1-18 新西兰南岛Picton(sacra);2019-2-26 泉州湾(sacra)
Egretta thula,1,2个亚种;-----------------------------------------------------;2022-12-27 古巴萨帕塔(thula)
Egretta tricolor,1,2个亚种;-----------------------------------------------------;2022-12-27 古巴萨帕塔(ruficollis)
Egretta vinaceigula,0,
Scopus umbretta,1,2个亚种;-----------------------------------------------------;2019-8-19 新加坡裕廊飞禽公园
Balaeniceps rex,1,单型种(全);-----------------------------------------------------;2019-8-19 新加坡裕廊飞禽公园
Pelecanus conspicillatus,1,单型种(全);-----------------------------------------------------;2019-8-19 新加坡裕廊飞禽公园
Pelecanus crispus,1,单型种(全);-----------------------------------------------------;2017-12-23 厦门中山动物园;2019-8-19 新加坡裕廊飞禽公园
Pelecanus erythrorhynchos,1,单型种(全);-----------------------------------------------------;2019-8-19 新加坡裕廊飞禽公园;2022-12-26 古巴萨帕塔
Pelecanus occidentalis,1,2个亚种;-----------------------------------------------------;2022-12-24 古巴哈瓦那(carolinensis)
Pelecanus onocrotalus,1,单型种(全);-----------------------------------------------------;2018-1-7 珠海长隆海洋王国
Pelecanus philippensis,1,单型种(全);-----------------------------------------------------;2019-8-19 新加坡裕廊飞禽公园
Pelecanus rufescens,1,单型种(全);-----------------------------------------------------;2018-1-7 珠海长隆海洋王国;2019-8-19 新加坡裕廊飞禽公园
Pelecanus thagus,0,
Opisthocomus hoazin,0,
Gymnogyps californianus,0,
Sarcoramphus papa,1,单型种(全);-----------------------------------------------------;2019-8-19 新加坡裕廊飞禽公园;;3-20 Estacion Biologica La Selva 9.52%;3-21 Arenal Observatory Lodge 2.24%;3-26 PN Carara-Entrada principal 7.37%
Vultur gryphus,1,单型种(全);-----------------------------------------------------;2019-8-19 新加坡裕廊飞禽公园
Coragyps atratus,0,3-18 Hotel Bougainvillea 22.57%;3-19 La Paz Waterfall Gardens 51.33%;3-19 Donde Cope 30.00%;3-19 Tirimbina Rainforest 41.88%;3-20 Estacion Biologica La Selva 44.32%;3-21 Arenal Observatory Lodge 35.10%;3-21 Galeria de Colibriy Soda Cinchona 39.36%;3-22 Arenal Observatory Lodge--access rd 22.86%;3-23 Hotel de Montana Monteverde 22.94%;3-24 Curi-Cancha Refugio de Vida Silvestre 33.83%;3-24 Reserva Bosque Nuboso Monteverde 16.16%;3-25 Cerro Lodge 41.06%;3-25 Tarcoles--Tour en Bote 76.53%;3-26 PN Carara-Entrada principal 43.10%
Cathartes aura,1,6个亚种;-----------------------------------------------------;2019-8-19 新加坡裕廊飞禽公园;2022-6-18 多伦多Thompson公园(septentrionalis);2022-12-24 古巴哈瓦那(aura)
Cathartes burrovianus,0,
Cathartes melambrotus,0,
Sagittarius serpentarius,0,
Pandion haliaetus,1,4个亚种;-----------------------------------------------------;2017-12 厦门翔安东埭桥水库(haliaetus);2022-7-16 多伦多Rouge beach Park(carolinensis);2022-12-27 古巴萨帕塔(ridgwayi)
Elanus axillaris,0,
Elanus caeruleus,1,4个亚种;-----------------------------------------------------;2018-2 厦门翔安东埭桥水库(vociferus);2022-1-18 海南儋州(vociferus)
Elanus leucurus,2,3-18 Hotel Bougainvillea 13.08%;3-19 La Paz Waterfall Gardens 3.04%;3-25 Tarcoles--Tour en Bote 7.45%
Elanus scriptus,0,
Gampsonyx swainsonii,0,
Chelictinia riocourii,0,
Polyboroides radiatus,0,
Polyboroides typus,0,
Gypohierax angolensis,0,
Gypaetus barbatus,1,2个亚种;-----------------------------------------------------;2020-8-1 西藏聂拉木县(barbatus)
Neophron percnopterus,0,
Eutriorchis astur,0,
Leptodon cayanensis,0,
Leptodon forbesi,0,
Chondrohierax uncinatus,4,
Chondrohierax wilsonii,8,
Pernis apivorus,0,
Pernis celebensis,0,
Pernis ptilorhynchus,1,6个亚种;-----------------------------------------------------;2019-8-17 新加坡鱼尾狮公园(torquatus);2019-10-4 广西北海冠头岭(orientalis);2022-3-12 厦门文山(orientalis)
Pernis steerei,0,
Elanoides forficatus,0,3-19 La Paz Waterfall Gardens 28.71%;3-21 Arenal Observatory Lodge 14.83%;3-21 Galeria de Colibriy Soda Cinchona 8.68%;3-22 Arenal Observatory Lodge--access rd 20.03%;3-23 Hotel de Montana Monteverde 14.60%;3-24 Curi-Cancha Refugio de Vida Silvestre 9.68%;3-24 Reserva Bosque Nuboso Monteverde 11.19%;3-28 Savegre Hotel 18.29%
Lophoictinia isura,0,
Hamirostra melanosternon,0,
Aviceda cuculoides,0,
Aviceda jerdoni,0,
Aviceda leuphotes,0,
Aviceda madagascariensis,0,
Aviceda subcristata,0,
Henicopernis infuscatus,0,
Henicopernis longicauda,0,
Necrosyrtes monachus,0,
Gyps africanus,0,
Gyps bengalensis,0,
Gyps coprotheres,0,
Gyps fulvus,0,
Gyps himalayensis,1,单型种(全);-----------------------------------------------------;2019-8-19 新加坡裕廊飞禽公园;2020-8-1 西藏聂拉木县
Gyps indicus,0,
Gyps rueppelli,0,
Gyps tenuirostris,0,
Sarcogyps calvus,0,
Trigonoceps occipitalis,0,
Aegypius monachus,1,单型种(全);-----------------------------------------------------;2018-5-26 北京动物园;2018-11-25 上海动物园
Torgos tracheliotos,0,
Spilornis cheela,1,21个亚种;-----------------------------------------------------;2019-2-19 厦门天竺山森林公园(ricketti);2022-1-19 海南尖峰岭(rutherfordi)
Spilornis elgini,0,
Spilornis holospilus,0,
Spilornis kinabaluensis,0,
Spilornis klossi,0,
Spilornis rufipectus,0,
Dryotriorchis spectabilis,0,
Pithecophaga jefferyi,1,单型种(全);-----------------------------------------------------;2019-8-19 新加坡裕廊飞禽公园
Circaetus beaudouini,0,
Circaetus cinerascens,0,
Circaetus cinereus,0,
Circaetus fasciolatus,0,
Circaetus gallicus,0,
Circaetus pectoralis,0,
Terathopius ecaudatus,0,
Macheiramphus alcinus,0,
Harpyopsis novaeguineae,0,
Morphnus guianensis,0,
Harpia harpyja,0,
Nisaetus alboniger,0,
Nisaetus bartelsi,0,
Nisaetus cirrhatus,0,
Nisaetus floris,0,
Nisaetus kelaarti,0,
Nisaetus lanceolatus,0,
Nisaetus nanus,0,
Nisaetus nipalensis,1,2个亚种;-----------------------------------------------------;2019-4-27 厦门同安杉际内(nipalensis)
Nisaetus philippensis,0,
Nisaetus pinskeri,0,
Spizaetus isidori,0,
Spizaetus melanoleucus,0,
Spizaetus ornatus,2,3-21 Arenal Observatory Lodge 2.15%;3-24 Reserva Bosque Nuboso Monteverde 1.72%;3-28 Savegre Hotel 3.63%
Spizaetus tyrannus,2,3-21 Arenal Observatory Lodge 2.73%
Stephanoaetus coronatus,0,
Lophotriorchis kienerii,0,
Polemaetus bellicosus,0,
Lophaetus occipitalis,0,
Ictinaetus malaiensis,1,2个亚种;-----------------------------------------------------;2019-4-27 厦门同安杉际内(malaiensis)
Clanga clanga,1,单型种(全);-----------------------------------------------------;2023-1-11 阿联酋迪拜
Clanga hastata,0,
Clanga pomarina,0,
Hieraaetus ayresii,0,
Hieraaetus morphnoides,0,
Hieraaetus pennatus,0,
Hieraaetus wahlbergi,0,
Hieraaetus weiskei,0,
Aquila adalberti,0,
Aquila africana,0,
Aquila audax,0,
Aquila chrysaetos,1,6个亚种;-----------------------------------------------------;2022-10-27 多伦多High park(canadensis)
Aquila fasciata,0,
Aquila gurneyi,0,
Aquila heliaca,0,
Aquila nipalensis,1,2个亚种;-----------------------------------------------------;2021-12-10 广州飞鸟乐园
Aquila rapax,0,
Aquila spilogaster,0,
Aquila verreauxii,0,
Harpagus bidentatus,2,3-20 Estacion Biologica La Selva 9.37%
Harpagus diodon,0,
Kaupifalco monogrammicus,0,
Micronisus gabar,0,
Melierax canorus,0,
Melierax metabates,0,
Melierax poliopterus,0,
Urotriorchis macrourus,0,
Erythrotriorchis buergersi,0,
Erythrotriorchis radiatus,0,
Megatriorchis doriae,0,
Accipiter albogularis,0,
Accipiter atricapillus,0,
Accipiter badius,0,
Accipiter bicolor,0,
Accipiter brachyurus,0,
Accipiter brevipes,0,
Accipiter butleri,0,
Accipiter castanilius,0,
Accipiter chilensis,0,
Accipiter chionogaster,0,
Accipiter cirrocephalus,0,
Accipiter cooperii,1,单型种(全);-----------------------------------------------------;2022-6-18 多伦多Thompson公园
Accipiter erythrauchen,0,
Accipiter erythronemius,0,
Accipiter erythropus,0,
Accipiter fasciatus,0,
Accipiter francesiae,0,
Accipiter gentilis,0,
Accipiter griseiceps,0,
Accipiter gularis,1,3个亚种;-----------------------------------------------------;2019-10-4 广西北海冠头岭(gularis)
Accipiter gundlachi,8,
Accipiter haplochrous,0,
Accipiter henicogrammus,0,
Accipiter henstii,0,
Accipiter hiogaster,0,
Accipiter imitator,0,
Accipiter luteoschistaceus,0,
Accipiter madagascariensis,0,
Accipiter melanochlamys,0,
Accipiter melanoleucus,0,
Accipiter meyerianus,0,
Accipiter minullus,0,
Accipiter nanus,0,
Accipiter nisus,1,7个亚种;-----------------------------------------------------;2020-8-5 西藏普兰县(melaschistos)
Accipiter novaehollandiae,0,
Accipiter ovampensis,0,
Accipiter poliocephalus,0,
Accipiter poliogaster,0,
Accipiter princeps,0,
Accipiter rhodogaster,0,
Accipiter rufitorques,0,
Accipiter rufiventris,0,
Accipiter soloensis,1,单型种(全);-----------------------------------------------------;2019-4-27 厦门同安杉际内;2019-7-6 三明峨嵋峰山脚村庄
Accipiter striatus,1,7个亚种;-----------------------------------------------------;2022-9-20 多伦多High Park(velox)
Accipiter tachiro,0,
Accipiter toussenelii,0,
Accipiter trinotatus,0,
Accipiter trivirgatus,1,11个亚种;-----------------------------------------------------;2019-9-15 莆田天马山(indicus);2022-1-20 海南尖峰岭(indicus)
Accipiter ventralis,0,
Accipiter virgatus,1,10个亚种;-----------------------------------------------------;2019-10-4 广西北海冠头岭(affinis);2020-5-8 厦门虎头山公园(affinis)
Microspizias collaris,0,
Microspizias superciliosus,0,
Circus aeruginosus,1,2个亚种;-----------------------------------------------------;2023-1-11 阿联酋迪拜(aeruginosus)
Circus approximans,1,单型种(全);-----------------------------------------------------;2019-1 新西兰南北岛
Circus assimilis,0,
Circus buffoni,0,
Circus cinereus,0,
Circus cyaneus,1,单型种(全);-----------------------------------------------------;2020-10-31 陕西西安湖;2021-5-16 宁夏石嘴山市沙湖
Circus hudsonius,1,单型种(全);-----------------------------------------------------;2022-9-20 多伦多High Park
Circus macrosceles,0,
Circus macrourus,0,
Circus maillardi,0,
Circus maurus,0,
Circus melanoleucos,0,
Circus pygargus,0,
Circus ranivorus,0,
Circus spilonotus,1,单型种(全);-----------------------------------------------------;2022-1-19 海南儋州
Circus spilothorax,0,
Milvus aegyptius,0,
Milvus migrans,1,5个亚种;-----------------------------------------------------;2018-8-24 厦门植物园(lineatus);2019-5-7 香港(lineatus);2021-5-16 宁夏石嘴山市沙湖(lineatus)
Milvus milvus,0,
Haliastur indus,1,4个亚种;-----------------------------------------------------;2019-8-18 新加坡市区(intermedius)
Haliastur sphenurus,0,
Haliaeetus albicilla,1,2个亚种;-----------------------------------------------------;2020-11-22 北京动物园
Haliaeetus humilis,0,
Haliaeetus ichthyaetus,0,
Haliaeetus leucocephalus,5,2个亚种;-----------------------------------------------------;2019-8-19 新加坡裕廊飞禽公园;2022-9-11 多伦多Thompson公园(washingtoniensis)
Haliaeetus leucogaster,1,单型种(全);-----------------------------------------------------;2019-8-17 新加坡鱼尾狮公园
Haliaeetus leucoryphus,0,
Haliaeetus pelagicus,0,
Haliaeetus sanfordi,0,
Haliaeetus vocifer,0,
Haliaeetus vociferoides,0,
Butastur indicus,1,单型种(全);-----------------------------------------------------;2020-4-1 厦门田头村仙景
Butastur liventer,0,
Butastur rufipennis,0,
Butastur teesa,0,
Ictinia mississippiensis,0,
Ictinia plumbea,2,3-25 Cerro Lodge 3.31%;3-25 Tarcoles--Tour en Bote 39.01%
Busarellus nigricollis,0,
Rostrhamus sociabilis,0,
Helicolestes hamatus,0,
Geranospiza caerulescens,2,3-25 Cerro Lodge 11.00%;3-25 Tarcoles--Tour en Bote 6.85%;3-26 PN Carara-Entrada principal 4.76%
Cryptoleucopteryx plumbea,0,
Buteogallus aequinoctialis,0,
Buteogallus anthracinus,2,3-25 Cerro Lodge 3.67%;3-25 Tarcoles--Tour en Bote 90.85%;3-26 PN Carara-Entrada principal 5.42%
Buteogallus coronatus,0,
Buteogallus gundlachii,8,Guaniquanico Cordillera;zapata swamp
Buteogallus lacernulatus,0,
Buteogallus meridionalis,0,
Buteogallus schistaceus,0,
Buteogallus solitarius,0,
Buteogallus urubitinga,0,
Morphnarchus princeps,2,3-19 La Paz Waterfall Gardens 7.40%;3-21 Galeria de Colibriy Soda Cinchona 9.40%
Rupornis magnirostris,2,3-19 La Paz Waterfall Gardens 2.18%;3-19 Donde Cope 12.00%;3-19 Tirimbina Rainforest 4.27%;3-20 Estacion Biologica La Selva 2.73%;3-21 Arenal Observatory Lodge 2.34%;3-25 Cerro Lodge 6.97%;3-25 Tarcoles--Tour en Bote 5.36%
Parabuteo leucorrhous,0,
Parabuteo unicinctus,1,2个亚种;-----------------------------------------------------;2022-7-3 多伦多动物园
Geranoaetus albicaudatus,0,
Geranoaetus melanoleucus,0,
Geranoaetus polyosoma,0,
Pseudastur albicollis,2,3-21 Arenal Observatory Lodge 7.51%;3-21 Galeria de Colibriy Soda Cinchona 6.14%
Pseudastur occidentalis,0,
Pseudastur polionotus,0,
Leucopternis kuhli,0,
Leucopternis melanops,0,
Leucopternis semiplumbeus,2,3-20 Estacion Biologica La Selva 12.92%;3-21 Arenal Observatory Lodge 2.63%
Bermuteo avivorus,0,
Buteo albigula,0,
Buteo albonotatus,2,3-25 Tarcoles--Tour en Bote 13.99%
Buteo augur,0,
Buteo auguralis,0,
Buteo bannermani,0,
Buteo brachypterus,0,
Buteo brachyurus,4,3-19 La Paz Waterfall Gardens 3.48%
Buteo buteo,0,
Buteo galapagoensis,0,
Buteo hemilasius,1,单型种(全);-----------------------------------------------------;2020-7-27 西藏羊卓雍措山路
Buteo jamaicensis,1,12个亚种;-----------------------------------------------------;2022-6-11 多伦多High park(borealis)
Buteo japonicus,1,4个亚种;-----------------------------------------------------;2019-11-28 坂头水库(japonicus)
Buteo lagopus,0,
Buteo lineatus,1,6个亚种;-----------------------------------------------------;2022-10-27 多伦多High park(lineatus)
Buteo nitidus,0,
Buteo oreophilus,0,
Buteo plagiatus,2,3-18 Hotel Bougainvillea 1.70%;3-19 La Paz Waterfall Gardens 2.17%;3-19 Tirimbina Rainforest 8.12%;3-20 Estacion Biologica La Selva 5.16%;3-21 Arenal Observatory Lodge 8.09%;3-21 Galeria de Colibriy Soda Cinchona 2.53%;3-22 Arenal Observatory Lodge--access rd 5.74%;3-24 Reserva Bosque Nuboso Monteverde 1.55%;3-25 Cerro Lodge 8.44%;3-25 Tarcoles--Tour en Bote 16.68%;3-26 PN Carara-Entrada principal 11.91%
Buteo platypterus,1,6个亚种;-----------------------------------------------------;2022-9-20 多伦多High Park(platypterus)
Buteo refectus,0,
Buteo regalis,0,
Buteo ridgwayi,0,
Buteo rufinus,0,
Buteo rufofuscus,0,
Buteo socotraensis,0,
Buteo solitarius,0,
Buteo swainsoni,4,3-18 Hotel Bougainvillea 2.65%;3-20 Estacion Biologica La Selva 8.49%
Buteo trizonatus,0,
Buteo ventralis,0,
Tyto alba,0,
Tyto aurantia,0,
Tyto capensis,0,
Tyto deroepstorffi,0,
Tyto furcata,0,
Tyto glaucops,0,
Tyto inexspectata,0,
Tyto javanica,1,7个亚种;-----------------------------------------------------;2019-8-19 新加坡裕廊飞禽公园;2022-1-18 海南儋州(stertens)
Tyto longimembris,1,5个亚种;-----------------------------------------------------;2022-1-18 海南儋州(chinensis)
Tyto manusi,0,
Tyto multipunctata,0,
Tyto nigrobrunnea,0,
Tyto novaehollandiae,0,
Tyto prigoginei,0,
Tyto rosenbergii,0,
Tyto sororcula,0,
Tyto soumagnei,0,
Tyto tenebricosa,0,
Phodilus assimilis,0,
Phodilus badius,0,
Uroglaux dimorpha,0,
Ninox affinis,0,
Ninox albifacies,0,
Ninox boobook,0,
Ninox burhani,0,
Ninox connivens,0,
Ninox forbesi,0,
Ninox fusca,0,
Ninox hantu,0,
Ninox hypogramma,0,
Ninox ios,0,
Ninox japonica,0,
Ninox leucopsis,0,
Ninox leventisi,0,
Ninox meeki,0,
Ninox mindorensis,0,
Ninox natalis,0,
Ninox novaeseelandiae,1,3个亚种;-----------------------------------------------------;2019-1-14 新西兰奥克兰动物园(novaeseelandiae)
Ninox obscura,0,
Ninox ochracea,0,
Ninox odiosa,0,
Ninox philippensis,0,
Ninox plesseni,0,
Ninox punctulata,0,
Ninox randi,0,
Ninox reyi,0,
Ninox rotiensis,0,
Ninox rudolfi,0,
Ninox rufa,0,
Ninox rumseyi,0,
Ninox scutulata,0,
Ninox spilocephala,0,
Ninox spilonotus,0,
Ninox squamipila,0,
Ninox strenua,0,
Ninox sumbaensis,0,
Ninox theomacha,0,
Ninox variegata,0,
Margarobyas lawrencii,9,单型种(全);-----------------------------------------------------;2022-12-28 古巴萨帕塔
Taenioptynx brodiei,17,2个亚种;-----------------------------------------------------;2020-11-2 西安祥裕森林公园(brodiei);2021-7-24 龙岩武平桃溪镇茶园(brodiei);2022-1-20 海南尖峰岭(brodiei)
Taenioptynx sylvaticus,0,
Micrathene whitneyi,0,
Xenoglaux loweryi,0,
Aegolius acadicus,1,2个亚种;-----------------------------------------------------;2023-2-12 多伦多Colonel Samuel Smith公园(acadicus)
Aegolius funereus,0,
Aegolius gradyi,0,
Aegolius harrisii,0,
Aegolius ridgwayi,0,
Athene blewitti,0,
Athene brama,0,
Athene cunicularia,0,
Athene granti,0,
Athene jacquinoti,0,
Athene malaitae,0,
Athene noctua,1,13个亚种;-----------------------------------------------------;2023-1-12 阿联酋沙迦野生动物中心(saharae)
Athene roseoaxillaris,0,
Athene superciliaris,0,
Surnia ulula,0,
Glaucidium albertinum,0,
Glaucidium bolivianum,0,
Glaucidium brasilianum,2,3-18 Hotel Bougainvillea 10.45%;3-25 Cerro Lodge 27.14%;3-25 Tarcoles--Tour en Bote 7.15%;3-26 PN Carara-Entrada principal 4.33%
Glaucidium californicum,0,
Glaucidium capense,0,
Glaucidium castanopterum,0,
Glaucidium castanotum,0,
Glaucidium cobanense,0,
Glaucidium costaricanum,0,
Glaucidium cuculoides,1,8个亚种;-----------------------------------------------------;2019-4-14 厦门大学(whitelyi);2022-1-20 海南尖峰岭(persimile)
Glaucidium gnoma,0,
Glaucidium griseiceps,0,
Glaucidium hardyi,0,
Glaucidium hoskinsii,0,
Glaucidium jardinii,0,
Glaucidium minutissimum,0,
Glaucidium mooreorum,0,
Glaucidium nana,0,
Glaucidium nubicola,0,
Glaucidium palmarum,0,
Glaucidium parkeri,0,
Glaucidium passerinum,0,
Glaucidium perlatum,0,
Glaucidium peruanum,0,
Glaucidium radiatum,0,
Glaucidium sanchezi,0,
Glaucidium siju,9,3个亚种;-----------------------------------------------------;2022-12-28 古巴萨帕塔(siju)
Glaucidium sjostedti,0,
Glaucidium tephronotum,0,
Otus alfredi,0,
Otus alius,0,
Otus angelinae,0,
Otus bakkamoena,0,
Otus balli,0,
Otus beccarii,0,
Otus bikegila,0,
Otus brookii,0,
Otus brucei,0,
Otus capnodes,0,
Otus collari,0,
Otus cyprius,0,
Otus elegans,0,
Otus enganensis,0,
Otus everetti,0,
Otus feae,0,
Otus fuliginosus,0,
Otus grucheti,0,
Otus gurneyi,0,
Otus hartlaubi,0,
Otus icterorhynchus,0,
Otus insularis,0,
Otus ireneae,0,
Otus jolandae,0,
Otus lempiji,0,
Otus lettia,1,5个亚种;-----------------------------------------------------;2019-12-20 广州中山大学南校区(erythrocampe)
Otus longicornis,0,
Otus madagascariensis,0,
Otus magicus,0,
Otus manadensis,0,
Otus mantananensis,0,
Otus mayottensis,0,
Otus megalotis,0,
Otus mendeni,0,
Otus mentawi,0,
Otus mindorensis,0,
Otus mirus,0,
Otus moheliensis,0,
Otus murivorus,0,
Otus nigrorum,0,
Otus pamelae,0,
Otus pauliani,0,
Otus pembaensis,0,
Otus podarginus,0,
Otus rufescens,0,
Otus rutilus,0,
Otus sagittatus,0,
Otus sauzieri,0,
Otus scops,0,
Otus semitorques,0,
Otus senegalensis,0,
Otus siaoensis,0,
Otus silvicola,0,
Otus socotranus,0,
Otus spilocephalus,17,8个亚种;-----------------------------------------------------;2022-1-19 海南尖峰岭(latouchi)
Otus sulaensis,0,
Otus sunia,17,9个亚种;-----------------------------------------------------;2021-4-12 厦门小坪山森林公园(malayanus)
Otus tempestatis,0,
Otus thilohoffmanni,0,
Otus umbra,0,
Ptilopsis granti,0,
Ptilopsis leucotis,0,
Asio abyssinicus,0,
Asio capensis,0,
Asio clamator,0,
Asio flammeus,1,11个亚种;-----------------------------------------------------;2018-11-25 上海动物园
Asio grammicus,0,`
Asio madagascariensis,0,
Asio otus,4,
Asio solomonensis,0,
Asio stygius,0,
Jubula lettii,0,
Bubo africanus,0,
Bubo ascalaphus,0,
Bubo bengalensis,0,
Bubo bubo,1,16个亚种;-----------------------------------------------------;2018-9-29 广州长隆飞鸟乐园
Bubo capensis,0,
Bubo cinerascens,0,
Bubo magellanicus,0,
Bubo milesi,0,
Bubo scandiacus,1,单型种(全);-----------------------------------------------------;2023-1-2 多伦多Colonel Samuel Smith公园
Bubo virginianus,1,15个亚种;-----------------------------------------------------;2023-2-19 多伦多High park(virginianus)
Scotopelia bouvieri,0,
Scotopelia peli,0,
Scotopelia ussheri,0,
Ketupa blakistoni,0,
Ketupa coromanda,0,
Ketupa flavipes,1,单型种(全);-----------------------------------------------------;2018-10-7 台北动物园
Ketupa ketupu,1,3个亚种;-----------------------------------------------------;2019-8-19 新加坡裕廊飞禽公园
Ketupa lactea,0,
Ketupa leucosticta,0,
Ketupa nipalensis,0,
Ketupa philippensis,0,
Ketupa poensis,0,
Ketupa shelleyi,0,
Ketupa sumatrana,0,
Ketupa zeylonensis,0,
Psiloscops flammeolus,0,
Gymnasio nudipes,0,
Megascops albogularis,0,
Megascops asio,1,5个亚种;-----------------------------------------------------;2022-6-23 多伦多High park(naevius)
Megascops atricapilla,0,
Megascops barbarus,0,
Megascops centralis,0,
Megascops choliba,2,3-18 Hotel Bougainvillea 7.03%
Megascops clarkii,0,
Megascops cooperi,2,3-25 Cerro Lodge 6.98%
Megascops gilesi,0,
Megascops guatemalae,0,
Megascops hoyi,0,
Megascops ingens,0,
Megascops kennicottii,0,
Megascops koepckeae,0,
Megascops marshalli,0,
Megascops petersoni,0,
Megascops roboratus,0,
Megascops roraimae,0,
Megascops sanctaecatarinae,0,
Megascops seductus,0,
Megascops trichopsis,0,
Megascops vermiculatus,2,3-20 Estacion Biologica La Selva 11.14%
Megascops watsonii,0,
Pulsatrix koeniswaldiana,0,
Pulsatrix melanota,0,
Pulsatrix perspicillata,1,6个亚种;-----------------------------------------------------;2022-7-3 多伦多动物园;;3-19 Donde Cope 35.01%;3-20 Estacion Biologica La Selva 2.73%
Lophostrix cristata,2,3-19 Donde Cope 21.02%;3-20 Estacion Biologica La Selva 6.27%
Strix albitarsis,0,
Strix aluco,0,
Strix butleri,0,
Strix chacoensis,0,
Strix fulvescens,0,
Strix hadorami,0,
Strix huhula,0,
Strix hylophila,0,
Strix leptogrammica,17,14个亚种;-----------------------------------------------------;2022-1-19 海南尖峰岭(caligata)
Strix mauritanica,0,
Strix nebulosa,0,
Strix nigrolineata,2,3-21 Arenal Observatory Lodge 4.11%;3-22 Arenal Observatory Lodge--access rd 5.71%;3-25 Cerro Lodge 7.36%;3-25 Tarcoles--Tour en Bote 3.58%
Strix nivicolum,0,
Strix occidentalis,0,
Strix ocellata,0,
Strix rufipes,0,
Strix sartorii,0,
Strix seloputo,0,
Strix uralensis,0,
Strix varia,1,单型种(全);-----------------------------------------------------;2022-10-30 多伦多Downsview公园
Strix virgata,2,3-18 Hotel Bougainvillea 9.48%;3-24 Curi-Cancha Refugio de Vida Silvestre 16.82%;3-24 Reserva Bosque Nuboso Monteverde 2.24%
Strix woodfordii,0,
Colius castanotus,0,
Colius colius,0,
Colius leucocephalus,0,
Colius striatus,1,17个亚种;-------------------------------------------------------;2019-8-19 新加坡裕廊飞禽公园
Urocolius indicus,0,
Urocolius macrourus,0,
Leptosomus discolor,0,
Euptilotis neoxenus,0,
Pharomachrus antisianus,0,
Pharomachrus auriceps,0,
Pharomachrus fulgidus,0,
Pharomachrus mocinno,2,3-24 Curi-Cancha Refugio de Vida Silvestre 52.98%;3-24 Reserva Bosque Nuboso Monteverde 65.45%
Pharomachrus pavoninus,0,
Priotelus roseigaster,0,
Priotelus temnurus,1,2个亚种;-----------------------------------------------------;2022-12-26 古巴萨帕塔(temnurus)
Trogon bairdii,2,3-26 PN Carara-Entrada principal 30.99%
Trogon caligatus,2,3-19 Donde Cope 5.00%;3-19 Tirimbina Rainforest 29.08%;3-20 Estacion Biologica La Selva 33.12%;3-21 Arenal Observatory Lodge 24.47%;3-22 Arenal Observatory Lodge--access rd 15.71%;3-25 Cerro Lodge 16.49%;3-25 Tarcoles--Tour en Bote 3.87%;3-26 PN Carara-Entrada principal 25.78%
Trogon chionurus,0,
Trogon citreolus,0,
Trogon clathratus,0,
Trogon collaris,2,3-19 La Paz Waterfall Gardens 7.40%;3-21 Arenal Observatory Lodge 10.24%;3-22 Arenal Observatory Lodge--access rd 5.71%;3-24 Curi-Cancha Refugio de Vida Silvestre 37.42%;3-24 Reserva Bosque Nuboso Monteverde 39.59%;3-28 Savegre Hotel 14.66%
Trogon comptus,0,
Trogon curucui,0,
Trogon elegans,0,
Trogon massena,2,3-19 Tirimbina Rainforest 39.76%;3-20 Estacion Biologica La Selva 44.93%;3-21 Arenal Observatory Lodge 7.71%;3-26 PN Carara-Entrada principal 30.11%
Trogon melanocephalus,2,3-25 Cerro Lodge 16.12%;3-25 Tarcoles--Tour en Bote 9.53%;3-26 PN Carara-Entrada principal 14.30%
Trogon melanurus,0,
Trogon mesurus,0,
Trogon mexicanus,0,
Trogon personatus,0,
Trogon ramonianus,0,
Trogon rufus,2,3-19 Donde Cope 5.00%;3-19 Tirimbina Rainforest 15.38%;3-20 Estacion Biologica La Selva 23.03%;3-21 Arenal Observatory Lodge 1.76%;3-26 PN Carara-Entrada principal 30.77%
Trogon surrucura,0,
Trogon violaceus,0,
Trogon viridis,0,
Apaloderma aequatoriale,0,
Apaloderma narina,0,
Apaloderma vittatum,0,
Apalharpactes mackloti,0,
Apalharpactes reinwardtii,0,
Harpactes ardens,0,
Harpactes diardii,0,
Harpactes duvaucelii,0,
Harpactes erythrocephalus,1,9个亚种;-------------------------------------------------------;2019-4-7 福州森林公园(yamakanensis);2022-1-19 海南尖峰岭(hainanus)
Harpactes fasciatus,0,
Harpactes kasumba,0,
Harpactes oreskios,0,
Harpactes orrhophaeus,0,
Harpactes wardi,0,
Harpactes whiteheadi,0,
Upupa africana,0,
Upupa antaios,0,
Upupa epops,1,6个亚种;-------------------------------------------------------;2018-11 厦门集美大学(longirostris);2020-7-24 西藏拉萨;2021-5-15 宁夏石嘴山大武口森林公园;2022-1-21 海南西岛(longirostris);2023-1-11 阿联酋沙迦
Upupa marginata,0,
Phoeniculus bollei,0,
Phoeniculus castaneiceps,0,
Phoeniculus damarensis,0,
Phoeniculus granti,0,
Phoeniculus purpureus,0,
Phoeniculus somaliensis,0,
Rhinopomastus aterrimus,0,
Rhinopomastus cyanomelas,0,
Rhinopomastus minor,0,
Bucorvus abyssinicus,1,单型种(全);-----------------------------------------------------;2022-7-3 多伦多动物园
Bucorvus leadbeateri,1,单型种(全);-----------------------------------------------------;2018-5-26 北京动物园;2019-8-19 新加坡裕廊飞禽公园
Tockus damarensis,0,
Tockus deckeni,1,单型种(全);-----------------------------------------------------;2018-5-26 北京动物园;2019-8-19 新加坡裕廊飞禽公园
Tockus erythrorhynchus,1,单型种(全);-----------------------------------------------------;2018-5-26 北京动物园;2019-8-19 新加坡裕廊飞禽公园
Tockus flavirostris,0,
Tockus jacksoni,0,
Tockus kempi,0,
Tockus leucomelas,0,
Tockus monteiri,0,
Tockus ruahae,0,
Tockus rufirostris,0,
Lophoceros alboterminatus,1,单型种(全);-----------------------------------------------------;2019-8-19 新加坡裕廊飞禽公园
Lophoceros bradfieldi,0,
Lophoceros camurus,0,
Lophoceros fasciatus,1,2个亚种;-----------------------------------------------------;2019-8-19 新加坡裕廊飞禽公园(semifasciatus)
Lophoceros hemprichii,0,
Lophoceros nasutus,0,
Lophoceros pallidirostris,0,
Lophoceros semifasciatus,0,
Bycanistes albotibialis,0,
Bycanistes brevis,1,单型种(全);-----------------------------------------------------;2017-12-23 厦门中山动物园
Bycanistes bucinator,1,单型种(全);-----------------------------------------------------;2018-5-26 北京动物园;2019-8-19 新加坡裕廊飞禽公园
Bycanistes cylindricus,0,
Bycanistes fistulator,0,
Bycanistes subcylindricus,0,
Ceratogymna atrata,0,
Ceratogymna elata,1,单型种(全);-----------------------------------------------------;2019-5-7 香港动植物公园
Horizocerus albocristatus,0,
Horizocerus hartlaubi,0,
Berenicornis comatus,1,单型种(全);-----------------------------------------------------;2019-5-7 香港动植物公园;2019-8-19 新加坡裕廊飞禽公园
Buceros bicornis,1,单型种(全);-----------------------------------------------------;2017-12-23 厦门中山动物园;2019-8-19 新加坡裕廊飞禽公园
Buceros hydrocorax,0,
Buceros rhinoceros,0,
Rhinoplax vigil,0,
Anthracoceros albirostris,1,2个亚种;-------------------------------------------------------;2019-8-18 新加坡巴西立公园(albirostris)
Anthracoceros coronatus,0,
Anthracoceros malayanus,1,单型种(全);-----------------------------------------------------;2019-8-19 新加坡裕廊飞禽公园
Anthracoceros marchei,0,
Anthracoceros montani,0,
Ocyceros birostris,0,
Ocyceros gingalensis,0,
Ocyceros griseus,0,
Anorrhinus austeni,1,单型种(全);-----------------------------------------------------;2018-4-8 湖南长沙动物园
Anorrhinus galeritus,0,
Anorrhinus tickelli,0,
Aceros nipalensis,0,
Rhyticeros cassidix,0,
Rhyticeros everetti,0,
Rhyticeros narcondami,0,
Rhyticeros plicatus,1,单型种(全);-----------------------------------------------------;2019-8-19 新加坡裕廊飞禽公园
Rhyticeros subruficollis,0,
Rhyticeros undulatus,1,单型种(全);-----------------------------------------------------;2018-4-8 湖南长沙动物园;2019-8-19 新加坡裕廊飞禽公园
Rhabdotorrhinus corrugatus,1,单型种(全);-----------------------------------------------------;2019-8-19 新加坡裕廊飞禽公园
Rhabdotorrhinus exarhatus,0,
Rhabdotorrhinus leucocephalus,0,
Rhabdotorrhinus waldeni,0,
Penelopides affinis,0,
Penelopides manillae,1,2个亚种;-----------------------------------------------------;2019-8-19 新加坡裕廊飞禽公园
Penelopides mindorensis,0,
Penelopides panini,0,
Penelopides samarensis,0,
Coracias abyssinicus,0,
Coracias affinis,0,
Coracias benghalensis,1,2个亚种;-----------------------------------------------------;2022-1-10 阿联酋迪拜(benghalensis)
Coracias caudatus,0,
Coracias cyanogaster,1,单型种(全);-----------------------------------------------------;2022-7-3 多伦多动物园
Coracias garrulus,0,
Coracias naevius,0,
Coracias spatulatus,0,
Coracias temminckii,0,
Eurystomus azureus,0,
Eurystomus glaucurus,0,
Eurystomus gularis,0,
Eurystomus orientalis,1,10个亚种;-----------------------------------------------------;2019-10-4 广西北海冠头岭(cyanocollis)
Brachypteracias leptosomus,0,
Geobiastes squamiger,0,
Atelornis crossleyi,0,
Atelornis pittoides,0,
Uratelornis chimaera,0,
Actenoides bougainvillei,0,
Actenoides concretus,0,
Actenoides hombroni,0,
Actenoides lindsayi,0,
Actenoides monachus,0,
Actenoides princeps,0,
Melidora macrorrhina,0,
Lacedo pulchella,0,
Tanysiptera carolinae,0,
Tanysiptera danae,0,
Tanysiptera ellioti,0,
Tanysiptera galatea,0,
Tanysiptera hydrocharis,0,
Tanysiptera nigriceps,0,
Tanysiptera nympha,0,
Tanysiptera riedelii,0,
Tanysiptera sylvia,0,
Cittura cyanotis,0,
Cittura sanghirensis,0,
Dacelo gaudichaud,0,
Dacelo leachii,1,5个亚种;-------------------------------------------------------;2019-8-19 新加坡裕廊飞禽公园
Dacelo novaeguineae,1,2个亚种;-------------------------------------------------------;2018-10-7 台北动物园;2019-8-19 新加坡裕廊飞禽公园
Dacelo rex,0,
Dacelo tyro,0,
Caridonax fulgidus,0,
Pelargopsis amauroptera,0,
Pelargopsis capensis,0,
Pelargopsis melanorhyncha,0,
Halcyon albiventris,0,
Halcyon badia,0,
Halcyon chelicuti,0,
Halcyon coromanda,0,
Halcyon cyanoventris,0,
Halcyon gularis,0,
Halcyon leucocephala,0,
Halcyon malimbica,0,
Halcyon pileata,0,
Halcyon senegalensis,0,
Halcyon senegaloides,0,
Halcyon smyrnensis,1,5个亚种;-------------------------------------------------------;2018-2-17 莆田九龙谷森林公园(fokiensis);2019-8-19 新加坡裕廊飞禽公园旁(perpulchra);2022-1-18 海南南渡江(fokiensis)
Todiramphus albicilla,0,
Todiramphus albonotatus,0,
Todiramphus australasia,0,
Todiramphus chloris,1,14个亚种;-----------------------------------------------------;2019-8-17 新加坡(humii)
Todiramphus cinnamominus,0,美国圣地亚戈动物园;美国休斯顿动物园;美国圣安东尼奥动物园
Todiramphus colonus,0,
Todiramphus diops,0,
Todiramphus enigma,0,
Todiramphus farquhari,0,
Todiramphus funebris,0,
Todiramphus gambieri,0,
Todiramphus gertrudae,0,
Todiramphus godeffroyi,0,
Todiramphus lazuli,0,
Todiramphus leucopygius,0,
Todiramphus macleayii,0,
Todiramphus nigrocyaneus,0,
Todiramphus pelewensis,0,
Todiramphus pyrrhopygius,0,
Todiramphus recurvirostris,0,
Todiramphus reichenbachii,0,
Todiramphus ruficollaris,0,
Todiramphus sacer,0,
Todiramphus sanctus,1,5个亚种;-----------------------------------------------------;2019-1-14 新西兰奥克兰(vagans)
Todiramphus saurophagus,0,
Todiramphus sordidus,0,
Todiramphus tristrami,0,
Todiramphus tutus,0,
Todiramphus veneratus,0,
Todiramphus winchelli,0,
Syma megarhyncha,0,
Syma torotoro,0,
Ispidina lecontei,0,
Ispidina picta,0,
Corythornis cristatus,0,
Corythornis leucogaster,0,
Corythornis madagascariensis,0,
Corythornis vintsioides,0,
Alcedo atthis,1,7个亚种;-------------------------------------------------------;2017-12 厦门湿地公园(bengalensis);2022-1-19 海南儋州(bengalensis);2023-1-13 阿联酋乌姆盖万(ispida)
Alcedo coerulescens,0,
Alcedo euryzona,0,
Alcedo hercules,1,单型种(全);-----------------------------------------------------;2022-1-1 三明明溪
Alcedo meninting,0,
Alcedo peninsulae,0,
Alcedo quadribrachys,0,
Alcedo semitorquata,0,
Ceyx argentatus,0,
Ceyx azureus,0,
Ceyx cajeli,0,
Ceyx collectoris,0,
Ceyx cyanopectus,0,
Ceyx dispar,0,
Ceyx erithaca,0,
Ceyx fallax,0,
Ceyx flumenicola,0,
Ceyx gentianus,0,
Ceyx lepidus,0,
Ceyx malaitae,0,
Ceyx margarethae,0,
Ceyx meeki,0,
Ceyx melanurus,0,
Ceyx mulcatus,0,
Ceyx nigromaxilla,0,
Ceyx pusillus,0,
Ceyx sacerdotis,0,
Ceyx sangirensis,0,
Ceyx solitarius,0,
Ceyx wallacii,0,
Ceyx websteri,0,
Chloroceryle aenea,2,3-25 Tarcoles--Tour en Bote 49.75%
Chloroceryle amazona,2,3-19 Tirimbina Rainforest 20.94%;3-20 Estacion Biologica La Selva 6.93%;3-21 Arenal Observatory Lodge 2.24%;3-22 Arenal Observatory Lodge--access rd 7.16%;3-25 Tarcoles--Tour en Bote 50.03%
Chloroceryle americana,2,3-19 Donde Cope 29.02%;3-19 Tirimbina Rainforest 15.40%;3-20 Estacion Biologica La Selva 12.10%;3-21 Arenal Observatory Lodge 1.85%;3-22 Arenal Observatory Lodge--access rd 5.73%;3-25 Tarcoles--Tour en Bote 72.96%;3-26 PN Carara-Entrada principal 11.49%
Chloroceryle inda,0,
Megaceryle alcyon,1,单型种(全);-----------------------------------------------------;2022-6-25 加拿大多伦多Thompson公园
Megaceryle lugubris,0,
Megaceryle maxima,0,
Megaceryle torquata,2,3-19 Tirimbina Rainforest 11.12%;3-20 Estacion Biologica La Selva 9.01%;3-25 Tarcoles--Tour en Bote 71.18%
Ceryle rudis,1,5个亚种;-------------------------------------------------------;2018-5 厦门翔安东埭桥水库(insignis);2018-10-9 台湾金门(insignis);2022-1-19 海南儋州(insignis)
Todus angustirostris,0,
Todus mexicanus,0,
Todus multicolor,1,单型种(全);-----------------------------------------------------;2022-12-26 古巴萨帕塔
Todus subulatus,0,
Todus todus,0,
Hylomanes momotula,0,
Aspatha gularis,0,
Momotus aequatorialis,0,
Momotus bahamensis,0,
Momotus coeruliceps,0,
Momotus lessonii,2,3-18 Hotel Bougainvillea 50.63%;3-23 Hotel de Montana Monteverde 33.40%;3-24 Curi-Cancha Refugio de Vida Silvestre 54.44%;3-24 Reserva Bosque Nuboso Monteverde 20.31%;3-25 Tarcoles--Tour en Bote 3.58%;3-26 PN Carara-Entrada principal 18.41%
Momotus mexicanus,0,
Momotus momota,1,9个亚种;-----------------------------------------------------;2019-8-19 新加坡裕廊飞禽公园
Momotus subrufescens,0,
Baryphthengus martii,2,3-19 Tirimbina Rainforest 33.35%;3-20 Estacion Biologica La Selva 39.03%;3-21 Arenal Observatory Lodge 7.99%;3-22 Arenal Observatory Lodge--access rd 4.29%
Baryphthengus ruficapillus,0,
Electron carinatum,0,
Electron platyrhynchum,2,3-19 Tirimbina Rainforest 24.81%;3-20 Estacion Biologica La Selva 41.69%;3-21 Arenal Observatory Lodge 13.55%;3-22 Arenal Observatory Lodge--access rd 4.31%;3-24 Reserva Bosque Nuboso Monteverde 4.12%
Eumomota superciliosa,2,3-24 Reserva Bosque Nuboso Monteverde 1.90%;3-25 Cerro Lodge 56.10%;3-25 Tarcoles--Tour en Bote 56.31%;3-26 PN Carara-Entrada principal 17.33%
Nyctyornis amictus,0,
Nyctyornis athertoni,0,
Meropogon forsteni,0,
Merops albicollis,0,
Merops americanus,0,
Merops apiaster,0,
Merops boehmi,0,
Merops breweri,0,
Merops bullockoides,0,
Merops bulocki,0,
Merops cyanophrys,1,2个亚种;-----------------------------------------------------;2023-1-9 阿联酋迪拜(muscatensis)
Merops gularis,0,
Merops hirundineus,0,
Merops lafresnayii,0,
Merops leschenaulti,0,
Merops malimbicus,0,
Merops mentalis,0,
Merops muelleri,0,
Merops nubicoides,0,
Merops nubicus,0,
Merops oreobates,0,
Merops orientalis,0,
Merops ornatus,0,
Merops persicus,0,
Merops philippinus,1,单型种(全);-----------------------------------------------------;2018-6 厦门栗喉蜂虎保护区
Merops pusillus,0,
Merops revoilii,0,
Merops superciliosus,0,
Merops variegatus,0,
Merops viridis,1,单型种(全);-----------------------------------------------------;2019-8-20 新加坡植物园
Merops viridissimus,0,
Galbalcyrhynchus leucotis,0,
Galbalcyrhynchus purusianus,0,
Brachygalba albogularis,0,
Brachygalba goeringi,0,
Brachygalba lugubris,0,
Brachygalba salmoni,0,
Jacamaralcyon tridactyla,0,
Galbula albirostris,0,
Galbula chalcothorax,0,
Galbula cyanescens,0,
Galbula cyanicollis,0,
Galbula dea,0,
Galbula galbula,0,
Galbula leucogastra,0,
Galbula pastazae,0,
Galbula ruficauda,2,3-19 Tirimbina Rainforest 11.12%;3-20 Estacion Biologica La Selva 26.71%;3-21 Arenal Observatory Lodge 11.02%;3-22 Arenal Observatory Lodge--access rd 24.31%;3-26 PN Carara-Entrada principal 21.23%
Galbula tombacea,0,
Jacamerops aureus,0,
Notharchus hyperrhynchus,2,3-20 Estacion Biologica La Selva 9.00%;3-26 PN Carara-Entrada principal 4.33%
Notharchus macrorhynchos,0,
Notharchus ordii,0,
Notharchus pectoralis,0,
Notharchus swainsoni,0,
Notharchus tectus,2,3-20 Estacion Biologica La Selva 7.38%
Bucco capensis,0,
Bucco macrodactylus,0,
Bucco noanamae,0,
Bucco tamatia,0,
Nystalus chacuru,0,
Nystalus maculatus,0,
Nystalus obamai,0,
Nystalus radiatus,0,
Nystalus striatipectus,0,
Nystalus striolatus,0,
Hypnelus bicinctus,0,
Hypnelus ruficollis,0,
Malacoptila fulvogularis,0,
Malacoptila fusca,0,
Malacoptila mystacalis,0,
Malacoptila panamensis,2,3-19 Tirimbina Rainforest 5.56%;3-20 Estacion Biologica La Selva 7.53%;3-26 PN Carara-Entrada principal 46.37%
Malacoptila rufa,0,
Malacoptila semicincta,0,
Malacoptila striata,0,
Micromonacha lanceolata,0,
Nonnula amaurocephala,0,
Nonnula brunnea,0,
Nonnula frontalis,0,
Nonnula rubecula,0,
Nonnula ruficapilla,0,
Nonnula sclateri,0,
Hapaloptila castanea,0,
Monasa atra,0,
Monasa flavirostris,0,
Monasa morphoeus,2,3-19 Tirimbina Rainforest 7.69%;3-20 Estacion Biologica La Selva 3.03%
Monasa nigrifrons,0,
Chelidoptera tenebrosa,0,
Capito auratus,0,
Capito aurovirens,0,
Capito brunneipectus,0,
Capito dayi,0,
Capito fitzpatricki,8,
Capito hypoleucus,0,
Capito maculicoronatus,0,
Capito niger,0,
Capito quinticolor,0,
Capito squamatus,0,
Capito wallacei,8,
Eubucco bourcierii,2,3-19 La Paz Waterfall Gardens 7.83%;3-21 Galeria de Colibriy Soda Cinchona 25.32%;3-24 Reserva Bosque Nuboso Monteverde 3.10%;3-28 Savegre Hotel 5.44%
Eubucco richardsoni,0,
Eubucco tucinkae,0,
Eubucco versicolor,0,
Semnornis frantzii,2,3-19 La Paz Waterfall Gardens 22.20%;3-21 Galeria de Colibriy Soda Cinchona 63.25%;3-24 Curi-Cancha Refugio de Vida Silvestre 13.24%;3-24 Reserva Bosque Nuboso Monteverde 35.95%
Semnornis ramphastinus,0,
Aulacorhynchus albivitta,0,
Aulacorhynchus atrogularis,0,
Aulacorhynchus caeruleogularis,0,
Aulacorhynchus coeruleicinctis,0,
Aulacorhynchus derbianus,0,
Aulacorhynchus haematopygus,0,
Aulacorhynchus huallagae,0,
Aulacorhynchus prasinus,2,3-19 La Paz Waterfall Gardens 8.27%;3-21 Galeria de Colibriy Soda Cinchona 64.68%;3-23 Hotel de Montana Monteverde 31.31%;3-24 Curi-Cancha Refugio de Vida Silvestre 63.06%;3-24 Reserva Bosque Nuboso Monteverde 51.10%
Aulacorhynchus sulcatus,0,
Aulacorhynchus wagleri,0,
Aulacorhynchus whitelianus,0,
Pteroglossus aracari,1,3个亚种;-----------------------------------------------------;2018-11-25 上海动物园
Pteroglossus azara,0,
Pteroglossus bailloni,0,
Pteroglossus beauharnaisii,0,
Pteroglossus bitorquatus,0,
Pteroglossus castanotis,0,
Pteroglossus erythropygius,0,
Pteroglossus frantzii,2,3-25 Cerro Lodge 1.85%;3-26 PN Carara-Entrada principal 12.35%
Pteroglossus inscriptus,0,
Pteroglossus mariae,0,
Pteroglossus pluricinctus,0,
Pteroglossus sanguineus,0,
Pteroglossus torquatus,2,3-19 Donde Cope 23.00%;3-19 Tirimbina Rainforest 31.21%;3-20 Estacion Biologica La Selva 51.05%;3-21 Arenal Observatory Lodge 38.42%;3-22 Arenal Observatory Lodge--access rd 5.71%
Pteroglossus viridis,0,
Selenidera gouldii,0,
Selenidera maculirostris,0,
Selenidera nattereri,0,
Selenidera piperivora,0,
Selenidera reinwardtii,0,
Selenidera spectabilis,0,
Andigena cucullata,0,
Andigena hypoglauca,0,
Andigena laminirostris,0,
Andigena nigrirostris,0,
Ramphastos ambiguus,2,3-19 Donde Cope 22.00%;3-19 Tirimbina Rainforest 59.43%;3-20 Estacion Biologica La Selva 59.91%;3-21 Arenal Observatory Lodge 55.09%;3-21 Galeria de Colibriy Soda Cinchona 3.25%;3-22 Arenal Observatory Lodge--access rd 27.14%;3-25 Tarcoles--Tour en Bote 4.17%;3-26 PN Carara-Entrada principal 43.76%
Ramphastos brevis,0,
Ramphastos citreolaemus,0,
Ramphastos dicolorus,0,
Ramphastos sulfuratus,2,3-19 La Paz Waterfall Gardens 3.05%;3-19 Donde Cope 17.01%;3-19 Tirimbina Rainforest 58.15%;3-20 Estacion Biologica La Selva 45.53%;3-21 Arenal Observatory Lodge 47.20%;3-22 Arenal Observatory Lodge--access rd 25.74%;3-24 Curi-Cancha Refugio de Vida Silvestre 38.47%;3-24 Reserva Bosque Nuboso Monteverde 6.20%
Ramphastos toco,1,2个亚种;-----------------------------------------------------;2018-9-29 广州长隆飞鸟乐园;2019-8-19 新加坡裕廊飞禽公园
Ramphastos tucanus,1,3个亚种;-----------------------------------------------------;2018-9-29 广州长隆飞鸟乐园;2019-8-19 新加坡裕廊飞禽公园
Ramphastos vitellinus,1,3个亚种;-----------------------------------------------------;2018-4-8 湖南长沙动物园;2019-8-17 新加坡动物园(vitellinus)
Psilopogon annamensis,0,
Psilopogon armillaris,0,
Psilopogon asiaticus,1,2个亚种;-----------------------------------------------------;2020-11-22 北京动物园(davisoni)
Psilopogon auricularis,0,
Psilopogon australis,0,
Psilopogon chersonesus,0,
Psilopogon chrysopogon,0,
Psilopogon corvinus,0,
Psilopogon duvaucelii,0,
Psilopogon eximius,0,
Psilopogon faber,1,2个亚种(全);-----------------------------------------------------;2020-3-27 厦门十里蓝山(sini);2022-1-19 海南尖峰岭(faber)
Psilopogon faiostrictus,0,
Psilopogon flavifrons,0,
Psilopogon franklinii,0,
Psilopogon haemacephalus,0,
Psilopogon henricii,0,
Psilopogon incognitus,0,
Psilopogon javensis,0,
Psilopogon lagrandieri,0,
Psilopogon lineatus,1,2个亚种;-----------------------------------------------------;2019-8-19 新加坡裕廊飞禽公园(hodgsoni)
Psilopogon malabaricus,0,
Psilopogon monticola,0,
Psilopogon mystacophanos,0,
Psilopogon nuchalis,1,单型种(全);-----------------------------------------------------;2018-10-1 台湾高雄卫武营都会公园
Psilopogon oorti,0,
Psilopogon pulcherrimus,0,
Psilopogon pyrolophus,0,
Psilopogon rafflesii,0,
Psilopogon rubricapillus,0,
Psilopogon virens,1,6个亚种;-----------------------------------------------------;2019-4-6 福州森林公园(virens)
Psilopogon viridis,0,
Psilopogon zeylanicus,0,
Caloramphus fuliginosus,0,
Caloramphus hayii,0,
Gymnobucco bonapartei,0,
Gymnobucco calvus,0,
Gymnobucco peli,0,
Gymnobucco sladeni,0,
Stactolaema anchietae,0,
Stactolaema leucotis,0,
Stactolaema olivacea,0,
Stactolaema whytii,0,
Pogoniulus atroflavus,0,
Pogoniulus bilineatus,0,
Pogoniulus chrysoconus,0,
Pogoniulus coryphaea,0,
Pogoniulus leucomystax,0,
Pogoniulus makawai,0,
Pogoniulus pusillus,0,
Pogoniulus scolopaceus,0,
Pogoniulus simplex,0,
Pogoniulus subsulphureus,0,
Buccanodon duchaillui,0,
Tricholaema diademata,0,
Tricholaema frontata,0,
Tricholaema hirsuta,0,
Tricholaema lacrymosa,0,
Tricholaema leucomelas,0,
Tricholaema melanocephala,0,
Lybius bidentatus,0,
Lybius chaplini,0,
Lybius dubius,0,
Lybius guifsobalito,0,
Lybius leucocephalus,0,
Lybius melanopterus,1,单型种(全);-----------------------------------------------------;2019-8-19 新加坡裕廊飞禽公园
Lybius minor,0,
Lybius rolleti,0,
Lybius rubrifacies,0,
Lybius torquatus,0,
Lybius undatus,0,
Lybius vieilloti,0,
Trachyphonus darnaudii,0,
Trachyphonus erythrocephalus,1,3个亚种;-----------------------------------------------------;2019-8-19 新加坡裕廊飞禽公园(erythrocephalus)
Trachyphonus margaritatus,0,
Trachyphonus purpuratus,0,
Trachyphonus usambiro,0,
Trachyphonus vaillantii,0,
Prodotiscus insignis,0,
Prodotiscus regulus,0,
Prodotiscus zambesiae,0,
Melignomon eisentrauti,0,
Melignomon zenkeri,0,
Indicator archipelagicus,0,
Indicator exilis,0,
Indicator indicator,0,
Indicator maculatus,0,
Indicator meliphilus,0,
Indicator minor,0,
Indicator pumilio,0,
Indicator variegatus,0,
Indicator willcocksi,0,
Indicator xanthonotus,0,
Melichneutes robustus,0,
Jynx ruficollis,0,
Jynx torquilla,1,6个亚种;-----------------------------------------------------;2020-3-7 厦门园博园(chinensis)
Picumnus albosquamatus,0,
Picumnus aurifrons,0,
Picumnus castelnau,0,
Picumnus cinnamomeus,0,
Picumnus cirratus,0,
Picumnus dorbignyanus,0,
Picumnus exilis,0,
Picumnus fuscus,0,
Picumnus granadensis,0,
Picumnus innominatus,1,3个亚种;-----------------------------------------------------;2018-11-12 厦门天竺山森林公园(chinensis);2021-4-23 杭州植物园(chinensis)
Picumnus lafresnayi,0,
Picumnus limae,0,
Picumnus minutissimus,0,
Picumnus nebulosus,0,
Picumnus nigropunctatus,0,
Picumnus olivaceus,0,
Picumnus pumilus,0,
Picumnus pygmaeus,0,
Picumnus rufiventris,0,
Picumnus sclateri,0,
Picumnus spilogaster,0,
Picumnus squamulatus,0,
Picumnus steindachneri,0,
Picumnus subtilis,0,
Picumnus temminckii,0,
Picumnus varzeae,0,
Verreauxia africana,0,
Sasia abnormis,0,
Sasia ochracea,0,
Nesoctites micromegas,0,
Hemicircus canente,0,
Hemicircus concretus,0,
Melanerpes aurifrons,0,
Melanerpes cactorum,0,
Melanerpes candidus,0,
Melanerpes carolinus,1,单型种(全);-----------------------------------------------------;2022-6-11 多伦多High park
Melanerpes chrysauchen,2,3-26 PN Carara-Entrada principal 15.38%
Melanerpes chrysogenys,0,
Melanerpes cruentatus,0,
Melanerpes erythrocephalus,1,单型种(全);-----------------------------------------------------;2022-7-1 多伦多Guildwood公园
Melanerpes flavifrons,0,
Melanerpes formicivorus,0,
Melanerpes herminieri,0,
Melanerpes hoffmannii,2,3-18 Hotel Bougainvillea 69.95%;3-19 La Paz Waterfall Gardens 2.17%;3-19 Donde Cope 30.02%;3-19 Tirimbina Rainforest 4.71%;3-21 Arenal Observatory Lodge 4.58%;3-23 Hotel de Montana Monteverde 41.73%;3-24 Curi-Cancha Refugio de Vida Silvestre 19.54%;3-24 Reserva Bosque Nuboso Monteverde 6.54%;3-25 Cerro Lodge 72.23%;3-25 Tarcoles--Tour en Bote 49.12%;3-26 PN Carara-Entrada principal 28.80%
Melanerpes hypopolius,0,
Melanerpes lewis,0,
Melanerpes portoricensis,0,
Melanerpes pucherani,2,3-19 Donde Cope 37.00%;3-19 Tirimbina Rainforest 49.59%;3-20 Estacion Biologica La Selva 50.61%;3-21 Arenal Observatory Lodge 56.27%;3-21 Galeria de Colibriy Soda Cinchona 2.17%;3-22 Arenal Observatory Lodge--access rd 14.29%
Melanerpes pulcher,0,
Melanerpes pygmaeus,0,
Melanerpes radiolatus,0,
Melanerpes rubricapillus,0,
Melanerpes santacruzi,0,
Melanerpes striatus,0,
Melanerpes superciliaris,1,5个亚种;-----------------------------------------------------;2022-12-27 古巴萨帕塔(superciliaris)
Melanerpes uropygialis,0,
Sphyrapicus nuchalis,0,
Sphyrapicus ruber,0,
Sphyrapicus thyroideus,0,
Sphyrapicus varius,1,单型种(全);-----------------------------------------------------;2022-9-24 多伦多Thompson公园;2022-12-26 古巴萨帕塔
Xiphidiopicus percussus,1,2个亚种;-----------------------------------------------------;2022-12-26 古巴萨帕塔(percussus)
Pardipicus caroli,0,
Pardipicus nivosus,0,
Geocolaptes olivaceus,0,
Campethera abingoni,0,
Campethera bennettii,0,
Campethera cailliautii,0,
Campethera maculosa,0,
Campethera mombassica,0,
Campethera notata,0,
Campethera nubica,0,
Campethera punctuligera,0,
Campethera scriptoricauda,0,
Campethera taeniolaema,0,
Campethera tullbergi,0,
Yungipicus canicapillus,1,11个亚种;-----------------------------------------------------;2022-1-1 三明明溪(kaleensis);2022-1-20 海南尖峰岭(swinhoei)
Yungipicus kizuki,0,
Yungipicus maculatus,0,
Yungipicus moluccensis,0,
Yungipicus nanus,0,
Yungipicus ramsayi,0,
Yungipicus temminckii,0,
Picoides arcticus,0,
Picoides dorsalis,0,
Picoides tridactylus,0,
Dendrocoptes auriceps,0,
Dendrocoptes dorae,0,
Dendrocoptes medius,0,
Leiopicus mahrattensis,0,
Chloropicus namaquus,0,
Chloropicus pyrrhogaster,0,
Chloropicus xantholophus,0,
Dendropicos abyssinicus,0,
Dendropicos elachus,0,
Dendropicos elliotii,0,
Dendropicos fuscescens,0,
Dendropicos gabonensis,0,
Dendropicos goertae,0,
Dendropicos griseocephalus,0,
Dendropicos lugubris,0,
Dendropicos obsoletus,0,
Dendropicos poecilolaemus,0,
Dendropicos spodocephalus,0,
Dendropicos stierlingi,0,
Dryobates cathpharius,0,
Dryobates minor,0,
Dryobates nuttallii,0,
Dryobates pubescens,1,7个亚种;-----------------------------------------------------;2022-6-12 多伦多Earl Bales公园(medianus)
Dryobates scalaris,0,
Veniliornis affinis,0,
Veniliornis callonotus,0,
Veniliornis cassini,0,
Veniliornis chocoensis,0,
Veniliornis dignus,0,
Veniliornis frontalis,0,
Veniliornis kirkii,0,
Veniliornis lignarius,0,
Veniliornis maculifrons,0,
Veniliornis mixtus,0,
Veniliornis nigriceps,0,
Veniliornis passerinus,0,
Veniliornis sanguineus,0,
Veniliornis spilogaster,0,
Leuconotopicus albolarvatus,0,
Leuconotopicus arizonae,0,
Leuconotopicus borealis,0,
Leuconotopicus fumigatus,2,3-19 La Paz Waterfall Gardens 2.61%;3-19 Tirimbina Rainforest 6.84%;3-20 Estacion Biologica La Selva 3.03%;3-21 Arenal Observatory Lodge 7.60%;3-22 Arenal Observatory Lodge--access rd 7.14%;3-24 Curi-Cancha Refugio de Vida Silvestre 4.00%;3-24 Reserva Bosque Nuboso Monteverde 8.60%
Leuconotopicus stricklandi,0,
Leuconotopicus villosus,1,17个亚种;-----------------------------------------------------;2022-6-11 多伦多High park(villosus)
Dendrocopos analis,0,
Dendrocopos assimilis,0,
Dendrocopos atratus,0,
Dendrocopos darjellensis,0,
Dendrocopos himalayensis,0,
Dendrocopos hyperythrus,0,
Dendrocopos leucopterus,0,
Dendrocopos leucotos,0,
Dendrocopos macei,0,
Dendrocopos major,1,24个亚种;-----------------------------------------------------;2019-10-12 黑龙江省植物园(brevirostris);2020-10-31 西安陕西酒店(beicki)
Dendrocopos noguchii,0,
Dendrocopos syriacus,0,
Piculus aurulentus,0,
Piculus callopterus,0,
Piculus chrysochloros,0,
Piculus flavigula,0,
Piculus leucolaemus,0,
Piculus litae,0,
Piculus simplex,2,3-19 Donde Cope 7.00%;3-19 Tirimbina Rainforest 5.56%;3-20 Estacion Biologica La Selva 18.30%;3-21 Arenal Observatory Lodge 1.76%;3-26 PN Carara-Entrada principal 4.12%
Colaptes aeruginosus,0,
Colaptes atricollis,0,
Colaptes auratus,1,10个亚种;-----------------------------------------------------;2022-6-11 多伦多High park(auratus);2022-12-28 古巴萨帕塔(chrysocaulosus)
Colaptes auricularis,0,
Colaptes campestris,0,
Colaptes chrysoides,0,
Colaptes fernandinae,17,单型种(全);-----------------------------------------------------;2022-12-27 古巴萨帕塔
Colaptes melanochloros,0,
Colaptes oceanicus,0,
Colaptes pitius,0,
Colaptes punctigula,0,
Colaptes rivolii,0,
Colaptes rubiginosus,2,3-21 Arenal Observatory Lodge 11.11%;3-21 Galeria de Colibriy Soda Cinchona 1.44%;3-23 Hotel de Montana Monteverde 6.25%;3-24 Curi-Cancha Refugio de Vida Silvestre 17.03%;3-24 Reserva Bosque Nuboso Monteverde 4.64%
Colaptes rupicola,0,
Celeus castaneus,2,3-20 Estacion Biologica La Selva 29.97%
Celeus elegans,0,
Celeus flavescens,0,
Celeus flavus,0,
Celeus galeatus,0,
Celeus grammicus,0,
Celeus loricatus,2,3-19 Donde Cope 9.00%;3-20 Estacion Biologica La Selva 10.84%
Celeus lugubris,0,
Celeus obrieni,0,
Celeus ochraceus,0,
Celeus spectabilis,0,
Celeus torquatus,0,
Celeus undatus,0,
Dryocopus hodgei,0,
Dryocopus javensis,0,
Dryocopus lineatus,2,3-18 Hotel Bougainvillea 7.77%;3-19 Tirimbina Rainforest 11.56%;3-20 Estacion Biologica La Selva 6.28%;3-21 Arenal Observatory Lodge 10.92%;3-25 Cerro Lodge 12.47%;3-25 Tarcoles--Tour en Bote 6.85%;3-26 PN Carara-Entrada principal 5.21%
Dryocopus martius,0,
Dryocopus pileatus,1,2个亚种;-----------------------------------------------------;2022-12-4 多伦多Rouge Beach Park (abieticola) 
Dryocopus schulzii,0,
Campephilus gayaquilensis,0,
Campephilus guatemalensis,2,3-20 Estacion Biologica La Selva 27.15%;3-21 Arenal Observatory Lodge 12.68%;3-24 Curi-Cancha Refugio de Vida Silvestre 3.36%;3-25 Cerro Lodge 2.94%;3-25 Tarcoles--Tour en Bote 5.06%;3-26 PN Carara-Entrada principal 35.31%
Campephilus haematogaster,0,
Campephilus imperialis,0,
Campephilus leucopogon,0,
Campephilus magellanicus,0,
Campephilus melanoleucos,0,
Campephilus pollens,0,
Campephilus principalis,1,2个亚种;-----------------------------------------------------;2022-6-26 皇家安大略博物馆(principalis)
Campephilus robustus,0,
Campephilus rubricollis,0,
Chrysophlegma flavinucha,1,8个亚种;-----------------------------------------------------;2022-1-19 海南尖峰岭(styani)
Chrysophlegma mentale,0,
Chrysophlegma miniaceum,0,
Picus awokera,0,
Picus canus,0,
Picus chlorolophus,0,
Picus dedemi,0,
Picus erythropygius,0,
Picus puniceus,0,
Picus rabieri,0,
Picus sharpei,0,
Picus squamatus,1,2个亚种;-----------------------------------------------------;2020-8-2 西藏吉隆镇扎村山路(squamatus)
Picus vaillantii,0,
Picus viridanus,0,
Picus viridis,0,
Picus vittatus,1,单型种(全);-----------------------------------------------------;2019-8-21 新加坡巴西立公园
Picus xanthopygaeus,0,
Dinopium benghalense,0,
Dinopium everetti,0,
Dinopium javanense,1,6个亚种;-----------------------------------------------------;2019-8-21 新加坡巴西立公园(javanense)
Dinopium psarodes,0,
Dinopium shorii,0,
Chrysocolaptes erythrocephalus,0,
Chrysocolaptes festivus,0,
Chrysocolaptes guttacristatus,0,
Chrysocolaptes haematribon,0,
Chrysocolaptes lucidus,0,
Chrysocolaptes socialis,0,
Chrysocolaptes stricklandi,0,
Chrysocolaptes strictus,0,
Chrysocolaptes xanthocephalus,0,
Gecinulus grantia,0,
Gecinulus rafflesii,0,
Gecinulus viridis,0,
Blythipicus pyrrhotis,1,5个亚种;-----------------------------------------------------;2022-5-17 厦门小坪山(sinensis)
Blythipicus rubiginosus,0,
Reinwardtipicus validus,0,
Micropternus brachyurus,1,10个亚种;-----------------------------------------------------;2019-4-27 厦门同安杉际内(fokiensis);2019-8-18 新加坡巴西立公园(badius)
Meiglyptes jugularis,0,
Meiglyptes tristis,0,
Meiglyptes tukki,0,
Mulleripicus fuliginosus,0,
Mulleripicus fulvus,0,
Mulleripicus funebris,0,
Mulleripicus pulverulentus,0,
Cariama cristata,1,单型种(全);-----------------------------------------------------;2022-7-3 多伦多动物园
Chunga burmeisteri,0,
Daptrius ater,0,
Ibycter americanus,0,
Phalcoboenus albogularis,0,
Phalcoboenus australis,0,
Phalcoboenus carunculatus,0,
Phalcoboenus megalopterus,0,
Caracara lutosa,0,
Caracara plancus,1,2个亚种;-----------------------------------------------------;2022-12-30 古巴玛雅贝克(cheriway)
Milvago chimachima,2,3-18 Hotel Bougainvillea 7.96%;3-25 Cerro Lodge 41.07%;3-25 Tarcoles--Tour en Bote 72.98%;3-26 PN Carara-Entrada principal 9.97%
Milvago chimango,0,
Herpetotheres cachinnans,2,3-19 Donde Cope 5.00%;3-19 Tirimbina Rainforest 7.70%;3-20 Estacion Biologica La Selva 9.22%;3-21 Arenal Observatory Lodge 7.41%;3-21 Galeria de Colibriy Soda Cinchona 1.45%;3-25 Cerro Lodge 4.77%;3-25 Tarcoles--Tour en Bote 4.47%;3-26 PN Carara-Entrada principal 6.28%
Micrastur buckleyi,0,
Micrastur gilvicollis,0,
Micrastur mintoni,0,
Micrastur mirandollei,0,
Micrastur plumbeus,0,
Micrastur ruficollis,0,
Micrastur semitorquatus,2,3-25 Cerro Lodge 4.03%;3-25 Tarcoles--Tour en Bote 4.76%;3-26 PN Carara-Entrada principal 9.31%
Spiziapteryx circumcincta,0,
Polihierax semitorquatus,0,
Microhierax caerulescens,0,
Microhierax erythrogenys,0,
Microhierax fringillarius,0,
Microhierax latifrons,0,
Microhierax melanoleucos,0,
Neohierax insignis,0,
Falco alopex,0,
Falco amurensis,0,
Falco araeus,0,
Falco ardosiaceus,0,
Falco berigora,0,
Falco biarmicus,0,
Falco cenchroides,0,
Falco cherrug,1,4个亚种;-----------------------------------------------------;2020-8-9 西藏尼玛县(milvipes)
Falco chicquera,0,
Falco columbarius,1,9个亚种;-----------------------------------------------------;2022-9-4 多伦多Thompson公园(richardsonii)
Falco concolor,0,
Falco cuvierii,0,
Falco deiroleucus,0,
Falco dickinsoni,0,
Falco duboisi,0,
Falco eleonorae,0,
Falco fasciinucha,0,
Falco femoralis,0,
Falco hypoleucos,0,
Falco jugger,0,
Falco longipennis,0,
Falco mexicanus,0,
Falco moluccensis,0,
Falco naumanni,0,
Falco newtoni,0,
Falco novaeseelandiae,1,单型种(全);-----------------------------------------------------;2019-1-28 新西兰南岛Clay Cliffs
Falco peregrinus,1,18个亚种;-----------------------------------------------------;2021-1-16 石狮湿地公园(japonensis);2022-6-9 多伦多市中心(anatum);2022-12-24 古巴哈瓦那(anatum)
Falco punctatus,0,
Falco rufigularis,2,3-19 La Paz Waterfall Gardens 1.74%;3-20 Estacion Biologica La Selva 4.87%;3-21 Galeria de Colibriy Soda Cinchona 8.30%;3-25 Cerro Lodge 1.84%;3-25 Tarcoles--Tour en Bote 3.27%
Falco rupicoloides,0,
Falco rupicolus,0,
Falco rusticolus,0,
Falco severus,0,
Falco sparverius,1,17个亚种;-----------------------------------------------------;2022-9-11 多伦多Thompson公园(paulus);2022-12-26 古巴萨帕塔(sparverioides)
Falco subbuteo,1,2个亚种;-----------------------------------------------------;2019-10-4 广西北海冠头岭(subbuteo)
Falco subniger,0,
Falco tinnunculus,1,11个亚种;-----------------------------------------------------;2018-10-2 台湾垦丁(intertinctus);2019-10-2 广西北海冠头岭(intertinctus);2020-7-31 西藏珠峰公园(intertinctus);2021-5-14 宁夏银川黄河(intertinctus);2022-1-10 阿联酋迪拜(rupicolaeformis)
Falco vespertinus,0,
Falco zoniventris,0,
Strigops habroptila,0,
Nestor meridionalis,1,2个亚种;-----------------------------------------------------;2019-1-14 新西兰奥克兰动物园
Nestor notabilis,1,单型种(全);-----------------------------------------------------;2019-1 新西兰米尔福峡湾，库克雪山
Nestor productus,0,
Nymphicus hollandicus,1,单型种(全);-----------------------------------------------------;2018-5-26 北京动物园;2018-9-29 广州长隆飞鸟乐园;2019-8-19 新加坡裕廊飞禽公园
Calyptorhynchus banksii,1,5个亚种;-----------------------------------------------------;2018-5-26 北京动物园;2019-8-19 新加坡裕廊飞禽公园(banksii)
Calyptorhynchus lathami,0,
Zanda baudinii,0,
Zanda funerea,1,3个亚种;-----------------------------------------------------;2020-11-22 北京动物园(funerea)
Zanda latirostris,0,
Probosciger aterrimus,1,4个亚种;-----------------------------------------------------;2018-10-7 台北动物园
Callocephalon fimbriatum,0,
Eolophus roseicapilla,1,3个亚种;-----------------------------------------------------;2018-9-29 广州长隆飞鸟乐园;2019-8-19 新加坡裕廊飞禽公园(roseicapilla)
Lophochroa leadbeateri,1,2个亚种;-----------------------------------------------------;2018-9-29 广州长隆飞鸟乐园;2019-8-19 新加坡裕廊飞禽公园(mollis)
Cacatua alba,1,单型种(全);-----------------------------------------------------;2018-4-8 湖南长沙动物园
Cacatua citrinocristata,0,
Cacatua ducorpsii,0,
Cacatua galerita,1,4个亚种;-----------------------------------------------------;2018-5-26 北京动物园
Cacatua goffiniana,1,单型种(全);-----------------------------------------------------;2019-8-18 新加坡巴西立公园
Cacatua haematuropygia,0,
Cacatua moluccensis,1,单型种(全);-----------------------------------------------------;2018-4-8 湖南长沙动物园;2019-8-19 新加坡裕廊飞禽公园
Cacatua ophthalmica,1,单型种(全);-----------------------------------------------------;2019-8-19 新加坡裕廊飞禽公园
Cacatua pastinator,0,
Cacatua sanguinea,1,5个亚种;-----------------------------------------------------;2018-5-26 北京动物园
Cacatua sulphurea,1,6个亚种;-----------------------------------------------------;2019-5-7 香港公园(引进种);2019-8-19 新加坡裕廊飞禽公园 (citrinocristata)
Cacatua tenuirostris,0,
Psittacus erithacus,1,单型种(全);-----------------------------------------------------;2018-5-26 北京动物园;2019-8-19 新加坡裕廊飞禽公园
Psittacus timneh,0,
Poicephalus crassus,0,
Poicephalus cryptoxanthus,0,
Poicephalus flavifrons,0,
Poicephalus fuscicollis,0,
Poicephalus gulielmi,0,
Poicephalus meyeri,0,
Poicephalus robustus,0,
Poicephalus rueppellii,0,
Poicephalus rufiventris,0,
Poicephalus senegalus,1,2个亚种;-----------------------------------------------------;2018-11-25 上海动物园
Touit batavicus,0,
Touit costaricensis,0,
Touit dilectissimus,0,
Touit huetii,0,
Touit melanonotus,0,
Touit purpuratus,0,
Touit stictopterus,0,
Touit surdus,0,
Psilopsiagon aurifrons,0,
Psilopsiagon aymara,1,单型种(全);-----------------------------------------------------;2019-8-19 新加坡裕廊飞禽公园
Bolborhynchus ferrugineifrons,0,
Bolborhynchus lineola,0,
Bolborhynchus orbygnesius,0,
Nannopsittaca dachilleae,0,
Nannopsittaca panychlora,0,
Myiopsitta luchsi,0,
Myiopsitta monachus,1,3个亚种;-----------------------------------------------------;2017-12-23 厦门中山动物园
Brotogeris chiriri,0,
Brotogeris chrysoptera,0,
Brotogeris cyanoptera,0,
Brotogeris jugularis,2,3-18 Hotel Bougainvillea 6.63%;3-19 Donde Cope 21.00%;3-19 Tirimbina Rainforest 49.17%;3-20 Estacion Biologica La Selva 26.55%;3-21 Arenal Observatory Lodge 12.58%;3-25 Cerro Lodge 38.13%;3-25 Tarcoles--Tour en Bote 27.99%;3-26 PN Carara-Entrada principal 11.92%
Brotogeris pyrrhoptera,0,
Brotogeris sanctithomae,0,
Brotogeris tirica,0,
Brotogeris versicolurus,0,
Pionopsitta pileata,0,
Triclaria malachitacea,0,
Pyrilia aurantiocephala,0,
Pyrilia barrabandi,0,
Pyrilia caica,0,
Pyrilia haematotis,2,3-19 La Paz Waterfall Gardens 4.78%;3-19 Donde Cope 9.00%;3-19 Tirimbina Rainforest 21.37%;3-20 Estacion Biologica La Selva 11.81%;3-21 Arenal Observatory Lodge 14.14%;3-22 Arenal Observatory Lodge--access rd 8.57%;3-24 Curi-Cancha Refugio de Vida Silvestre 20.81%;3-24 Reserva Bosque Nuboso Monteverde 10.31%;3-26 PN Carara-Entrada principal 5.20%
Pyrilia pulchra,0,
Pyrilia pyrilia,0,
Pyrilia vulturina,0,
Hapalopsittaca amazonina,0,
Hapalopsittaca fuertesi,0,
Hapalopsittaca melanotis,0,
Hapalopsittaca pyrrhops,0,
Pionus chalcopterus,0,
Pionus fuscus,1,单型种(全);-----------------------------------------------------;2021-12-10 广州飞鸟乐园
Pionus maximiliani,0,
Pionus menstruus,1,3个亚种;-----------------------------------------------------;2018-9-29 广州长隆飞鸟乐园;2019-8-19 新加坡裕廊飞禽公园(menstruus)
Pionus senilis,2,3-18 Hotel Bougainvillea 1.33%;3-19 La Paz Waterfall Gardens 10.45%;3-19 Donde Cope 18.00%;3-19 Tirimbina Rainforest 31.22%;3-20 Estacion Biologica La Selva 30.91%;3-21 Arenal Observatory Lodge 32.67%;3-21 Galeria de Colibriy Soda Cinchona 9.75%;3-22 Arenal Observatory Lodge--access rd 5.71%;3-24 Curi-Cancha Refugio de Vida Silvestre 3.15%;3-25 Cerro Lodge 4.41%;3-25 Tarcoles--Tour en Bote 4.46%;3-26 PN Carara-Entrada principal 5.85%
Pionus seniloides,0,
Pionus sordidus,0,
Pionus tumultuosus,0,
Graydidascalus brachyurus,0,
Alipiopsitta xanthops,1,单型种(全);-----------------------------------------------------;2019-8-19 新加坡裕廊飞禽公园
Amazona aestiva,1,2个亚种;-----------------------------------------------------;2018-10-7 台北动物园(xanthopteryx)
Amazona agilis,0,
Amazona albifrons,2,3-18 Hotel Bougainvillea 3.23%;3-21 Arenal Observatory Lodge 7.41%;3-22 Arenal Observatory Lodge--access rd 4.29%;3-23 Hotel de Montana Monteverde 18.77%;3-24 Curi-Cancha Refugio de Vida Silvestre 12.82%;3-24 Reserva Bosque Nuboso Monteverde 4.64%;3-25 Cerro Lodge 13.20%;3-25 Tarcoles--Tour en Bote 16.38%
Amazona amazonica,1,单型种(全);-----------------------------------------------------;2018-1-1 澳门石排湾动物园
Amazona arausiaca,0,
Amazona auropalliata,0,
Amazona autumnalis,1,3个亚种;-----------------------------------------------------;2018-5-26 北京动物园(autumnalis)
Amazona barbadensis,1,单型种(全);-----------------------------------------------------;2019-8-19 新加坡裕廊飞禽公园
Amazona brasiliensis,0,
Amazona collaria,0,
Amazona diadema,0,
Amazona dufresniana,0,
Amazona farinosa,0,
Amazona festiva,0,
Amazona finschi,0,
Amazona guildingii,0,
Amazona imperialis,0,
Amazona kawalli,0,
Amazona leucocephala,1,4个亚种;-----------------------------------------------------;2022-12-26 古巴萨帕塔(leucocephala)
Amazona mercenarius,0,
Amazona ochrocephala,1,4个亚种;-----------------------------------------------------;2018-5-26 北京动物园(ochrocephala)
Amazona oratrix,0,
Amazona pretrei,0,
Amazona rhodocorytha,0,
Amazona tucumana,0,
Amazona ventralis,0,
Amazona versicolor,0,
Amazona vinacea,0,
Amazona viridigenalis,1,单型种(全);-----------------------------------------------------;2019-8-19 新加坡裕廊飞禽公园
Amazona vittata,0,
Amazona xantholora,0,
Forpus coelestis,0,
Forpus conspicillatus,0,
Forpus crassirostris,0,
Forpus cyanopygius,0,
Forpus modestus,0,
Forpus passerinus,0,
Forpus spengeli,0,
Forpus xanthops,0,
Forpus xanthopterygius,0,
Pionites leucogaster,1,3个亚种;-----------------------------------------------------;2019-8-19 新加坡裕廊飞禽公园
Pionites melanocephalus,1,2个亚种;-----------------------------------------------------;2018-11-25 上海动物园;2019-8-19 新加坡裕廊飞禽公园
Deroptyus accipitrinus,1,2个亚种;-----------------------------------------------------;2018-9-29 广州长隆飞鸟乐园
Pyrrhura albipectus,0,
Pyrrhura amazonum,0,
Pyrrhura calliptera,0,
Pyrrhura cruentata,0,
Pyrrhura devillei,0,
Pyrrhura egregia,0,
Pyrrhura emma,0,
Pyrrhura frontalis,0,
Pyrrhura griseipectus,0,
Pyrrhura hoematotis,0,
Pyrrhura hoffmanni,0,
Pyrrhura lepida,0,
Pyrrhura leucotis,0,
Pyrrhura lucianii,0,
Pyrrhura melanura,0,
Pyrrhura molinae,1,6个亚种;-----------------------------------------------------;2018-9-29 广州长隆飞鸟乐园
Pyrrhura orcesi,0,
Pyrrhura perlata,0,
Pyrrhura pfrimeri,0,
Pyrrhura picta,0,
Pyrrhura rhodocephala,0,
Pyrrhura roseifrons,0,
Pyrrhura rupicola,0,
Pyrrhura viridicata,0,
Enicognathus ferrugineus,0,
Enicognathus leptorhynchus,0,
Cyanoliseus patagonus,0,
Anodorhynchus glaucus,0,
Anodorhynchus hyacinthinus,1,单型种(全);-----------------------------------------------------;2018-5-26 北京动物园;2019-8-19 新加坡裕廊飞禽公园
Anodorhynchus leari,1,单型种(全);-----------------------------------------------------;2019-8-19 新加坡裕廊飞禽公园
Rhynchopsitta pachyrhyncha,0,
Rhynchopsitta terrisi,0,
Eupsittula aurea,0,
Eupsittula cactorum,0,
Eupsittula canicularis,2,3-25 Cerro Lodge 23.46%;3-25 Tarcoles--Tour en Bote 24.71%;3-26 PN Carara-Entrada principal 6.93%
Eupsittula nana,2,3-19 Donde Cope 6.01%;3-19 Tirimbina Rainforest 35.90%;3-20 Estacion Biologica La Selva 24.27%
Eupsittula pertinax,0,
Conuropsis carolinensis,0,
Aratinga auricapillus,1,2个亚种;-----------------------------------------------------;2018-5-26 北京动物园(aurifrons)
Aratinga jandaya,0,
Aratinga maculata,0,
Aratinga nenday,1,单型种(全);-----------------------------------------------------;2019-11-1 厦门中山动物园
Aratinga solstitialis,1,单型种(全);-----------------------------------------------------;2018-9-29 广州长隆飞鸟乐园;2019-8-19 新加坡裕廊飞禽公园
Aratinga weddellii,0,
Cyanopsitta spixii,1,单型种(全);-----------------------------------------------------;2019-8-19 新加坡裕廊飞禽公园
Orthopsittaca manilatus,1,单型种(全);-----------------------------------------------------;2018-9-29 广州长隆飞鸟乐园;2019-8-19 新加坡裕廊飞禽公园
Primolius auricollis,0,
Primolius couloni,1,单型种(全);-----------------------------------------------------;2019-8-19 新加坡裕廊飞禽公园
Primolius maracana,0,
Ara ambiguus,0,
Ara ararauna,1,单型种(全);-----------------------------------------------------;2018-5-26 北京动物园
Ara chloropterus,1,单型种(全);-----------------------------------------------------;2018-5-26 北京动物园;2019-8-19 新加坡裕廊飞禽公园
Ara glaucogularis,1,单型种(全);-----------------------------------------------------;2019-8-19 新加坡裕廊飞禽公园
Ara macao,1,2个亚种;-----------------------------------------------------;2018-4-8 湖南长沙动物园;2019-8-19 新加坡裕廊飞禽公园
Ara militaris,1,3个亚种;-----------------------------------------------------;2019-8-19 新加坡裕廊飞禽公园
Ara rubrogenys,1,单型种(全);-----------------------------------------------------;2019-8-19 新加坡裕廊飞禽公园
Ara severus,1,单型种(全);-----------------------------------------------------;2019-8-19 新加坡裕廊飞禽公园
Ara tricolor,0,最少共有19件标本，存于特灵自然历史博物馆、巴黎自然历史博物馆、瑞典自然历史博物馆、史密森尼博物馆和柏林自然历史博物馆等
Leptosittaca branickii,0,
Ognorhynchus icterotis,0,
Guaruba guarouba,1,单型种(全);-----------------------------------------------------;2019-8-19 新加坡裕廊飞禽公园
Diopsittaca nobilis,1,3个亚种;-----------------------------------------------------;2018-5-26 北京动物园(nobilis);2019-8-19 新加坡裕廊飞禽公园 (cumanensis)
Thectocercus acuticaudatus,1,5个亚种;-----------------------------------------------------;2019-8-19 新加坡裕廊飞禽公园(acuticaudatus)
Psittacara brevipes,0,
Psittacara chloropterus,0,
Psittacara erythrogenys,0,
Psittacara euops,0,Najasa;zapata swamp
Psittacara finschi,2,3-18 Hotel Bougainvillea 43.78%;3-19 Donde Cope 6.00%;3-19 Tirimbina Rainforest 27.36%;3-20 Estacion Biologica La Selva 8.19%;3-21 Arenal Observatory Lodge 2.24%;3-25 Cerro Lodge 3.30%;3-25 Tarcoles--Tour en Bote 4.47%
Psittacara frontatus,0,
Psittacara holochlorus,0,
Psittacara leucophthalmus,0,
Psittacara maugei,0,
Psittacara mitratus,0,
Psittacara rubritorquis,0,
Psittacara strenuus,0,
Psittacara wagleri,0,
Psittrichas fulgidus,1,单型种(全);-----------------------------------------------------;2019-8-19 新加坡裕廊飞禽公园
Mascarinus mascarinus,0,
Coracopsis barklyi,0,
Coracopsis nigra,0,
Coracopsis sibilans,0,
Coracopsis vasa,0,
Micropsitta bruijnii,0,
Micropsitta finschii,0,
Micropsitta geelvinkiana,0,
Micropsitta keiensis,0,
Micropsitta meeki,0,
Micropsitta pusio,0,
Polytelis alexandrae,1,单型种(全);-----------------------------------------------------;2018-5-26 北京动物园
Polytelis anthopeplus,1,2个亚种;-----------------------------------------------------;2018-5-26 北京动物园
Polytelis swainsonii,0,
Alisterus amboinensis,0,
Alisterus chloropterus,0,
Alisterus scapularis,0,
Aprosmictus erythropterus,1,2个亚种;-----------------------------------------------------;2018-5-26 北京动物园(erythropterus);
Aprosmictus jonquillaceus,0,
Prioniturus discurus,0,
Prioniturus flavicans,0,
Prioniturus luconensis,0,
Prioniturus mada,0,
Prioniturus mindorensis,0,
Prioniturus montanus,0,
Prioniturus platenae,0,
Prioniturus platurus,0,
Prioniturus verticalis,0,
Prioniturus waterstradti,0,
Eclectus cornelia,1,单型种(全);-----------------------------------------------------;2019-8-19 新加坡裕廊飞禽公园
Eclectus infectus,0,
Eclectus polychloros,1,3个亚种;-----------------------------------------------------;2019-8-19 新加坡裕廊飞禽公园(solomonensis)
Eclectus riedeli,0,
Eclectus roratus,1,3个亚种;-----------------------------------------------------;2018-11-25 上海动物园(vosmaeri)
Geoffroyus geoffroyi,0,
Geoffroyus heteroclitus,0,
Geoffroyus simplex,0,
Psittinus abbotti,0,
Psittinus cyanurus,1,2个亚种;-----------------------------------------------------;2019-8-19 新加坡裕廊飞禽公园
Tanygnathus everetti,0,
Tanygnathus gramineus,0,
Tanygnathus lucionensis,0,
Tanygnathus megalorynchos,0,
Tanygnathus sumatranus,0,
Psittacula alexandri,1,8个亚种;-----------------------------------------------------;2019-8-21 新加坡巴西立公园(引进种)
Psittacula bensoni,0,
Psittacula calthrapae,0,
Psittacula caniceps,0,
Psittacula columboides,0,
Psittacula cyanocephala,0,
Psittacula derbiana,1,单型种(全);-----------------------------------------------------;2020-7-25 拉萨布达拉宫广场
Psittacula eques,0,
Psittacula eupatria,1,5个亚种;-----------------------------------------------------;2018-3-18 福州动物园
Psittacula exsul,0,
Psittacula finschii,0,
Psittacula himalayana,0,
Psittacula krameri,1,4个亚种;-----------------------------------------------------;2019-5-7 香港塱原(引进种)
Psittacula longicauda,0,
Psittacula roseata,0,
Psittacula wardi,0,
Psittacella brehmii,0,
Psittacella madaraszi,0,
Psittacella modesta,0,
Psittacella picta,0,
Psephotus haematonotus,0,
Northiella haematogaster,0,
Northiella narethae,0,
Psephotellus chrysopterygius,0,
Psephotellus dissimilis,1,单型种(全);-----------------------------------------------------;2019-8-19 新加坡裕廊飞禽公园
Psephotellus pulcherrimus,0,
Psephotellus varius,0,
Purpureicephalus spurius,0,
Platycercus adscitus,0,
Platycercus caledonicus,0,
Platycercus elegans,1,7个亚种;-----------------------------------------------------;2020-11-22 北京动物园
Platycercus eximius,1,3个亚种;-----------------------------------------------------;2018-11-25 上海动物园
Platycercus icterotis,0,
Platycercus venustus,0,
Barnardius zonarius,0,
Lathamus discolor,0,
Prosopeia personata,0,
Prosopeia splendens,0,
Prosopeia tabuensis,0,
Eunymphicus cornutus,0,
Eunymphicus uvaeensis,0,
Cyanoramphus auriceps,0,
Cyanoramphus cookii,0,
Cyanoramphus erythrotis,0,
Cyanoramphus forbesi,0,
Cyanoramphus hochstetteri,0,
Cyanoramphus malherbi,0,
Cyanoramphus novaezelandiae,1,3个亚种;-----------------------------------------------------;2019-1-14 新西兰奥克兰动物园
Cyanoramphus saisseti,0,
Cyanoramphus subflavescens,0,
Cyanoramphus ulietanus,0,
Cyanoramphus unicolor,0,
Cyanoramphus zealandicus,0,
Pezoporus flaviventris,0,
Pezoporus occidentalis,0,
Pezoporus wallicus,0,
Neopsephotus bourkii,0,
Neophema chrysogaster,0,
Neophema chrysostoma,0,
Neophema elegans,0,
Neophema petrophila,0,
Neophema pulchella,0,
Neophema splendida,0,
Oreopsittacus arfaki,0,
Charminetta wilhelminae,0,
Hypocharmosyna placentis,0,
Hypocharmosyna rubronotata,0,
Charmosynopsis pulchella,0,
Charmosynopsis toxopei,0,
Synorhacma multistriata,0,
Charmosyna josefinae,0,
Charmosyna papou,0,
Charmosyna stellae,0,
Charmosynoides margarethae,0,
Vini amabilis,0,
Vini australis,0,
Vini diadema,0,
Vini kuhlii,0,
Vini meeki,0,
Vini palmarum,0,
Vini peruviana,0,
Vini rubrigularis,0,
Vini solitaria,0,
Vini stepheni,0,
Vini ultramarina,0,
Neopsittacus musschenbroekii,0,
Neopsittacus pullicauda,0,
Lorius albidinucha,0,
Lorius chlorocercus,1,单型种(全);-----------------------------------------------------;2018-9-29 广州长隆飞鸟乐园;2019-8-19 新加坡裕廊飞禽公园
Lorius domicella,1,单型种(全);-----------------------------------------------------;2019-8-19 新加坡裕廊飞禽公园
Lorius garrulus,1,3个亚种;-----------------------------------------------------;2018-9-29 广州长隆飞鸟乐园
Lorius hypoinochrous,0,
Lorius lory,1,7个亚种;-----------------------------------------------------;2018-5-26 北京动物园
Psitteuteles versicolor,0,
Parvipsitta porphyrocephala,0,
Parvipsitta pusilla,0,
Pseudeos cardinalis,0,
Pseudeos fuscata,0,
Chalcopsitta atra,0,
Chalcopsitta duivenbodei,0,
Chalcopsitta scintillata,1,3个亚种;-----------------------------------------------------;2018-9-29 广州长隆飞鸟乐园
Glossoptilus goldiei,0,
Glossopsitta concinna,0,
Saudareos flavoviridis,0,
Saudareos iris,1,2个亚种;-----------------------------------------------------;2019-8-19 新加坡裕廊飞禽公园(wetterensis)
Saudareos johnstoniae,0,
Saudareos meyeri,0,
Saudareos ornata,0,
Eos bornea,1,2个亚种;-----------------------------------------------------;2019-5-7 香港公园尤德观鸟园;2019-8-19 新加坡裕廊飞禽公园
Eos cyanogenia,0,
Eos histrio,0,
Eos reticulata,0,
Eos semilarvata,0,
Eos squamata,0,
Trichoglossus capistratus,0,
Trichoglossus chlorolepidotus,0,
Trichoglossus euteles,0,
Trichoglossus forsteni,0,
Trichoglossus haematodus,1,8个亚种;-----------------------------------------------------;2019-5-7 香港公园尤德观鸟园;2019-8-19 新加坡裕廊飞禽公园
Trichoglossus moluccanus,1,2个亚种;-----------------------------------------------------;2018-3-18 福州动物园;2019-8-19 新加坡裕廊飞禽公园
Trichoglossus rosenbergii,0,
Trichoglossus rubiginosus,0,
Trichoglossus rubritorquis,1,单型种(全);-----------------------------------------------------;2019-8-19 新加坡裕廊飞禽公园
Trichoglossus weberi,0,
Melopsittacus undulatus,1,单型种(全);-----------------------------------------------------;2018-9-29 广州长隆飞鸟乐园
Psittaculirostris desmarestii,0,
Psittaculirostris edwardsii,0,
Psittaculirostris salvadorii,0,
Cyclopsitta diophthalma,0,
Cyclopsitta gulielmitertii,0,
Cyclopsitta melanogenia,0,
Cyclopsitta nigrifrons,0,
Bolbopsittacus lunulatus,0,
Loriculus amabilis,0,
Loriculus aurantiifrons,0,
Loriculus beryllinus,0,
Loriculus bonapartei,0,
Loriculus camiguinensis,0,
Loriculus catamene,0,
Loriculus exilis,0,
Loriculus flosculus,0,
Loriculus galgulus,1,单型种(全);-----------------------------------------------------;2019-8-19 新加坡裕廊飞禽公园
Loriculus philippensis,0,
Loriculus pusillus,0,
Loriculus sclateri,0,
Loriculus stigmatus,0,
Loriculus tener,0,
Loriculus vernalis,0,
Agapornis canus,0,
Agapornis fischeri,1,单型种(全);-----------------------------------------------------;2017-12-23 厦门中山动物园
Agapornis lilianae,0,
Agapornis nigrigenis,1,单型种(全);-----------------------------------------------------;2018-5-26 北京动物园
Agapornis personatus,1,单型种(全);-----------------------------------------------------;2019-1-14 新西兰奥克兰动物园
Agapornis pullarius,0,
Agapornis roseicollis,1,2个亚种;-----------------------------------------------------;2018-11-25 上海动物园
Agapornis swindernianus,0,
Agapornis taranta,0,
Lophopsittacus mauritianus,0,
Necropsittacus rodricanus,0,
Acanthisitta chloris,1,2个亚种;-----------------------------------------------------;2019-1-29 新西兰库克雪山Sealey Tarns步道(chloris)
Xenicus gilviventris,0,
Xenicus longipes,0,
Traversia lyalli,0,
Sapayoa aenigma,0,
Philepitta castanea,0,
Philepitta schlegeli,0,
Neodrepanis coruscans,0,
Neodrepanis hypoxantha,0,
Pseudocalyptomena graueri,0,
Psarisomus dalhousiae,1,5个亚种;-----------------------------------------------------;2019-5-7 香港公园尤德观鸟园
Corydon sumatranus,0,
Sarcophanops samarensis,0,
Sarcophanops steerii,0,
Serilophus lunatus,0,
Serilophus rubropygius,0,
Cymbirhynchus macrorhynchos,0,
Eurylaimus javanicus,0,
Eurylaimus ochromalus,0,
Smithornis capensis,0,
Smithornis rufolateralis,0,
Smithornis sharpei,0,
Calyptomena hosii,0,
Calyptomena viridis,1,3个亚种;-----------------------------------------------------;2019-8-19 新加坡裕廊飞禽公园
Calyptomena whiteheadi,0,
Hydrornis baudii,0,
Hydrornis caeruleus,0,
Hydrornis cyaneus,0,
Hydrornis elliotii,0,
Hydrornis guajanus,0,
Hydrornis gurneyi,0,
Hydrornis irena,0,
Hydrornis nipalensis,0,
Hydrornis oatesi,0,
Hydrornis phayrei,0,
Hydrornis schneideri,0,
Hydrornis schwaneri,0,
Hydrornis soror,0,
Erythropitta arquata,0,
Erythropitta caeruleitorques,0,
Erythropitta celebensis,0,
Erythropitta dohertyi,0,
Erythropitta erythrogaster,0,
Erythropitta granatina,0,
Erythropitta kochi,0,
Erythropitta macklotii,0,
Erythropitta meeki,0,
Erythropitta novaehibernicae,0,
Erythropitta palliceps,0,
Erythropitta rubrinucha,0,
Erythropitta rufiventris,0,
Erythropitta ussheri,0,
Erythropitta venusta,0,
Pitta anerythra,0,
Pitta angolensis,0,
Pitta brachyura,0,
Pitta concinna,0,
Pitta elegans,0,
Pitta iris,0,
Pitta maxima,0,
Pitta megarhyncha,0,
Pitta moluccensis,1,单型种(全);-----------------------------------------------------;2019-8-19 新加坡裕廊飞禽公园
Pitta nympha,0,
Pitta reichenowi,0,
Pitta sordida,1,12个亚种;-----------------------------------------------------;2019-8-19 新加坡裕廊飞禽公园(cucullata)
Pitta steerii,0,
Pitta superba,0,
Pitta versicolor,0,
Pitta vigorsii,0,
Sclerurus albigularis,2,3-24 Curi-Cancha Refugio de Vida Silvestre 12.40%;3-24 Reserva Bosque Nuboso Monteverde 8.26%
Sclerurus caudacutus,0,
Sclerurus guatemalensis,0,
Sclerurus mexicanus,0,
Sclerurus obscurior,0,
Sclerurus rufigularis,0,
Sclerurus scansor,0,
Geositta antarctica,0,
Geositta crassirostris,0,
Geositta cunicularia,0,
Geositta isabellina,0,
Geositta maritima,0,
Geositta peruviana,0,
Geositta poeciloptera,0,
Geositta punensis,0,
Geositta rufipennis,0,
Geositta saxicolina,0,
Geositta tenuirostris,0,
Certhiasomus stictolaemus,0,
Sittasomus griseicapillus,2,3-19 La Paz Waterfall Gardens 7.39%;3-23 Hotel de Montana Monteverde 6.25%;3-24 Curi-Cancha Refugio de Vida Silvestre 35.51%;3-24 Reserva Bosque Nuboso Monteverde 18.05%
Deconychura longicauda,0,
Deconychura pallida,0,
Deconychura typica,0,
Dendrocincla anabatina,2,3-26 PN Carara-Entrada principal 16.90%
Dendrocincla fuliginosa,2,3-19 Tirimbina Rainforest 5.56%;3-20 Estacion Biologica La Selva 14.31%
Dendrocincla homochroa,0,
Dendrocincla merula,0,
Dendrocincla turdina,0,
Dendrocincla tyrannina,0,
Glyphorynchus spirurus,2,3-19 La Paz Waterfall Gardens 9.57%;3-19 Tirimbina Rainforest 19.67%;3-20 Estacion Biologica La Selva 24.06%;3-21 Arenal Observatory Lodge 14.43%;3-22 Arenal Observatory Lodge--access rd 5.71%;3-24 Reserva Bosque Nuboso Monteverde 3.09%;3-26 PN Carara-Entrada principal 16.68%
Dendrexetastes rufigula,0,
Nasica longirostris,0,
Dendrocolaptes certhia,0,
Dendrocolaptes hoffmannsi,0,
Dendrocolaptes picumnus,0,
Dendrocolaptes platyrostris,0,
Dendrocolaptes sanctithomae,2,3-19 Donde Cope 5.00%;3-19 Tirimbina Rainforest 11.55%;3-20 Estacion Biologica La Selva 23.83%;3-24 Curi-Cancha Refugio de Vida Silvestre 9.25%;3-26 PN Carara-Entrada principal 19.72%
Hylexetastes perrotii,0,
Hylexetastes stresemanni,0,
Hylexetastes uniformis,0,
Xiphocolaptes albicollis,0,
Xiphocolaptes falcirostris,0,
Xiphocolaptes major,0,
Xiphocolaptes promeropirhynchus,0,
Xiphorhynchus atlanticus,0,
Xiphorhynchus elegans,0,
Xiphorhynchus erythropygius,2,3-19 La Paz Waterfall Gardens 3.91%;3-21 Arenal Observatory Lodge 10.14%;3-24 Curi-Cancha Refugio de Vida Silvestre 12.40%;3-24 Reserva Bosque Nuboso Monteverde 26.15%
Xiphorhynchus flavigaster,0,
Xiphorhynchus fuscus,0,
Xiphorhynchus guttatus,0,
Xiphorhynchus lachrymosus,2,3-20 Estacion Biologica La Selva 3.92%;3-26 PN Carara-Entrada principal 8.23%
Xiphorhynchus obsoletus,0,
Xiphorhynchus ocellatus,0,
Xiphorhynchus pardalotus,0,
Xiphorhynchus spixii,0,
Xiphorhynchus susurrans,2,3-19 Donde Cope 8.00%;3-19 Tirimbina Rainforest 17.96%;3-20 Estacion Biologica La Selva 33.78%;3-21 Arenal Observatory Lodge 2.83%;3-25 Cerro Lodge 2.21%;3-25 Tarcoles--Tour en Bote 5.96%;3-26 PN Carara-Entrada principal 41.81%
Xiphorhynchus triangularis,0,
Dendroplex kienerii,0,
Dendroplex picus,0,
Campylorhamphus falcularius,0,
Campylorhamphus multostriatus,0,
Campylorhamphus probatus,0,
Campylorhamphus procurvoides,0,
Campylorhamphus pusillus,0,
Campylorhamphus trochilirostris,0,
Drymotoxeres pucheranii,0,
Drymornis bridgesii,0,
Lepidocolaptes affinis,2,3-28 Savegre Hotel 40.36%
Lepidocolaptes albolineatus,0,
Lepidocolaptes angustirostris,0,
Lepidocolaptes duidae,0,
Lepidocolaptes falcinellus,0,
Lepidocolaptes fatimalimae,0,
Lepidocolaptes fuscicapillus,0,
Lepidocolaptes lacrymiger,0,
Lepidocolaptes leucogaster,0,
Lepidocolaptes souleyetii,2,3-19 Donde Cope 8.01%;3-19 Tirimbina Rainforest 23.94%;3-20 Estacion Biologica La Selva 32.53%;3-21 Arenal Observatory Lodge 19.99%;3-22 Arenal Observatory Lodge--access rd 8.59%;3-23 Hotel de Montana Monteverde 6.27%;3-24 Curi-Cancha Refugio de Vida Silvestre 16.61%;3-24 Reserva Bosque Nuboso Monteverde 4.82%;3-25 Cerro Lodge 22.72%;3-25 Tarcoles--Tour en Bote 14.59%;3-26 PN Carara-Entrada principal 30.77%
Lepidocolaptes squamatus,0,
Xenops minutus,2,3-20 Estacion Biologica La Selva 8.49%;3-21 Arenal Observatory Lodge 9.36%;3-22 Arenal Observatory Lodge--access rd 5.71%;3-26 PN Carara-Entrada principal 46.80%
Xenops rutilans,0,
Xenops tenuirostris,0,
Berlepschia rikeri,0,
Microxenops milleri,0,
Pygarrhichas albogularis,0,
Ochetorhynchus andaecola,0,
Ochetorhynchus melanurus,0,
Ochetorhynchus phoenicurus,0,
Ochetorhynchus ruficaudus,0,
Pseudocolaptes boissonneautii,0,
Pseudocolaptes johnsoni,0,
Pseudocolaptes lawrencii,2,3-28 Savegre Hotel 10.05%
Premnornis guttuliger,0,
Tarphonomus certhioides,0,
Tarphonomus harterti,0,
Furnarius cinnamomeus,0,
Furnarius cristatus,0,
Furnarius figulus,0,
Furnarius leucopus,0,
Furnarius longirostris,0,
Furnarius minor,0,
Furnarius rufus,0,
Furnarius torridus,0,
Lochmias nematura,0,
Phleocryptes melanops,0,
Limnornis curvirostris,0,
Geocerthia serrana,0,
Upucerthia albigula,0,
Upucerthia dumetaria,0,
Upucerthia saturatior,0,
Upucerthia validirostris,0,
Cinclodes albidiventris,0,
Cinclodes albiventris,0,
Cinclodes antarcticus,0,
Cinclodes aricomae,0,
Cinclodes atacamensis,0,
Cinclodes comechingonus,0,
Cinclodes excelsior,0,
Cinclodes fuscus,0,
Cinclodes nigrofumosus,0,
Cinclodes olrogi,0,
Cinclodes oustaleti,0,
Cinclodes pabsti,0,
Cinclodes palliatus,0,
Cinclodes patagonicus,0,
Cinclodes taczanowskii,0,
Anabazenops dorsalis,0,
Anabazenops fuscus,0,
Megaxenops parnaguae,0,
Cichlocolaptes leucophrus,0,
Cichlocolaptes mazarbarnetti,0,
Heliobletus contaminatus,0,
Philydor atricapillus,0,
Philydor erythrocercum,0,
Philydor fuscipenne,0,
Philydor novaesi,0,
Philydor pyrrhodes,0,
Anabacerthia amaurotis,0,
Anabacerthia lichtensteini,0,
Anabacerthia ruficaudata,0,
Anabacerthia striaticollis,0,
Anabacerthia variegaticeps,0,
Syndactyla dimidiata,0,
Syndactyla guttulata,0,
Syndactyla roraimae,0,
Syndactyla ruficollis,0,
Syndactyla rufosuperciliata,0,
Syndactyla striata,0,
Syndactyla subalaris,2,3-19 La Paz Waterfall Gardens 4.35%;3-24 Reserva Bosque Nuboso Monteverde 12.73%;3-28 Savegre Hotel 3.79%
Syndactyla ucayalae,0,
Ancistrops strigilatus,0,
Dendroma erythroptera,0,
Dendroma rufa,2,
Clibanornis dendrocolaptoides,0,
Clibanornis erythrocephalus,0,
Clibanornis rectirostris,0,
Clibanornis rubiginosus,0,
Clibanornis rufipectus,0,
Thripadectes flammulatus,0,
Thripadectes holostictus,0,
Thripadectes ignobilis,0,
Thripadectes melanorhynchus,0,
Thripadectes rufobrunneus,2,3-19 La Paz Waterfall Gardens 2.18%;3-24 Reserva Bosque Nuboso Monteverde 8.25%;3-28 Savegre Hotel 6.59%
Thripadectes scrutator,0,
Thripadectes virgaticeps,0,
Automolus cervinigularis,0,
Automolus exsertus,2,3-26 PN Carara-Entrada principal 24.47%
Automolus infuscatus,0,
Automolus lammi,0,
Automolus leucophthalmus,0,
Automolus melanopezus,0,
Automolus ochrolaemus,2,3-21 Arenal Observatory Lodge 6.43%;3-22 Arenal Observatory Lodge--access rd 4.29%
Automolus paraensis,0,
Automolus rufipileatus,0,
Automolus subulatus,0,
Automolus virgatus,0,
Premnoplex brunnescens,2,3-19 La Paz Waterfall Gardens 13.07%;3-24 Curi-Cancha Refugio de Vida Silvestre 9.88%;3-24 Reserva Bosque Nuboso Monteverde 31.99%;3-28 Savegre Hotel 4.13%
Premnoplex tatei,0,
Margarornis bellulus,0,
Margarornis rubiginosus,2,3-24 Reserva Bosque Nuboso Monteverde 18.23%;3-28 Savegre Hotel 25.54%
Margarornis squamiger,0,
Margarornis stellatus,0,
Aphrastura masafuerae,0,
Aphrastura spinicauda,0,
Sylviorthorhynchus desmurii,0,
Sylviorthorhynchus yanacensis,0,
Leptasthenura aegithaloides,0,
Leptasthenura andicola,0,
Leptasthenura fuliginiceps,0,
Leptasthenura pileata,0,
Leptasthenura platensis,0,
Leptasthenura setaria,0,
Leptasthenura striata,0,
Leptasthenura striolata,0,
Leptasthenura xenothorax,0,
Phacellodomus dorsalis,0,
Phacellodomus erythrophthalmus,0,
Phacellodomus ferrugineigula,0,
Phacellodomus inornatus,0,
Phacellodomus maculipectus,0,
Phacellodomus ruber,0,
Phacellodomus rufifrons,0,
Phacellodomus sibilatrix,0,
Phacellodomus striaticeps,0,
Phacellodomus striaticollis,0,
Hellmayrea gularis,0,
Anumbius annumbi,0,
Coryphistera alaudina,0,
Asthenes anthoides,0,
Asthenes arequipae,0,
Asthenes ayacuchensis,0,
Asthenes baeri,0,
Asthenes berlepschi,0,
Asthenes coryi,0,
Asthenes dorbignyi,0,
Asthenes flammulata,0,
Asthenes fuliginosa,0,
Asthenes griseomurina,0,
Asthenes harterti,0,
Asthenes helleri,0,
Asthenes heterura,0,
Asthenes huancavelicae,0,
Asthenes hudsoni,0,
Asthenes humilis,0,
Asthenes luizae,0,
Asthenes maculicauda,0,
Asthenes modesta,0,
Asthenes moreirae,0,
Asthenes ottonis,0,
Asthenes palpebralis,0,
Asthenes perijana,0,
Asthenes pudibunda,0,
Asthenes pyrrholeuca,0,
Asthenes urubambensis,0,
Asthenes vilcabambae,0,
Asthenes virgata,0,
Asthenes wyatti,0,
Acrobatornis fonsecai,0,
Metopothrix aurantiaca,0,
Xenerpestes minlosi,0,
Xenerpestes singularis,0,
Siptornis striaticollis,0,
Roraimia adusta,0,
Thripophaga amacurensis,0,
Thripophaga berlepschi,0,
Thripophaga cherriei,0,
Thripophaga fusciceps,0,
Thripophaga macroura,0,
Limnoctites rectirostris,0,
Limnoctites sulphuriferus,0,
Cranioleuca albicapilla,0,
Cranioleuca albiceps,0,
Cranioleuca antisiensis,0,
Cranioleuca curtata,0,
Cranioleuca demissa,0,
Cranioleuca dissita,0,
Cranioleuca erythrops,2,3-19 La Paz Waterfall Gardens 17.40%;3-24 Curi-Cancha Refugio de Vida Silvestre 7.14%;3-24 Reserva Bosque Nuboso Monteverde 26.65%
Cranioleuca gutturata,0,
Cranioleuca hellmayri,0,
Cranioleuca henricae,0,
Cranioleuca marcapatae,0,
Cranioleuca muelleri,0,
Cranioleuca obsoleta,0,
Cranioleuca pallida,0,
Cranioleuca pyrrhophia,0,
Cranioleuca semicinerea,0,
Cranioleuca subcristata,0,
Cranioleuca vulpecula,0,
Cranioleuca vulpina,0,
Pseudasthenes cactorum,0,
Pseudasthenes humicola,0,
Pseudasthenes patagonica,0,
Pseudasthenes steinbachi,0,
Spartonoica maluroides,0,
Pseudoseisura cristata,0,
Pseudoseisura gutturalis,0,
Pseudoseisura lophotes,0,
Pseudoseisura unirufa,0,
Certhiaxis cinnamomeus,0,
Certhiaxis mustelinus,0,
Mazaria propinqua,0,
Schoeniophylax phryganophilus,0,
Synallaxis albescens,0,
Synallaxis albigularis,0,
Synallaxis albilora,0,
Synallaxis azarae,0,
Synallaxis beverlyae,0,
Synallaxis brachyura,2,3-19 Donde Cope 5.00%;3-20 Estacion Biologica La Selva 3.10%;3-21 Arenal Observatory Lodge 2.54%;3-22 Arenal Observatory Lodge--access rd 7.16%
Synallaxis cabanisi,0,
Synallaxis candei,0,
Synallaxis castanea,0,
Synallaxis cherriei,0,
Synallaxis chinchipensis,0,
Synallaxis cinerascens,0,
Synallaxis cinerea,0,
Synallaxis cinnamomea,0,
Synallaxis courseni,0,
Synallaxis erythrothorax,0,
Synallaxis frontalis,0,
Synallaxis fuscorufa,0,
Synallaxis gujanensis,0,
Synallaxis hellmayri,0,
Synallaxis hypochondriaca,0,
Synallaxis hypospodia,0,
Synallaxis infuscata,0,
Synallaxis kollari,0,
Synallaxis macconnelli,0,
Synallaxis maranonica,0,
Synallaxis moesta,0,
Synallaxis ruficapilla,0,
Synallaxis rutilans,0,
Synallaxis scutata,0,
Synallaxis simoni,0,
Synallaxis spixi,0,
Synallaxis stictothorax,0,
Synallaxis subpudica,0,
Synallaxis tithys,0,
Synallaxis unirufa,0,
Synallaxis zimmeri,0,
Akletos goeldii,0,
Akletos melanoceps,0,
Euchrepomis callinota,0,
Euchrepomis humeralis,0,
Euchrepomis sharpei,0,
Euchrepomis spodioptila,4,
Hafferia fortis,0,
Hafferia immaculata,0,
Hafferia zeledoni,0,
Myrmornis torquata,4,
Pygiptila stellaris,0,
Thamnistes anabatinus,6,3-21 Arenal Observatory Lodge 10.14%;3-22 Arenal Observatory Lodge--access rd 10.01%;3-26 PN Carara-Entrada principal 7.80%
Thamnistes rufescens,0,
Microrhopias quixensis,2,3-26 PN Carara-Entrada principal 42.04%
Neoctantes niger,0,
Clytoctantes alixii,0,
Clytoctantes atrogularis,0,
Epinecrophylla amazonica,0,
Epinecrophylla erythrura,0,
Epinecrophylla fulviventris,0,
Epinecrophylla gutturalis,0,
Epinecrophylla haematonota,0,
Epinecrophylla leucophthalma,0,
Epinecrophylla ornata,0,
Epinecrophylla spodionota,0,
Myrmorchilus strigilatus,0,
Aprositornis disjuncta,0,
Ammonastes pelzelni,0,
Myrmophylax atrothorax,0,
Myrmotherula ambigua,0,
Myrmotherula assimilis,0,
Myrmotherula axillaris,2,3-19 Tirimbina Rainforest 7.26%
Myrmotherula behni,0,
Myrmotherula brachyura,0,
Myrmotherula cherriei,0,
Myrmotherula fluminensis,0,
Myrmotherula grisea,4,
Myrmotherula ignota,0,
Myrmotherula iheringi,0,
Myrmotherula klagesi,0,
Myrmotherula longicauda,0,
Myrmotherula longipennis,0,
Myrmotherula luctuosa,0,
Myrmotherula menetriesii,0,
Myrmotherula minor,0,
Myrmotherula multostriata,0,
Myrmotherula pacifica,0,
Myrmotherula schisticolor,2,3-19 La Paz Waterfall Gardens 4.35%;3-21 Arenal Observatory Lodge 3.51%;3-24 Curi-Cancha Refugio de Vida Silvestre 6.93%;3-24 Reserva Bosque Nuboso Monteverde 16.85%;3-26 PN Carara-Entrada principal 11.92%
Myrmotherula sclateri,0,
Myrmotherula snowi,0,
Myrmotherula sunensis,4,
Myrmotherula surinamensis,0,
Myrmotherula unicolor,0,
Myrmotherula urosticta,0,
Terenura maculata,0,
Terenura sicki,0,
Myrmochanes hemileucus,0,
Formicivora acutirostris,0,
Formicivora erythronotos,0,
Formicivora grantsaui,0,
Formicivora grisea,0,
Formicivora iheringi,0,
Formicivora intermedia,0,
Formicivora melanogaster,0,
Formicivora rufa,0,
Formicivora serrana,0,
Dichrozona cincta,0,
Rhopias gularis,0,
Isleria guttata,0,
Isleria hauxwelli,0,
Thamnomanes ardesiacus,0,
Thamnomanes caesius,0,
Thamnomanes saturninus,0,
Thamnomanes schistogynus,0,
Megastictus margaritatus,0,
Sakesphoroides cristatus,0,
Herpsilochmus atricapillus,0,
Herpsilochmus axillaris,0,
Herpsilochmus dorsimaculatus,0,
Herpsilochmus dugandi,0,
Herpsilochmus frater,0,
Herpsilochmus gentryi,0,
Herpsilochmus longirostris,0,
Herpsilochmus motacilloides,8,
Herpsilochmus parkeri,8,
Herpsilochmus pectoralis,0,
Herpsilochmus pileatus,0,
Herpsilochmus praedictus,0,
Herpsilochmus roraimae,0,
Herpsilochmus rufimarginatus,0,
Herpsilochmus stictocephalus,0,
Herpsilochmus sticturus,0,
Herpsilochmus stotzi,0,
Dysithamnus leucostictus,4,
Dysithamnus mentalis,2,3-24 Curi-Cancha Refugio de Vida Silvestre 16.18%;3-24 Reserva Bosque Nuboso Monteverde 14.27%
Dysithamnus occidentalis,4,
Dysithamnus plumbeus,0,
Dysithamnus puncticeps,0,
Dysithamnus stictothorax,0,
Dysithamnus striaticeps,0,
Dysithamnus xanthopterus,0,
Thamnophilus aethiops,0,
Thamnophilus amazonicus,0,
Thamnophilus ambiguus,0,
Thamnophilus aroyae,0,
Thamnophilus atrinucha,2,3-19 Donde Cope 8.00%;3-19 Tirimbina Rainforest 14.96%;3-20 Estacion Biologica La Selva 17.63%
Thamnophilus bernardi,0,
Thamnophilus bridgesi,2,3-26 PN Carara-Entrada principal 70.63%
Thamnophilus caerulescens,0,
Thamnophilus cryptoleucus,0,
Thamnophilus divisorius,4,
Thamnophilus doliatus,2,3-20 Estacion Biologica La Selva 5.46%;3-21 Arenal Observatory Lodge 2.34%;3-25 Cerro Lodge 2.94%;3-25 Tarcoles--Tour en Bote 18.16%;3-26 PN Carara-Entrada principal 21.46%
Thamnophilus insignis,0,
Thamnophilus melanonotus,0,
Thamnophilus melanothorax,0,
Thamnophilus multistriatus,0,
Thamnophilus murinus,0,
Thamnophilus nigriceps,0,
Thamnophilus nigrocinereus,0,
Thamnophilus palliatus,0,
Thamnophilus pelzelni,0,
Thamnophilus praecox,0,
Thamnophilus punctatus,0,
Thamnophilus ruficapillus,0,
Thamnophilus schistaceus,0,
Thamnophilus stictocephalus,0,
Thamnophilus sticturus,0,
Thamnophilus tenuepunctatus,0,
Thamnophilus torquatus,0,
Thamnophilus unicolor,0,
Thamnophilus zarumae,0,
Sakesphorus canadensis,0,
Sakesphorus luctuosus,0,
Radinopsyche sellowi,0,
Biatas nigropectus,0,
Cymbilaimus lineatus,2,3-19 Tirimbina Rainforest 17.10%;3-20 Estacion Biologica La Selva 22.95%;3-22 Arenal Observatory Lodge--access rd 5.71%
Cymbilaimus sanctaemariae,0,
Taraba major,2,3-20 Estacion Biologica La Selva 6.94%;3-21 Arenal Observatory Lodge 2.92%;3-22 Arenal Observatory Lodge--access rd 5.71%
Mackenziaena leachii,0,
Mackenziaena severa,0,
Frederickena fulva,0,
Frederickena unduliger,0,
Frederickena viridis,0,
Hypoedaleus guttatus,0,
Batara cinerea,0,
Xenornis setifrons,0,
Pithys albifrons,0,
Pithys castaneus,8,
Phaenostictus mcleannani,2,3-21 Arenal Observatory Lodge 2.34%
Gymnopithys bicolor,2,3-21 Arenal Observatory Lodge 4.00%;3-22 Arenal Observatory Lodge--access rd 5.71%;3-26 PN Carara-Entrada principal 16.90%
Gymnopithys leucaspis,0,
Gymnopithys rufigula,0,
Oneillornis lunulatus,0,
Oneillornis salvini,0,
Rhegmatorhina berlepschi,0,
Rhegmatorhina cristata,0,
Rhegmatorhina gymnops,0,
Rhegmatorhina hoffmannsi,0,
Rhegmatorhina melanosticta,0,
Phlegopsis borbae,0,
Phlegopsis erythroptera,0,
Phlegopsis nigromaculata,0,
Willisornis poecilinotus,0,
Willisornis vidua,0,
Drymophila caudata,0,
Drymophila devillei,0,
Drymophila ferruginea,0,
Drymophila genei,0,
Drymophila hellmayri,0,
Drymophila klagesi,0,
Drymophila malura,0,
Drymophila ochropyga,0,
Drymophila rubricollis,0,
Drymophila squamata,0,
Drymophila striaticeps,0,
Hypocnemis cantator,0,
Hypocnemis flavescens,0,
Hypocnemis hypoxantha,0,
Hypocnemis ochrogyna,0,
Hypocnemis peruviana,0,
Hypocnemis rondoni,0,
Hypocnemis striata,0,
Hypocnemis subflava,0,
Sciaphylax castanea,0,
Sciaphylax hemimelaena,0,
Cercomacroides fuscicauda,0,
Cercomacroides laeta,0,
Cercomacroides nigrescens,0,
Cercomacroides parkeri,0,
Cercomacroides serva,0,
Cercomacroides tyrannina,2,3-20 Estacion Biologica La Selva 6.05%;3-21 Arenal Observatory Lodge 12.87%;3-22 Arenal Observatory Lodge--access rd 12.86%;3-26 PN Carara-Entrada principal 26.65%
Cercomacra brasiliana,0,
Cercomacra carbonaria,0,
Cercomacra cinerascens,0,
Cercomacra ferdinandi,0,
Cercomacra manu,0,
Cercomacra melanaria,0,
Cercomacra nigricans,0,
Myrmoderus eowilsoni,8,
Myrmoderus ferrugineus,0,
Myrmoderus loricatus,0,
Myrmoderus ruficauda,0,
Myrmoderus squamosus,0,
Hypocnemoides maculicauda,0,
Hypocnemoides melanopogon,0,
Hylophylax naevioides,2,3-19 Tirimbina Rainforest 4.27%;3-21 Arenal Observatory Lodge 17.36%;3-22 Arenal Observatory Lodge--access rd 7.14%
Hylophylax naevius,0,
Hylophylax punctulatus,0,
Sclateria naevia,0,
Myrmelastes brunneiceps,0,
Myrmelastes caurensis,0,
Myrmelastes humaythae,4,
Myrmelastes hyperythrus,0,
Myrmelastes leucostigma,0,
Myrmelastes rufifacies,0,
Myrmelastes saturatus,0,
Myrmelastes schistaceus,0,
Poliocrania exsul,2,3-19 Donde Cope 9.00%;3-19 Tirimbina Rainforest 27.36%;3-20 Estacion Biologica La Selva 11.52%;3-26 PN Carara-Entrada principal 70.63%
Ampelornis griseiceps,0,
Sipia berlepschi,0,
Sipia laemosticta,2,3-21 Arenal Observatory Lodge 15.50%;3-22 Arenal Observatory Lodge--access rd 5.73%
Sipia nigricauda,0,
Sipia palliata,0,
Myrmeciza longipes,0,
Myrmoborus leucophrys,0,
Myrmoborus lophotes,0,
Myrmoborus lugubris,0,
Myrmoborus melanurus,0,
Myrmoborus myotherinus,0,
Gymnocichla nudiceps,0,
Pyriglena atra,0,
Pyriglena leuconota,0,
Pyriglena leucoptera,0,
Pyriglena maura,0,
Pyriglena similis,0,
Rhopornis ardesiacus,0,
Percnostola arenarum,8,
Percnostola rufifrons,0,
Formicarius analis,2,3-20 Estacion Biologica La Selva 4.80%;3-26 PN Carara-Entrada principal 32.27%
Formicarius colma,0,
Formicarius moniliger,0,
Formicarius nigricapillus,0,
Formicarius rufifrons,0,
Formicarius rufipectus,0,
Chamaeza campanisona,0,
Chamaeza meruloides,0,
Chamaeza mollissima,0,
Chamaeza nobilis,0,
Chamaeza ruficauda,0,
Chamaeza turdina,0,
Grallaria albigula,0,
Grallaria alleni,0,
Grallaria alticola,0,
Grallaria alvarezi,0,
Grallaria andicolus,0,
Grallaria atuensis,0,
Grallaria ayacuchensis,0,
Grallaria bangsi,0,
Grallaria blakei,0,
Grallaria cajamarcae,0,
Grallaria capitalis,0,
Grallaria carrikeri,0,
Grallaria centralis,0,
Grallaria chthonia,0,
Grallaria cochabambae,0,
Grallaria dignissima,0,
Grallaria eludens,0,
Grallaria erythroleuca,0,
Grallaria erythrotis,0,
Grallaria excelsa,0,
Grallaria flavotincta,0,
Grallaria gigantea,0,
Grallaria gravesi,0,
Grallaria griseonucha,0,
Grallaria guatimalensis,0,
Grallaria haplonota,0,
Grallaria hypoleuca,0,
Grallaria kaestneri,0,
Grallaria milleri,0,
Grallaria nuchalis,0,
Grallaria obscura,0,
Grallaria occabambae,0,
Grallaria oneilli,0,
Grallaria przewalskii,0,
Grallaria quitensis,0,
Grallaria ridgelyi,0,
Grallaria ruficapilla,0,
Grallaria rufocinerea,0,
Grallaria rufula,0,
Grallaria saltuensis,0,
Grallaria saturata,0,
Grallaria sinaensis,0,
Grallaria spatiator,0,
Grallaria squamigera,0,
Grallaria urraoensis,0,
Grallaria varia,0,
Grallaria watkinsi,0,
Hylopezus auricularis,0,
Hylopezus berlepschi,0,
Hylopezus dives,2,3-19 Donde Cope 5.00%;3-21 Arenal Observatory Lodge 16.58%;3-22 Arenal Observatory Lodge--access rd 18.59%
Hylopezus fulviventris,0,
Hylopezus macularius,0,
Hylopezus ochroleucus,0,
Hylopezus paraensis,0,
Hylopezus perspicillatus,2,3-26 PN Carara-Entrada principal 29.04%
Hylopezus whittakeri,0,
Cryptopezus nattereri,0,
Myrmothera campanisona,0,
Myrmothera simplex,0,
Myrmothera subcanescens,0,
Grallaricula cucullata,0,
Grallaricula cumanensis,0,
Grallaricula ferrugineipectus,0,
Grallaricula flavirostris,0,
Grallaricula leymebambae,0,
Grallaricula lineifrons,0,
Grallaricula loricata,0,
Grallaricula nana,0,
Grallaricula ochraceifrons,0,
Grallaricula peruviana,0,
Conopophaga ardesiaca,0,
Conopophaga aurita,0,
Conopophaga castaneiceps,0,
Conopophaga cearae,0,
Conopophaga lineata,0,
Conopophaga melanogaster,0,
Conopophaga melanops,0,
Conopophaga peruviana,0,
Conopophaga roberti,0,
Conopophaga snethlageae,0,
Pittasoma michleri,0,
Pittasoma rufopileatum,0,
Acropternis orthonyx,0,
Pteroptochos castaneus,0,
Pteroptochos megapodius,0,
Pteroptochos tarnii,0,
Scelorchilus albicollis,0,
Scelorchilus rubecula,0,
Rhinocrypta lanceolata,0,
Teledromas fuscus,0,
Liosceles thoracicus,0,
Psilorhamphus guttatus,0,
Merulaxis ater,0,
Merulaxis stresemanni,0,
Eugralla paradoxa,0,
Myornis senilis,0,
Eleoscytalopus indigoticus,0,
Eleoscytalopus psychopompus,0,
Scytalopus acutirostris,0,
Scytalopus affinis,0,
Scytalopus altirostris,0,
Scytalopus alvarezlopezi,0,
Scytalopus androstictus,0,
Scytalopus argentifrons,2,3-19 La Paz Waterfall Gardens 7.39%;3-24 Curi-Cancha Refugio de Vida Silvestre 3.78%;3-24 Reserva Bosque Nuboso Monteverde 11.35%;3-28 Savegre Hotel 7.74%
Scytalopus atratus,0,
Scytalopus bolivianus,0,
Scytalopus canus,0,
Scytalopus caracae,0,
Scytalopus chocoensis,0,
Scytalopus diamantinensis,0,
Scytalopus femoralis,0,
Scytalopus frankeae,0,
Scytalopus fuscus,0,
Scytalopus gettyae,0,
Scytalopus gonzagai,0,
Scytalopus griseicollis,0,
Scytalopus intermedius,0,
Scytalopus iraiensis,0,
Scytalopus krabbei,0,
Scytalopus latebricola,0,
Scytalopus latrans,0,
Scytalopus macropus,0,
Scytalopus magellanicus,0,
Scytalopus meridanus,0,
Scytalopus micropterus,0,
Scytalopus novacapitalis,0,
Scytalopus opacus,0,
Scytalopus pachecoi,0,
Scytalopus panamensis,0,
Scytalopus parkeri,0,
Scytalopus parvirostris,0,
Scytalopus perijanus,0,
Scytalopus petrophilus,0,
Scytalopus robbinsi,0,
Scytalopus rodriguezi,0,
Scytalopus sanctaemartae,0,
Scytalopus schulenbergi,0,
Scytalopus simonsi,0,
Scytalopus speluncae,0,
Scytalopus spillmanni,0,
Scytalopus stilesi,0,
Scytalopus superciliaris,0,
Scytalopus unicolor,0,
Scytalopus urubambae,0,
Scytalopus vicinior,0,
Scytalopus whitneyi,0,
Scytalopus zimmeri,0,
Melanopareia bitorquata,0,
Melanopareia elegans,0,
Melanopareia maranonica,0,
Melanopareia maximiliani,0,
Melanopareia torquata,0,
Piprites chloris,0,
Piprites griseiceps,0,
Piprites pileata,0,
Phyllomyias burmeisteri,0,
Phyllomyias cinereiceps,0,
Phyllomyias fasciatus,0,
Phyllomyias griseiceps,0,
Phyllomyias griseocapilla,0,
Phyllomyias nigrocapillus,0,
Phyllomyias plumbeiceps,0,
Phyllomyias reiseri,0,
Phyllomyias sclateri,0,
Phyllomyias urichi,0,
Phyllomyias uropygialis,0,
Phyllomyias virescens,0,
Phyllomyias weedeni,0,
Phyllomyias zeledoni,0,
Tyrannulus elatus,0,
Myiopagis caniceps,0,
Myiopagis cinerea,0,
Myiopagis cotta,0,
Myiopagis flavivertex,0,
Myiopagis gaimardii,0,
Myiopagis olallai,0,
Myiopagis parambae,0,
Myiopagis subplacens,0,
Myiopagis viridicata,2,3-25 Cerro Lodge 2.57%;3-25 Tarcoles--Tour en Bote 5.06%;3-26 PN Carara-Entrada principal 17.33%
Elaenia albiceps,0,
Elaenia brachyptera,0,
Elaenia chilensis,0,
Elaenia chiriquensis,0,
Elaenia cristata,0,
Elaenia dayi,0,
Elaenia fallax,0,
Elaenia flavogaster,2,3-18 Hotel Bougainvillea 1.90%;3-19 La Paz Waterfall Gardens 11.32%;3-19 Donde Cope 8.00%;3-19 Tirimbina Rainforest 8.98%;3-20 Estacion Biologica La Selva 8.42%;3-21 Arenal Observatory Lodge 12.77%;3-21 Galeria de Colibriy Soda Cinchona 3.61%;3-22 Arenal Observatory Lodge--access rd 5.73%;3-23 Hotel de Montana Monteverde 25.02%;3-24 Curi-Cancha Refugio de Vida Silvestre 5.25%;3-24 Reserva Bosque Nuboso Monteverde 3.27%
Elaenia frantzii,2,3-19 La Paz Waterfall Gardens 2.61%;3-21 Galeria de Colibriy Soda Cinchona 2.17%;3-23 Hotel de Montana Monteverde 10.42%;3-24 Curi-Cancha Refugio de Vida Silvestre 26.26%;3-24 Reserva Bosque Nuboso Monteverde 20.81%;3-28 Savegre Hotel 49.24%
Elaenia gigas,0,
Elaenia martinica,0,
Elaenia mesoleuca,0,
Elaenia obscura,0,
Elaenia olivina,0,
Elaenia pallatangae,0,
Elaenia parvirostris,0,
Elaenia pelzelni,0,
Elaenia ridleyana,0,
Elaenia ruficeps,0,
Elaenia sordida,0,
Elaenia spectabilis,0,
Elaenia strepera,0,
Ornithion brunneicapillus,0,
Ornithion inerme,0,
Ornithion semiflavum,0,
Camptostoma imberbe,0,单型种;-----------------------------------------------------
Camptostoma obsoletum,2,3-26 PN Carara-Entrada principal 8.23%
Guyramemua affine,0,
Suiriri suiriri,0,
Mecocerculus calopterus,0,
Mecocerculus hellmayri,0,
Mecocerculus leucophrys,0,
Mecocerculus minor,0,
Mecocerculus poecilocercus,0,
Mecocerculus stictopterus,0,
Anairetes alpinus,0,
Anairetes fernandezianus,0,
Anairetes flavirostris,0,
Anairetes nigrocristatus,0,
Anairetes parulus,0,
Anairetes reguloides,0,
Uromyias agilis,0,
Uromyias agraphia,0,
Serpophaga cinerea,2,3-19 La Paz Waterfall Gardens 9.15%;3-28 Savegre Hotel 24.57%
Serpophaga griseicapilla,0,
Serpophaga hypoleuca,0,
Serpophaga nigricans,0,
Serpophaga subcristata,0,
Phaeomyias murina,0,
Capsiempis flaveola,0,
Polystictus pectoralis,0,
Polystictus superciliaris,0,
Nesotriccus incomtus,0,
Nesotriccus maranonicus,0,
Nesotriccus murinus,0,
Nesotriccus ridgwayi,0,
Nesotriccus tumbezanus,0,
Pseudocolopteryx acutipennis,0,
Pseudocolopteryx citreola,0,
Pseudocolopteryx dinelliana,0,
Pseudocolopteryx flaviventris,0,
Pseudocolopteryx sclateri,0,
Pseudotriccus pelzelni,0,
Pseudotriccus ruficeps,0,
Pseudotriccus simplex,0,
Corythopis delalandi,0,
Corythopis torquatus,0,
Euscarthmus fulviceps,0,
Euscarthmus meloryphus,0,
Euscarthmus rufomarginatus,0,
Pseudelaenia leucospodia,0,
Stigmatura bahiae,0,
Stigmatura budytoides,0,
Stigmatura napensis,0,
Zimmerius acer,0,
Zimmerius albigularis,0,
Zimmerius bolivianus,0,
Zimmerius chicomendesi,0,
Zimmerius chrysops,0,
Zimmerius cinereicapilla,0,
Zimmerius flavidifrons,0,
Zimmerius gracilipes,0,
Zimmerius improbus,0,
Zimmerius minimus,0,
Zimmerius parvus,2,3-19 La Paz Waterfall Gardens 10.01%;3-19 Donde Cope 7.00%;3-19 Tirimbina Rainforest 5.13%;3-20 Estacion Biologica La Selva 14.83%;3-21 Arenal Observatory Lodge 8.58%;3-24 Curi-Cancha Refugio de Vida Silvestre 35.51%;3-24 Reserva Bosque Nuboso Monteverde 13.93%;3-26 PN Carara-Entrada principal 4.55%
Zimmerius petersi,0,
Zimmerius vilissimus,0,
Zimmerius villarejoi,0,
Zimmerius viridiflavus,0,
Pogonotriccus chapmani,0,
Pogonotriccus eximius,0,
Pogonotriccus lanyoni,0,
Pogonotriccus ophthalmicus,0,
Pogonotriccus orbitalis,0,
Pogonotriccus poecilotis,0,
Pogonotriccus venezuelanus,0,
Phylloscartes beckeri,0,
Phylloscartes ceciliae,0,
Phylloscartes difficilis,0,
Phylloscartes flaviventris,0,
Phylloscartes flavovirens,0,
Phylloscartes gualaquizae,0,
Phylloscartes kronei,0,
Phylloscartes nigrifrons,0,
Phylloscartes oustaleti,0,
Phylloscartes parkeri,0,
Phylloscartes paulista,0,
Phylloscartes roquettei,0,
Phylloscartes superciliaris,0,
Phylloscartes sylviolus,0,
Phylloscartes ventralis,0,
Phylloscartes virescens,0,
Mionectes galbinus,0,
Mionectes macconnelli,0,
Mionectes oleagineus,2,3-19 Tirimbina Rainforest 17.53%;3-20 Estacion Biologica La Selva 21.03%;3-21 Arenal Observatory Lodge 4.49%;3-26 PN Carara-Entrada principal 20.79%
Mionectes olivaceus,2,3-19 La Paz Waterfall Gardens 6.96%;3-21 Arenal Observatory Lodge 6.83%;3-22 Arenal Observatory Lodge--access rd 4.30%;3-24 Curi-Cancha Refugio de Vida Silvestre 10.09%;3-24 Reserva Bosque Nuboso Monteverde 10.15%
Mionectes roraimae,0,
Mionectes rufiventris,0,
Mionectes striaticollis,0,
Leptopogon amaurocephalus,0,
Leptopogon rufipectus,0,
Leptopogon superciliaris,0,
Leptopogon taczanowskii,0,
Sublegatus arenarum,2,3-25 Tarcoles--Tour en Bote 9.83%
Sublegatus modestus,0,
Sublegatus obscurior,0,
Inezia caudata,0,
Inezia inornata,0,
Inezia subflava,0,
Inezia tenuirostris,0,
Myiophobus crypterythrus,0,
Myiophobus cryptoxanthus,0,
Myiophobus fasciatus,0,
Myiophobus flavicans,0,
Myiophobus inornatus,0,
Myiophobus phoenicomitra,0,
Myiophobus roraimae,0,
Myiophobus rufescens,0,
Nephelomyias lintoni,0,
Nephelomyias ochraceiventris,0,
Nephelomyias pulcher,0,
Myiotriccus ornatus,0,
Tachuris rubrigastra,0,
Culicivora caudacuta,0,
Hemitriccus cinnamomeipectus,0,
Hemitriccus cohnhafti,0,
Hemitriccus diops,0,
Hemitriccus flammulatus,0,
Hemitriccus furcatus,0,
Hemitriccus granadensis,0,
Hemitriccus griseipectus,0,
Hemitriccus inornatus,0,
Hemitriccus iohannis,0,
Hemitriccus josephinae,0,
Hemitriccus kaempferi,0,
Hemitriccus margaritaceiventer,0,
Hemitriccus minimus,0,
Hemitriccus minor,0,
Hemitriccus mirandae,0,
Hemitriccus nidipendulus,0,
Hemitriccus obsoletus,0,
Hemitriccus orbitatus,0,
Hemitriccus rufigularis,0,
Hemitriccus spodiops,0,
Hemitriccus striaticollis,0,
Hemitriccus zosterops,0,
Myiornis albiventris,0,
Myiornis atricapillus,2,3-19 Donde Cope 5.00%;3-19 Tirimbina Rainforest 5.98%;3-20 Estacion Biologica La Selva 12.03%
Myiornis auricularis,0,
Myiornis ecaudatus,0,
Oncostoma cinereigulare,2,3-26 PN Carara-Entrada principal 24.48%
Oncostoma olivaceum,0,
Lophotriccus eulophotes,0,
Lophotriccus galeatus,0,
Lophotriccus pileatus,2,3-19 La Paz Waterfall Gardens 4.35%;3-21 Arenal Observatory Lodge 16.96%;3-22 Arenal Observatory Lodge--access rd 7.14%;3-24 Reserva Bosque Nuboso Monteverde 7.40%
Lophotriccus vitiosus,0,
Atalotriccus pilaris,0,
Poecilotriccus albifacies,0,
Poecilotriccus calopterus,0,
Poecilotriccus capitalis,0,
Poecilotriccus fumifrons,0,
Poecilotriccus latirostris,0,
Poecilotriccus luluae,0,
Poecilotriccus plumbeiceps,0,
Poecilotriccus pulchellus,0,
Poecilotriccus ruficeps,0,
Poecilotriccus russatus,0,
Poecilotriccus senex,0,
Poecilotriccus sylvia,2,3-26 PN Carara-Entrada principal 13.00%
Taeniotriccus andrei,0,
Todirostrum chrysocrotaphum,0,
Todirostrum cinereum,2,3-19 La Paz Waterfall Gardens 8.27%;3-19 Donde Cope 18.00%;3-19 Tirimbina Rainforest 32.49%;3-20 Estacion Biologica La Selva 35.20%;3-21 Arenal Observatory Lodge 29.35%;3-21 Galeria de Colibriy Soda Cinchona 15.53%;3-22 Arenal Observatory Lodge--access rd 5.71%;3-23 Hotel de Montana Monteverde 10.42%;3-24 Reserva Bosque Nuboso Monteverde 1.55%;3-25 Cerro Lodge 4.40%;3-25 Tarcoles--Tour en Bote 25.60%;3-26 PN Carara-Entrada principal 26.21%
Todirostrum maculatum,0,
Todirostrum nigriceps,2,3-19 Donde Cope 8.00%;3-19 Tirimbina Rainforest 7.26%;3-20 Estacion Biologica La Selva 9.67%
Todirostrum pictum,0,
Todirostrum poliocephalum,0,
Todirostrum viridanum,0,
Cnipodectes subbrunneus,0,
Cnipodectes superrufus,0,
Rhynchocyclus brevirostris,2,3-19 Tirimbina Rainforest 20.09%;3-20 Estacion Biologica La Selva 4.35%;3-24 Curi-Cancha Refugio de Vida Silvestre 7.78%;3-24 Reserva Bosque Nuboso Monteverde 12.21%;3-26 PN Carara-Entrada principal 20.14%
Rhynchocyclus fulvipectus,0,
Rhynchocyclus olivaceus,0,
Rhynchocyclus pacificus,0,
Tolmomyias assimilis,0,
Tolmomyias flaviventris,0,
Tolmomyias flavotectus,2,3-20 Estacion Biologica La Selva 6.05%
Tolmomyias poliocephalus,0,
Tolmomyias sulphurescens,2,3-19 Donde Cope 5.00%;3-19 Tirimbina Rainforest 11.54%;3-20 Estacion Biologica La Selva 13.57%;3-21 Arenal Observatory Lodge 6.92%;3-25 Cerro Lodge 7.33%;3-25 Tarcoles--Tour en Bote 4.17%;3-26 PN Carara-Entrada principal 29.89%
Tolmomyias traylori,0,
Tolmomyias viridiceps,0,
Calyptura cristata,0,
Platyrinchus cancrominus,2,3-26 PN Carara-Entrada principal 9.10%
Platyrinchus coronatus,2,3-26 PN Carara-Entrada principal 12.58%
Platyrinchus flavigularis,0,
Platyrinchus leucoryphus,0,
Platyrinchus mystaceus,2,3-24 Curi-Cancha Refugio de Vida Silvestre 7.57%;3-24 Reserva Bosque Nuboso Monteverde 7.74%
Platyrinchus platyrhynchos,0,
Platyrinchus saturatus,0,
Neopipo cinnamomea,0,
Pyrrhomyias cinnamomeus,0,
Hirundinea ferruginea,0,
Lathrotriccus euleri,0,
Lathrotriccus griseipectus,0,
Aphanotriccus audax,0,
Aphanotriccus capitalis,0,
Cnemotriccus fuscatus,0,
Xenotriccus callizonus,0,
Xenotriccus mexicanus,0,
Sayornis nigricans,2,3-19 La Paz Waterfall Gardens 6.09%;3-19 Tirimbina Rainforest 10.68%;3-21 Arenal Observatory Lodge 13.07%;3-21 Galeria de Colibriy Soda Cinchona 2.89%;3-22 Arenal Observatory Lodge--access rd 30.06%;3-28 Savegre Hotel 12.52%
Sayornis phoebe,1,单型种(全);-----------------------------------------------------;2022-6-18 多伦多Thompson公园
Sayornis saya,0,
Mitrephanes olivaceus,0,
Mitrephanes phaeocercus,2,3-19 La Paz Waterfall Gardens 25.23%;3-24 Reserva Bosque Nuboso Monteverde 15.48%;3-28 Savegre Hotel 33.78%
Contopus albogularis,0,
Contopus bogotensis,2,3-20 Estacion Biologica La Selva 7.30%;3-21 Arenal Observatory Lodge 16.19%;3-22 Arenal Observatory Lodge--access rd 8.57%;3-25 Cerro Lodge 3.30%;3-25 Tarcoles--Tour en Bote 20.83%
Contopus caribaeus,1,4个亚种;-----------------------------------------------------;2022-12-26 古巴萨帕塔(caribaeus)
Contopus cinereus,0,
Contopus cooperi,1,单型种(全);-----------------------------------------------------;2022-8-15 多伦多High park
Contopus fumigatus,0,
Contopus hispaniolensis,0,
Contopus latirostris,0,
Contopus lugubris,2,3-19 La Paz Waterfall Gardens 9.14%
Contopus nigrescens,0,
Contopus ochraceus,0,
Contopus pallidus,0,
Contopus pertinax,0,
Contopus punensis,0,
Contopus sordidulus,0,
Contopus virens,1,单型种(全);-----------------------------------------------------;2022-6-25 多伦多Thompson公园
Empidonax affinis,0,
Empidonax albigularis,0,
Empidonax alnorum,0,
Empidonax atriceps,2,3-28 Savegre Hotel 18.79%
Empidonax difficilis,0,
Empidonax flavescens,2,3-19 La Paz Waterfall Gardens 14.79%;3-24 Curi-Cancha Refugio de Vida Silvestre 52.11%;3-24 Reserva Bosque Nuboso Monteverde 45.24%;3-28 Savegre Hotel 42.00%
Empidonax flaviventris,1,单型种(全);-----------------------------------------------------;2022-8-19 多伦多High park
Empidonax fulvifrons,0,
Empidonax hammondii,0,
Empidonax minimus,1,单型种(全);-----------------------------------------------------;2022-6-25 多伦多Thompson公园
Empidonax oberholseri,0,
Empidonax occidentalis,0,
Empidonax traillii,1,4个亚种;-----------------------------------------------------;2022-6-25 多伦多Thompson公园(traillii)
Empidonax virescens,0,
Empidonax wrightii,0,
Pyrocephalus dubius,0,
Pyrocephalus nanus,0,
Pyrocephalus obscurus,0,
Pyrocephalus rubinus,0,
Ochthornis littoralis,0,
Satrapa icterophrys,0,
Syrtidicola fluviatilis,0,
Muscisaxicola albifrons,0,
Muscisaxicola albilora,0,
Muscisaxicola alpinus,0,
Muscisaxicola capistratus,0,
Muscisaxicola cinereus,0,
Muscisaxicola flavinucha,0,
Muscisaxicola frontalis,0,
Muscisaxicola griseus,0,
Muscisaxicola juninensis,0,
Muscisaxicola maclovianus,0,
Muscisaxicola maculirostris,0,
Muscisaxicola rufivertex,0,
Lessonia oreas,0,
Lessonia rufa,0,
Hymenops perspicillatus,0,
Knipolegus aterrimus,0,
Knipolegus cabanisi,0,
Knipolegus cyanirostris,0,
Knipolegus franciscanus,0,
Knipolegus hudsoni,0,
Knipolegus lophotes,0,
Knipolegus nigerrimus,0,
Knipolegus orenocensis,0,
Knipolegus poecilocercus,0,
Knipolegus poecilurus,0,
Knipolegus signatus,0,
Knipolegus striaticeps,0,
Cnemarchus erythropygius,0,
Cnemarchus rufipennis,0,
Xolmis irupero,0,
Xolmis velatus,0,
Pyrope pyrope,0,
Nengetus cinereus,0,
Neoxolmis coronatus,0,
Neoxolmis rubetra,0,
Neoxolmis rufiventris,0,
Neoxolmis salinarum,0,
Myiotheretes fumigatus,0,
Myiotheretes fuscorufus,0,
Myiotheretes pernix,0,
Myiotheretes striaticollis,0,
Agriornis albicauda,0,
Agriornis lividus,0,
Agriornis micropterus,0,
Agriornis montanus,0,
Agriornis murinus,0,
Gubernetes yetapa,0,
Muscipipra vetula,0,
Fluvicola albiventer,0,
Fluvicola nengeta,0,
Fluvicola pica,0,
Arundinicola leucocephala,0,
Heteroxolmis dominicana,0,
Alectrurus risora,0,
Alectrurus tricolor,0,
Tumbezia salvini,0,
Silvicultrix diadema,0,
Silvicultrix frontalis,0,
Silvicultrix jelskii,0,
Silvicultrix pulchella,0,
Silvicultrix spodionota,0,
Ochthoeca cinnamomeiventris,0,
Ochthoeca fumicolor,0,
Ochthoeca leucophrys,0,
Ochthoeca nigrita,0,
Ochthoeca oenanthoides,0,
Ochthoeca piurae,0,
Ochthoeca rufipectoralis,0,
Ochthoeca superciliosa,0,
Ochthoeca thoracica,0,
Colorhamphus parvirostris,0,
Colonia colonus,2,3-20 Estacion Biologica La Selva 29.37%;3-21 Arenal Observatory Lodge 16.97%;3-22 Arenal Observatory Lodge--access rd 21.43%
Muscigralla brevicauda,0,
Machetornis rixosa,0,
Legatus leucophaius,2,3-18 Hotel Bougainvillea 1.33%;3-19 La Paz Waterfall Gardens 3.92%;3-19 Donde Cope 16.00%;3-19 Tirimbina Rainforest 27.79%;3-20 Estacion Biologica La Selva 25.89%;3-21 Arenal Observatory Lodge 37.05%;3-21 Galeria de Colibriy Soda Cinchona 4.34%;3-22 Arenal Observatory Lodge--access rd 27.16%;3-23 Hotel de Montana Monteverde 14.58%;3-24 Curi-Cancha Refugio de Vida Silvestre 6.52%;3-25 Cerro Lodge 5.86%;3-25 Tarcoles--Tour en Bote 8.04%;3-26 PN Carara-Entrada principal 29.89%
Phelpsia inornata,0,
Myiozetetes cayanensis,0,
Myiozetetes granadensis,2,3-19 Donde Cope 6.00%;3-19 Tirimbina Rainforest 27.36%;3-20 Estacion Biologica La Selva 37.63%;3-21 Arenal Observatory Lodge 33.64%;3-22 Arenal Observatory Lodge--access rd 18.59%;3-25 Tarcoles--Tour en Bote 3.87%;3-26 PN Carara-Entrada principal 12.99%
Myiozetetes luteiventris,0,
Myiozetetes similis,2,3-18 Hotel Bougainvillea 31.83%;3-19 La Paz Waterfall Gardens 13.49%;3-19 Donde Cope 19.00%;3-19 Tirimbina Rainforest 44.89%;3-20 Estacion Biologica La Selva 50.68%;3-21 Arenal Observatory Lodge 48.75%;3-21 Galeria de Colibriy Soda Cinchona 5.78%;3-22 Arenal Observatory Lodge--access rd 30.00%;3-23 Hotel de Montana Monteverde 35.42%;3-24 Curi-Cancha Refugio de Vida Silvestre 16.18%;3-24 Reserva Bosque Nuboso Monteverde 8.43%;3-25 Cerro Lodge 12.83%;3-25 Tarcoles--Tour en Bote 30.96%;3-26 PN Carara-Entrada principal 20.14%
Pitangus sulphuratus,2,3-18 Hotel Bougainvillea 49.66%;3-19 La Paz Waterfall Gardens 18.28%;3-19 Donde Cope 54.01%;3-19 Tirimbina Rainforest 53.00%;3-20 Estacion Biologica La Selva 57.38%;3-21 Arenal Observatory Lodge 54.99%;3-21 Galeria de Colibriy Soda Cinchona 19.87%;3-22 Arenal Observatory Lodge--access rd 27.14%;3-23 Hotel de Montana Monteverde 18.75%;3-24 Curi-Cancha Refugio de Vida Silvestre 18.49%;3-24 Reserva Bosque Nuboso Monteverde 6.88%;3-25 Cerro Lodge 57.90%;3-25 Tarcoles--Tour en Bote 67.29%;3-26 PN Carara-Entrada principal 28.81%
Philohydor lictor,0,
Conopias albovittatus,2,3-20 Estacion Biologica La Selva 21.84%
Conopias cinchoneti,0,
Conopias parvus,0,
Conopias trivirgatus,0,
Myiodynastes bairdii,0,
Myiodynastes chrysocephalus,0,
Myiodynastes hemichrysus,2,3-19 La Paz Waterfall Gardens 5.22%;3-24 Reserva Bosque Nuboso Monteverde 9.30%
Myiodynastes luteiventris,2,3-18 Hotel Bougainvillea 3.98%;3-19 La Paz Waterfall Gardens 3.92%;3-20 Estacion Biologica La Selva 6.57%;3-21 Arenal Observatory Lodge 24.86%;3-21 Galeria de Colibriy Soda Cinchona 3.62%;3-22 Arenal Observatory Lodge--access rd 5.73%;3-23 Hotel de Montana Monteverde 10.42%;3-24 Curi-Cancha Refugio de Vida Silvestre 6.51%;3-24 Reserva Bosque Nuboso Monteverde 3.10%;3-25 Cerro Lodge 3.67%;3-26 PN Carara-Entrada principal 4.55%
Myiodynastes maculatus,2,3-25 Cerro Lodge 24.20%;3-25 Tarcoles--Tour en Bote 9.53%;3-26 PN Carara-Entrada principal 26.87%
Megarynchus pitangua,2,3-18 Hotel Bougainvillea 17.24%;3-19 Donde Cope 6.00%;3-19 Tirimbina Rainforest 21.80%;3-20 Estacion Biologica La Selva 34.52%;3-21 Arenal Observatory Lodge 18.82%;3-21 Galeria de Colibriy Soda Cinchona 1.44%;3-22 Arenal Observatory Lodge--access rd 12.86%;3-24 Curi-Cancha Refugio de Vida Silvestre 25.85%;3-24 Reserva Bosque Nuboso Monteverde 5.67%;3-25 Cerro Lodge 10.63%;3-25 Tarcoles--Tour en Bote 10.12%;3-26 PN Carara-Entrada principal 15.16%
Tyrannopsis sulphurea,0,
Empidonomus varius,0,
Griseotyrannus aurantioatrocristatus,0,
Tyrannus albogularis,0,
Tyrannus caudifasciatus,1,6个亚种;-----------------------------------------------------;2022-12-26 古巴萨帕塔(caudifasciatus)
Tyrannus couchii,0,
Tyrannus crassirostris,0,
Tyrannus cubensis,0,Najasa;Guaniquanico Cordillera
Tyrannus dominicensis,0,
Tyrannus forficatus,2,3-25 Tarcoles--Tour en Bote 8.34%
Tyrannus melancholicus,2,3-18 Hotel Bougainvillea 52.33%;3-19 La Paz Waterfall Gardens 15.67%;3-19 Donde Cope 18.00%;3-19 Tirimbina Rainforest 38.05%;3-20 Estacion Biologica La Selva 44.98%;3-21 Arenal Observatory Lodge 46.41%;3-21 Galeria de Colibriy Soda Cinchona 8.31%;3-22 Arenal Observatory Lodge--access rd 25.71%;3-23 Hotel de Montana Monteverde 33.38%;3-24 Curi-Cancha Refugio de Vida Silvestre 22.28%;3-24 Reserva Bosque Nuboso Monteverde 8.60%;3-25 Cerro Lodge 34.10%;3-25 Tarcoles--Tour en Bote 55.38%;3-26 PN Carara-Entrada principal 29.46%
Tyrannus niveigularis,0,
Tyrannus savana,0,
Tyrannus tyrannus,1,单型种(全);-----------------------------------------------------;2022-6-9 多伦多Thompson公园
Tyrannus verticalis,0,
Tyrannus vociferans,0,
Rhytipterna holerythra,2,3-20 Estacion Biologica La Selva 23.68%;3-21 Arenal Observatory Lodge 11.02%;3-24 Curi-Cancha Refugio de Vida Silvestre 2.94%
Rhytipterna immunda,0,
Rhytipterna simplex,0,
Sirystes albocinereus,0,
Sirystes albogriseus,0,
Sirystes sibilator,0,
Sirystes subcanescens,0,
Casiornis fuscus,0,
Casiornis rufus,0,
Myiarchus antillarum,0,
Myiarchus apicalis,0,
Myiarchus barbirostris,0,
Myiarchus cephalotes,0,
Myiarchus cinerascens,0,
Myiarchus crinitus,1,单型种(全);-----------------------------------------------------;2022-6-12 多伦多Earl Bales公园
Myiarchus ferox,0,
Myiarchus magnirostris,0,
Myiarchus nugator,0,
Myiarchus nuttingi,2,3-25 Cerro Lodge 5.14%
Myiarchus oberi,0,
Myiarchus panamensis,2,3-25 Tarcoles--Tour en Bote 29.49%
Myiarchus phaeocephalus,0,
Myiarchus sagrae,1,2个亚种;-----------------------------------------------------;2022-12-26 古巴萨帕塔(sagrae)
Myiarchus semirufus,0,
Myiarchus stolidus,0,
Myiarchus swainsoni,0,
Myiarchus tuberculifer,2,3-19 Tirimbina Rainforest 10.68%;3-20 Estacion Biologica La Selva 29.21%;3-21 Arenal Observatory Lodge 21.06%;3-21 Galeria de Colibriy Soda Cinchona 1.81%;3-22 Arenal Observatory Lodge--access rd 5.71%;3-24 Curi-Cancha Refugio de Vida Silvestre 24.60%;3-24 Reserva Bosque Nuboso Monteverde 5.68%;3-25 Cerro Lodge 7.34%;3-25 Tarcoles--Tour en Bote 3.57%;3-26 PN Carara-Entrada principal 21.66%
Myiarchus tyrannulus,2,3-25 Cerro Lodge 6.23%
Myiarchus validus,0,
Myiarchus venezuelensis,0,
Myiarchus yucatanensis,0,
Ramphotrigon flammulatum,0,
Ramphotrigon fuscicauda,0,
Ramphotrigon megacephalum,0,
Ramphotrigon ruficauda,0,
Attila bolivianus,0,
Attila cinnamomeus,0,
Attila citriniventris,0,
Attila phoenicurus,0,
Attila rufus,0,
Attila spadiceus,2,3-19 Donde Cope 9.00%;3-19 Tirimbina Rainforest 29.07%;3-20 Estacion Biologica La Selva 37.85%;3-21 Arenal Observatory Lodge 12.67%;3-21 Galeria de Colibriy Soda Cinchona 2.53%;3-22 Arenal Observatory Lodge--access rd 10.01%;3-24 Curi-Cancha Refugio de Vida Silvestre 3.57%;3-24 Reserva Bosque Nuboso Monteverde 2.41%;3-25 Cerro Lodge 2.93%;3-25 Tarcoles--Tour en Bote 6.25%;3-26 PN Carara-Entrada principal 18.63%
Attila torridus,0,
Ampelioides tschudii,0,
Pipreola arcuata,0,
Pipreola aureopectus,0,
Pipreola chlorolepidota,0,
Pipreola formosa,0,
Pipreola frontalis,0,
Pipreola intermedia,0,
Pipreola jucunda,0,
Pipreola lubomirskii,0,
Pipreola pulchra,0,
Pipreola riefferii,0,
Pipreola whitelyi,0,
Snowornis cryptolophus,0,
Snowornis subalaris,0,
Carpornis cucullata,0,
Carpornis melanocephala,0,
Rupicola peruvianus,0,
Rupicola rupicola,0,
Phoenicircus carnifex,0,
Phoenicircus nigricollis,0,
Zaratornis stresemanni,0,
Phytotoma raimondii,0,
Phytotoma rara,0,
Phytotoma rutila,0,
Phibalura boliviana,0,
Phibalura flavirostris,0,
Doliornis remseni,0,
Doliornis sclateri,0,
Ampelion rubrocristatus,0,
Ampelion rufaxilla,0,
Haematoderus militaris,0,
Querula purpurata,2,3-20 Estacion Biologica La Selva 13.06%
Pyroderus scutatus,0,
Cephalopterus glabricollis,0,
Cephalopterus ornatus,0,
Cephalopterus penduliger,0,
Perissocephalus tricolor,0,
Lipaugus ater,0,
Lipaugus conditus,0,
Lipaugus fuscocinereus,0,
Lipaugus lanioides,0,
Lipaugus streptophorus,0,
Lipaugus unirufus,2,3-20 Estacion Biologica La Selva 3.84%;3-26 PN Carara-Entrada principal 18.63%
Lipaugus uropygialis,0,
Lipaugus vociferans,0,
Lipaugus weberi,0,
Procnias albus,0,
Procnias averano,0,
Procnias nudicollis,0,
Procnias tricarunculatus,2,3-21 Arenal Observatory Lodge 3.41%;3-22 Arenal Observatory Lodge--access rd 4.29%;3-23 Hotel de Montana Monteverde 18.75%;3-24 Curi-Cancha Refugio de Vida Silvestre 38.88%;3-24 Reserva Bosque Nuboso Monteverde 25.99%
Cotinga amabilis,0,
Cotinga cayana,0,
Cotinga cotinga,0,
Cotinga maculata,0,
Cotinga maynana,0,
Cotinga nattererii,0,
Cotinga ridgwayi,0,
Porphyrolaema porphyrolaema,0,
Conioptilon mcilhennyi,0,
Gymnoderus foetidus,0,
Xipholena atropurpurea,0,
Xipholena lamellipennis,0,
Xipholena punicea,0,
Carpodectes antoniae,0,
Carpodectes hopkei,0,
Carpodectes nitidus,2,3-20 Estacion Biologica La Selva 21.11%
Tyranneutes stolzmanni,0,
Tyranneutes virescens,0,
Neopelma aurifrons,0,
Neopelma chrysocephalum,0,
Neopelma chrysolophum,0,
Neopelma pallescens,0,
Neopelma sulphureiventer,0,
Chloropipo flavicapilla,0,
Chloropipo unicolor,0,
Antilophia bokermanni,0,
Antilophia galeata,0,
Chiroxiphia boliviana,0,
Chiroxiphia caudata,0,
Chiroxiphia lanceolata,0,
Chiroxiphia linearis,2,3-24 Curi-Cancha Refugio de Vida Silvestre 15.55%;3-24 Reserva Bosque Nuboso Monteverde 3.27%;3-26 PN Carara-Entrada principal 14.09%
Chiroxiphia pareola,0,
Ilicura militaris,0,
Masius chrysopterus,0,
Corapipo altera,2,3-21 Arenal Observatory Lodge 9.36%
Corapipo gutturalis,0,
Corapipo leucorrhoa,0,
Xenopipo atronitens,0,
Xenopipo uniformis,0,
Cryptopipo holochlora,0,
Cryptopipo litae,0,
Lepidothrix coeruleocapilla,0,
Lepidothrix coronata,2,3-26 PN Carara-Entrada principal 25.79%
Lepidothrix iris,0,
Lepidothrix isidorei,0,
Lepidothrix nattereri,0,
Lepidothrix serena,0,
Lepidothrix suavissima,0,
Lepidothrix velutina,0,
Lepidothrix vilasboasi,0,
Heterocercus aurantiivertex,0,
Heterocercus flavivertex,0,
Heterocercus linteatus,0,
Manacus aurantiacus,2,3-26 PN Carara-Entrada principal 27.32%
Manacus candei,2,3-19 Donde Cope 22.01%;3-19 Tirimbina Rainforest 42.33%;3-20 Estacion Biologica La Selva 41.26%;3-21 Arenal Observatory Lodge 17.55%;3-22 Arenal Observatory Lodge--access rd 5.73%
Manacus manacus,0,
Manacus vitellinus,0,
Pipra aureola,0,
Pipra fasciicauda,0,
Pipra filicauda,0,
Machaeropterus deliciosus,0,
Machaeropterus eckelberryi,0,
Machaeropterus pyrocephalus,0,
Machaeropterus regulus,0,
Machaeropterus striolatus,0,
Pseudopipra pipra,0,
Ceratopipra chloromeros,0,
Ceratopipra cornuta,0,
Ceratopipra erythrocephala,0,
Ceratopipra mentalis,2,3-19 Tirimbina Rainforest 12.39%;3-20 Estacion Biologica La Selva 8.05%;3-26 PN Carara-Entrada principal 32.94%
Ceratopipra rubrocapilla,0,
Oxyruncus cristatus,0,
Onychorhynchus coronatus,0,
Onychorhynchus mexicanus,2,3-26 PN Carara-Entrada principal 17.98%
Onychorhynchus occidentalis,0,
Onychorhynchus swainsoni,0,
Myiobius atricaudus,0,
Myiobius barbatus,0,
Myiobius sulphureipygius,2,3-21 Arenal Observatory Lodge 7.22%;3-22 Arenal Observatory Lodge--access rd 5.71%;3-26 PN Carara-Entrada principal 28.16%
Myiobius villosus,0,
Terenotriccus erythrurus,2,3-25 Tarcoles--Tour en Bote 6.55%
Tityra cayana,0,
Tityra inquisitor,2,3-19 Donde Cope 6.00%;3-20 Estacion Biologica La Selva 14.24%;3-21 Arenal Observatory Lodge 4.68%;3-25 Cerro Lodge 5.88%
Tityra semifasciata,2,3-18 Hotel Bougainvillea 3.22%;3-19 La Paz Waterfall Gardens 2.61%;3-19 Donde Cope 10.00%;3-19 Tirimbina Rainforest 18.82%;3-20 Estacion Biologica La Selva 37.92%;3-21 Arenal Observatory Lodge 20.77%;3-21 Galeria de Colibriy Soda Cinchona 1.44%;3-22 Arenal Observatory Lodge--access rd 8.57%;3-23 Hotel de Montana Monteverde 22.98%;3-24 Curi-Cancha Refugio de Vida Silvestre 23.96%;3-24 Reserva Bosque Nuboso Monteverde 6.19%;3-25 Cerro Lodge 12.84%;3-25 Tarcoles--Tour en Bote 3.57%;3-26 PN Carara-Entrada principal 5.20%
Schiffornis aenea,0,
Schiffornis major,0,
Schiffornis olivacea,0,
Schiffornis stenorhyncha,0,
Schiffornis turdina,0,
Schiffornis veraepacis,0,
Schiffornis virescens,0,
Laniocera hypopyrra,0,
Laniocera rufescens,0,
Iodopleura fusca,0,
Iodopleura isabellae,0,
Iodopleura pipra,0,
Laniisoma buckleyi,0,
Laniisoma elegans,0,
Xenopsaris albinucha,0,
Pachyramphus aglaiae,2,3-18 Hotel Bougainvillea 2.08%;3-25 Cerro Lodge 26.04%;3-25 Tarcoles--Tour en Bote 6.26%;3-26 PN Carara-Entrada principal 26.21%
Pachyramphus albogriseus,0,
Pachyramphus castaneus,0,
Pachyramphus cinnamomeus,2,3-19 Tirimbina Rainforest 5.56%;3-20 Estacion Biologica La Selva 39.18%;3-21 Arenal Observatory Lodge 22.62%;3-22 Arenal Observatory Lodge--access rd 8.57%;3-25 Tarcoles--Tour en Bote 3.87%
Pachyramphus homochrous,0,
Pachyramphus major,0,
Pachyramphus marginatus,0,
Pachyramphus minor,0,
Pachyramphus niger,0,
Pachyramphus polychopterus,2,3-20 Estacion Biologica La Selva 5.68%;3-26 PN Carara-Entrada principal 11.27%
Pachyramphus rufus,0,
Pachyramphus spodiurus,0,
Pachyramphus surinamus,0,
Pachyramphus validus,0,
Pachyramphus versicolor,2,3-19 La Paz Waterfall Gardens 5.66%;3-19 Tirimbina Rainforest 37.62%;3-20 Estacion Biologica La Selva 27.51%;3-21 Arenal Observatory Lodge 15.99%;3-22 Arenal Observatory Lodge--access rd 10.00%;3-24 Curi-Cancha Refugio de Vida Silvestre 23.12%;3-24 Reserva Bosque Nuboso Monteverde 8.76%;3-25 Cerro Lodge 2.93%;3-26 PN Carara-Entrada principal 44.40%;3-28 Savegre Hotel 6.75%
Pachyramphus viridis,0,
Pachyramphus xanthogenys,0,
Menura alberti,0,
Menura novaehollandiae,0,
Atrichornis clamosus,0,
Atrichornis rufescens,0,
Ailuroedus arfakianus,0,
Ailuroedus astigmaticus,0,
Ailuroedus buccoides,1,单型种(全);-----------------------------------------------------;2019-5-7 香港公园尤德观鸟园
Ailuroedus crassirostris,0,
Ailuroedus geislerorum,0,
Ailuroedus jobiensis,0,
Ailuroedus maculosus,0,
Ailuroedus melanocephalus,0,
Ailuroedus melanotis,0,
Ailuroedus stonii,0,
Scenopoeetes dentirostris,0,
Archboldia papuensis,0,
Amblyornis flavifrons,0,
Amblyornis germanus,0,
Amblyornis inornata,0,
Amblyornis macgregoriae,0,
Amblyornis subalaris,0,
Prionodura newtoniana,0,
Sericulus ardens,0,
Sericulus aureus,0,
Sericulus bakeri,0,
Sericulus chrysocephalus,0,
Ptilonorhynchus violaceus,0,
Chlamydera cerviniventris,0,
Chlamydera guttata,0,
Chlamydera lauterbachi,0,
Chlamydera maculata,0,
Chlamydera nuchalis,0,
Cormobates leucophaea,0,
Cormobates placens,0,
Climacteris affinis,0,
Climacteris erythrops,0,
Climacteris melanurus,0,
Climacteris picumnus,0,
Climacteris rufus,0,
Sipodotus wallacii,0,
Chenorhamphus campbelli,0,
Chenorhamphus grayi,0,
Malurus alboscapulatus,0,
Malurus amabilis,0,
Malurus assimilis,0,
Malurus coronatus,0,
Malurus cyaneus,0,
Malurus cyanocephalus,0,
Malurus elegans,0,
Malurus lamberti,0,
Malurus leucopterus,0,
Malurus melanocephalus,0,
Malurus pulcherrimus,0,
Malurus splendens,0,
Clytomyias insignis,0,
Stipiturus malachurus,0,
Stipiturus mallee,0,
Stipiturus ruficeps,0,
Amytornis ballarae,0,
Amytornis barbatus,0,
Amytornis dorotheae,0,
Amytornis goyderi,0,
Amytornis housei,0,
Amytornis merrotsyi,0,
Amytornis modestus,0,
Amytornis purnelli,0,
Amytornis rowleyi,0,
Amytornis striatus,0,
Amytornis textilis,0,
Amytornis whitei,0,
Amytornis woodwardi,0,
Myza celebensis,0,
Myza sarasinorum,0,
Acanthorhynchus superciliosus,0,
Acanthorhynchus tenuirostris,0,
Glycichaera fallax,0,
Melionyx fuscus,0,
Melionyx nouhuysi,0,
Melionyx princeps,0,
Ptiloprora erythropleura,0,
Ptiloprora guisei,0,
Ptiloprora mayri,0,
Ptiloprora meekiana,0,
Ptiloprora perstriata,0,
Ptiloprora plumbea,0,
Ashbyia lovensis,0,
Epthianura albifrons,0,
Epthianura aurifrons,0,
Epthianura crocea,0,
Epthianura tricolor,0,
Stresemannia bougainvillei,0,
Conopophila albogularis,0,
Conopophila rufogularis,0,
Conopophila whitei,0,
Ramsayornis fasciatus,0,
Ramsayornis modestus,0,
Melilestes megarhynchus,0,
Timeliopsis fulvigula,0,
Timeliopsis griseigula,0,
Melipotes ater,0,
Melipotes carolae,0,
Melipotes fumigatus,0,
Melipotes gymnops,0,
Macgregoria pulchra,0,
Glycifohia notabilis,0,
Glycifohia undulata,0,
Gliciphila melanops,0,
Pycnopygius cinereus,0,
Pycnopygius ixoides,0,
Pycnopygius stictocephalus,0,
Certhionyx variegatus,0,
Prosthemadera novaeseelandiae,1,2个亚种;-----------------------------------------------------;2019-1 新西兰南北岛(novaeseelandiae)
Anthornis melanocephala,0,
Anthornis melanura,1,3个亚种;-----------------------------------------------------;2019-1 新西兰南岛(melanura)
Sugomel lombokium,0,
Sugomel nigrum,0,
Melitograis gilolensis,0,
Vosea whitemanensis,0,
Myzomela adolphinae,0,
Myzomela albigula,0,
Myzomela batjanensis,0,
Myzomela blasii,0,
Myzomela boiei,0,
Myzomela caledonica,0,
Myzomela cardinalis,0,
Myzomela chermesina,0,
Myzomela chloroptera,0,
Myzomela cineracea,0,
Myzomela cruentata,0,
Myzomela dammermani,0,
Myzomela eichhorni,0,
Myzomela eques,0,
Myzomela erythrina,0,
Myzomela erythrocephala,0,
Myzomela erythromelas,0,
Myzomela irianawidodoae,0,
Myzomela jugularis,0,
Myzomela kuehni,0,
Myzomela lafargei,0,
Myzomela longirostris,0,
Myzomela malaitae,0,
Myzomela melanocephala,0,
Myzomela nigrita,0,
Myzomela obscura,0,
Myzomela pammelaena,0,
Myzomela prawiradilagae,0,
Myzomela pulchella,0,
Myzomela rosenbergii,0,
Myzomela rubratra,0,
Myzomela rubrobrunnea,0,
Myzomela rubrotincta,0,
Myzomela sanguinolenta,0,
Myzomela sclateri,0,
Myzomela simplex,0,
Myzomela tristrami,0,
Myzomela vulnerata,0,
Myzomela wahe,0,
Myzomela wakoloensis,0,
Philemon albitorques,0,
Philemon argenticeps,0,
Philemon brassi,0,
Philemon buceroides,0,
Philemon citreogularis,0,
Philemon cockerelli,0,
Philemon corniculatus,0,
Philemon diemenensis,0,
Philemon eichhorni,0,
Philemon fuscicapillus,0,
Philemon inornatus,0,
Philemon kisserensis,0,
Philemon meyeri,0,
Philemon moluccensis,0,
Philemon novaeguineae,0,
Philemon plumigenis,0,
Philemon subcorniculatus,0,
Philemon yorki,0,
Xanthotis flaviventer,0,
Xanthotis macleayanus,0,
Xanthotis polygrammus,0,
Plectorhyncha lanceolata,0,
Grantiella picta,0,
Trichodere cockerelli,0,
Phylidonyris niger,0,
Phylidonyris novaehollandiae,0,
Phylidonyris pyrrhopterus,0,
Lichmera alboauricularis,0,
Lichmera argentauris,0,
Lichmera deningeri,0,
Lichmera flavicans,0,
Lichmera incana,0,
Lichmera indistincta,0,
Lichmera monticola,0,
Lichmera notabilis,0,
Lichmera squamata,0,
Cissomela pectoralis,0,
Guadalcanaria inexpectata,0,
Meliarchus sclateri,0,
Gymnomyza aubryana,0,
Gymnomyza brunneirostris,0,
Gymnomyza samoensis,0,
Gymnomyza viridis,0,
Foulehaio carunculatus,0,
Foulehaio procerior,0,
Foulehaio taviunensis,0,
Meliphacator provocator,0,
Nesoptilotis flavicollis,0,
Nesoptilotis leucotis,0,
Entomyzon cyanotis,1,3个亚种;-----------------------------------------------------;2019-8-19 新加坡裕廊飞禽公园
Melithreptus affinis,0,
Melithreptus albogularis,0,
Melithreptus brevirostris,0,
Melithreptus chloropsis,0,
Melithreptus gularis,0,
Melithreptus lunatus,0,
Melithreptus validirostris,0,
Stomiopera flava,0,
Stomiopera unicolor,0,
Meliphaga aruensis,0,
Meliphaga lewinii,0,
Meliphaga notata,0,
Purnella albifrons,0,
Lichenostomus cratitius,0,
Lichenostomus melanops,0,
Microptilotis albonotatus,0,
Microptilotis analogus,0,
Microptilotis cinereifrons,0,
Microptilotis flavirictus,0,
Microptilotis gracilis,0,
Microptilotis imitatrix,0,
Microptilotis mimikae,0,
Microptilotis montanus,0,
Microptilotis orientalis,0,
Microptilotis vicina,0,
Territornis albilineata,0,
Territornis fordiana,0,
Territornis reticulata,0,
Gavicalis fasciogularis,0,
Gavicalis versicolor,0,
Gavicalis virescens,0,
Oreornis chrysogenys,0,
Ptilotula flavescens,0,
Ptilotula fusca,0,
Ptilotula keartlandi,0,
Ptilotula ornata,0,
Ptilotula penicillata,0,
Ptilotula plumula,0,
Caligavis chrysops,0,
Caligavis obscura,0,
Caligavis subfrenata,0,
Anthochaera carunculata,0,
Anthochaera chrysoptera,0,
Anthochaera lunulata,0,
Anthochaera paradoxa,0,
Anthochaera phrygia,0,
Acanthagenys rufogularis,0,
Bolemoreus frenatus,0,
Bolemoreus hindwoodi,0,
Melidectes belfordi,0,
Melidectes foersteri,0,
Melidectes leucostephes,0,
Melidectes ochromelas,0,
Melidectes rufocrissalis,0,
Melidectes torquatus,0,
Manorina flavigula,0,
Manorina melanocephala,0,
Manorina melanophrys,0,
Manorina melanotis,0,
Dasyornis brachypterus,0,
Dasyornis broadbenti,0,
Dasyornis longirostris,0,
Pardalotus punctatus,0,
Pardalotus quadragintus,0,
Pardalotus rubricatus,0,
Pardalotus striatus,0,
Pachycare flavogriseum,0,
Oreoscopus gutturalis,0,
Acanthornis magna,0,
Smicrornis brevirostris,0,
Calamanthus campestris,0,
Calamanthus fuliginosus,0,
Calamanthus montanellus,0,
Hylacola cauta,0,
Hylacola pyrrhopygia,0,
Pycnoptilus floccosus,0,
Pyrrholaemus brunneus,0,
Pyrrholaemus sagittatus,0,
Origma murina,0,
Origma robusta,0,
Origma solitaria,0,
Neosericornis citreogularis,0,
Aethomyias arfakianus,0,
Aethomyias nigrorufus,0,
Aethomyias papuensis,0,
Aethomyias perspicillatus,0,
Aethomyias rufescens,0,
Aethomyias spilodera,0,
Sericornis beccarii,0,
Sericornis frontalis,0,
Sericornis humilis,0,
Sericornis keri,0,
Sericornis maculatus,0,
Sericornis magnirostra,0,
Sericornis nouhuysi,0,
Sericornis virgatus,0,
Gerygone albofrontata,0,
Gerygone chloronota,0,
Gerygone chrysogaster,0,
Gerygone citrina,0,
Gerygone dorsalis,0,
Gerygone flavolateralis,0,
Gerygone fusca,0,
Gerygone hypoxantha,0,
Gerygone igata,0,
Gerygone inornata,0,
Gerygone insularis,0,
Gerygone levigaster,0,
Gerygone magnirostris,0,
Gerygone modesta,0,
Gerygone mouki,0,
Gerygone olivacea,0,
Gerygone palpebrosa,0,
Gerygone ruficollis,0,
Gerygone sulphurea,0,
Gerygone tenebrosa,0,
Acanthiza apicalis,0,
Acanthiza chrysorrhoa,0,
Acanthiza cinerea,0,
Acanthiza ewingii,0,
Acanthiza inornata,0,
Acanthiza iredalei,0,
Acanthiza katherina,0,
Acanthiza lineata,0,
Acanthiza murina,0,
Acanthiza nana,0,
Acanthiza pusilla,0,
Acanthiza reguloides,0,
Acanthiza robustirostris,0,
Acanthiza uropygialis,0,
Aphelocephala leucopsis,0,
Aphelocephala nigricincta,0,
Aphelocephala pectoralis,0,
Garritornis isidorei,0,
Pomatostomus halli,0,
Pomatostomus ruficeps,0,
Pomatostomus superciliosus,0,
Pomatostomus temporalis,0,
Orthonyx novaeguineae,0,
Orthonyx spaldingii,0,
Orthonyx temminckii,0,
Cnemophilus loriae,0,
Cnemophilus macgregorii,0,
Loboparadisea sericea,0,
Melanocharis arfakiana,0,
Melanocharis citreola,0,
Melanocharis longicauda,0,
Melanocharis nigra,0,
Melanocharis striativentris,0,
Melanocharis versteri,0,
Rhamphocharis crassirostris,0,
Rhamphocharis piperata,0,
Oedistoma iliolophus,0,
Oedistoma pygmaeum,0,
Toxorhamphus novaeguineae,0,
Toxorhamphus poliopterus,0,
Oreocharis arfaki,0,
Paramythia montium,0,
Paramythia olivacea,0,
Callaeas cinereus,0,
Callaeas wilsoni,0,
Philesturnus carunculatus,0,
Philesturnus rufusater,0,
Heteralocha acutirostris,0,
Notiomystis cincta,0,
Androphobus viridis,0,
Psophodes cristatus,0,
Psophodes leucogaster,0,
Psophodes nigrogularis,0,
Psophodes occidentalis,0,
Psophodes olivaceus,0,
Ptilorrhoa caerulescens,0,
Ptilorrhoa castanonota,0,
Ptilorrhoa geislerorum,0,
Ptilorrhoa leucosticta,0,
Cinclosoma ajax,0,
Cinclosoma alisteri,0,
Cinclosoma castaneothorax,0,
Cinclosoma castanotum,0,
Cinclosoma cinnamomeum,0,
Cinclosoma clarum,0,
Cinclosoma marginatum,0,
Cinclosoma punctatum,0,
Batis capensis,0,
Batis crypta,0,
Batis dimorpha,0,
Batis diops,0,
Batis erlangeri,0,
Batis fratrum,0,
Batis ituriensis,0,
Batis margaritae,0,
Batis minima,0,
Batis minor,0,
Batis minulla,0,
Batis mixta,0,
Batis molitor,0,
Batis occulta,0,
Batis orientalis,0,
Batis perkeo,0,
Batis poensis,0,
Batis pririt,0,
Batis reichenowi,0,
Batis senegalensis,0,
Batis soror,0,
Lanioturdus torquatus,0,
Platysteira albifrons,0,
Platysteira blissetti,0,
Platysteira castanea,0,
Platysteira chalybea,0,
Platysteira concreta,0,
Platysteira cyanea,0,
Platysteira hormophora,0,
Platysteira jamesoni,0,
Platysteira laticincta,0,
Platysteira peltata,0,
Platysteira tonsa,0,
Malaconotus alius,0,
Malaconotus blanchoti,0,
Malaconotus cruentus,0,
Malaconotus gladiator,0,
Malaconotus lagdeni,0,
Malaconotus monteiri,0,
Chlorophoneus bocagei,0,
Chlorophoneus kupeensis,0,
Chlorophoneus multicolor,0,
Chlorophoneus nigrifrons,0,
Chlorophoneus olivaceus,0,
Chlorophoneus sulfureopectus,0,
Telophorus cruentus,0,
Telophorus dohertyi,0,
Telophorus viridis,0,
Telophorus zeylonus,0,
Bocagia minuta,0,
Tchagra australis,0,
Tchagra jamesi,0,
Tchagra senegalus,0,
Tchagra tchagra,0,
Dryoscopus angolensis,0,
Dryoscopus cubla,0,
Dryoscopus gambensis,0,
Dryoscopus pringlii,0,
Dryoscopus sabini,0,
Dryoscopus senegalensis,0,
Laniarius aethiopicus,0,
Laniarius amboimensis,0,
Laniarius atrococcineus,0,
Laniarius atroflavus,0,
Laniarius barbarus,0,
Laniarius bicolor,0,
Laniarius brauni,0,
Laniarius erythrogaster,0,
Laniarius ferrugineus,0,
Laniarius fuelleborni,0,
Laniarius funebris,0,
Laniarius holomelas,0,
Laniarius leucorhynchus,0,
Laniarius luehderi,0,
Laniarius major,0,
Laniarius mufumbiri,0,
Laniarius nigerrimus,0,
Laniarius poensis,0,
Laniarius ruficeps,0,
Laniarius sublacteus,0,
Laniarius turatii,0,
Laniarius willardi,0,
Nilaus afer,0,
Machaerirhynchus flaviventer,0,
Machaerirhynchus nigripectus,0,
Calicalicus madagascariensis,0,
Calicalicus rufocarpalis,0,
Vanga curvirostris,0,
Oriolia bernieri,0,
Xenopirostris damii,0,
Xenopirostris polleni,0,
Xenopirostris xenopirostris,0,
Falculea palliata,0,
Artamella viridis,0,
Leptopterus chabert,0,
Cyanolanius comorensis,0,
Cyanolanius madagascarinus,0,
Schetba rufa,0,
Euryceros prevostii,0,
Tylas eduardi,0,
Hypositta corallirostris,0,
Newtonia amphichroa,0,
Newtonia archboldi,0,
Newtonia brunneicauda,0,
Newtonia fanovanae,0,
Pseudobias wardi,0,
Mystacornis crossleyi,0,
Prionops alberti,0,
Prionops caniceps,0,
Prionops gabela,0,
Prionops plumatus,0,
Prionops poliolophus,0,
Prionops retzii,0,
Prionops rufiventris,0,
Prionops scopifrons,0,
Hemipus hirundinaceus,0,
Hemipus picatus,0,
Tephrodornis affinis,0,
Tephrodornis pondicerianus,0,
Tephrodornis sylvicola,0,
Tephrodornis virgatus,1,10个亚种;-----------------------------------------------------;2020-6-5 三明萝卜岩(latouchei)
Philentoma pyrhoptera,0,
Philentoma velata,0,
Megabyas flammulatus,0,
Bias musicus,0,
Pityriasis gymnocephala,0,
Artamus cinereus,0,
Artamus cyanopterus,0,
Artamus fuscus,1,单型种(全);-----------------------------------------------------;2019-10-4 广西北海冠头岭;2022-1-19 海南尖峰岭
Artamus insignis,0,
Artamus leucorynchus,0,
Artamus maximus,0,
Artamus mentalis,0,
Artamus minor,0,
Artamus monachus,0,
Artamus personatus,0,
Artamus superciliosus,0,
Peltops blainvillii,0,
Peltops montanus,0,
Melloria quoyi,0,
Gymnorhina tibicen,1,8个亚种;-----------------------------------------------------;2019-1 新西兰北岛(tyrannica);2019-1 新西兰南岛(hypoleuca)
Cracticus argenteus,0,
Cracticus cassicus,0,
Cracticus louisiadensis,0,
Cracticus mentalis,0,
Cracticus nigrogularis,0,
Cracticus torquatus,0,
Strepera fuliginosa,0,
Strepera graculina,0,
Strepera versicolor,0,
Rhagologus leucostigma,0,
Aegithina lafresnayei,0,
Aegithina nigrolutea,0,
Aegithina tiphia,1,11个亚种;-----------------------------------------------------;2019-8-21 新加坡巴西立公园(horizoptera)
Aegithina viridissima,0,
Pericrocotus albifrons,0,
Pericrocotus brevirostris,0,
Pericrocotus cantonensis,1,单型种(全);-----------------------------------------------------;2021-4-24 杭州植物园
Pericrocotus cinnamomeus,0,
Pericrocotus divaricatus,1,单型种(全);-----------------------------------------------------;2020-5-8 厦门虎头山公园
Pericrocotus erythropygius,0,
Pericrocotus ethologus,0,
Pericrocotus flammeus,0,
Pericrocotus igneus,0,
Pericrocotus lansbergei,0,
Pericrocotus miniatus,0,
Pericrocotus roseus,0,
Pericrocotus solaris,1,8个亚种;-----------------------------------------------------;2019-4-27 厦门同安杉际内(griseogularis);2022-1-20 海南尖峰岭(griseogularis)
Pericrocotus speciosus,1,18个亚种;-----------------------------------------------------;2018-3 厦门天竺山森林公园(fohkiensis);2022-1-20 海南尖峰岭(fraterculus)
Pericrocotus tegimae,1,单型种(全);-----------------------------------------------------;2021-1-29 厦门狐尾山
Ceblepyris caesius,0,
Ceblepyris cinereus,0,
Ceblepyris cucullatus,0,
Ceblepyris graueri,0,
Ceblepyris pectoralis,0,
Coracina atriceps,0,
Coracina bicolor,0,
Coracina boyeri,0,
Coracina caeruleogrisea,0,
Coracina caledonica,0,
Coracina dobsoni,0,
Coracina fortis,0,
Coracina ingens,0,
Coracina javensis,0,
Coracina larvata,0,
Coracina leucopygia,0,
Coracina lineata,0,
Coracina longicauda,0,
Coracina macei,1,8个亚种;-----------------------------------------------------;2022-5-1 莆田天马山(rexpineti)
Coracina maxima,0,
Coracina novaehollandiae,0,
Coracina papuensis,0,
Coracina personata,0,
Coracina schistacea,0,
Coracina striata,0,
Coracina temminckii,0,
Coracina welchmani,0,
Campephaga flava,0,
Campephaga petiti,0,
Campephaga phoenicea,0,
Campephaga quiscalina,0,
Lobotos lobatus,0,
Lobotos oriolinus,0,
Campochaera sloetii,0,
Malindangia mcgregori,0,
Edolisoma admiralitatis,0,
Edolisoma anale,0,
Edolisoma ceramense,0,
Edolisoma coerulescens,0,
Edolisoma dispar,0,
Edolisoma dohertyi,0,
Edolisoma holopolium,0,
Edolisoma incertum,0,
Edolisoma insperatum,0,
Edolisoma melas,0,
Edolisoma mindanense,0,
Edolisoma monacha,0,
Edolisoma montanum,0,
Edolisoma morio,0,
Edolisoma nesiotis,0,
Edolisoma ostentum,0,
Edolisoma parvulum,0,
Edolisoma remotum,0,
Edolisoma salomonis,0,
Edolisoma schisticeps,0,
Edolisoma sula,0,
Edolisoma tenuirostre,0,
Celebesica abbotti,0,
Cyanograucalus azureus,0,
Lalage atrovirens,0,
Lalage aurea,0,
Lalage conjuncta,0,
Lalage fimbriata,0,
Lalage leucomela,0,
Lalage leucoptera,0,
Lalage leucopyga,0,
Lalage leucopygialis,0,
Lalage maculosa,0,
Lalage melanoleuca,0,
Lalage melanoptera,0,
Lalage melaschistos,1,4个亚种;-----------------------------------------------------;2019-9-30 厦门植物园(intermedia)
Lalage moesta,0,
Lalage newtoni,0,
Lalage nigra,0,
Lalage polioptera,0,
Lalage sharpei,0,
Lalage sueurii,0,
Lalage tricolor,0,
Lalage typica,0,
Mohoua albicilla,0,
Mohoua novaeseelandiae,0,
Mohoua ochrocephala,0,
Daphoenositta chrysoptera,0,
Daphoenositta miranda,0,
Daphoenositta papuensis,0,
Eulacestoma nigropectus,0,
Aleadryas rufinucha,0,
Ornorectes cristatus,0,
Oreoica gutturalis,0,
Falcunculus frontatus,0,
Falcunculus leucogaster,0,
Falcunculus whitei,0,
Coracornis raveni,0,
Coracornis sanghirensis,0,
Melanorectes nigrescens,0,
Pachycephala albiventris,0,
Pachycephala arctitorquis,0,
Pachycephala aurea,0,
Pachycephala balim,0,
Pachycephala caledonica,0,
Pachycephala chlorura,0,
Pachycephala cinerea,0,
Pachycephala citreogaster,0,
Pachycephala collaris,0,
Pachycephala feminina,0,
Pachycephala flavifrons,0,
Pachycephala fuliginosa,0,
Pachycephala fulvotincta,0,
Pachycephala griseonota,0,
Pachycephala homeyeri,0,
Pachycephala hyperythra,0,
Pachycephala hypoxantha,0,
Pachycephala implicata,0,
Pachycephala inornata,0,
Pachycephala jacquinoti,0,
Pachycephala johni,0,
Pachycephala lanioides,0,
Pachycephala leucogastra,0,
Pachycephala lorentzi,0,
Pachycephala macrorhyncha,0,
Pachycephala melanorhyncha,0,
Pachycephala melanura,0,
Pachycephala mentalis,0,
Pachycephala meyeri,0,
Pachycephala modesta,0,
Pachycephala monacha,0,
Pachycephala nudigula,0,
Pachycephala olivacea,0,
Pachycephala orioloides,0,
Pachycephala orpheus,0,
Pachycephala pectoralis,0,
Pachycephala phaionota,0,
Pachycephala philippinensis,0,
Pachycephala richardsi,0,
Pachycephala rufiventris,0,
Pachycephala rufogularis,0,
Pachycephala schlegelii,0,
Pachycephala simplex,0,
Pachycephala soror,0,
Pachycephala sulfuriventer,0,
Pachycephala tenebrosa,0,
Pachycephala vanikorensis,0,
Pachycephala vitiensis,0,
Pseudorectes ferrugineus,0,
Pseudorectes incertus,0,
Colluricincla affinis,0,
Colluricincla boweri,0,
Colluricincla discolor,0,
Colluricincla fortis,0,
Colluricincla harmonica,0,
Colluricincla megarhyncha,0,
Colluricincla obscura,0,
Colluricincla rufogaster,0,
Colluricincla tappenbecki,0,
Colluricincla tenebrosa,0,
Colluricincla woodwardi,0,
Corvinella corvina,0,
Urolestes melanoleucus,0,
Eurocephalus anguitimens,0,
Eurocephalus ruppelli,0,
Lanius borealis,0,
Lanius bucephalus,0,
Lanius cabanisi,0,
Lanius collaris,0,
Lanius collurio,0,
Lanius collurioides,0,
Lanius cristatus,1,4个亚种;-----------------------------------------------------;2018-4 厦门栗喉蜂虎保护区(lucionensis);2018-10-1 台湾(lucionensis)
Lanius dorsalis,0,
Lanius excubitor,1,12个亚种;-----------------------------------------------------;2023-1-13 阿联酋乌姆盖万(aucheri)
Lanius excubitoroides,0,
Lanius giganteus,0,
Lanius gubernator,0,
Lanius humeralis,0,
Lanius isabellinus,1,3个亚种;-----------------------------------------------------;2023-1-13 阿联酋乌姆盖万(isabellinus)
Lanius ludovicianus,1,7个亚种;-----------------------------------------------------;2022-7-3 多伦多动物园(migrans)
Lanius mackinnoni,0,
Lanius meridionalis,0,
Lanius minor,0,
Lanius newtoni,0,
Lanius nubicus,0,
Lanius phoenicuroides,0,
Lanius schach,1,9个亚种;-----------------------------------------------------;2017-12 厦门湿地公园(schach);2020-8-1 西藏聂拉木县(tricolor);2022-1-18 海南南渡江(schach)
Lanius senator,0,
Lanius somalicus,0,
Lanius souzae,0,
Lanius sphenocercus,1,单型种(全);-----------------------------------------------------;2020-10-31 陕西西安湖
Lanius tephronotus,1,2个亚种;-----------------------------------------------------;2020-7-25 拉萨布达拉宫广场(lahulensis)
Lanius tigrinus,0,
Lanius validirostris,0,
Lanius vittatus,0,
Pteruthius aenobarbus,0,
Pteruthius aeralatus,1,8个亚种;-----------------------------------------------------;2022-1-2 三明峨眉峰(ricketti)
Pteruthius flaviscapis,0,
Pteruthius intermedius,0,
Pteruthius melanotis,0,
Pteruthius rufiventer,0,
Pteruthius xanthochlorus,0,
Erpornis zantholeuca,1,8个亚种;-----------------------------------------------------;2019-4-5 福州森林公园(griseiloris);2022-1-19 海南尖峰岭(tyrannulus)
Cyclarhis gujanensis,2,3-18 Hotel Bougainvillea 3.22%;3-19 La Paz Waterfall Gardens 2.17%;3-24 Curi-Cancha Refugio de Vida Silvestre 7.77%;3-24 Reserva Bosque Nuboso Monteverde 2.59%;3-25 Tarcoles--Tour en Bote 17.57%;3-28 Savegre Hotel 12.69%
Cyclarhis nigrirostris,0,
Vireolanius eximius,0,
Vireolanius leucotis,0,
Vireolanius melitophrys,0,
Vireolanius pulchellus,2,3-20 Estacion Biologica La Selva 4.50%;3-26 PN Carara-Entrada principal 9.31%
Hylophilus amaurocephalus,0,
Hylophilus brunneiceps,0,
Hylophilus flavipes,0,
Hylophilus olivaceus,0,
Hylophilus pectoralis,0,
Hylophilus poicilotis,0,
Hylophilus semicinereus,0,
Hylophilus thoracicus,0,
Tunchiornis ochraceiceps,2,3-21 Arenal Observatory Lodge 2.54%;3-26 PN Carara-Entrada principal 22.09%
Pachysylvia aurantiifrons,0,
Pachysylvia decurtata,2,3-19 Tirimbina Rainforest 37.62%;3-20 Estacion Biologica La Selva 27.51%;3-21 Arenal Observatory Lodge 15.99%;3-22 Arenal Observatory Lodge--access rd 10.00%;3-24 Curi-Cancha Refugio de Vida Silvestre 23.12%;3-24 Reserva Bosque Nuboso Monteverde 8.76%;3-25 Cerro Lodge 2.93%;3-26 PN Carara-Entrada principal 44.40%
Pachysylvia hypoxantha,0,
Pachysylvia muscicapina,0,
Pachysylvia semibrunnea,0,
Vireo altiloquus,0,
Vireo approximans,0,
Vireo atricapilla,0,
Vireo bairdi,0,
Vireo bellii,0,
Vireo brevipennis,0,
Vireo caribaeus,0,
Vireo carmioli,2,3-19 La Paz Waterfall Gardens 2.61%;3-28 Savegre Hotel 36.41%
Vireo cassinii,0,
Vireo chivi,0,
Vireo crassirostris,0,
Vireo flavifrons,0,3-18 Hotel Bougainvillea 13.45%;3-19 Tirimbina Rainforest 5.13%;3-20 Estacion Biologica La Selva 3.25%;3-21 Arenal Observatory Lodge 4.00%;3-22 Arenal Observatory Lodge--access rd 4.29%;3-24 Curi-Cancha Refugio de Vida Silvestre 3.57%;3-24 Reserva Bosque Nuboso Monteverde 1.55%;3-25 Cerro Lodge 6.60%;3-25 Tarcoles--Tour en Bote 3.28%;3-26 PN Carara-Entrada principal 21.88%
Vireo flavoviridis,2,3-18 Hotel Bougainvillea 7.58%;3-25 Cerro Lodge 17.22%;3-26 PN Carara-Entrada principal 14.73%
Vireo gilvus,1,5个亚种;-----------------------------------------------------;2022-6-11 多伦多High park(gilvus)
Vireo gracilirostris,0,
Vireo griseus,1,6个亚种;-----------------------------------------------------;2022-12-26 古巴萨帕塔(griseus)
Vireo gundlachii,1,4个亚种;-----------------------------------------------------;2022-12-26 古巴萨帕塔(gundlachii)
Vireo huttoni,0,
Vireo hypochryseus,0,
Vireo latimeri,0,
Vireo leucophrys,2,3-19 La Paz Waterfall Gardens 4.78%;3-24 Reserva Bosque Nuboso Monteverde 4.30%;3-28 Savegre Hotel 18.28%
Vireo magister,0,
Vireo masteri,0,
Vireo modestus,0,
Vireo nanus,0,
Vireo nelsoni,0,
Vireo olivaceus,1,单型种(全);-----------------------------------------------------;2022-6-11 多伦多High park
Vireo osburni,0,
Vireo pallens,2,3-25 Tarcoles--Tour en Bote 30.07%
Vireo philadelphicus,1,单型种(全);-----------------------------------------------------;2022-9-5 多伦多Thompson公园
Vireo plumbeus,0,
Vireo sclateri,0,
Vireo solitarius,1,2个亚种;-----------------------------------------------------;2022-10-2 多伦多Thompson公园(solitarius)
Vireo vicinior,0,
Turnagra capensis,0,
Turnagra tanagra,0,
Sphecotheres hypoleucus,0,
Sphecotheres vieilloti,0,
Sphecotheres viridis,0,
Pitohui cerviniventris,0,
Pitohui dichrous,0,
Pitohui kirhocephalus,0,
Pitohui uropygialis,0,
Oriolus albiloris,0,
Oriolus auratus,0,
Oriolus bouroensis,0,
Oriolus brachyrynchus,0,
Oriolus chinensis,1,20个亚种;-----------------------------------------------------;2019-8-20 新加坡植物园;2019-10-1 广西北海(diffusus);2021-9-26 厦门浦口社
Oriolus chlorocephalus,0,
Oriolus consanguineus,0,
Oriolus consobrinus,0,
Oriolus crassirostris,0,
Oriolus cruentus,0,
Oriolus decipiens,0,
Oriolus finschi,0,
Oriolus flavocinctus,0,
Oriolus forsteni,0,
Oriolus hosii,0,
Oriolus isabellae,0,
Oriolus kundoo,0,
Oriolus larvatus,0,
Oriolus melanotis,0,
Oriolus mellianus,0,
Oriolus monacha,0,
Oriolus nigripennis,0,
Oriolus oriolus,0,
Oriolus percivali,0,
Oriolus phaeochromus,0,
Oriolus sagittatus,0,
Oriolus steerii,0,
Oriolus szalayi,0,
Oriolus tenuirostris,0,
Oriolus traillii,0,
Oriolus xanthonotus,0,
Oriolus xanthornus,0,
Dicrurus adsimilis,0,
Dicrurus aeneus,1,3个亚种;-----------------------------------------------------;2022-1-20 海南尖峰岭(aeneus)
Dicrurus aldabranus,0,
Dicrurus andamanensis,0,
Dicrurus annectens,0,
Dicrurus atactus,0,
Dicrurus atripennis,0,
Dicrurus balicassius,0,
Dicrurus bracteatus,0,
Dicrurus caerulescens,0,
Dicrurus densus,0,
Dicrurus divaricatus,0,
Dicrurus forficatus,0,
Dicrurus fuscipennis,0,
Dicrurus hottentottus,1,12个亚种;-----------------------------------------------------;2018-4 厦门大学高尔夫球场(brevirostris)
Dicrurus leucophaeus,1,15个亚种;-----------------------------------------------------;2018-11 厦门天竺山森林公园(leucogenis);2022-1-24 海南三亚临春岭森林公园(innexus)
Dicrurus lophorinus,0,
Dicrurus ludwigii,0,
Dicrurus macrocercus,1,7个亚种;-----------------------------------------------------;2018-2 厦门翔安东埭桥水库(cathoecus);2022-1-18 海南儋州(cathoecus)
Dicrurus megarhynchus,0,
Dicrurus menagei,0,
Dicrurus modestus,0,
Dicrurus montanus,0,
Dicrurus occidentalis,0,
Dicrurus palawanensis,0,
Dicrurus paradiseus,1,13个亚种;-----------------------------------------------------;2019-8-20 新加坡植物园(platurus);2022-1-19 海南尖峰岭(johni)
Dicrurus remifer,0,
Dicrurus sharpei,0,
Dicrurus sumatranus,0,
Dicrurus waldenii,0,
Rhipidura albicollis,1,9个亚种;-----------------------------------------------------;2022-1-20 海南尖峰岭(celsa)
Rhipidura albiscapa,0,
Rhipidura albiventris,0,
Rhipidura albogularis,0,
Rhipidura albolimbata,0,
Rhipidura atra,0,
Rhipidura aureola,0,
Rhipidura brachyrhyncha,0,
Rhipidura cockerelli,0,
Rhipidura cyaniceps,0,
Rhipidura dahli,0,
Rhipidura dedemi,0,
Rhipidura diluta,0,
Rhipidura drownei,0,
Rhipidura dryas,0,
Rhipidura euryura,0,
Rhipidura fuliginosa,1,4个亚种;-----------------------------------------------------;2019-1-15 新西兰北岛霍比屯(placabilis);2019-1 新西兰南岛(fuliginosa)
Rhipidura fuscorufa,0,
Rhipidura habibiei,0,
Rhipidura hyperythra,0,
Rhipidura javanica,1,2个亚种;-----------------------------------------------------;2019-8-18 新加坡巴西立公园(longicauda)
Rhipidura kordensis,0,
Rhipidura kubaryi,0,
Rhipidura lepida,0,
Rhipidura leucophrys,0,
Rhipidura leucothorax,0,
Rhipidura maculipectus,0,
Rhipidura malaitae,0,
Rhipidura matthiae,0,
Rhipidura nebulosa,0,
Rhipidura nigritorquis,0,
Rhipidura nigrocinnamomea,0,
Rhipidura opistherythra,0,
Rhipidura perlata,0,
Rhipidura personata,0,
Rhipidura phasiana,0,
Rhipidura phoenicura,0,
Rhipidura rennelliana,0,
Rhipidura rufidorsa,0,
Rhipidura rufifrons,0,
Rhipidura rufiventris,0,
Rhipidura samarensis,0,
Rhipidura sauli,0,
Rhipidura semirubra,0,
Rhipidura sulaensis,0,
Rhipidura superciliaris,0,
Rhipidura superflua,0,
Rhipidura tenebrosa,0,
Rhipidura teysmanni,0,
Rhipidura threnothorax,0,
Rhipidura verreauxi,0,
Chaetorhynchus papuensis,0,
Eutrichomyias rowleyi,0,
Lamprolia klinesmithi,0,
Lamprolia victoriae,0,
Hypothymis azurea,1,23个亚种;-----------------------------------------------------;2018-11 厦门天竺山森林公园(styani);2022-1-24 海南三亚临春岭森林公园(styani)
Hypothymis coelestis,0,
Hypothymis helenae,0,
Hypothymis puella,0,
Trochocercus cyanomelas,0,
Trochocercus nitens,0,
Terpsiphone affinis,0,
Terpsiphone atrocaudata,1,3个亚种;-----------------------------------------------------;2020-4-25 厦门天竺山公园(atrocaudata)
Terpsiphone atrochalybeia,0,
Terpsiphone batesi,0,
Terpsiphone bedfordi,0,
Terpsiphone bourbonnensis,0,
Terpsiphone cinnamomea,0,
Terpsiphone corvina,0,
Terpsiphone cyanescens,0,
Terpsiphone floris,0,
Terpsiphone incei,0,
Terpsiphone mutata,0,
Terpsiphone paradisi,0,
Terpsiphone rufiventer,0,
Terpsiphone rufocinerea,0,
Terpsiphone smithii,0,
Terpsiphone viridis,0,
Chasiempis ibidis,0,
Chasiempis sandwichensis,0,
Chasiempis sclateri,0,
Pomarea dimidiata,0,
Pomarea fluxa,0,
Pomarea iphis,0,
Pomarea maupitiensis,0,
Pomarea mendozae,0,
Pomarea mira,0,
Pomarea nigra,0,
Pomarea nukuhivae,0,
Pomarea whitneyi,0,
Mayrornis lessoni,0,
Mayrornis schistaceus,0,
Mayrornis versicolor,0,
Neolalage banksiana,0,
Clytorhynchus hamlini,0,
Clytorhynchus nigrogularis,0,
Clytorhynchus pachycephaloides,0,
Clytorhynchus sanctaecrucis,0,
Clytorhynchus vitiensis,0,
Metabolus rugensis,0,
Symposiachrus axillaris,0,
Symposiachrus barbatus,0,
Symposiachrus bimaculatus,0,
Symposiachrus boanensis,0,
Symposiachrus brehmii,0,
Symposiachrus browni,0,
Symposiachrus everetti,0,
Symposiachrus guttula,0,
Symposiachrus infelix,0,
Symposiachrus julianae,0,
Symposiachrus leucurus,0,
Symposiachrus loricatus,0,
Symposiachrus manadensis,0,
Symposiachrus melanopterus,0,
Symposiachrus menckei,0,
Symposiachrus mundus,0,
Symposiachrus rubiensis,0,
Symposiachrus sacerdotum,0,
Symposiachrus trivirgatus,0,
Symposiachrus verticalis,0,
Symposiachrus vidua,0,
Monarcha castaneiventris,0,
Monarcha cinerascens,0,
Monarcha erythrostictus,0,
Monarcha frater,0,
Monarcha godeffroyi,0,
Monarcha melanopsis,0,
Monarcha richardsii,0,
Monarcha takatsukasae,0,
Carterornis castus,0,
Carterornis chrysomela,0,
Carterornis leucotis,0,
Carterornis pileatus,0,
Arses insularis,0,
Arses kaupi,0,
Arses lorealis,0,
Arses telescopthalmus,0,
Grallina bruijnii,0,
Grallina cyanoleuca,0,
Myiagra albiventris,0,
Myiagra alecto,0,
Myiagra atra,0,
Myiagra azureocapilla,0,
Myiagra caledonica,0,
Myiagra castaneigularis,0,
Myiagra cervinicauda,0,
Myiagra cervinicolor,0,
Myiagra cyanoleuca,0,
Myiagra eichhorni,0,
Myiagra erythrops,0,
Myiagra ferrocyanea,0,
Myiagra freycineti,0,
Myiagra galeata,0,
Myiagra hebetior,0,
Myiagra inquieta,0,
Myiagra nana,0,
Myiagra oceanica,0,
Myiagra pluto,0,
Myiagra rubecula,0,
Myiagra ruficollis,0,
Myiagra vanikorensis,0,
Platylophus galericulatus,0,
Platysmurus aterrimus,0,
Platysmurus leucopterus,0,
Perisoreus canadensis,0,
Perisoreus infaustus,0,
Perisoreus internigrans,0,
Cyanolyca argentigula,2,3-28 Savegre Hotel 3.3%
Cyanolyca armillata,0,
Cyanolyca cucullata,2,3-24 Curi-Cancha Refugio de Vida Silvestre 5.88%;3-24 Reserva Bosque Nuboso Monteverde 24.44%
Cyanolyca mirabilis,0,
Cyanolyca nanus,0,
Cyanolyca pulchra,0,
Cyanolyca pumilo,0,
Cyanolyca turcosa,0,
Cyanolyca viridicyanus,0,
Cyanocorax affinis,0,
Cyanocorax beecheii,0,
Cyanocorax caeruleus,0,
Cyanocorax cayanus,0,
Cyanocorax chrysops,1,4个亚种;-----------------------------------------------------;2022-7-3 多伦多动物园
Cyanocorax cristatellus,0,
Cyanocorax cyanomelas,0,
Cyanocorax cyanopogon,0,
Cyanocorax dickeyi,0,
Cyanocorax heilprini,0,
Cyanocorax luxuosus,0,
Cyanocorax melanocyaneus,0,
Cyanocorax mystacalis,0,
Cyanocorax sanblasianus,0,
Cyanocorax violaceus,0,
Cyanocorax yncas,0,
Cyanocorax yucatanicus,0,
Psilorhinus morio,2,3-18 Hotel Bougainvillea 36.97%;3-19 La Paz Waterfall Gardens 3.48%;3-19 Donde Cope 7.01%;3-21 Arenal Observatory Lodge 35.59%;3-21 Galeria de Colibriy Soda Cinchona 3.25%;3-22 Arenal Observatory Lodge--access rd 17.14%;3-23 Hotel de Montana Monteverde 50.04%;3-24 Curi-Cancha Refugio de Vida Silvestre 72.72%;3-24 Reserva Bosque Nuboso Monteverde 21.68%;3-25 Cerro Lodge 8.07%;3-26 PN Carara-Entrada principal 7.15%
Calocitta colliei,0,
Calocitta formosa,2,3-21 Arenal Observatory Lodge 4.30%;3-22 Arenal Observatory Lodge--access rd 14.31%;3-23 Hotel de Montana Monteverde 20.88%;3-24 Reserva Bosque Nuboso Monteverde 1.90%;3-25 Cerro Lodge 30.06%
Cyanocitta cristata,1,4个亚种;-----------------------------------------------------;2022-7-1 多伦多Guildwood公园(cristata)
Cyanocitta stelleri,0,
Aphelocoma californica,0,
Aphelocoma coerulescens,0,
Aphelocoma insularis,0,
Aphelocoma ultramarina,0,
Aphelocoma unicolor,0,
Aphelocoma wollweberi,0,
Aphelocoma woodhouseii,0,
Gymnorhinus cyanocephalus,0,
Garrulus glandarius,1,33个亚种;-----------------------------------------------------;2019-2 莆田绶溪渠道(pekingensis)
Garrulus lanceolatus,0,
Garrulus lidthi,0,
Cyanopica cooki,0,
Cyanopica cyanus,1,2个亚种;-----------------------------------------------------;2017-12 厦门忠仑公园(cyanus);2018-5-26 北京大学(cyanus)
Urocissa caerulea,1,单型种(全);-----------------------------------------------------;2018-10-7 台北动物园
Urocissa erythroryncha,1,5个亚种;-----------------------------------------------------;2017-12 厦门湿地公园(erythroryncha);2021-4-24 杭州植物园(erythroryncha)
Urocissa flavirostris,1,4个亚种;-----------------------------------------------------;2020-7-27 西藏羊卓雍措山路(flavirostris);2020-8-2 西藏吉隆镇扎村(cucullata)
Urocissa ornata,0,
Urocissa whiteheadi,17,2个亚种;-----------------------------------------------------;2022-1-19 海南尖峰岭(whiteheadi)
Cissa chinensis,1,5个亚种;-----------------------------------------------------;2018-11-25 上海动物园
Cissa hypoleuca,0,
Cissa jefferyi,0,
Cissa thalassina,0,
Dendrocitta bayleii,0,
Dendrocitta cinerascens,0,
Dendrocitta formosae,1,8个亚种;-----------------------------------------------------;2018-9-30 台湾高雄鸟松湿地公园(formosae);2019-2-6 福州森林公园(sinica);2022-1-19 海南尖峰岭(insulae)
Dendrocitta frontalis,0,
Dendrocitta leucogastra,0,
Dendrocitta occipitalis,0,
Dendrocitta vagabunda,0,
Crypsirina cucullata,0,
Crypsirina temia,1,单型种(全);-----------------------------------------------------;2019-5-7 香港公园尤德观鸟园
Temnurus temnurus,0,
Pica asirensis,0,
Pica bottanensis,1,单型种(全);-----------------------------------------------------;2020-7-29 西藏羊卓雍措
Pica hudsonia,0,
Pica mauritanica,0,
Pica nuttalli,0,
Pica pica,0,
Pica serica,1,2个亚种;-----------------------------------------------------;2017-12 厦门湿地公园(serica);2019-10-12 黑龙江省植物园
Zavattariornis stresemanni,0,
Podoces biddulphi,0,
Podoces hendersoni,0,
Podoces panderi,0,
Podoces pleskei,0,
Nucifraga caryocatactes,0,
Nucifraga columbiana,0,
Nucifraga multipunctata,0,
Pyrrhocorax graculus,1,3个亚种;-----------------------------------------------------;2020-7-30 西藏日喀则(forsythi)
Pyrrhocorax pyrrhocorax,1,8个亚种;-----------------------------------------------------;2020-7-29 西藏羊卓雍措(himalayanus);2021-5-14 宁夏银川水洞沟(himalayanus)
Ptilostomus afer,0,
Coloeus dauuricus,0,
Coloeus monedula,0,
Corvus albicollis,0,
Corvus albus,0,
Corvus bennetti,0,
Corvus brachyrhynchos,1,5个亚种;-----------------------------------------------------;2022-6-11 多伦多High park(brachyrhynchos)
Corvus capensis,0,
Corvus corax,1,11个亚种;-----------------------------------------------------;2020-7-30 西藏珠峰保护区(tibetanus);2022-7-16 多伦多Rouge beach park(principalis)
Corvus cornix,0,
Corvus corone,1,2个亚种;-----------------------------------------------------;2020-11-22 北京动物园(orientalis)
Corvus coronoides,0,
Corvus crassirostris,0,
Corvus cryptoleucus,0,
Corvus culminatus,0,
Corvus edithae,0,
Corvus enca,0,
Corvus florensis,0,
Corvus frugilegus,0,
Corvus fuscicapillus,0,
Corvus hawaiiensis,0,
Corvus imparatus,0,
Corvus insularis,0,
Corvus jamaicensis,0,
Corvus kubaryi,0,
Corvus leucognaphalus,0,
Corvus levaillantii,0,
Corvus macrorhynchos,1,9个亚种;-----------------------------------------------------;2018-5-26 北京动物园(colonorum);2020-8-2 西藏吉隆镇(tibetosinensis)
Corvus meeki,0,
Corvus mellori,0,
Corvus minutus,0,Najasa
Corvus moneduloides,0,
Corvus nasicus,1,单型种(全);-----------------------------------------------------;2022-12-26 古巴萨帕塔
Corvus orru,0,
Corvus ossifragus,0,
Corvus palmarum,0,
Corvus pusillus,0,
Corvus rhipidurus,0,
Corvus ruficollis,1,单型种(全);-----------------------------------------------------;2023-1-11 阿联酋迪拜
Corvus samarensis,0,
Corvus sinaloae,0,
Corvus splendens,1,5个亚种;-----------------------------------------------------;2019-1-12 新加坡机场(引进种);2023-1-9 阿联酋迪拜(引进种)
Corvus tasmanicus,0,
Corvus torquatus,1,单型种(全);-----------------------------------------------------;2018-2 莆田绶溪公园
Corvus tristis,0,
Corvus typicus,0,
Corvus unicolor,0,
Corvus validus,0,
Corvus violaceus,0,
Corvus woodfordi,0,
Corcorax melanorhamphos,0,
Struthidea cinerea,0,
Melampitta lugubris,0,
Megalampitta gigantea,0,
Ifrita kowaldi,0,
Lycocorax obiensis,0,
Lycocorax pyrrhopterus,0,
Manucodia alter,0,
Manucodia ater,0,
Manucodia chalybatus,0,
Manucodia comrii,0,
Manucodia jobiensis,0,
Phonygammus keraudrenii,0,
Paradigalla brevicauda,0,
Paradigalla carunculata,0,
Astrapia mayeri,0,
Astrapia nigra,0,
Astrapia rothschildi,0,
Astrapia splendidissima,0,
Astrapia stephaniae,0,
Parotia berlepschi,0,
Parotia carolae,0,
Parotia helenae,0,
Parotia lawesii,0,
Parotia sefilata,0,
Parotia wahnesi,0,
Pteridophora alberti,0,
Lophorina minor,0,
Lophorina niedda,0,
Lophorina superba,0,
Ptiloris intercedens,0,
Ptiloris magnificus,0,
Ptiloris paradiseus,0,
Ptiloris victoriae,0,
Epimachus fastosus,0,
Epimachus meyeri,0,
Drepanornis albertisi,0,
Drepanornis bruijnii,0,
Diphyllodes magnificus,0,
Diphyllodes respublica,0,
Cicinnurus regius,0,
Semioptera wallacii,0,
Seleucidis melanoleucus,0,
Paradisornis rudolphi,0,
Paradisaea apoda,0,
Paradisaea decora,0,
Paradisaea guilielmi,0,
Paradisaea minor,1,2个亚种;-----------------------------------------------------;2019-8-19 新加坡裕廊飞禽公园
Paradisaea raggiana,1,4个亚种;-----------------------------------------------------;2019-8-19 新加坡裕廊飞禽公园
Paradisaea rubra,1,单型种(全);-----------------------------------------------------;2018-10-7 台北动物园
Tregellasia capito,0,
Tregellasia leucops,0,
Quoyornis georgianus,0,
Eopsaltria australis,0,
Eopsaltria griseogularis,0,
Gennaeodryas placens,0,
Melanodryas cucullata,0,
Melanodryas vittata,0,
Peneothello bimaculata,0,
Peneothello cryptoleuca,0,
Peneothello cyanus,0,
Peneothello pulverulenta,0,
Peneothello sigillata,0,
Poecilodryas brachyura,0,
Poecilodryas cerviniventris,0,
Poecilodryas hypoleuca,0,
Poecilodryas superciliosa,0,
Plesiodryas albonotata,0,
Heteromyias albispecularis,0,
Heteromyias armiti,0,
Heteromyias cinereifrons,0,
Drymodes beccarii,0,
Drymodes brunneopygia,0,
Drymodes superciliaris,0,
Microeca fascinans,0,
Microeca flavigaster,0,
Microeca hemixantha,0,
Monachella muelleriana,0,
Cryptomicroeca flaviventris,0,
Kempiella flavovirescens,0,
Kempiella griseoceps,0,
Devioeca papuana,0,
Eugerygone rubra,0,
Petroica archboldi,0,
Petroica australis,1,2个亚种;------------------------------------------------------;2019-1-24 新西兰米尔福峡湾(australis)
Petroica bivittata,0,
Petroica boodang,0,
Petroica goodenovii,0,
Petroica longipes,0,
Petroica macrocephala,1,5个亚种;-----------------------------------------------------;2019-1 新西兰南岛(macrocephala)
Petroica multicolor,0,
Petroica phoenicea,0,
Petroica polymorpha,0,
Petroica pusilla,0,
Petroica rodinogaster,0,
Petroica rosea,0,
Petroica traversi,0,
Pachycephalopsis hattamensis,0,
Pachycephalopsis poliosoma,0,
Amalocichla incerta,0,
Amalocichla sclateriana,0,
Picathartes gymnocephalus,0,
Picathartes oreas,0,
Chaetops aurantius,0,
Chaetops frenatus,0,
Eupetes macrocerus,0,
Bombycilla cedrorum,1,单型种(全);-----------------------------------------------------;2022-6-9 多伦多Thompson公园
Bombycilla garrulus,1,2个亚种;-----------------------------------------------------;2022-11-20 多伦多High park(pallidiceps)
Bombycilla japonica,0,
Phainoptila melanoxantha,0,
Ptiliogonys caudatus,2,3-19 La Paz Waterfall Gardens 2.61%
Ptiliogonys cinereus,0,
Phainopepla nitens,0,
Hypocolius ampelinus,0,
Dulus dominicus,0,
Chaetoptila angustipluma,8,
Moho apicalis,8,
Moho bishopi,8,
Moho braccatus,8,
Moho nobilis,8,
Hylocitrea bonensis,0,
Chelidorhynx hypoxanthus,0,
Stenostira scita,0,
Culicicapa ceylonensis,1,5个亚种;-----------------------------------------------------;2022-1-21 海南西岛(calochrysea)
Culicicapa helianthea,0,
Elminia albicauda,0,
Elminia albiventris,0,
Elminia albonotata,0,
Elminia longicauda,0,
Elminia nigromitrata,0,
Cephalopyrus flammiceps,0,
Sylviparus modestus,0,
Melanochlora sultanea,1,4个亚种;-----------------------------------------------------;2022-1-2 三明峨眉峰(seorsa)
Periparus ater,1,21个亚种;-----------------------------------------------------;2019-10-12 黑龙江省植物园(ater)
Periparus rubidiventris,0,
Periparus rufonuchalis,0,
Pardaliparus amabilis,0,
Pardaliparus elegans,0,
Pardaliparus venustulus,0,
Lophophanes cristatus,0,
Lophophanes dichrous,0,
Baeolophus atricristatus,0,
Baeolophus bicolor,0,
Baeolophus inornatus,0,
Baeolophus ridgwayi,0,
Baeolophus wollweberi,0,
Sittiparus castaneoventris,0,
Sittiparus olivaceus,0,
Sittiparus owstoni,0,
Sittiparus semilarvatus,0,
Sittiparus varius,0,
Poecile atricapillus,1,9个亚种;-----------------------------------------------------;2022-6-9 多伦多Thompson公园(atricapillus)
Poecile carolinensis,0,
Poecile cinctus,0,
Poecile davidi,0,
Poecile gambeli,0,
Poecile hudsonicus,0,
Poecile hypermelaenus,1,单型种(全);-----------------------------------------------------;2020-11-2 西安祥裕森林公园
Poecile hyrcanus,0,
Poecile lugubris,0,
Poecile montanus,1,14个亚种;-----------------------------------------------------;2019-10-13 哈尔滨顾乡公园(baicalensis)
Poecile palustris,0,
Poecile rufescens,0,
Poecile sclateri,0,
Poecile superciliosus,0,
Poecile weigoldicus,0,
Cyanistes caeruleus,0,
Cyanistes cyanus,0,
Cyanistes teneriffae,0,
Pseudopodoces humilis,1,单型种(全);-----------------------------------------------------;2020-7-27 西藏羊卓雍措山路
Parus cinereus,1,12个亚种;-----------------------------------------------------;2022-1-21 海南西岛(hainanus)
Parus major,0,
Parus minor,1,8个亚种;-----------------------------------------------------;2018-2 福州牛岗山公园(commixtus灰背);2019-10-12 黑龙江省植物园(minor绿背);2020-7-29 西藏江孜宗山公园(tibetanus绿背);2020-11-2 西安祥裕森林公园
Parus monticolus,1,4个亚种;-----------------------------------------------------;2020-11-2 西安祥裕森林公园(yunnanensis)
Machlolophus aplonotus,0,
Machlolophus holsti,0,
Machlolophus nuchalis,0,
Machlolophus spilonotus,1,4个亚种;-----------------------------------------------------;2019-4-27 厦门同安杉际内(rex)
Machlolophus xanthogenys,0,
Melaniparus afer,0,
Melaniparus albiventris,0,
Melaniparus carpi,0,
Melaniparus cinerascens,0,
Melaniparus fasciiventer,0,
Melaniparus fringillinus,0,
Melaniparus funereus,0,
Melaniparus griseiventris,0,
Melaniparus guineensis,0,
Melaniparus leucomelas,0,
Melaniparus leuconotus,0,
Melaniparus niger,0,
Melaniparus pallidiventris,0,
Melaniparus rufiventris,0,
Melaniparus thruppi,0,
Remiz consobrinus,1,单型种(全);-----------------------------------------------------;2020-1-27 莆田木兰溪大桥
Remiz coronatus,0,
Remiz macronyx,0,
Remiz pendulinus,0,
Anthoscopus caroli,0,
Anthoscopus flavifrons,0,
Anthoscopus minutus,0,
Anthoscopus musculus,0,
Anthoscopus parvulus,0,
Anthoscopus punctifrons,0,
Auriparus flaviceps,0,
Nicator chloris,0,
Nicator gularis,0,
Nicator vireo,0,
Panurus biarmicus,1,3个亚种;-----------------------------------------------------;2021-5-16 宁夏石嘴山市沙湖(russicus)
Alaemon alaudipes,0,
Alaemon hamertoni,0,
Chersomanes albofasciata,0,
Chersomanes beesleyi,0,
Ammomanopsis grayi,0,
Certhilauda benguelensis,0,
Certhilauda brevirostris,0,
Certhilauda chuana,0,
Certhilauda curvirostris,0,
Certhilauda semitorquata,0,
Certhilauda subcoronata,0,
Pinarocorys erythropygia,0,
Pinarocorys nigricans,0,
Ramphocoris clotbey,0,
Ammomanes cinctura,0,
Ammomanes deserti,1,22个亚种;-----------------------------------------------------;2023-1-14 阿联酋拉斯海玛(taimuri)
Ammomanes phoenicura,0,
Eremopterix australis,0,
Eremopterix griseus,0,
Eremopterix hova,0,
Eremopterix leucopareia,0,
Eremopterix leucotis,0,
Eremopterix nigriceps,0,
Eremopterix signatus,0,
Eremopterix verticalis,0,
Calendulauda africanoides,0,
Calendulauda albescens,0,
Calendulauda alopex,0,
Calendulauda barlowi,0,
Calendulauda burra,0,
Calendulauda erythrochlamys,0,
Calendulauda poecilosterna,0,
Calendulauda sabota,0,
Heteromirafra archeri,0,
Heteromirafra ruddi,0,
Mirafra affinis,0,
Mirafra africana,0,
Mirafra albicauda,0,
Mirafra angolensis,0,
Mirafra apiata,0,
Mirafra ashi,0,
Mirafra assamica,0,
Mirafra cantillans,0,
Mirafra cheniana,0,
Mirafra collaris,0,
Mirafra cordofanica,0,
Mirafra erythrocephala,0,
Mirafra erythroptera,0,
Mirafra fasciolata,0,
Mirafra gilletti,0,
Mirafra hypermetra,0,
Mirafra javanica,0,
Mirafra microptera,0,
Mirafra passerina,0,
Mirafra pulpa,0,
Mirafra rufa,0,
Mirafra rufocinnamomea,0,
Mirafra sharpii,0,
Mirafra somalica,0,
Mirafra williamsi,0,
Lullula arborea,0,
Spizocorys conirostris,0,
Spizocorys fremantlii,0,
Spizocorys fringillaris,0,
Spizocorys obbiensis,0,
Spizocorys personata,0,
Spizocorys sclateri,0,
Spizocorys starki,0,
Alauda arvensis,3,11个亚种;-----------------------------------------------------;2020-11-22 北京动物园
Alauda gulgula,1,13个亚种;-----------------------------------------------------;2018-10-4 台湾花莲七星潭(wattersi);2019-4 厦门翔安七星礁(coelivox);2020-7-27 西藏雄色寺山脚(inopinata)
Alauda leucoptera,0,
Alauda razae,0,
Galerida cristata,1,34个亚种;-----------------------------------------------------;2021-5-14 宁夏银川水洞沟(magna);2023-1-9 阿联酋迪拜(helenae)
Galerida deva,0,
Galerida macrorhyncha,0,
Galerida magnirostris,0,
Galerida malabarica,0,
Galerida modesta,0,
Galerida theklae,0,
Eremophila alpestris,1,42个亚种;-----------------------------------------------------;2002-7-30 西藏珠峰保护区(elwesi);2022-10-2 多伦多Thompson公园(alpestris)
Eremophila bilopha,0,
Calandrella acutirostris,1,2个亚种;-----------------------------------------------------;2020-7-31 西藏珠峰公园(acutirostris)
Calandrella blanfordi,0,
Calandrella brachydactyla,0,
Calandrella cinerea,0,
Calandrella dukhunensis,0,
Calandrella eremica,0,
Melanocorypha bimaculata,0,
Melanocorypha calandra,0,
Melanocorypha maxima,1,单型种(全);-----------------------------------------------------;2020-8-4 西藏玛旁雍错
Melanocorypha mongolica,1,单型种(全);-----------------------------------------------------;2018-5-26 北京动物园
Melanocorypha yeltoniensis,0,
Chersophilus duponti,0,
Eremalauda dunni,0,
Eremalauda eremodites,0,
Alaudala athensis,0,
Alaudala cheleensis,0,
Alaudala heinei,0,
Alaudala raytal,0,
Alaudala rufescens,0,
Alaudala somalica,0,
Andropadus importunus,0,
Stelgidillas gracilirostris,0,
Calyptocichla serinus,0,
Neolestes torquatus,0,
Bleda canicapillus,0,
Bleda eximius,0,
Bleda notatus,0,
Bleda syndactylus,0,
Bleda ugandae,0,
Atimastillas flavicollis,0,
Ixonotus guttatus,0,
Thescelocichla leucopleura,0,
Chlorocichla falkensteini,0,
Chlorocichla flaviventris,0,
Chlorocichla laetissima,0,
Chlorocichla prigoginei,0,
Chlorocichla simplex,0,
Baeopogon clamans,0,
Baeopogon indicator,0,
Arizelocichla chlorigula,0,
Arizelocichla fusciceps,0,
Arizelocichla kakamegae,0,
Arizelocichla kikuyuensis,0,
Arizelocichla masukuensis,0,
Arizelocichla milanjensis,0,
Arizelocichla montana,0,
Arizelocichla neumanni,0,
Arizelocichla nigriceps,0,
Arizelocichla olivaceiceps,0,
Arizelocichla striifacies,0,
Arizelocichla tephrolaema,0,
Criniger barbatus,0,
Criniger calurus,0,
Criniger chloronotus,0,
Criniger ndussumensis,0,
Criniger olivaceus,0,
Eurillas ansorgei,0,
Eurillas curvirostris,0,
Eurillas gracilis,0,
Eurillas latirostris,0,
Eurillas virens,0,
Phyllastrephus albigula,0,
Phyllastrephus albigularis,0,
Phyllastrephus alfredi,0,
Phyllastrephus baumanni,0,
Phyllastrephus cabanisi,0,
Phyllastrephus cerviniventris,0,
Phyllastrephus debilis,0,
Phyllastrephus fischeri,0,
Phyllastrephus flavostriatus,0,
Phyllastrephus fulviventris,0,
Phyllastrephus hypochloris,0,
Phyllastrephus icterinus,0,
Phyllastrephus lorenzi,0,
Phyllastrephus placidus,0,
Phyllastrephus poensis,0,
Phyllastrephus poliocephalus,0,
Phyllastrephus scandens,0,
Phyllastrephus strepitans,0,
Phyllastrephus terrestris,0,
Phyllastrephus xavieri,0,
Tricholestes criniger,0,
Setornis criniger,0,
Alophoixus bres,0,
Alophoixus flaveolus,0,
Alophoixus frater,0,
Alophoixus ochraceus,0,
Alophoixus pallidus,1,7个亚种;-----------------------------------------------------;2022-1-19 海南尖峰岭(pallidus)
Alophoixus phaeocephalus,0,
Alophoixus ruficrissus,0,
Alophoixus tephrogenys,0,
Alcurus striatus,0,
Alcurus tympanistrigus,0,
Iole cacharensis,0,
Iole charlottae,0,
Iole crypta,0,
Iole finschii,0,
Iole palawanensis,0,
Iole propinqua,0,
Iole viridescens,0,
Hemixos castanonotus,1,2个亚种;-----------------------------------------------------;2018-5 厦门天竺山森林公园(castanonotus)
Hemixos cinereus,0,
Hemixos flavala,0,
Hemixos leucogrammicus,0,
Acritillas indica,0,
Ixos malaccensis,0,
Ixos mcclellandii,1,9个亚种;-----------------------------------------------------;2018-2 莆田凤凰山(holtii);2022-1-19 海南尖峰岭(similis)
Ixos nicobariensis,0,
Ixos sumatranus,0,
Ixos virescens,0,
Hypsipetes affinis,0,
Hypsipetes amaurotis,0,
Hypsipetes aureus,0,
Hypsipetes borbonicus,0,
Hypsipetes catarmanensis,0,
Hypsipetes chloris,0,
Hypsipetes crassirostris,0,
Hypsipetes everetti,0,
Hypsipetes ganeesa,0,
Hypsipetes guimarasensis,0,
Hypsipetes harterti,0,
Hypsipetes leucocephalus,1,10个亚种;-----------------------------------------------------;2018-9-30 台湾高雄鸟松湿地公园(nigerrimus);2019-3 厦门天竺山森林公园(leucocephalus);2021-4-23 杭州西湖(leucocephalus)
Hypsipetes longirostris,0,
Hypsipetes lucasi,0,
Hypsipetes madagascariensis,0,
Hypsipetes mindorensis,0,
Hypsipetes moheliensis,0,
Hypsipetes mysticalis,0,
Hypsipetes olivaceus,0,
Hypsipetes parvirostris,0,
Hypsipetes philippinus,0,
Hypsipetes platenae,0,
Hypsipetes rufigularis,0,
Hypsipetes siquijorensis,0,
Hypsipetes thompsoni,0,
Euptilotus eutilotus,0,
Microtarsus melanoleucos,0,
Poliolophus urostictus,0,
Brachypodius fuscoflavescens,0,
Brachypodius melanocephalos,0,
Brachypodius nieuwenhuisii,0,
Brachypodius priocephalus,0,
Ixodia cyaniventris,0,
Ixodia erythropthalmos,0,
Ixodia squamata,0,
Rubigula dispar,0,
Rubigula flaviventris,0,
Rubigula gularis,0,
Rubigula melanictera,0,
Rubigula montis,0,
Nok hualon,0,
Spizixos canifrons,0,
Spizixos semitorques,1,2个亚种;-----------------------------------------------------;2019-4 福州森林公园(semitorques);2020-11-1 西安陕西宾馆(semitorques);2021-4-24 杭州植物园(semitorques)
Pycnonotus aurigaster,1,9个亚种;-----------------------------------------------------;2017-12 厦门集美大学(chrysorrhoides)
Pycnonotus barbatus,0,
Pycnonotus bimaculatus,1,2个亚种;-----------------------------------------------------;2019-8-19 新加坡裕廊飞禽公园(bimaculatus)
Pycnonotus blanfordi,0,
Pycnonotus brunneus,0,
Pycnonotus cafer,1,8个亚种;-----------------------------------------------------;2022-1-10 阿联酋迪拜(引进种)
Pycnonotus capensis,0,
Pycnonotus cinereifrons,0,
Pycnonotus conradi,0,
Pycnonotus davisoni,0,
Pycnonotus dodsoni,0,
Pycnonotus finlaysoni,0,
Pycnonotus flavescens,0,
Pycnonotus goiavier,1,6个亚种;-----------------------------------------------------;2018-8-18 新加坡巴西立公园(analis)
Pycnonotus jocosus,1,9个亚种;-----------------------------------------------------;2017-12 厦门集美大学(jocosus);2022-1-18 海南南渡江(hainanensis)
Pycnonotus leucogenys,0,
Pycnonotus leucops,0,
Pycnonotus leucotis,1,2个亚种;-----------------------------------------------------;2022-1-10 阿联酋迪拜(引进种)
Pycnonotus luteolus,0,
Pycnonotus nigricans,0,
Pycnonotus penicillatus,0,
Pycnonotus plumosus,0,
Pycnonotus pseudosimplex,0,
Pycnonotus simplex,0,
Pycnonotus sinensis,1,4个亚种;-----------------------------------------------------;2017-12 厦门前埔(sinensis);2021-4-23 杭州西湖(sinensis);2022-1-19 海南尖峰岭(hainanus)
Pycnonotus snouckaerti,0,
Pycnonotus somaliensis,0,
Pycnonotus taivanus,1,单型种(全);-----------------------------------------------------;2018-10-1 台湾垦丁
Pycnonotus tricolor,0,
Pycnonotus xantholaemus,0,
Pycnonotus xanthopygos,0,
Pycnonotus xanthorrhous,1,2个亚种;-----------------------------------------------------;2020-11-2 西安祥裕森林公园(andersoni)
Pycnonotus zeylanicus,1,单型种(全);-----------------------------------------------------;2019-8-19 新加坡裕廊飞禽公园
Pseudochelidon eurystomina,0,
Pseudochelidon sirintarae,0,
Psalidoprocne albiceps,0,
Psalidoprocne fuliginosa,0,
Psalidoprocne nitens,0,
Psalidoprocne obscura,0,
Psalidoprocne pristoptera,0,
Neophedina cincta,0,
Phedinopsis brazzae,0,
Phedina borbonica,0,
Riparia chinensis,0,
Riparia congica,0,
Riparia diluta,1,4个亚种;-----------------------------------------------------;2020-7-25 拉萨布达拉宫广场(tibetana)
Riparia paludicola,0,
Riparia riparia,1,4个亚种;-----------------------------------------------------;2021-5-14 宁夏银川黄河;2022-6-18 多伦多Thompson公园(riparia)
Tachycineta albilinea,2,3-20 Estacion Biologica La Selva 7.89%;3-25 Cerro Lodge 1.84%;3-25 Tarcoles--Tour en Bote 86.67%;3-26 PN Carara-Entrada principal 6.29%
Tachycineta albiventer,0,
Tachycineta bicolor,1,单型种(全);-----------------------------------------------------;2022-6-9 多伦多Thompson公园;2022-12-26 古巴萨帕塔
Tachycineta cyaneoviridis,0,
Tachycineta euchrysea,0,
Tachycineta leucopyga,0,
Tachycineta leucorrhoa,0,
Tachycineta stolzmanni,0,
Tachycineta thalassina,0,
Atticora fasciata,0,
Atticora pileata,0,
Atticora tibialis,0,
Pygochelidon cyanoleuca,2,3-18 Hotel Bougainvillea 46.25%;3-19 La Paz Waterfall Gardens 21.76%;3-19 Donde Cope 8.00%;3-21 Arenal Observatory Lodge 20.19%;3-21 Galeria de Colibriy Soda Cinchona 4.69%;3-22 Arenal Observatory Lodge--access rd 10.00%;3-23 Hotel de Montana Monteverde 39.67%;3-24 Curi-Cancha Refugio de Vida Silvestre 8.83%;3-24 Reserva Bosque Nuboso Monteverde 12.21%
Pygochelidon melanoleuca,0,
Alopochelidon fucata,0,
Orochelidon andecola,0,
Orochelidon flavipes,0,
Orochelidon murina,0,
Stelgidopteryx ruficollis,2,3-19 Tirimbina Rainforest 11.97%;3-20 Estacion Biologica La Selva 25.67%;3-21 Arenal Observatory Lodge 26.43%;3-21 Galeria de Colibriy Soda Cinchona 1.45%;3-22 Arenal Observatory Lodge--access rd 38.59%;3-25 Tarcoles--Tour en Bote 7.45%
Stelgidopteryx serripennis,1,6个亚种;-----------------------------------------------------;2022-7-23 多伦多Thompson公园(serripennis)
Progne chalybea,2,3-19 Donde Cope 7.01%;3-19 Tirimbina Rainforest 11.11%;3-20 Estacion Biologica La Selva 10.11%;3-25 Cerro Lodge 2.20%;3-25 Tarcoles--Tour en Bote 16.97%
Progne cryptoleuca,0,
Progne dominicensis,0,
Progne elegans,0,
Progne modesta,0,
Progne murphyi,0,
Progne sinaloae,0,
Progne subis,1,3个亚种;-----------------------------------------------------;2022-6-11 多伦多High park(subis)
Progne tapera,0,
Pseudhirundo griseopyga,0,
Cheramoeca leucosterna,0,
Ptyonoprogne concolor,0,
Ptyonoprogne fuligula,0,
Ptyonoprogne obsoleta,1,7个亚种;-----------------------------------------------------;2022-1-10 阿联酋迪拜(obsoleta)
Ptyonoprogne rupestris,1,单型种(全);-----------------------------------------------------;2020-7-26 拉萨布达拉宫
Hirundo aethiopica,0,
Hirundo albigularis,0,
Hirundo angolensis,0,
Hirundo atrocaerulea,0,
Hirundo dimidiata,0,
Hirundo domicola,0,
Hirundo leucosoma,0,
Hirundo lucida,0,
Hirundo megaensis,0,
Hirundo neoxena,1,2个亚种;-----------------------------------------------------;2019-1-13 新西兰基督城植物园(neoxena)
Hirundo nigrita,0,
Hirundo nigrorufa,0,
Hirundo rustica,1,8个亚种;-----------------------------------------------------;2018-3 厦门翔安东埭桥水库(gutturalis);2020-7-30 西藏珠峰公园(rustica);2022-1-19 海南儋州(gutturalis);2022-6-9 多伦多Thompson公园(erythrogaster);2023-1-12 阿联酋沙迦(rustica)
Hirundo smithii,0,
Hirundo tahitica,1,7个亚种;-----------------------------------------------------;2018-9 台湾高雄鸟松湿地公园(namiyei);2019-8-18 新加坡市区(javanica)
Delichon dasypus,1,3个亚种;-----------------------------------------------------;2020-3-27 厦门十里蓝山(nigrimentale)
Delichon lagopodum,0,
Delichon nipalense,0,
Delichon urbicum,0,
Cecropis abyssinica,0,
Cecropis badia,0,
Cecropis cucullata,0,
Cecropis daurica,1,8个亚种;-----------------------------------------------------;2018-2 厦门翔安东埭桥水库(daurica)
Cecropis domicella,0,
Cecropis hyperythra,0,
Cecropis semirufa,0,
Cecropis senegalensis,0,
Cecropis striolata,0,
Petrochelidon ariel,0,
Petrochelidon fluvicola,0,
Petrochelidon fuliginosa,0,
Petrochelidon fulva,1,6个亚种;-----------------------------------------------------;2022-12-27 古巴萨帕塔(cavicola)
Petrochelidon nigricans,0,
Petrochelidon perdita,0,
Petrochelidon preussi,0,
Petrochelidon pyrrhonota,1,4个亚种;-----------------------------------------------------;2022-6-9 多伦多Thompson公园(pyrrhonota)
Petrochelidon rufigula,0,
Petrochelidon rufocollaris,0,
Petrochelidon spilodera,0,
Pnoepyga albiventer,0,
Pnoepyga formosana,0,
Pnoepyga immaculata,0,
Pnoepyga pusilla,1,7个亚种;-----------------------------------------------------;2020-1-13 厦门天竺山(pusilla)
Melocichla mentalis,0,
Sphenoeacus afer,0,
Achaetops pycnopygius,0,
Macrosphenus concolor,0,
Macrosphenus flavicans,0,
Macrosphenus kempi,0,
Macrosphenus kretschmeri,0,
Macrosphenus pulitzeri,0,
Sylvietta brachyura,0,
Sylvietta denti,0,
Sylvietta isabellina,0,
Sylvietta leucophrys,0,
Sylvietta philippae,0,
Sylvietta rufescens,0,
Sylvietta ruficapilla,0,
Sylvietta virens,0,
Sylvietta whytii,0,
Cryptillas victorini,0,
Abroscopus albogularis,1,3个亚种;-----------------------------------------------------;2020-1-23 福州森林公园(fulvifacies);2020-11-2 西安祥裕森林公园(fulvifacies);2021-4-23 杭州西湖(fulvifacies)
Abroscopus schisticeps,0,
Abroscopus superciliaris,0,
Phyllergates cucullatus,0,
Phyllergates heterolaemus,0,
Tickellia hodgsoni,0,
Horornis acanthizoides,0,
Horornis annae,0,
Horornis brunnescens,0,
Horornis canturians,1,2个亚种;-----------------------------------------------------;2022-3-20 厦门园博苑(canturians)
Horornis carolinae,0,
Horornis diphone,0,
Horornis flavolivaceus,0,
Horornis fortipes,1,4个亚种;-----------------------------------------------------;2019-12-20 广州中山大学南校区(davidianus);2021-1-21 厦门十里蓝山(davidianus)
Horornis haddeni,0,
Horornis parens,0,
Horornis ruficapilla,0,
Horornis seebohmi,0,
Tesia cyaniventer,0,
Tesia everetti,0,
Tesia olivea,0,
Tesia superciliaris,0,
Cettia brunnifrons,0,
Cettia castaneocoronata,0,
Cettia cetti,0,
Cettia major,0,
Urosphena squameiceps,1,单型种(全);-----------------------------------------------------;2022-2-9 莆田天马山
Urosphena subulata,0,
Urosphena whiteheadi,0,
Hemitesia neumanni,0,
Hemitesia pallidipes,0,
Scotocerca inquieta,0,
Erythrocercus holochlorus,0,
Erythrocercus livingstonei,0,
Erythrocercus mccallii,0,
Hylia prasina,0,
Pholidornis rushiae,0,
Leptopoecile elegans,0,
Leptopoecile sophiae,0,
Psaltriparus minimus,0,
Aegithalos bonvaloti,0,
Aegithalos caudatus,1,17个亚种;-----------------------------------------------------;2019-10-12 黑龙江省植物园(caudatus)
Aegithalos concinnus,1,7个亚种;-----------------------------------------------------;2018-2 莆田东圳水渠(concinnus);2020-11-1 西安陕西宾馆(concinnus)
Aegithalos exilis,0,
Aegithalos fuliginosus,0,
Aegithalos glaucogularis,1,2个亚种;-----------------------------------------------------;2020-11-22 北京动物园(vinaceus);2021-5-15 宁夏石嘴山大武口森林公园(vinaceus)
Aegithalos iouschistos,0,
Aegithalos leucogenys,0,
Aegithalos niveogularis,0,
Aegithalos sharpei,0,
Phylloscopus affinis,1,3个亚种;-----------------------------------------------------;2020-8-2 西藏吉隆镇扎村山路(affinis)
Phylloscopus amoenus,0,
Phylloscopus armandii,0,
Phylloscopus bonelli,0,
Phylloscopus borealis,1,单型种(全);-----------------------------------------------------;2019-9-25 厦门集美大学;2021-5-15 宁夏石嘴山大武口森林公园
Phylloscopus borealoides,0,
Phylloscopus budongoensis,0,
Phylloscopus burkii,1,单型种(全);-----------------------------------------------------;2020-8-2 西藏吉隆镇扎村山路
Phylloscopus calciatilis,0,
Phylloscopus canariensis,0,
Phylloscopus cantator,0,
Phylloscopus castaniceps,0,
Phylloscopus cebuensis,0,
Phylloscopus chloronotus,0,
Phylloscopus claudiae,0,
Phylloscopus collybita,1,6个亚种;-----------------------------------------------------;2022-1-10 阿联酋迪拜(collybita)
Phylloscopus coronatus,1,单型种(全);-----------------------------------------------------;2022-4-9 厦门小坪山
Phylloscopus emeiensis,0,
Phylloscopus examinandus,0,
Phylloscopus floresianus,0,
Phylloscopus forresti,0,
Phylloscopus fuligiventer,0,
Phylloscopus fuscatus,1,2个亚种;-----------------------------------------------------;2018-3 厦门集美水上运动中心(fuscatus);2022-1-18 海南南渡江(fuscatus)
Phylloscopus goodsoni,1,2个亚种;-----------------------------------------------------;2021-2-15 福州森林公园(fokiensis)
Phylloscopus grammiceps,0,
Phylloscopus griseolus,0,
Phylloscopus hainanus,0,
Phylloscopus herberti,0,
Phylloscopus humei,1,2个亚种;-----------------------------------------------------;2021-5-15 宁夏石嘴山大武口森林公园(mandellii)
Phylloscopus ibericus,0,
Phylloscopus ijimae,0,
Phylloscopus inornatus,1,单型种(全);-----------------------------------------------------;2018-10-6 台湾野柳地质公园;2022-1-20 海南尖峰岭
Phylloscopus intensior,0,
Phylloscopus intermedius,0,
Phylloscopus kansuensis,0,
Phylloscopus laetus,0,
Phylloscopus laurae,0,
Phylloscopus maculipennis,0,
Phylloscopus maforensis,0,
Phylloscopus magnirostris,0,
Phylloscopus makirensis,0,仅分布于所罗门群岛
Phylloscopus misoriensis,0,
Phylloscopus montis,0,
Phylloscopus neglectus,0,
Phylloscopus nesophilus,0,
Phylloscopus nigrorum,0,
Phylloscopus nitidus,0,
Phylloscopus occipitalis,0,
Phylloscopus ogilviegranti,0,
Phylloscopus olivaceus,0,
Phylloscopus omeiensis,0,
Phylloscopus orientalis,0,
Phylloscopus plumbeitarsus,1,单型种(全);-----------------------------------------------------;2021-11-25 厦门天竺山
Phylloscopus poliocephalus,0,
Phylloscopus poliogenys,0,
Phylloscopus presbytes,0,
Phylloscopus proregulus,1,单型种(全);-----------------------------------------------------;2018-12 厦门火车站北站;2021-5-15 宁夏石嘴山大武口森林公园;2022-1-18 海南白沙门公园
Phylloscopus pulcher,1,3个亚种;-----------------------------------------------------;2020-8-2 西藏吉隆镇扎村山路(pulcher)
Phylloscopus reguloides,1,4个亚种;-----------------------------------------------------;2020-8-2 西藏吉隆镇扎村山路(assamensis)
Phylloscopus ricketti,0,
Phylloscopus rotiensis,0,
Phylloscopus ruficapilla,0,
Phylloscopus sarasinorum,0,
Phylloscopus schwarzi,0,
Phylloscopus sibilatrix,0,
Phylloscopus sindianus,0,
Phylloscopus soror,0,
Phylloscopus subaffinis,0,
Phylloscopus subviridis,0,
Phylloscopus tenellipes,1,单型种(全);-----------------------------------------------------;2020-4-10 厦门天竺山;2021-4-24 杭州植物园
Phylloscopus tephrocephalus,0,
Phylloscopus trivirgatus,0,
Phylloscopus trochiloides,0,
Phylloscopus trochilus,0,
Phylloscopus tytleri,0,
Phylloscopus umbrovirens,0,
Phylloscopus valentini,0,
Phylloscopus whistleri,0,
Phylloscopus xanthodryas,0,
Phylloscopus xanthoschistos,0,
Phylloscopus yunnanensis,0,
Graueria vittata,0,
Nesillas aldabrana,0,
Nesillas brevicaudata,0,
Nesillas lantzii,0,
Nesillas longicaudata,0,
Nesillas mariae,0,
Nesillas typica,0,
Acrocephalus aequinoctialis,0,
Acrocephalus agricola,0,
Acrocephalus arundinaceus,0,
Acrocephalus astrolabii,0,
Acrocephalus atyphus,0,
Acrocephalus australis,0,
Acrocephalus bistrigiceps,1,单型种(全);-----------------------------------------------------;2021-10-23 厦门杏林湾IOI棕榈城湿地
Acrocephalus brevipennis,0,
Acrocephalus caffer,0,
Acrocephalus concinens,0,
Acrocephalus dumetorum,0,
Acrocephalus familiaris,0,
Acrocephalus gracilirostris,0,
Acrocephalus griseldis,0,
Acrocephalus hiwae,0,
Acrocephalus kerearako,0,
Acrocephalus longirostris,0,
Acrocephalus luscinius,0,
Acrocephalus melanopogon,0,
Acrocephalus mendanae,0,
Acrocephalus musae,0,
Acrocephalus newtoni,0,
Acrocephalus nijoi,0,
Acrocephalus orientalis,1,单型种(全);-----------------------------------------------------;2021-5-15 宁夏石嘴山星海湖;2021-10-30 福建石狮湿地公园
Acrocephalus orinus,0,
Acrocephalus paludicola,0,
Acrocephalus palustris,0,
Acrocephalus percernis,0,
Acrocephalus rehsei,0,
Acrocephalus rimitarae,0,
Acrocephalus rodericanus,0,
Acrocephalus rufescens,0,
Acrocephalus schoenobaenus,0,
Acrocephalus scirpaceus,0,
Acrocephalus sechellensis,0,
Acrocephalus sorghophilus,0,
Acrocephalus stentoreus,0,
Acrocephalus syrinx,0,
Acrocephalus taiti,0,
Acrocephalus tangorum,0,
Acrocephalus vaughani,0,
Acrocephalus yamashinae,0,
Arundinax aedon,0,
Iduna caligata,0,
Iduna natalensis,0,
Iduna opaca,0,
Iduna pallida,0,
Iduna rama,0,
Iduna similis,0,
Calamonastides gracilirostris,0,
Hippolais icterina,0,
Hippolais languida,0,
Hippolais olivetorum,0,
Hippolais polyglotta,0,
Robsonius rabori,0,
Robsonius sorsogonensis,0,
Robsonius thompsoni,0,
Helopsaltes amnicola,0,
Helopsaltes certhiola,1,5个亚种;-----------------------------------------------------;2021-11-7 厦门杏林湾
Helopsaltes fasciolatus,0,
Helopsaltes ochotensis,0,
Helopsaltes pleskei,0,
Helopsaltes pryeri,0,
Locustella accentor,0,
Locustella alfredi,0,
Locustella alishanensis,0,
Locustella castanea,0,
Locustella caudata,0,
Locustella chengi,0,
Locustella davidi,0,
Locustella disturbans,0,
Locustella fluviatilis,0,
Locustella idonea,0,
Locustella kashmirensis,0,
Locustella lanceolata,0,
Locustella luscinioides,0,
Locustella luteoventris,0,
Locustella major,0,
Locustella mandelli,1,2个亚种;-----------------------------------------------------;2020-03-14 厦门天竺山公园(melanorhyncha)
Locustella montis,0,
Locustella musculus,0,
Locustella naevia,0,
Locustella portenta,0,
Locustella seebohmi,0,
Locustella tacsanowskia,0,
Locustella thoracica,0,
Poodytes albolimbatus,0,
Poodytes carteri,0,
Poodytes gramineus,0,
Poodytes punctatus,0,
Poodytes rufescens,0,
Malia grata,0,
Cincloramphus bivittatus,0,
Cincloramphus cruralis,0,
Cincloramphus grosvenori,0,
Cincloramphus llaneae,0,
Cincloramphus macrurus,0,
Cincloramphus mariae,0,
Cincloramphus mathewsi,0,
Cincloramphus rubiginosus,0,
Cincloramphus rufus,0,
Cincloramphus timoriensis,0,
Cincloramphus turipavae,0,
Cincloramphus whitneyi,0,
Megalurus palustris,0,
Elaphrornis palliseri,0,
Schoenicola platyurus,0,
Schoenicola striatus,0,
Catriscus brevirostris,0,
Bradypterus baboecala,0,
Bradypterus bangwaensis,0,
Bradypterus barratti,0,
Bradypterus brunneus,0,
Bradypterus carpalis,0,
Bradypterus centralis,0,
Bradypterus cinnamomeus,0,
Bradypterus grandis,0,
Bradypterus graueri,0,
Bradypterus lopezi,0,
Bradypterus seebohmi,0,
Bradypterus sylvaticus,0,
Donacobius atricapilla,0,
Oxylabes madagascariensis,0,
Bernieria madagascariensis,0,
Cryptosylvicola randrianasoloi,0,
Hartertula flavoviridis,0,
Thamnornis chloropetoides,0,
Xanthomixis apperti,0,
Xanthomixis cinereiceps,0,
Xanthomixis tenebrosa,0,
Xanthomixis zosterops,0,
Crossleyia xanthophrys,0,
Randia pseudozosterops,0,
Neomixis striatigula,0,
Neomixis tenella,0,
Neomixis viridis,0,
Cisticola aberdare,0,
Cisticola aberrans,0,
Cisticola anderseni,0,
Cisticola angusticauda,0,
Cisticola anonymus,0,
Cisticola aridulus,0,
Cisticola ayresii,0,
Cisticola bakerorum,0,
Cisticola bodessa,0,
Cisticola brachypterus,0,
Cisticola brunnescens,0,
Cisticola bulliens,0,
Cisticola cantans,0,
Cisticola carruthersi,0,
Cisticola cherina,0,
Cisticola chiniana,0,
Cisticola chubbi,0,
Cisticola cinereolus,0,
Cisticola cinnamomeus,0,
Cisticola dambo,0,
Cisticola distinctus,0,
Cisticola emini,0,
Cisticola erythrops,0,
Cisticola exilis,0,
Cisticola eximius,0,
Cisticola fulvicapilla,0,
Cisticola galactotes,0,
Cisticola guinea,0,
Cisticola haematocephalus,0,
Cisticola haesitatus,0,
Cisticola hunteri,0,
Cisticola juncidis,1,17个亚种;-----------------------------------------------------;2018-11 泉州南安江崎村(tinnabulans)
Cisticola lais,0,
Cisticola lateralis,0,
Cisticola luapula,0,
Cisticola lugubris,0,
Cisticola marginatus,0,
Cisticola melanurus,0,
Cisticola nana,0,
Cisticola natalensis,0,
Cisticola nigriloris,0,
Cisticola njombe,0,
Cisticola pipiens,0,
Cisticola restrictus,0,
Cisticola robustus,0,
Cisticola ruficeps,0,
Cisticola rufilatus,0,
Cisticola rufus,0,
Cisticola subruficapilla,0,
Cisticola textrix,0,
Cisticola tinniens,0,
Cisticola troglodytes,0,
Cisticola woosnami,0,
Incana incana,0,
Prinia atrogularis,0,
Prinia bairdii,0,
Prinia buchanani,0,
Prinia cinereocapilla,0,
Prinia cooki,0,
Prinia crinigera,0,
Prinia erythroptera,0,
Prinia familiaris,0,
Prinia flavicans,0,
Prinia flaviventris,1,7个亚种;-----------------------------------------------------;2018-4 厦门五缘湾湿地公园(sonitans);2022-1-23 海南三亚鹿回头(sonitans)
Prinia fluviatilis,0,
Prinia gracilis,0,
Prinia hodgsonii,0,
Prinia hypoxantha,0,
Prinia inornata,1,10个亚种;-----------------------------------------------------;2018-2 厦门翔安东埭桥水库(extensicauda)
Prinia khasiana,0,
Prinia lepida,1,4个亚种;-----------------------------------------------------;2023-1-9 阿联酋迪拜(carpenteri)
Prinia maculosa,0,
Prinia melanops,0,
Prinia molleri,0,
Prinia polychroa,0,
Prinia rocki,0,
Prinia rufescens,0,
Prinia rufifrons,0,
Prinia socialis,0,
Prinia somalica,0,
Prinia striata,0,
Prinia subflava,0,
Prinia superciliaris,1,5个亚种;-----------------------------------------------------;2020-4-26 厦门小坪山(superciliaris)
Prinia sylvatica,0,
Schistolais leontica,0,
Schistolais leucopogon,0,
Phragmacia substriata,0,
Oreophilais robertsi,0,
Micromacronus leytensis,0,
Micromacronus sordidus,0,
Urolais epichlorus,0,
Oreolais pulcher,0,
Oreolais ruwenzorii,0,
Drymocichla incana,0,
Spiloptila clamans,0,
Phyllolais pulchella,0,
Apalis alticola,0,
Apalis argentea,0,
Apalis bamendae,0,
Apalis binotata,0,
Apalis chapini,0,
Apalis chariessa,0,
Apalis chirindensis,0,
Apalis cinerea,0,
Apalis flavida,0,
Apalis flavigularis,0,
Apalis flavocincta,0,
Apalis fuscigularis,0,
Apalis goslingi,0,
Apalis jacksoni,0,
Apalis kaboboensis,0,
Apalis karamojae,0,
Apalis lynesi,0,
Apalis melanocephala,0,
Apalis nigriceps,0,
Apalis personata,0,
Apalis porphyrolaema,0,
Apalis ruddi,0,
Apalis rufogularis,0,
Apalis sharpii,0,
Apalis thoracica,0,
Malcorus pectoralis,0,
Hypergerus atriceps,0,
Eminia lepida,0,
Camaroptera brachyura,0,
Camaroptera brevicaudata,0,
Camaroptera chloronota,0,
Camaroptera harterti,0,
Camaroptera superciliaris,0,
Calamonastes fasciolatus,0,
Calamonastes simplex,0,
Calamonastes stierlingi,0,
Calamonastes undosus,0,
Euryptila subcinnamomea,0,
Bathmocercus cerviniventris,0,
Bathmocercus rufus,0,
Scepomycter rubehoensis,0,
Scepomycter winifredae,0,
Orthotomus atrogularis,0,
Orthotomus castaneiceps,0,
Orthotomus chaktomuk,0,
Orthotomus chloronotus,0,
Orthotomus cinereiceps,0,
Orthotomus derbianus,0,
Orthotomus frontalis,0,
Orthotomus nigriceps,0,
Orthotomus ruficeps,1,9个亚种;-----------------------------------------------------;2018-8-18 新加坡巴西立公园(cineraceus)
Orthotomus samarensis,0,
Orthotomus sepium,0,
Orthotomus sericeus,0,
Orthotomus sutorius,1,9个亚种;-----------------------------------------------------;2018-2 莆田东圳水渠(longicauda);2019-8-17 新加坡鱼尾狮公园(maculicollis)
Artisornis metopias,0,
Artisornis moreaui,0,
Poliolais lopezi,0,
Eremomela atricollis,0,
Eremomela badiceps,0,
Eremomela canescens,0,
Eremomela flavicrissalis,0,
Eremomela gregalis,0,
Eremomela icteropygialis,0,
Eremomela pusilla,0,
Eremomela salvadorii,0,
Eremomela scotops,0,
Eremomela turneri,0,
Eremomela usticollis,0,
Sylvia abyssinica,0,
Sylvia atricapilla,0,
Sylvia atriceps,0,
Sylvia borin,0,
Sylvia dohrni,0,
Sylvia galinieri,0,
Sylvia nigricapillus,0,
Curruca althaea,0,
Curruca balearica,0,
Curruca boehmi,0,
Curruca buryi,0,
Curruca cantillans,0,
Curruca communis,0,
Curruca conspicillata,0,
Curruca crassirostris,1,3个亚种;-----------------------------------------------------;2023-1-14 阿联酋富查伊拉(balchanica)
Curruca curruca,1,3个亚种;-----------------------------------------------------;2023-1-14 阿联酋富查伊拉(halimodendri)
Curruca deserti,0,
Curruca deserticola,0,
Curruca hortensis,0,
Curruca iberiae,0,
Curruca layardi,0,
Curruca leucomelaena,0,
Curruca lugens,0,
Curruca melanocephala,0,
Curruca melanothorax,0,
Curruca minula,0,
Curruca mystacea,0,
Curruca nana,0,
Curruca nisoria,0,
Curruca ruppeli,0,
Curruca sarda,0,
Curruca subalpina,0,
Curruca subcoerulea,0,
Curruca undata,0,
Myzornis pyrrhoura,0,
Moupinia poecilotis,0,
Lioparus chrysotis,0,
Chrysomma altirostre,0,
Chrysomma sinense,0,
Rhopophilus albosuperciliaris,0,
Rhopophilus pekinensis,1,单型种(全);-----------------------------------------------------;2021-5-15 宁夏石嘴山大武口森林公园
Fulvetta cinereiceps,0,
Fulvetta danisi,0,
Fulvetta formosana,0,
Fulvetta ludlowi,0,
Fulvetta manipurensis,0,
Fulvetta ruficapilla,0,
Fulvetta striaticollis,0,
Fulvetta vinipectus,0,
Chamaea fasciata,0,
Calamornis heudei,0,
Paradoxornis flavirostris,0,
Paradoxornis guttaticollis,1,单型种(全);-----------------------------------------------------;2020-4-26 厦门小坪山
Conostoma aemodium,0,
Cholornis paradoxus,0,
Cholornis unicolor,0,
Psittiparus bakeri,0,
Psittiparus gularis,1,6个亚种;-----------------------------------------------------;2019-4-6 福州森林公园(fokiensis)
Psittiparus margaritae,0,
Psittiparus ruficeps,0,
Neosuthora davidiana,0,
Suthora fulvifrons,0,
Suthora nipalensis,0,
Suthora verreauxi,0,
Chleuasicus atrosuperciliaris,0,
Sinosuthora alphonsiana,0,
Sinosuthora brunnea,0,
Sinosuthora conspicillata,0,
Sinosuthora przewalskii,0,
Sinosuthora webbiana,1,6个亚种;-----------------------------------------------------;2020-10-31 陕西西安湖(suffusa);2021-4-23 杭州植物园(webbiana)
Sinosuthora zappeyi,0,
Parayuhina diademata,0,
Staphida castaniceps,0,
Staphida everetti,0,
Staphida torqueola,1,单型种(全);-----------------------------------------------------;2019-5-4 厦门同安杉际内
Yuhina bakeri,0,
Yuhina brunneiceps,0,
Yuhina flavicollis,0,
Yuhina gularis,0,
Yuhina humilis,0,
Yuhina nigrimenta,0,
Yuhina occipitalis,0,
Dasycrotapha plateni,0,
Dasycrotapha pygmaea,0,
Dasycrotapha speciosa,0,
Sterrhoptilus affinis,0,
Sterrhoptilus capitalis,0,
Sterrhoptilus dennistouni,0,
Sterrhoptilus nigrocapitatus,0,
Zosterornis hypogrammicus,0,
Zosterornis latistriatus,0,
Zosterornis nigrorum,0,
Zosterornis striatus,0,
Zosterornis whiteheadi,0,
Cleptornis marchei,0,
Rukia longirostra,0,
Rukia ruki,0,
Megazosterops palauensis,0,
Heleia crassirostris,0,
Heleia dohertyi,0,
Heleia goodfellowi,0,
Heleia javanica,0,
Heleia muelleri,0,
Heleia pinaiae,0,
Heleia squamiceps,0,
Heleia squamifrons,0,
Heleia superciliaris,0,
Heleia wallacei,0,
Apalopteron familiare,0,
Tephrozosterops stalkeri,0,
Zosterops abyssinicus,0,
Zosterops albogularis,0,
Zosterops aldabrensis,0,
Zosterops anderssoni,0,
Zosterops anjuanensis,0,
Zosterops anomalus,0,
Zosterops atricapilla,0,
Zosterops atriceps,0,
Zosterops atrifrons,0,
Zosterops auriventer,0,
Zosterops borbonicus,0,
Zosterops brunneus,0,
Zosterops buruensis,0,
Zosterops ceylonensis,0,
Zosterops chloris,0,
Zosterops chloronothos,0,
Zosterops chrysolaemus,0,
Zosterops cinereus,0,
Zosterops citrinella,0,
Zosterops comorensis,0,
Zosterops consobrinorum,0,
Zosterops conspicillatus,0,
Zosterops crookshanki,0,
Zosterops dehaani,0,
Zosterops emiliae,0,
Zosterops erythropleurus,1,单型种(全);-----------------------------------------------------;2019-10-6 广西南宁青秀山;2021-12-25 厦门天竺山
Zosterops eurycricotus,0,
Zosterops everetti,0,
Zosterops explorator,0,
Zosterops feae,0,
Zosterops ficedulinus,0,
Zosterops finschii,0,
Zosterops flavifrons,0,
Zosterops flavilateralis,0,
Zosterops flavissimus,0,
Zosterops flavus,0,
Zosterops fuscicapilla,0,
Zosterops gibbsi,0,
Zosterops grayi,0,
Zosterops griseotinctus,0,
Zosterops griseovirescens,0,
Zosterops hamlini,0,
Zosterops hypolais,0,
Zosterops hypoxanthus,0,
Zosterops inornatus,0,
Zosterops japonicus,0,
Zosterops kikuyuensis,0,
Zosterops kirki,0,
Zosterops kuehni,0,
Zosterops kulambangrae,0,
Zosterops lacertosus,0,
Zosterops lateralis,1,16个亚种;-----------------------------------------------------;2018-1-14 新西兰奥克兰West Spring公园(lateralis)
Zosterops leucophaeus,0,
Zosterops lugubris,0,
Zosterops luteirostris,0,
Zosterops luteus,0,
Zosterops maderaspatanus,0,
Zosterops mauritianus,0,
Zosterops mayottensis,0,
Zosterops mbuluensis,0,
Zosterops meeki,0,
Zosterops melanocephalus,0,
Zosterops melanurus,0,
Zosterops meratusensis,0,
Zosterops metcalfii,0,
Zosterops meyeni,0,
Zosterops minor,0,
Zosterops minutus,0,
Zosterops modestus,0,
Zosterops mouroniensis,0,
Zosterops murphyi,0,
Zosterops mysorensis,0,
Zosterops natalis,0,
Zosterops nehrkorni,0,
Zosterops nigrorum,0,
Zosterops novaeguineae,0,
Zosterops oblitus,0,
Zosterops oleagineus,0,
Zosterops olivaceus,0,
Zosterops pallidus,0,
Zosterops palpebrosus,1,7个亚种;-----------------------------------------------------;2019-8-19 新加坡裕廊飞禽公园
Zosterops paruhbesar,0,
Zosterops poliogastrus,0,
Zosterops ponapensis,0,
Zosterops rendovae,0,
Zosterops rennellianus,0,
Zosterops rotensis,0,
Zosterops samoensis,0,
Zosterops sanctaecrucis,0,
Zosterops semiflavus,0,
Zosterops semperi,0,
Zosterops senegalensis,0,
Zosterops silvanus,0,
Zosterops simplex,1,5个亚种;-----------------------------------------------------;2017-12 厦门前埔(simplex);2022-1-19 海南尖峰岭(hainanus)
Zosterops socotranus,0,
Zosterops somadikartai,0,
Zosterops splendidus,0,
Zosterops stalkeri,0,
Zosterops stenocricotus,0,
Zosterops strenuus,0,
Zosterops stresemanni,0,
Zosterops stuhlmanni,0,
Zosterops superciliosus,0,
Zosterops tenuirostris,0,
Zosterops tetiparius,0,
Zosterops uropygialis,0,
Zosterops vaughani,0,
Zosterops vellalavella,0,
Zosterops virens,0,
Zosterops winifredae,0,
Zosterops xanthochroa,0,
Timalia pileata,0,
Dumetia atriceps,0,
Dumetia hyperythra,0,
Mixornis bornensis,0,
Mixornis flavicollis,0,
Mixornis gularis,0,
Mixornis kelleyi,0,
Mixornis prillwitzi,0,
Macronus ptilosus,0,
Macronus striaticeps,0,
Cyanoderma ambiguum,0,
Cyanoderma bicolor,0,
Cyanoderma chrysaeum,0,
Cyanoderma erythropterum,0,
Cyanoderma melanothorax,0,
Cyanoderma pyrrhops,0,
Cyanoderma ruficeps,1,7个亚种;-----------------------------------------------------;2018-11-12 厦门天竺山森林公园(davidi);2020-11-2 西安祥裕森林公园(davidi)
Cyanoderma rufifrons,0,
Spelaeornis badeigularis,0,
Spelaeornis caudatus,0,
Spelaeornis chocolatinus,0,
Spelaeornis kinneari,0,
Spelaeornis longicaudatus,0,
Spelaeornis oatesi,0,
Spelaeornis reptatus,0,
Spelaeornis troglodytoides,0,
Melanocichla calva,0,
Melanocichla lugubris,0,
Pomatorhinus bornensis,0,
Pomatorhinus ferruginosus,0,
Pomatorhinus horsfieldii,0,
Pomatorhinus melanurus,0,
Pomatorhinus montanus,1,2个亚种;-----------------------------------------------------;2019-5-7 香港公园尤德观鸟园
Pomatorhinus musicus,0,
Pomatorhinus ochraceiceps,0,
Pomatorhinus phayrei,0,
Pomatorhinus ruficollis,1,13个亚种;-----------------------------------------------------;2018-11-12 厦门天竺山森林公园(stridulus);2020-11-2 西安祥裕森林公园(styani);2022-1-20 海南尖峰岭(nigrostellatus)
Pomatorhinus schisticeps,0,
Pomatorhinus superciliaris,0,
Erythrogenys erythrocnemis,0,
Erythrogenys erythrogenys,0,
Erythrogenys gravivox,0,
Erythrogenys hypoleucos,17,5个亚种;-----------------------------------------------------;2022-1-19 海南尖峰岭(hainana)
Erythrogenys mcclellandi,0,
Erythrogenys swinhoei,1,单型种(全);-----------------------------------------------------;2019-4-6 福州森林公园
Stachyris grammiceps,0,
Stachyris herberti,0,
Stachyris humei,0,
Stachyris leucotis,0,
Stachyris maculata,0,
Stachyris nigriceps,0,
Stachyris nigricollis,0,
Stachyris nonggangensis,0,
Stachyris oglei,0,
Stachyris poliocephala,0,
Stachyris roberti,0,
Stachyris strialata,0,
Stachyris thoracica,0,
Graminicola bengalensis,0,
Graminicola striatus,0,
Turdinus atrigularis,0,
Turdinus macrodactylus,0,
Turdinus marmoratus,0,
Malacocincla abbotti,0,
Malacocincla perspicillata,0,
Malacocincla sepiaria,0,
Gampsorhynchus rufulus,0,
Gampsorhynchus torquatus,0,
Schoeniparus brunneus,1,4个亚种;-----------------------------------------------------;2022-1-20 海南尖峰岭(argutus)
Schoeniparus castaneceps,0,
Schoeniparus cinereus,0,
Schoeniparus dubius,0,
Schoeniparus klossi,0,
Schoeniparus rufogularis,0,
Schoeniparus variegaticeps,0,
Pellorneum albiventre,0,
Pellorneum bicolor,0,
Pellorneum buettikoferi,0,
Pellorneum capistratoides,0,
Pellorneum capistratum,0,
Pellorneum celebense,0,
Pellorneum cinereiceps,0,
Pellorneum fuscocapillus,0,
Pellorneum malaccense,0,
Pellorneum nigrocapitatum,0,
Pellorneum palustre,0,
Pellorneum pyrrogenys,0,
Pellorneum rostratum,0,
Pellorneum ruficeps,0,
Pellorneum tickelli,0,
Laticilla burnesii,0,
Laticilla cinerascens,0,
Illadopsis albipectus,0,
Illadopsis cleaveri,0,
Illadopsis distans,0,
Illadopsis fulvescens,0,
Illadopsis puveli,0,
Illadopsis pyrrhoptera,0,
Illadopsis rufescens,0,
Illadopsis rufipennis,0,
Illadopsis turdina,0,
Kenopia striata,0,
Malacopteron affine,0,
Malacopteron albogulare,0,
Malacopteron cinereum,0,
Malacopteron magnirostre,0,
Malacopteron magnum,0,
Malacopteron palawanense,0,
Gypsophila annamensis,0,
Gypsophila brevicaudata,0,
Gypsophila calcicola,0,
Gypsophila crassa,0,
Gypsophila crispifrons,0,
Gypsophila rufipectus,0,
Ptilocichla falcata,0,
Ptilocichla leucogrammica,0,
Ptilocichla mindanensis,0,
Napothera albostriata,0,
Napothera danjoui,0,
Napothera epilepidota,17,13个亚种;-----------------------------------------------------;2022-1-20 海南尖峰岭(hainana)
Napothera malacoptila,0,
Napothera naungmungensis,0,
Napothera pasquieri,0,
Alcippe brunneicauda,0,
Alcippe davidi,1,2个亚种;-----------------------------------------------------;2020-11-2 西安祥裕森林公园(davidi)
Alcippe fratercula,0,
Alcippe grotei,0,
Alcippe hueti,1,2个亚种(全);-----------------------------------------------------;2018-11-12 厦门天竺山森林公园(hueti);2022-1-19 海南尖峰岭(rufescentior)
Alcippe morrisonia,0,
Alcippe nipalensis,0,
Alcippe peracensis,0,
Alcippe poioicephala,0,
Alcippe pyrrhoptera,0,
Grammatoptila striata,0,
Cutia legalleni,0,
Cutia nipalensis,0,
Laniellus albonotatus,0,
Laniellus langbianis,0,
Trochalopteron affine,0,
Trochalopteron austeni,0,
Trochalopteron chrysopterum,0,
Trochalopteron elliotii,1,单型种(全);-----------------------------------------------------;2020-11-2 西安祥裕森林公园
Trochalopteron erythrocephalum,0,
Trochalopteron formosum,0,
Trochalopteron henrici,1,单型种(全);-----------------------------------------------------;2020-7-25 拉萨罗布林卡
Trochalopteron imbricatum,0,
Trochalopteron lineatum,1,5个亚种;-----------------------------------------------------;2020-8-2 西藏吉隆镇扎村(setafer)
Trochalopteron melanostigma,0,
Trochalopteron milnei,1,4个亚种;-----------------------------------------------------;2020-11-22 北京动物园
Trochalopteron morrisonianum,0,
Trochalopteron ngoclinhense,0,
Trochalopteron peninsulae,0,
Trochalopteron squamatum,0,
Trochalopteron subunicolor,0,
Trochalopteron variegatum,1,3个亚种;-----------------------------------------------------;2020-8-2 西藏吉隆镇扎村山路(variegatum)
Trochalopteron virgatum,0,
Trochalopteron yersini,0,
Montecincla cachinnans,0,
Montecincla fairbanki,0,
Montecincla jerdoni,0,
Montecincla meridionalis,0,
Heterophasia auricularis,0,
Heterophasia capistrata,1,3个亚种;-----------------------------------------------------;2020-8-2 西藏吉隆镇扎村山路(nigriceps)
Heterophasia desgodinsi,0,
Heterophasia gracilis,0,
Heterophasia melanoleuca,0,
Heterophasia picaoides,0,
Heterophasia pulchella,0,
Actinodura cyanouroptera,0,
Actinodura egertoni,0,
Actinodura morrisoniana,0,
Actinodura nipalensis,0,
Actinodura ramsayi,0,
Actinodura sodangorum,0,
Actinodura souliei,0,
Actinodura strigula,0,
Actinodura waldeni,0,
Leioptila annectens,0,
Minla ignotincta,0,
Leiothrix argentauris,1,9个亚种;-----------------------------------------------------;2019-12-20 广州中山大学南校区(引进种)
Leiothrix lutea,1,2个亚种;-----------------------------------------------------;2020-1-13 厦门天竺山(lutea);2020-11-2 西安祥裕森林公园(lutea)
Liocichla bugunorum,0,
Liocichla omeiensis,0,
Liocichla phoenicea,0,
Liocichla ripponi,0,
Liocichla steerii,0,
Argya affinis,0,
Argya altirostris,0,
Argya aylmeri,0,
Argya caudata,0,
Argya cinereifrons,0,
Argya earlei,0,
Argya fulva,0,
Argya gularis,0,
Argya huttoni,0,
Argya longirostris,0,
Argya malcolmi,0,
Argya rubiginosa,0,
Argya rufescens,0,
Argya squamiceps,0,
Argya striata,0,
Argya subrufa,0,
Turdoides atripennis,0,
Turdoides bicolor,0,
Turdoides chapini,0,
Turdoides gilberti,0,
Turdoides gymnogenys,0,
Turdoides hartlaubii,0,
Turdoides hindei,0,
Turdoides hypoleuca,0,
Turdoides jardineii,0,
Turdoides leucocephala,0,
Turdoides leucopygia,0,
Turdoides melanops,0,
Turdoides nipalensis,0,
Turdoides plebejus,0,
Turdoides reinwardtii,0,
Turdoides rufocinctus,0,
Turdoides sharpei,0,
Turdoides squamulata,0,
Turdoides tenebrosa,0,
Garrulax annamensis,0,
Garrulax bicolor,0,
Garrulax canorus,1,2个亚种;-----------------------------------------------------;2017-12 厦门忠仑公园(canorus)
Garrulax castanotis,0,
Garrulax ferrarius,0,
Garrulax leucolophus,1,4个亚种;-----------------------------------------------------;2019-8-20 新加坡植物园(引进种)
Garrulax maesi,0,
Garrulax merulinus,0,
Garrulax milleti,0,
Garrulax monileger,1,10个亚种;-----------------------------------------------------;2019-4-6 福州森林公园(melli)
Garrulax palliatus,0,
Garrulax rufifrons,0,
Garrulax strepitans,0,
Garrulax taewanus,0,
Ianthocincla bieti,0,
Ianthocincla cineracea,1,3个亚种;-----------------------------------------------------;2020-11-22 北京动物园(strenua)
Ianthocincla konkakinhensis,0,
Ianthocincla lunulata,0,
Ianthocincla maxima,0,
Ianthocincla ocellata,0,
Ianthocincla rufogularis,0,
Ianthocincla sukatschewi,0,
Pterorhinus albogularis,0,
Pterorhinus berthemyi,1,单型种(全);-----------------------------------------------------;2018-5-26 北京动物园
Pterorhinus caerulatus,0,
Pterorhinus chinensis,1,5个亚种;-----------------------------------------------------;2019-12-20 广州中山大学南校区(引进种);2022-1-24 海南三亚临春岭森林公园(monachus)
Pterorhinus courtoisi,1,2个亚种;-----------------------------------------------------;2019-8-19 新加坡裕廊飞禽公园(courtoisi)
Pterorhinus davidi,1,2个亚种;-----------------------------------------------------;2021-5-15 宁夏石嘴山贺兰山东麓(davidi)
Pterorhinus delesserti,0,
Pterorhinus galbanus,0,
Pterorhinus gularis,0,
Pterorhinus koslowi,0,
Pterorhinus lanceolatus,1,3个亚种;-----------------------------------------------------;2017-12 厦门翔安扬帆公园(latouchei)
Pterorhinus mitratus,0,
Pterorhinus nuchalis,0,
Pterorhinus pectoralis,1,4个亚种;-----------------------------------------------------;2020-1-24 福建莆田天马山(picticollis)
Pterorhinus perspicillatus,1,单型种(全);-----------------------------------------------------;2017-12 厦门湿地公园
Pterorhinus poecilorhynchus,1,单型种(全);-----------------------------------------------------;2018-10-7 台北动物园
Pterorhinus ruficeps,0,
Pterorhinus ruficollis,0,
Pterorhinus sannio,1,4个亚种;-----------------------------------------------------;2018-2 厦门集美大学(sannio)
Pterorhinus treacheri,0,
Pterorhinus vassali,0,
Pterorhinus waddelli,1,2个亚种;-----------------------------------------------------;2020-7-27 西藏雄色寺山脚(waddelliw)
Pterorhinus woodi,0,
Modulatrix stictigula,0,
Arcanator orostruthus,0,
Kakamega poliothorax,0,
Promerops cafer,0,
Promerops gurneyi,0,
Irena cyanogastra,0,
Irena puella,1,6个亚种;-----------------------------------------------------;2019-5-7 香港公园尤德观鸟园;2019-8-19 新加坡裕廊飞禽公园
Irena tweeddalii,0,
Corthylio calendula,1,3个亚种;-----------------------------------------------------;2022-9-17 多伦多Thompson公园(calendula)
Regulus goodfellowi,0,
Regulus ignicapilla,0,
Regulus madeirensis,0,
Regulus regulus,0,
Regulus satrapa,1,5个亚种;-----------------------------------------------------;2022-9-24 多伦多Thompson公园(satrapa)
Elachura formosa,1,单型种(全);-----------------------------------------------------;2022-3-22 厦门文山
Hyliota australis,0,
Hyliota flavigaster,0,
Hyliota usambara,0,
Hyliota violacea,0,
Campylorhynchus albobrunneus,0,
Campylorhynchus brunneicapillus,0,
Campylorhynchus capistratus,2,3-18 Hotel Bougainvillea 56.49%;3-25 Cerro Lodge 71.52%;3-25 Tarcoles--Tour en Bote 24.12%;3-26 PN Carara-Entrada principal 48.29%
Campylorhynchus chiapensis,0,
Campylorhynchus fasciatus,0,
Campylorhynchus griseus,0,
Campylorhynchus gularis,0,
Campylorhynchus humilis,0,
Campylorhynchus jocosus,0,
Campylorhynchus megalopterus,0,
Campylorhynchus nuchalis,0,
Campylorhynchus rufinucha,0,
Campylorhynchus turdinus,0,
Campylorhynchus yucatanicus,0,
Campylorhynchus zonatus,2,3-19 Donde Cope 6.00%;3-20 Estacion Biologica La Selva 25.69%;3-21 Arenal Observatory Lodge 21.06%;3-22 Arenal Observatory Lodge--access rd 4.30%
Odontorchilus branickii,0,
Odontorchilus cinereus,0,
Salpinctes obsoletus,0,
Catherpes mexicanus,0,
Hylorchilus navai,0,
Hylorchilus sumichrasti,0,
Cinnycerthia fulva,0,
Cinnycerthia olivascens,0,
Cinnycerthia peruana,0,
Cinnycerthia unirufa,0,
Cistothorus apolinari,0,
Cistothorus meridae,0,
Cistothorus palustris,1,14个亚种;-----------------------------------------------------;2022-7-16 多伦多Rouge beach公园(dissaeptus)
Cistothorus platensis,0,
Cistothorus stellaris,0,
Thryomanes bewickii,0,
Ferminia cerverai,17,单型种(全);-----------------------------------------------------;2022-12-26 古巴萨帕塔
Pheugopedius atrogularis,2,3-20 Estacion Biologica La Selva 18.82%;3-21 Arenal Observatory Lodge 10.24%;3-22 Arenal Observatory Lodge--access rd 12.86%
Pheugopedius coraya,0,
Pheugopedius eisenmanni,0,
Pheugopedius euophrys,0,
Pheugopedius fasciatoventris,0,
Pheugopedius felix,0,
Pheugopedius genibarbis,0,
Pheugopedius maculipectus,0,
Pheugopedius mystacalis,0,
Pheugopedius rutilus,2,3-25 Cerro Lodge 1.85%;3-26 PN Carara-Entrada principal 37.04%
Pheugopedius sclateri,0,
Pheugopedius spadix,0,
Thryophilus nicefori,0,
Thryophilus pleurostictus,0,
Thryophilus rufalbus,2,3-23 Hotel de Montana Monteverde 8.33%;3-24 Curi-Cancha Refugio de Vida Silvestre 31.94%;3-24 Reserva Bosque Nuboso Monteverde 3.96%;3-26 PN Carara-Entrada principal 20.58%
Thryophilus sernai,0,
Thryophilus sinaloa,0,
Cantorchilus elutus,0,
Cantorchilus griseus,0,
Cantorchilus guarayanus,0,
Cantorchilus leucopogon,0,
Cantorchilus leucotis,0,
Cantorchilus longirostris,0,
Cantorchilus modestus,2,3-18 Hotel Bougainvillea 25.03%;3-23 Hotel de Montana Monteverde 25.02%;3-24 Curi-Cancha Refugio de Vida Silvestre 34.04%;3-24 Reserva Bosque Nuboso Monteverde 7.05%;3-25 Cerro Lodge 3.30%
Cantorchilus nigricapillus,2,3-19 Donde Cope 22.00%;3-19 Tirimbina Rainforest 33.78%;3-20 Estacion Biologica La Selva 23.75%;3-21 Arenal Observatory Lodge 8.48%;3-22 Arenal Observatory Lodge--access rd 10.01%
Cantorchilus semibadius,2,3-26 PN Carara-Entrada principal 51.12%
Cantorchilus superciliaris,0,
Cantorchilus thoracicus,2,3-19 Tirimbina Rainforest 23.52%;3-20 Estacion Biologica La Selva 26.63%;3-21 Arenal Observatory Lodge 36.47%;3-22 Arenal Observatory Lodge--access rd 11.43%
Cantorchilus zeledoni,0,
Thryothorus ludovicianus,1,9个亚种;-----------------------------------------------------;2022-7-1 多伦多Guildwood公园(ludovicianus)
Troglodytes aedon,1,30个亚种;-----------------------------------------------------;2022-6-11 多伦多High park(aedon)
Troglodytes cobbi,0,
Troglodytes hiemalis,1,2个亚种;-----------------------------------------------------;2022-10-17 多伦多Thompson公园(hiemalis)
Troglodytes monticola,0,
Troglodytes ochraceus,2,3-18 Hotel Bougainvillea 1.52%;3-19 La Paz Waterfall Gardens 24.80%;3-21 Galeria de Colibriy Soda Cinchona 6.14%;3-24 Curi-Cancha Refugio de Vida Silvestre 14.29%;3-24 Reserva Bosque Nuboso Monteverde 32.33%
Troglodytes pacificus,0,
Troglodytes rufociliatus,0,
Troglodytes rufulus,0,
Troglodytes sissonii,0,
Troglodytes solstitialis,0,
Troglodytes tanneri,0,
Troglodytes troglodytes,1,27个亚种;-----------------------------------------------------;2020-8-2 西藏吉隆镇扎村山路(nipalensis);2020-11-2 西安祥裕森林公园(idius)
Thryorchilus browni,0,
Uropsila leucogastra,0,
Henicorhina anachoreta,0,
Henicorhina leucophrys,2,3-19 La Paz Waterfall Gardens 29.16%;3-21 Arenal Observatory Lodge 2.24%;3-21 Galeria de Colibriy Soda Cinchona 16.62%;3-23 Hotel de Montana Monteverde 6.25%;3-24 Curi-Cancha Refugio de Vida Silvestre 36.35%;3-24 Reserva Bosque Nuboso Monteverde 53.32%
Henicorhina leucoptera,0,
Henicorhina leucosticta,2,3-19 Donde Cope 5.00%;3-19 Tirimbina Rainforest 20.09%;3-20 Estacion Biologica La Selva 30.03%;3-21 Arenal Observatory Lodge 22.13%;3-22 Arenal Observatory Lodge--access rd 10.00%;3-24 Curi-Cancha Refugio de Vida Silvestre 6.09%
Henicorhina negreti,0,
Microcerculus bambla,0,
Microcerculus marginatus,0,
Microcerculus philomela,2,3-21 Arenal Observatory Lodge 24.87%;3-22 Arenal Observatory Lodge--access rd 5.71%
Microcerculus ustulatus,0,
Cyphorhinus arada,0,
Cyphorhinus phaeocephalus,2,3-21 Arenal Observatory Lodge 7.71%
Cyphorhinus thoracicus,0,
Ramphocaenus melanurus,2,3-20 Estacion Biologica La Selva 8.26%;3-21 Arenal Observatory Lodge 7.80%;3-22 Arenal Observatory Lodge--access rd 5.71%;3-26 PN Carara-Entrada principal 30.11%
Ramphocaenus sticturus,0,
Microbates cinereiventris,2,3-21 Arenal Observatory Lodge 6.92%
Microbates collaris,0,
Polioptila albiloris,2,3-25 Cerro Lodge 3.67%
Polioptila albiventris,0,
Polioptila attenboroughi,0,
Polioptila bilineata,2,3-19 Tirimbina Rainforest 5.14%;3-20 Estacion Biologica La Selva 14.76%;3-25 Cerro Lodge 7.70%;3-25 Tarcoles--Tour en Bote 5.06%;3-26 PN Carara-Entrada principal 24.04%
Polioptila caerulea,1,8个亚种;-----------------------------------------------------;2022-6-11 多伦多High park(caerulea)
Polioptila californica,0,
Polioptila clementsi,0,
Polioptila dumicola,0,
Polioptila facilis,0,
Polioptila guianensis,0,
Polioptila lactea,0,
Polioptila lembeyei,0,Sabana-Camaguey Archipelago
Polioptila melanura,0,
Polioptila nigriceps,0,
Polioptila paraensis,0,
Polioptila plumbea,0,
Polioptila schistaceigula,0,
Sitta arctica,0,
Sitta azurea,0,
Sitta canadensis,1,单型种(全);-----------------------------------------------------;2022-6-11 多伦多High park
Sitta carolinensis,1,6个亚种;-----------------------------------------------------;2022-6-22 多伦多High park(carolinensis)
Sitta cashmirensis,0,
Sitta castanea,0,
Sitta cinnamoventris,0,
Sitta europaea,1,21个亚种;-----------------------------------------------------;2019-10-12 哈尔滨市黑龙江省植物园(amurensis);2020-11-2 西安祥裕森林公园(sinensis)
Sitta formosa,0,
Sitta frontalis,0,
Sitta himalayensis,0,
Sitta insularis,0,
Sitta krueperi,0,
Sitta ledanti,0,
Sitta leucopsis,0,
Sitta magna,0,
Sitta nagaensis,0,
Sitta neglecta,0,
Sitta neumayer,0,
Sitta oenochlamys,0,
Sitta przewalskii,0,
Sitta pusilla,0,
Sitta pygmaea,0,
Sitta solangiae,0,
Sitta tephronota,0,
Sitta victoriae,0,
Sitta villosa,0,
Sitta whiteheadi,0,
Sitta yunnanensis,0,
Tichodroma muraria,1,2个亚种;-----------------------------------------------------;2002-7-30 西藏珠峰保护区(nepalensis)
Certhia americana,1,13个亚种;-----------------------------------------------------;2022-9-24 多伦多Thompson公园(americana)
Certhia brachydactyla,0,
Certhia discolor,0,喉无白色有别于所有其他旋木雀
Certhia familiaris,1,10个亚种;-----------------------------------------------------;2019-10-13 哈尔滨顾乡公园(daurica)
Certhia himalayana,0,
Certhia hodgsoni,0,
Certhia manipurensis,0,
Certhia nipalensis,0,
Certhia tianquanensis,0,
Salpornis salvadori,0,
Salpornis spilonota,0,
Dumetella carolinensis,1,单型种(全);-----------------------------------------------------;2022-6-18 多伦多Thompson公园;2022-12-26 古巴萨帕塔
Melanoptila glabrirostris,0,
Mimus dorsalis,0,
Mimus gilvus,0,
Mimus graysoni,0,
Mimus gundlachii,0,
Mimus longicaudatus,1,4个亚种;-----------------------------------------------------;2019-8-19 新加坡裕廊飞禽公园
Mimus macdonaldi,0,
Mimus melanotis,0,
Mimus parvulus,0,
Mimus patagonicus,0,
Mimus polyglottos,1,2个亚种(全);-----------------------------------------------------;2022-7-23 多伦多Thompson公园(polyglottos);2022-12-24 古巴哈瓦那(orpheuss)
Mimus saturninus,0,
Mimus thenca,0,
Mimus trifasciatus,0,
Mimus triurus,0,
Oreoscoptes montanus,0,
Toxostoma bendirei,0,
Toxostoma cinereum,0,
Toxostoma crissale,0,
Toxostoma curvirostre,0,
Toxostoma guttatum,0,
Toxostoma lecontei,0,
Toxostoma longirostre,0,
Toxostoma ocellatum,0,
Toxostoma redivivum,0,
Toxostoma rufum,1,2个亚种;-----------------------------------------------------;2022-6-19 多伦多岛(rufum)
Ramphocinclus brachyurus,0,
Melanotis caerulescens,0,
Melanotis hypoleucus,0,
Allenia fusca,0,
Margarops fuscatus,0,
Cinclocerthia gutturalis,0,
Cinclocerthia ruficauda,0,
Aplonis atrifusca,0,
Aplonis brunneicapillus,0,
Aplonis cantoroides,0,
Aplonis cinerascens,0,
Aplonis circumscripta,0,
Aplonis corvina,0,
Aplonis crassa,0,
Aplonis dichroa,0,
Aplonis feadensis,0,
Aplonis fusca,0,
Aplonis grandis,0,
Aplonis insularis,0,
Aplonis magna,0,
Aplonis mavornata,0,
Aplonis metallica,0,
Aplonis minor,0,
Aplonis mysolensis,0,
Aplonis mystacea,0,
Aplonis opaca,0,
Aplonis panayensis,1,14个亚种;-----------------------------------------------------;2019-8-18 新加坡巴西立公园(strigata)
Aplonis pelzelni,0,
Aplonis santovestris,0,
Aplonis striata,0,
Aplonis tabuensis,0,
Aplonis zelandica,0,
Mino anais,0,
Mino dumontii,1,单型种(全);-----------------------------------------------------;2019-5-7 香港公园尤德观鸟园;2019-8-19 新加坡裕廊飞禽公园
Mino kreffti,0,
Basilornis celebensis,0,
Basilornis corythaix,0,
Basilornis galeatus,0,
Goodfellowia miranda,0,
Sarcops calvus,1,3个亚种;-----------------------------------------------------;2019-8-19 新加坡裕廊飞禽公园
Streptocitta albertinae,0,
Streptocitta albicollis,0,
Enodes erythrophris,0,
Scissirostrum dubium,0,
Saroglossa spilopterus,0,
Ampeliceps coronatus,1,单型种(全);-----------------------------------------------------;2019-5-7 香港公园尤德观鸟园
Gracula enganensis,0,
Gracula indica,0,
Gracula ptilogenys,0,
Gracula religiosa,1,8个亚种;-----------------------------------------------------;2019-8-20 新加坡植物园(religiosa)
Gracula robusta,0,
Gracula venerata,0,
Acridotheres albocinctus,0,
Acridotheres burmannicus,0,
Acridotheres cinereus,0,
Acridotheres cristatellus,1,3个亚种;-----------------------------------------------------;2018-1 厦门机场附近(cristatellus);2020-4-24 杭州植物园(cristatellus);2022-1-18 海南南渡江(brevipennis)
Acridotheres fuscus,0,
Acridotheres ginginianus,1,单型种(全);-----------------------------------------------------;2019-8-19 新加坡裕廊飞禽公园;2023-1-15 阿联酋拉斯海玛
Acridotheres grandis,1,单型种(全);-----------------------------------------------------;2020-11-22 北京动物园
Acridotheres javanicus,1,单型种(全);-----------------------------------------------------;2018-10-1 台湾高雄卫武营都会公园;2019-8-17 新加坡
Acridotheres leucocephalus,0,
Acridotheres melanopterus,1,3个亚种;-----------------------------------------------------;2019-8-19 新加坡裕廊飞禽公园(melanopterus)
Acridotheres tristis,1,2个亚种;-----------------------------------------------------;2018-4 厦门集美大学(tristis);2018-10-1 台湾(tristis);2019-1 新西兰北岛(tristis);2019-8-17 新加坡(tristis);2022-1-18 海南儋州(tristis);2023-1-9 阿联酋迪拜(引进种)
Spodiopsar cineraceus,1,单型种(全);-----------------------------------------------------;2018-1-1 澳门郊野公园;2021-2-4 莆田涵江网红海
Spodiopsar sericeus,1,单型种(全);-----------------------------------------------------;2018-5-26 北京大学;2019-3 厦门集美大学;2022-1-19 海南儋州
Gracupica contra,1,2个亚种;-----------------------------------------------------;2019-8-19 新加坡裕廊飞禽公园(contra);2023-1-18 阿联酋迪拜(引进种)
Gracupica floweri,0,
Gracupica jalla,0,
Gracupica nigricollis,1,单型种(全);-----------------------------------------------------;2017-12 厦门湿地公园;2022-1-18 海南白沙门公园
Agropsar philippensis,0,
Agropsar sturninus,0,
Sturnia blythii,0,
Sturnia erythropygia,0,
Sturnia malabarica,0,
Sturnia pagodarum,0,
Sturnia sinensis,1,单型种(全);-----------------------------------------------------;2018-4 厦门翔安东埭桥水库;2022-1-18 海南南渡江
Sturnornis albofrontatus,0,
Leucopsar rothschildi,1,单型种(全);-----------------------------------------------------;2019-5-7 香港公园尤德观鸟园;2019-8-19 新加坡裕廊飞禽公园
Fregilupus varius,0,
Necropsar rodericanus,0,
Pastor roseus,0,
Sturnus unicolor,0,
Sturnus vulgaris,1,13个亚种;-----------------------------------------------------;2019-1 新西兰南北岛(vulgaris);2022-6-9 多伦多Alexandra Park(引进种)
Creatophora cinerea,0,
Notopholia corusca,0,
Hylopsar cupreocauda,0,
Hylopsar purpureiceps,0,
Lamprotornis acuticaudus,0,
Lamprotornis albicapillus,0,
Lamprotornis australis,0,
Lamprotornis bicolor,0,
Lamprotornis caudatus,0,
Lamprotornis chalcurus,0,
Lamprotornis chalybaeus,1,4个亚种;-----------------------------------------------------;2019-5-7 香港动植物公园
Lamprotornis chloropterus,0,
Lamprotornis elisabeth,0,
Lamprotornis fischeri,0,
Lamprotornis hildebrandti,1,单型种(全);-----------------------------------------------------;2019-8-19 新加坡裕廊飞禽公园
Lamprotornis iris,1,单型种(全);-----------------------------------------------------;2019-5-7 香港动植物公园
Lamprotornis mevesii,0,
Lamprotornis nitens,0,
Lamprotornis ornatus,0,
Lamprotornis pulcher,1,单型种(全);-----------------------------------------------------;2019-8-19 新加坡裕廊飞禽公园
Lamprotornis purpureus,0,
Lamprotornis purpuroptera,0,
Lamprotornis regius,1,单型种(全);-----------------------------------------------------;2019-8-19 新加坡裕廊飞禽公园
Lamprotornis shelleyi,0,
Lamprotornis splendidus,0,
Lamprotornis superbus,1,单型种(全);-----------------------------------------------------;2019-8-19 新加坡裕廊飞禽公园;2023-1-12 阿联酋沙迦
Lamprotornis unicolor,0,
Hartlaubius auratus,0,
Cinnyricinclus leucogaster,1,3个亚种;-----------------------------------------------------;2019-8-19 新加坡裕廊飞禽公园
Onychognathus albirostris,0,
Onychognathus blythii,0,
Onychognathus frater,0,
Onychognathus fulgidus,0,
Onychognathus morio,0,
Onychognathus nabouroup,0,
Onychognathus neumanni,0,
Onychognathus salvadorii,0,
Onychognathus tenuirostris,0,
Onychognathus tristramii,0,
Onychognathus walleri,0,
Poeoptera kenricki,0,
Poeoptera lugubris,0,
Poeoptera stuhlmanni,0,
Pholia sharpii,0,
Arizelopsar femoralis,0,
Grafisia torquata,0,
Speculipastor bicolor,0,
Neocichla gutturalis,0,
Rhabdornis grandis,0,
Rhabdornis inornatus,0,
Rhabdornis mystacalis,0,
Rhabdornis rabori,0,
Buphagus africanus,0,
Buphagus erythrorynchus,0,
Grandala coelicolor,0,
Sialia currucoides,0,
Sialia mexicana,0,
Sialia sialis,1,7个亚种;-----------------------------------------------------;2022-11-19 多伦多Colonel Samuel Smith公园(sialis)
Stizorhina finschi,0,
Stizorhina fraseri,0,
Neocossyphus poensis,0,
Neocossyphus rufus,0,
Pinarornis plumosus,0,
Myadestes coloratus,0,
Myadestes elisabeth,0,Guaniquanico Cordillera
Myadestes genibarbis,0,
Myadestes lanaiensis,0,
Myadestes melanops,2,3-19 La Paz Waterfall Gardens 16.53%;3-21 Galeria de Colibriy Soda Cinchona 1.45%;3-24 Curi-Cancha Refugio de Vida Silvestre 34.26%;3-24 Reserva Bosque Nuboso Monteverde 67.10%
Myadestes myadestinus,0,
Myadestes obscurus,0,
Myadestes occidentalis,0,
Myadestes palmeri,0,
Myadestes ralloides,0,
Myadestes townsendi,0,
Myadestes unicolor,0,
Chlamydochaera jefferyi,0,
Cochoa azurea,0,
Cochoa beccarii,0,
Cochoa purpurea,0,
Cochoa viridis,0,
Ixoreus naevius,0,
Ridgwayia pinicola,0,
Cichlopsis leucogenys,0,
Entomodestes coracinus,0,
Entomodestes leucotis,0,
Hylocichla mustelina,1,单型种(全);-----------------------------------------------------;2023-5-9 多伦多High Park
Catharus aurantiirostris,2,3-23 Hotel de Montana Monteverde 16.67%;3-24 Curi-Cancha Refugio de Vida Silvestre 5.25%;3-24 Reserva Bosque Nuboso Monteverde 3.96%
Catharus bicknelli,0,
Catharus dryas,0,
Catharus frantzii,2,3-19 La Paz Waterfall Gardens 2.62%
Catharus fuscater,2,3-19 La Paz Waterfall Gardens 34.80%;3-21 Galeria de Colibriy Soda Cinchona 7.95%;3-24 Curi-Cancha Refugio de Vida Silvestre 12.19%;3-24 Reserva Bosque Nuboso Monteverde 44.38%
Catharus fuscescens,1,4个亚种;-----------------------------------------------------;2023-5-9 多伦多High Park(fuscescens)
Catharus gracilirostris,0,
Catharus guttatus,1,8个亚种;-----------------------------------------------------;2022-10-1 加拿大奥沙华(faxoni)
Catharus maculatus,0,肋部比斑夜鸫更绿黄，密布点状斑纹
Catharus mexicanus,2,3-21 Arenal Observatory Lodge 14.73%;3-24 Curi-Cancha Refugio de Vida Silvestre 28.99%;3-24 Reserva Bosque Nuboso Monteverde 3.62%
Catharus minimus,1,2个亚种;-----------------------------------------------------;2022-9-18 多伦多High Park(aliciae)
Catharus occidentalis,0,
Catharus ustulatus,1,6个亚种;-----------------------------------------------------;2022-9-17 多伦多Thompson公园(swainsoni)
Zoothera andromedae,0,
Zoothera aurea,1,2个亚种;-----------------------------------------------------;2019-12-20 广州中山大学南校区(aurea);2021-1-21 厦门十里蓝山(aurea)
Zoothera dauma,0,
Zoothera dixoni,0,
Zoothera everetti,0,
Zoothera griseiceps,0,
Zoothera heinei,0,
Zoothera heinrichi,0,
Zoothera imbricata,0,
Zoothera lunulata,0,
Zoothera machiki,0,
Zoothera major,0,
Zoothera margaretae,0,
Zoothera marginata,0,
Zoothera mollissima,0,
Zoothera monticola,0,
Zoothera neilgherriensis,0,
Zoothera salimalii,0,
Zoothera talaseae,0,
Zoothera terrestris,0,
Zoothera turipavae,0,
Geokichla camaronensis,0,
Geokichla cinerea,0,
Geokichla citrina,1,10个亚种;-----------------------------------------------------;2022-1-20 海南尖峰岭(aurimacula有泪痕)
Geokichla crossleyi,0,
Geokichla dohertyi,0,
Geokichla dumasi,0,
Geokichla erythronota,0,
Geokichla gurneyi,0,
Geokichla guttata,0,
Geokichla interpres,0,
Geokichla joiceyi,0,
Geokichla leucolaema,0,
Geokichla mendeni,0,
Geokichla oberlaenderi,0,
Geokichla peronii,0,
Geokichla piaggiae,0,
Geokichla princei,0,
Geokichla schistacea,0,
Geokichla sibirica,0,
Geokichla spiloptera,0,
Geokichla wardii,0,
Turdus abyssinicus,0,
Turdus albicollis,0,
Turdus albocinctus,0,
Turdus amaurochalinus,0,
Turdus arthuri,0,
Turdus assimilis,2,3-21 Arenal Observatory Lodge 10.44%;3-21 Galeria de Colibriy Soda Cinchona 1.44%;3-22 Arenal Observatory Lodge--access rd 15.73%;3-24 Curi-Cancha Refugio de Vida Silvestre 36.36%;3-24 Reserva Bosque Nuboso Monteverde 32.68%
Turdus atrogularis,0,
Turdus aurantius,0,
Turdus bewsheri,0,
Turdus boulboul,0,
Turdus cardis,1,单型种(全);-----------------------------------------------------;2019-11-13 厦门水上运动中心;2022-1-21 海南西岛(乌黑鸫)
Turdus celaenops,0,
Turdus chiguanco,0,
Turdus chrysolaus,1,2个亚种;-----------------------------------------------------;2021-2-21 厦门天竺山(chrysolaus)
Turdus daguae,0,
Turdus dissimilis,1,单型种(全);-----------------------------------------------------;2020-11-22 北京动物园
Turdus eremita,0,
Turdus eunomus,1,单型种(全);-----------------------------------------------------;2019-10-13 哈尔滨市黑龙江省植物园
Turdus falcklandii,0,
Turdus feae,0,
Turdus flavipes,0,
Turdus fulviventris,0,
Turdus fumigatus,0,
Turdus fuscater,0,
Turdus grayi,2,3-18 Hotel Bougainvillea 82.47%;3-19 La Paz Waterfall Gardens 55.68%;3-19 Donde Cope 71.02%;3-19 Tirimbina Rainforest 67.54%;3-20 Estacion Biologica La Selva 57.89%;3-21 Arenal Observatory Lodge 66.59%;3-21 Galeria de Colibriy Soda Cinchona 78.37%;3-22 Arenal Observatory Lodge--access rd 34.30%;3-23 Hotel de Montana Monteverde 54.21%;3-24 Curi-Cancha Refugio de Vida Silvestre 35.95%;3-24 Reserva Bosque Nuboso Monteverde 24.93%;3-25 Cerro Lodge 75.53%;3-25 Tarcoles--Tour en Bote 25.31%;3-26 PN Carara-Entrada principal 42.66%
Turdus haplochrous,0,
Turdus hauxwelli,0,
Turdus helleri,0,
Turdus hortulorum,1,单型种(全);-----------------------------------------------------;2019-11-13 厦门水上运动中心
Turdus ignobilis,0,
Turdus iliacus,0,
Turdus infuscatus,0,
Turdus jamaicensis,0,
Turdus kessleri,0,
Turdus lawrencii,0,
Turdus leucomelas,0,
Turdus leucops,0,
Turdus lherminieri,0,
Turdus libonyana,0,
Turdus litsitsirupa,0,
Turdus ludoviciae,0,
Turdus maculirostris,0,
Turdus mandarinus,1,2个亚种;-----------------------------------------------------;2017-12 厦门集美大学(mandarinus)
Turdus maranonicus,0,
Turdus maximus,1,单型种(全);-----------------------------------------------------;2020-7-25 拉萨布达拉宫广场
Turdus menachensis,0,
Turdus merula,1,7个亚种;-----------------------------------------------------;2019-1 新西兰南岛(merula)
Turdus migratorius,1,7个亚种;-----------------------------------------------------;2022-6-9 多伦多Alexandra Park(nigrideus)
Turdus mupinensis,0,
Turdus murinus,0,与黑嘴鸫相比，上半部更黑，喉更白
Turdus naumanni,1,单型种(全);-----------------------------------------------------;2019-10-12 哈尔滨市黑龙江省植物园;2020-12-14 厦门园博园
Turdus nigrescens,2,3-19 La Paz Waterfall Gardens 3.92%
Turdus nigriceps,0,
Turdus niveiceps,0,
Turdus nudigenis,0,
Turdus obscurus,1,单型种(全);-----------------------------------------------------;2021-2-21 厦门天竺山
Turdus obsoletus,2,3-19 La Paz Waterfall Gardens 2.17%;3-24 Curi-Cancha Refugio de Vida Silvestre 8.20%;3-24 Reserva Bosque Nuboso Monteverde 4.47%
Turdus olivaceofuscus,0,
Turdus olivaceus,0,
Turdus olivater,0,
Turdus pallidus,1,单型种(全);-----------------------------------------------------;2019-12-25 厦门虎头山公园
Turdus pelios,0,
Turdus philomelos,1,4个亚种;-----------------------------------------------------;2019-1 新西兰南岛(clarkei)
Turdus pilaris,0,
Turdus plebejus,2,3-19 La Paz Waterfall Gardens 6.53%;3-21 Galeria de Colibriy Soda Cinchona 1.44%;3-23 Hotel de Montana Monteverde 8.33%;3-24 Curi-Cancha Refugio de Vida Silvestre 51.07%;3-24 Reserva Bosque Nuboso Monteverde 33.03%
Turdus plumbeus,1,6个亚种;-----------------------------------------------------;2022-12-24 古巴哈瓦那(rubripes)
Turdus poliocephalus,0,
Turdus ravidus,0,
Turdus reevei,0,
Turdus roehli,0,
Turdus rubrocanus,1,2个亚种;-----------------------------------------------------;2018-5-26 北京动物园(gouldii头深灰)
Turdus ruficollis,0,
Turdus rufitorques,0,
Turdus rufiventris,0,
Turdus rufopalliatus,0,
Turdus sanchezorum,0,
Turdus serranus,0,
Turdus simensis,0,
Turdus simillimus,0,
Turdus smithi,0,
Turdus subalaris,0,
Turdus swalesi,0,
Turdus tephronotus,0,
Turdus torquatus,0,
Turdus turdoides,0,
Turdus unicolor,0,
Turdus viscivorus,0,
Turdus xanthorhynchus,0,
Alethe castanea,0,
Alethe diademata,0,
Cercotrichas barbata,0,
Cercotrichas coryphoeus,0,
Cercotrichas galactotes,0,
Cercotrichas hartlaubi,0,
Cercotrichas leucophrys,0,
Cercotrichas leucosticta,0,
Cercotrichas paena,0,
Cercotrichas podobe,0,
Cercotrichas quadrivirgata,0,
Cercotrichas signata,0,
Copsychus albiventris,0,
Copsychus albospecularis,0,
Copsychus cebuensis,0,
Copsychus fulicatus,0,
Copsychus luzoniensis,0,
Copsychus malabaricus,1,9个亚种;-----------------------------------------------------;2022-1-24 海南三亚临春岭森林公园(malabaricus)
Copsychus mindanensis,0,
Copsychus niger,0,
Copsychus pyrropygus,0,
Copsychus saularis,1,7个亚种;-----------------------------------------------------;2017-12 厦门集美大学(saularis);2019-8 新加坡巴西立公园(muscicus);2022-1-18 海南白沙门公园(saularis)
Copsychus sechellarum,0,
Copsychus stricklandii,0,
Copsychus superciliaris,0,
Fraseria cinerascens,0,
Fraseria ocreata,0,
Myioparus griseigularis,0,
Myioparus plumbeus,0,
Melaenornis annamarulae,0,
Melaenornis ardesiacus,0,
Melaenornis brunneus,0,
Melaenornis chocolatinus,0,
Melaenornis edolioides,0,
Melaenornis fischeri,0,
Melaenornis infuscatus,0,
Melaenornis mariquensis,0,
Melaenornis microrhynchus,0,
Melaenornis pallidus,0,
Melaenornis pammelaina,0,
Melaenornis silens,0,
Empidornis semipartitus,0,
Muscicapa adusta,0,
Muscicapa aquatica,0,
Muscicapa boehmi,0,
Muscicapa caerulescens,0,
Muscicapa cassini,0,
Muscicapa comitata,0,
Muscicapa dauurica,1,3个亚种;-----------------------------------------------------;2018-4 厦门集美水上运动中心(dauurica);2021-4-23 杭州西湖(dauurica)
Muscicapa epulata,0,
Muscicapa ferruginea,1,单型种(全);-----------------------------------------------------;2020-4-25 厦门天竺山公园
Muscicapa gambagae,0,
Muscicapa griseisticta,1,单型种(全);-----------------------------------------------------;2019-4-27 厦门同安杉际内
Muscicapa infuscata,0,
Muscicapa itombwensis,0,
Muscicapa lendu,0,
Muscicapa muttui,1,单型种(全);-----------------------------------------------------;2020-7-3 厦门天竺山森林公园
Muscicapa olivascens,0,
Muscicapa randi,0,
Muscicapa segregata,0,
Muscicapa sethsmithi,0,
Muscicapa sibirica,1,4个亚种;-----------------------------------------------------;2019-9-30 厦门植物园西园(sibirica);2019-10-4 广西北海冠头岭(sibirica)
Muscicapa sodhii,0,
Muscicapa striata,0,
Muscicapa tessmanni,0,
Muscicapa tyrrhenica,0,
Muscicapa ussheri,0,
Muscicapa williamsoni,0,
Leucoptilon concretum,0,
Anthipes monileger,0,
Anthipes solitaris,0,
Cyornis banyumas,0,
Cyornis brunneatus,0,
Cyornis caerulatus,0,
Cyornis camarinensis,0,
Cyornis colonus,0,
Cyornis djampeanus,0,
Cyornis glaucicomans,0,
Cyornis hainanus,1,2个亚种;-----------------------------------------------------;2019-4-27 厦门同安杉际内(hainanus)
Cyornis herioti,0,
Cyornis kadayangensis,0,
Cyornis kalaoensis,0,
Cyornis lemprieri,0,
Cyornis magnirostris,0,
Cyornis montanus,0,
Cyornis nicobaricus,0,
Cyornis ocularis,0,
Cyornis olivaceus,0,
Cyornis omissus,0,
Cyornis pallidipes,0,
Cyornis pelingensis,0,
Cyornis poliogenys,0,
Cyornis rubeculoides,0,
Cyornis ruckii,0,
Cyornis ruficauda,0,
Cyornis ruficrissa,0,
Cyornis rufigastra,0,
Cyornis sumatrensis,0,
Cyornis superbus,0,
Cyornis tickelliae,0,
Cyornis turcosus,0,
Cyornis umbratilis,0,
Cyornis unicolor,0,
Cyornis whitei,0,
Niltava davidi,0,
Niltava grandis,0,
Niltava macgrigoriae,1,2个亚种;-----------------------------------------------------;2021-11-25 厦门天竺山(signata)
Niltava oatesi,0,
Niltava sumatrana,0,
Niltava sundara,0,
Niltava vivida,0,
Cyanoptila cumatilis,0,
Cyanoptila cyanomelana,1,2个亚种(全);-----------------------------------------------------;2018-10-6 台湾野柳地质公园(cyanomelana);2020-5-26 厦门天竺山(intermedia)
Eumyias additus,0,
Eumyias albicaudatus,0,
Eumyias hoevelli,0,
Eumyias hyacinthinus,0,
Eumyias indigo,0,
Eumyias oscillans,0,
Eumyias panayensis,0,
Eumyias sanfordi,0,
Eumyias sordidus,0,
Eumyias stresemanni,0,
Eumyias thalassinus,1,2个亚种;-----------------------------------------------------;2020-3-14 厦门天竺山(thalassinus)
Erithacus rubecula,0,
Chamaetylas choloensis,0,
Chamaetylas fuelleborni,0,
Chamaetylas poliocephala,0,
Chamaetylas poliophrys,0,
Cossyphicula roberti,0,
Cossypha albicapillus,0,
Cossypha anomala,0,
Cossypha archeri,0,
Cossypha caffra,0,
Cossypha cyanocampter,0,
Cossypha dichroa,0,
Cossypha heinrichi,0,
Cossypha heuglini,1,3个亚种;-----------------------------------------------------;2019-5-7 香港动植物公园
Cossypha humeralis,0,
Cossypha isabellae,0,
Cossypha natalensis,0,
Cossypha niveicapilla,0,
Cossypha semirufa,0,
Xenocopsychus ansorgei,0,
Swynnertonia swynnertoni,0,
Pogonocichla stellata,0,
Stiphrornis erythrothorax,0,
Sheppardia aequatorialis,0,
Sheppardia aurantiithorax,0,
Sheppardia bocagei,0,
Sheppardia cyornithopsis,0,
Sheppardia gabela,0,
Sheppardia gunningi,0,
Sheppardia lowei,0,
Sheppardia montana,0,
Sheppardia poensis,0,
Sheppardia polioptera,0,
Sheppardia sharpei,0,
Cichladusa arquata,0,
Cichladusa guttata,0,
Cichladusa ruficauda,0,
Heinrichia calligyna,0,
Leonardina woodi,0,
Heteroxenicus stellatus,0,
Brachypteryx cruralis,0,
Brachypteryx erythrogyna,0,
Brachypteryx floris,0,
Brachypteryx goodfellowi,0,
Brachypteryx hyperythra,0,
Brachypteryx leucophris,1,5个亚种;-----------------------------------------------------;2020-3-27 厦门十里蓝山(carolinae)
Brachypteryx montana,0,
Brachypteryx poliogyna,0,
Brachypteryx saturata,0,
Brachypteryx sinensis,0,
Vauriella albigularis,0,
Vauriella goodfellowi,0,
Vauriella gularis,0,
Vauriella insignis,0,
Larvivora akahige,0,
Larvivora brunnea,0,
Larvivora cyane,1,3个亚种;-----------------------------------------------------;2018-5-26 北京动物园
Larvivora komadori,0,
Larvivora namiyei,0,
Larvivora ruficeps,0,
Larvivora sibilans,1,单型种(全);-----------------------------------------------------;2018-10-6 台湾野柳地质公园;2021-4-25 杭州植物园;2022-1-20 海南尖峰岭
Larvivora tanensis,0,
Luscinia luscinia,0,
Luscinia megarhynchos,0,
Luscinia phaenicuroides,1,2个亚种;-----------------------------------------------------;2020-8-2 西藏吉隆镇扎村山路(ichangensis)
Luscinia svecica,1,11个亚种;-----------------------------------------------------;2021-1-16 石狮湿地公园
Irania gutturalis,0,
Calliope calliope,1,3个亚种;-----------------------------------------------------;2019-2-19 厦门天竺山森林公园(calliope);2021-4-23 杭州西湖(calliope)
Calliope obscura,0,
Calliope pectardens,0,
Calliope pectoralis,0,
Calliope tschebaiewi,0,
Myiomela diana,0,
Myiomela leucura,0,
Myiomela sumatrana,0,
Sholicola albiventris,0,
Sholicola major,0,
Tarsiger chrysaeus,0,
Tarsiger cyanurus,1,单型种(全);-----------------------------------------------------;2019-2-7 福州森林公园
Tarsiger hyperythrus,0,
Tarsiger indicus,0,
Tarsiger johnstoniae,0,
Tarsiger rufilatus,0,
Enicurus borneensis,0,
Enicurus immaculatus,0,
Enicurus leschenaulti,1,5个亚种;-----------------------------------------------------;2020-5-2 福建永泰青云山(sinensis);2020-6-5 三明萝卜岩(sinensis);2020-11-2 西安祥裕森林公园(sinensis)
Enicurus maculatus,0,
Enicurus ruficapillus,0,
Enicurus schistaceus,1,单型种(全);-----------------------------------------------------;2018-2 莆田九龙谷森林公园
Enicurus scouleri,1,单型种(全);-----------------------------------------------------;2020-11-2 西安祥裕森林公园
Enicurus velatus,0,
Myophonus blighi,0,
Myophonus borneensis,0,
Myophonus caeruleus,1,6个亚种;-----------------------------------------------------;2018-2 莆田东圳水渠(caeruleus)
Myophonus castaneus,0,
Myophonus glaucinus,0,
Myophonus horsfieldii,0,
Myophonus insularis,0,
Myophonus melanurus,0,
Myophonus robinsoni,0,
Cinclidium frontale,0,
Ficedula albicilla,1,单型种(全);-----------------------------------------------------;2021-5-15 宁夏石嘴山大武口森林公园
Ficedula albicollis,0,
Ficedula basilanica,0,
Ficedula bonthaina,0,
Ficedula buruensis,0,
Ficedula crypta,0,
Ficedula disposita,0,
Ficedula dumetoria,0,
Ficedula elisae,1,单型种(全);-----------------------------------------------------;2021-11-6 厦门天竺山
Ficedula erithacus,0,
Ficedula harterti,0,
Ficedula henrici,0,
Ficedula hodgsoni,0,
Ficedula hyperythra,0,
Ficedula hypoleuca,0,
Ficedula luzoniensis,0,
Ficedula mugimaki,1,单型种(全);-----------------------------------------------------;2021-10-31 福州悦华酒店
Ficedula narcissina,1,单型种(全);-----------------------------------------------------;2020-4-10 厦门集美后溪村
Ficedula nigrorufa,0,
Ficedula owstoni,1,单型种(全);-----------------------------------------------------;2022-4-7 厦门天竺山
Ficedula parva,1,单型种(全);-----------------------------------------------------;2022-1-18 海南白沙门公园
Ficedula platenae,0,
Ficedula riedeli,0,
Ficedula ruficauda,0,
Ficedula rufigula,0,
Ficedula sapphira,0,
Ficedula semitorquata,0,
Ficedula speculigera,0,
Ficedula strophiata,0,
Ficedula subrubra,0,
Ficedula superciliaris,0,
Ficedula timorensis,0,
Ficedula tricolor,0,
Ficedula westermanni,0,
Ficedula zanthopygia,1,单型种(全);-----------------------------------------------------;2021-4-24 杭州植物园
Phoenicurus alaschanicus,0,
Phoenicurus auroreus,1,2个亚种(全);-----------------------------------------------------;2017-12 厦门湿地公园(auroreus);2020-10-31 陕西西安湖(leucopterus);2022-1-21 海南西岛(auroreus)
Phoenicurus bicolor,0,
Phoenicurus coeruleocephala,0,
Phoenicurus erythrogastrus,1,2个亚种;-----------------------------------------------------;2020-7-27 西藏羊卓雍措山路(grandis)
Phoenicurus erythronotus,0,
Phoenicurus frontalis,1,单型种(全);-----------------------------------------------------;2020-7-28 西藏羊卓雍措
Phoenicurus fuliginosus,1,2个亚种;-----------------------------------------------------;2018-2 莆田东圳水渠(fuliginosus);2020-7-31 西藏聂拉木县(fuliginosus)
Phoenicurus hodgsoni,1,单型种(全);-----------------------------------------------------;2020-7-28 西藏羊卓雍措
Phoenicurus leucocephalus,1,单型种(全);-----------------------------------------------------;2020-8-1 西藏吉隆县;2020-11-2 西安祥裕森林公园
Phoenicurus moussieri,0,
Phoenicurus ochruros,1,6个亚种;-----------------------------------------------------;2020-7-31 西藏珠峰公园(rufiventris)
Phoenicurus phoenicurus,0,
Phoenicurus schisticeps,0,
Monticola angolensis,0,
Monticola brevipes,0,
Monticola cinclorhyncha,0,
Monticola erythronotus,0,
Monticola explorator,0,
Monticola gularis,0,
Monticola imerina,0,
Monticola rufiventris,1,单型种(全);-----------------------------------------------------;2020-8-2 西藏吉隆镇扎村山路
Monticola rufocinereus,0,
Monticola rupestris,0,
Monticola saxatilis,0,
Monticola semirufus,0,
Monticola sharpei,0,
Monticola solitarius,1,5个亚种;-----------------------------------------------------;2018-10-1 台湾垦丁猫鼻头山(philippensis);2019-2-26 泉州围头湾(pandoo)
Saxicola caprata,0,
Saxicola dacotiae,0,
Saxicola ferreus,1,2个亚种;-----------------------------------------------------;2020-8-2 西藏吉隆镇扎村山路(ferreus)
Saxicola gutturalis,0,
Saxicola insignis,0,
Saxicola jerdoni,0,
Saxicola leucurus,0,
Saxicola macrorhynchus,0,
Saxicola maurus,0,
Saxicola rubetra,0,
Saxicola rubicola,0,
Saxicola sibilla,0,
Saxicola stejnegeri,1,单型种(全);-----------------------------------------------------;2018-10 厦门集美大学;2022-1-18 海南南渡江
Saxicola tectes,0,
Saxicola torquatus,0,
Campicoloides bifasciatus,0,
Emarginata schlegelii,0,
Emarginata sinuata,0,
Emarginata tractrac,0,
Pinarochroa sordida,0,
Thamnolaea cinnamomeiventris,0,
Thamnolaea coronata,0,
Myrmecocichla aethiops,0,
Myrmecocichla arnotti,0,
Myrmecocichla collaris,0,
Myrmecocichla formicivora,0,
Myrmecocichla melaena,0,
Myrmecocichla monticola,0,
Myrmecocichla nigra,0,
Myrmecocichla tholloni,0,
Oenanthe albifrons,0,
Oenanthe albonigra,1,单型种(全);-----------------------------------------------------;2023-1-14 阿联酋拉斯海玛
Oenanthe bottae,0,
Oenanthe chrysopygia,0,
Oenanthe cypriaca,0,
Oenanthe deserti,1,3个亚种;-----------------------------------------------------;2020-8-9 西藏尼玛县(oreophila);2023-1-13 阿联酋乌姆盖万(deserti)
Oenanthe dubia,0,
Oenanthe familiaris,0,
Oenanthe finschii,0,
Oenanthe frenata,0,
Oenanthe fusca,0,
Oenanthe halophila,0,
Oenanthe heuglinii,0,
Oenanthe hispanica,0,
Oenanthe isabellina,0,
Oenanthe leucopyga,0,
Oenanthe leucura,0,
Oenanthe lugens,0,
Oenanthe lugentoides,0,
Oenanthe lugubris,0,
Oenanthe melanoleuca,0,
Oenanthe melanura,0,
Oenanthe moesta,0,
Oenanthe monacha,0,
Oenanthe oenanthe,0,
Oenanthe phillipsi,0,
Oenanthe picata,0,
Oenanthe pileata,0,
Oenanthe pleschanka,0,
Oenanthe scotocerca,0,
Oenanthe seebohmi,0,
Oenanthe warriae,0,
Oenanthe xanthoprymna,0,
Namibornis herero,0,
Humblotia flavirostris,0,
Cinclus cinclus,0,
Cinclus leucocephalus,0,
Cinclus mexicanus,2,3-19 La Paz Waterfall Gardens 23.07%
Cinclus pallasii,0,
Cinclus schulzii,0,
Chloropsis aurifrons,1,6个亚种;-----------------------------------------------------;2019-5-7 香港公园尤德观鸟园
Chloropsis cochinchinensis,0,
Chloropsis cyanopogon,0,
Chloropsis flavipennis,0,
Chloropsis hardwickii,0,
Chloropsis jerdoni,0,
Chloropsis kinabaluensis,0,
Chloropsis media,0,
Chloropsis moluccensis,1,6个亚种;-----------------------------------------------------;2019-8-19 新加坡裕廊飞禽公园
Chloropsis palawanensis,0,
Chloropsis sonnerati,1,2个亚种;-----------------------------------------------------;2019-8-19 新加坡裕廊飞禽公园
Chloropsis venusta,0,
Prionochilus maculatus,0,
Prionochilus olivaceus,0,
Prionochilus percussus,0,
Prionochilus plateni,0,
Prionochilus thoracicus,0,
Prionochilus xanthopygius,0,
Dicaeum aeneum,0,
Dicaeum aeruginosum,0,
Dicaeum agile,0,
Dicaeum annae,0,
Dicaeum anthonyi,0,
Dicaeum aureolimbatum,0,
Dicaeum australe,0,
Dicaeum bicolor,0,
Dicaeum celebicum,0,
Dicaeum chrysorrheum,0,
Dicaeum concolor,0,
Dicaeum cruentatum,1,7个亚种;-----------------------------------------------------;2019-8-20 新加坡武吉知马(cruentatum);2022-1-19 海南尖峰岭(cruentatum)
Dicaeum dayakorum,0,
Dicaeum erythrorhynchos,0,
Dicaeum erythrothorax,0,
Dicaeum everetti,0,
Dicaeum eximium,0,
Dicaeum geelvinkianum,0,
Dicaeum haematostictum,0,
Dicaeum hirundinaceum,0,
Dicaeum hypoleucum,0,
Dicaeum igniferum,0,
Dicaeum ignipectus,1,8个亚种;-----------------------------------------------------;2019-4-27 厦门同安杉际内(ignipectus);2019-10-6 广西南宁青秀山(ignipectus)
Dicaeum kampalili,0,
Dicaeum maugei,0,
Dicaeum melanozanthum,0,
Dicaeum minullum,1,5个亚种;-----------------------------------------------------;2021-12-26 厦门天马山(minullum)
Dicaeum monticolum,0,
Dicaeum nehrkorni,0,
Dicaeum nigrilore,0,
Dicaeum nitidum,0,
Dicaeum pectorale,0,
Dicaeum proprium,0,
Dicaeum pygmaeum,0,
Dicaeum quadricolor,0,
Dicaeum retrocinctum,0,
Dicaeum sanguinolentum,0,
Dicaeum schistaceiceps,0,
Dicaeum trigonostigma,0,
Dicaeum tristrami,0,
Dicaeum trochileum,0,
Dicaeum vincens,0,
Dicaeum virescens,0,
Dicaeum vulneratum,0,
Chalcoparia singalensis,0,
Deleornis axillaris,0,
Deleornis fraseri,0,
Anthreptes anchietae,0,
Anthreptes aurantius,0,
Anthreptes gabonicus,0,
Anthreptes griseigularis,0,
Anthreptes longuemarei,0,
Anthreptes malacensis,1,16个亚种;-----------------------------------------------------;2018-8-18 新加坡巴西立公园(malacensis)
Anthreptes neglectus,0,
Anthreptes orientalis,0,
Anthreptes rectirostris,0,
Anthreptes reichenowi,0,
Anthreptes rhodolaemus,0,
Anthreptes rubritorques,0,
Anthreptes seimundi,0,
Anthreptes simplex,0,
Anthreptes tephrolaemus,0,
Hedydipna collaris,0,
Hedydipna metallica,0,
Hedydipna pallidigaster,0,
Hedydipna platura,0,
Anabathmis hartlaubii,0,
Anabathmis newtonii,0,
Anabathmis reichenbachii,0,
Dreptes thomensis,0,
Anthobaphes violacea,0,
Cyanomitra alinae,0,
Cyanomitra bannermani,0,
Cyanomitra cyanolaema,0,
Cyanomitra olivacea,0,
Cyanomitra oritis,0,
Cyanomitra veroxii,0,
Cyanomitra verticalis,0,
Chalcomitra adelberti,0,
Chalcomitra amethystina,0,
Chalcomitra balfouri,0,
Chalcomitra fuliginosa,0,
Chalcomitra hunteri,0,
Chalcomitra rubescens,0,
Chalcomitra senegalensis,0,
Leptocoma aspasia,0,
Leptocoma brasiliana,0,
Leptocoma calcostetha,0,
Leptocoma minima,0,
Leptocoma sperata,0,
Leptocoma zeylonica,0,
Nectarinia bocagii,0,
Nectarinia famosa,0,
Nectarinia johnstoni,0,
Nectarinia kilimensis,0,
Nectarinia purpureiventris,0,
Nectarinia tacazze,0,
Drepanorhynchus reichenowi,0,
Cinnyris afer,0,
Cinnyris asiaticus,1,3个亚种;-----------------------------------------------------;2023-1-9 阿联酋迪拜(brevirostris)
Cinnyris batesi,0,
Cinnyris bifasciatus,0,
Cinnyris bouvieri,0,
Cinnyris buettikoferi,0,
Cinnyris chalcomelas,0,
Cinnyris chalybeus,0,
Cinnyris chloropygius,0,
Cinnyris coccinigastrus,0,
Cinnyris comorensis,0,
Cinnyris congensis,0,
Cinnyris coquerellii,0,
Cinnyris cupreus,0,
Cinnyris dussumieri,0,
Cinnyris erythrocercus,0,
Cinnyris fuelleborni,0,
Cinnyris fuscus,0,
Cinnyris gertrudis,0,
Cinnyris habessinicus,0,
Cinnyris hellmayri,0,
Cinnyris hofmanni,0,
Cinnyris humbloti,0,
Cinnyris johannae,0,
Cinnyris jugularis,1,21个亚种;-----------------------------------------------------;2019-8-20 新加坡植物园(ornatus);2022-1-18 海南南渡江(rhizophorae)
Cinnyris lotenius,0,
Cinnyris loveridgei,0,
Cinnyris ludovicensis,0,
Cinnyris manoensis,0,
Cinnyris mariquensis,0,
Cinnyris mediocris,0,
Cinnyris minullus,0,
Cinnyris moreaui,0,
Cinnyris nectarinioides,0,
Cinnyris neergaardi,0,
Cinnyris notatus,0,
Cinnyris osea,0,
Cinnyris oustaleti,0,
Cinnyris pembae,0,
Cinnyris prigoginei,0,
Cinnyris pulchellus,0,
Cinnyris regius,0,
Cinnyris reichenowi,0,
Cinnyris rockefelleri,0,
Cinnyris rufipennis,0,
Cinnyris shelleyi,0,
Cinnyris solaris,0,
Cinnyris sovimanga,0,
Cinnyris stuhlmanni,0,
Cinnyris superbus,0,
Cinnyris talatala,0,
Cinnyris tsavoensis,0,
Cinnyris ursulae,0,
Cinnyris usambaricus,0,
Cinnyris venustus,0,
Cinnyris whytei,0,
Aethopyga bella,0,
Aethopyga boltoni,0,
Aethopyga christinae,1,3个亚种;-----------------------------------------------------;2018-2 莆田东圳水渠(latouchii);2022-1-20 海南尖峰岭(christinae)
Aethopyga decorosa,0,
Aethopyga duyvenbodei,0,
Aethopyga eximia,0,
Aethopyga flagrans,0,
Aethopyga gouldiae,0,
Aethopyga guimarasensis,0,
Aethopyga ignicauda,0,
Aethopyga jefferyi,0,
Aethopyga linaraborae,0,
Aethopyga magnifica,0,
Aethopyga mystacalis,0,
Aethopyga nipalensis,0,
Aethopyga primigenia,0,
Aethopyga pulcherrima,0,
Aethopyga saturata,0,
Aethopyga shelleyi,0,
Aethopyga siparaja,1,14个亚种;-----------------------------------------------------;2019-8-17 新加坡河川动物园水域(siparaja)
Aethopyga temminckii,0,
Aethopyga vigorsii,0,
Kurochkinegramma hypogrammicum,0,
Arachnothera affinis,0,
Arachnothera chrysogenys,0,
Arachnothera clarae,0,
Arachnothera crassirostris,0,
Arachnothera dilutior,0,
Arachnothera everetti,0,
Arachnothera flammifera,0,
Arachnothera flavigaster,0,
Arachnothera juliae,0,
Arachnothera longirostra,0,
Arachnothera magna,0,
Arachnothera modesta,0,
Arachnothera robusta,0,
Hypocryptadius cinnamomeus,0,
Carpospiza brachydactyla,0,
Petronia petronia,0,
Onychostruthus taczanowskii,0,
Montifringilla adamsi,0,
Montifringilla henrici,1,单型种(全);-----------------------------------------------------;2020-7-28 西藏羊卓雍措
Montifringilla nivalis,0,
Pyrgilauda blanfordi,0,
Pyrgilauda davidiana,0,
Pyrgilauda ruficollis,1,2个亚种;-----------------------------------------------------;2020-7-27 西藏羊卓雍措山路(ruficollis)
Pyrgilauda theresae,0,
Gymnoris dentata,0,
Gymnoris pyrgita,0,
Gymnoris superciliaris,0,
Gymnoris xanthocollis,0,
Passer ammodendri,0,
Passer castanopterus,0,
Passer cinnamomeus,1,3个亚种;-----------------------------------------------------;2020-3-29 厦门田头村仙景(rutilans);2020-7-25 拉萨布达拉宫广场(cinnamomeus)
Passer cordofanicus,0,
Passer diffusus,0,
Passer domesticus,1,12个亚种;-----------------------------------------------------;2019-1 新西兰南北岛(domesticus);2020-8-5 西藏扎达县(bactrianus);2022-6-9 多伦多Alexandra公园(引进种);2022-12-24 古巴哈瓦那(引进种);2023-1-9 阿联酋迪拜(indicus)
Passer eminibey,0,
Passer euchlorus,0,
Passer flaveolus,0,
Passer gongonensis,0,
Passer griseus,0,
Passer hemileucus,0,
Passer hispaniolensis,0,
Passer iagoensis,0,
Passer insularis,0,
Passer italiae,0,
Passer luteus,0,
Passer melanurus,0,
Passer moabiticus,0,
Passer montanus,1,9个亚种;-----------------------------------------------------;2017-12 厦门集美大学;2018-8 新加坡(malaccensis);2020-7-24 西藏拉萨(tibetanus);2022-1-22 海南三亚(malaccensis)
Passer motitensis,0,
Passer pyrrhonotus,0,
Passer rufocinctus,0,
Passer shelleyi,0,
Passer simplex,0,
Passer suahelicus,0,
Passer swainsonii,0,
Passer zarudnyi,0,
Bubalornis albirostris,0,
Bubalornis niger,0,
Dinemellia dinemelli,0,
Plocepasser donaldsoni,0,
Plocepasser mahali,0,
Plocepasser rufoscapulatus,0,
Plocepasser superciliosus,0,
Histurgops ruficauda,0,
Pseudonigrita arnaudi,0,
Pseudonigrita cabanisi,0,
Philetairus socius,0,
Sporopipes frontalis,0,
Sporopipes squamifrons,0,
Amblyospiza albifrons,0,
Ploceus albinucha,0,
Ploceus alienus,0,
Ploceus angolensis,0,
Ploceus aurantius,0,
Ploceus aureonucha,0,
Ploceus badius,0,
Ploceus baglafecht,0,
Ploceus bannermani,0,
Ploceus batesi,0,
Ploceus benghalensis,0,
Ploceus bertrandi,0,
Ploceus bicolor,0,
Ploceus bojeri,0,
Ploceus brachypterus,0,
Ploceus burnieri,0,
Ploceus capensis,0,
Ploceus castaneiceps,1,单型种(全);-----------------------------------------------------;2019-8-19 新加坡裕廊飞禽公园
Ploceus castaneofuscus,0,
Ploceus castanops,0,
Ploceus cucullatus,0,
Ploceus dichrocephalus,0,
Ploceus dorsomaculatus,0,
Ploceus flavipes,0,
Ploceus galbula,0,
Ploceus golandi,0,
Ploceus grandis,0,
Ploceus heuglini,0,
Ploceus holoxanthus,0,
Ploceus hypoxanthus,0,
Ploceus insignis,0,
Ploceus intermedius,0,
Ploceus jacksoni,0,
Ploceus katangae,0,
Ploceus luteolus,0,
Ploceus manyar,0,
Ploceus megarhynchus,0,
Ploceus melanocephalus,0,
Ploceus melanogaster,0,
Ploceus nelicourvi,0,
Ploceus nicolli,0,
Ploceus nigerrimus,0,
Ploceus nigricollis,0,
Ploceus nigrimentus,0,
Ploceus ocularis,0,
Ploceus olivaceiceps,0,
Ploceus pelzelni,0,
Ploceus philippinus,0,
Ploceus preussi,0,
Ploceus princeps,0,
Ploceus reichardi,0,
Ploceus rubiginosus,1,2个亚种;-----------------------------------------------------;2019-8-19 新加坡裕廊飞禽公园(rubiginosus)
Ploceus ruweti,0,
Ploceus sakalava,0,
Ploceus sanctithomae,0,
Ploceus spekei,0,
Ploceus spekeoides,0,
Ploceus subaureus,0,
Ploceus subpersonatus,0,
Ploceus superciliosus,0,
Ploceus taeniopterus,0,
Ploceus temporalis,0,
Ploceus tricolor,0,
Ploceus velatus,0,
Ploceus vitellinus,0,
Ploceus weynsi,0,
Ploceus xanthops,0,
Ploceus xanthopterus,0,
Malimbus ballmanni,0,
Malimbus cassini,0,
Malimbus coronatus,0,
Malimbus erythrogaster,0,
Malimbus ibadanensis,0,
Malimbus malimbicus,0,
Malimbus nitens,0,
Malimbus racheliae,0,
Malimbus rubricollis,0,
Malimbus scutatus,0,
Anaplectes jubaensis,0,
Anaplectes rubriceps,0,
Quelea cardinalis,0,
Quelea erythrops,0,
Quelea quelea,0,
Foudia aldabrana,0,
Foudia eminentissima,0,
Foudia flavicans,0,
Foudia madagascariensis,0,
Foudia omissa,0,
Foudia rubra,0,
Foudia sechellarum,0,
Brachycope anomala,0,
Euplectes afer,0,
Euplectes albonotatus,0,
Euplectes ardens,0,
Euplectes aureus,0,
Euplectes axillaris,0,
Euplectes capensis,0,
Euplectes diadematus,0,
Euplectes franciscanus,0,
Euplectes gierowii,0,
Euplectes hartlaubi,0,
Euplectes hordeaceus,0,
Euplectes jacksoni,0,
Euplectes laticauda,0,
Euplectes macroura,0,
Euplectes nigroventris,0,
Euplectes orix,0,
Euplectes progne,0,
Euplectes psammacromius,0,
Heteromunia pectoralis,0,
Oreostruthus fuliginosus,0,
Stagonopleura bella,0,
Stagonopleura guttata,0,
Stagonopleura oculata,0,
Neochmia phaeton,0,
Neochmia temporalis,0,
Emblema pictum,0,
Bathilda ruficauda,0,
Aidemosyne modesta,0,
Stizoptera bichenovii,0,
Taeniopygia castanotis,1,单型种(全);-----------------------------------------------------;2018-5-26 北京动物园
Taeniopygia guttata,0,
Poephila acuticauda,1,2个亚种;-----------------------------------------------------;2020-11-22 北京动物园(hecki)
Poephila cincta,0,
Poephila personata,0,
Spermestes bicolor,0,
Spermestes cucullata,0,
Spermestes fringilloides,0,
Spermestes griseicapilla,0,
Lepidopygia nana,0,
Euodice cantans,0,
Euodice malabarica,1,单型种(全);-----------------------------------------------------;2023-1-9 阿联酋迪拜
Padda fuscata,0,
Padda oryzivora,1,单型种(全);-----------------------------------------------------;2018-11-25 上海动物园;2019-8-19 新加坡裕廊飞禽公园
Mayrimunia leucosticta,0,
Mayrimunia tristissima,0,
Lonchura atricapilla,0,
Lonchura caniceps,0,
Lonchura castaneothorax,0,
Lonchura ferruginosa,0,
Lonchura flaviprymna,0,
Lonchura forbesi,0,
Lonchura fuscans,0,
Lonchura grandis,0,
Lonchura hunsteini,0,
Lonchura kelaarti,0,
Lonchura leucogastra,0,
Lonchura leucogastroides,0,
Lonchura maja,1,单型种(全);-----------------------------------------------------;2019-8-19 新加坡裕廊飞禽公园
Lonchura malacca,0,
Lonchura melaena,0,
Lonchura molucca,0,
Lonchura montana,0,
Lonchura monticola,0,
Lonchura nevermanni,0,
Lonchura pallida,0,
Lonchura punctulata,1,11个亚种;-----------------------------------------------------;2018-6 厦门忠仑公园(topela);2022-1-18 海南儋州(topela)
Lonchura quinticolor,0,
Lonchura spectabilis,0,
Lonchura striata,1,6个亚种;-----------------------------------------------------;2018-5 厦门天竺山森林公园(swinhoei)
Lonchura stygia,0,
Lonchura teerinki,0,
Lonchura vana,0,
Chloebia gouldiae,1,单型种(全);-----------------------------------------------------;2019-8-19 新加坡裕廊飞禽公园
Erythrura coloria,0,
Erythrura cyaneovirens,0,
Erythrura hyperythra,0,
Erythrura kleinschmidti,0,
Erythrura papuana,0,
Erythrura pealii,0,
Erythrura prasina,0,
Erythrura psittacea,0,
Erythrura regia,0,
Erythrura trichroa,0,
Erythrura tricolor,0,
Erythrura viridifacies,0,
Nesocharis ansorgei,0,
Nesocharis shelleyi,0,
Coccopygia bocagei,0,
Coccopygia melanotis,0,
Coccopygia quartinia,0,
Mandingoa nitidula,0,
Cryptospiza jacksoni,0,
Cryptospiza reichenovii,0,
Cryptospiza salvadorii,0,
Cryptospiza shelleyi,0,
Parmoptila jamesoni,0,
Parmoptila rubrifrons,0,
Parmoptila woodhousei,0,
Nigrita bicolor,0,
Nigrita canicapillus,0,
Nigrita fusconotus,0,
Nigrita luteifrons,0,
Delacourella capistrata,0,
Brunhilda charmosyna,0,
Brunhilda erythronotos,0,
Glaucestrilda caerulescens,0,
Glaucestrilda perreini,0,
Glaucestrilda thomensis,0,
Estrilda astrild,0,
Estrilda atricapilla,0,
Estrilda kandti,0,
Estrilda melpoda,0,
Estrilda nigriloris,0,
Estrilda nonnula,0,
Estrilda paludicola,0,
Estrilda poliopareia,0,
Estrilda rhodopyga,0,
Estrilda rufibarba,0,
Estrilda troglodytes,0,
Ortygospiza atricollis,0,
Paludipasser locustella,0,
Amadina erythrocephala,0,
Amadina fasciata,1,4个亚种;-----------------------------------------------------;2019-8-19 新加坡裕廊飞禽公园
Amandava amandava,1,3个亚种;-----------------------------------------------------;2019-8-19 新加坡裕廊飞禽公园(amandava)
Amandava formosa,0,
Amandava subflava,0,
Granatina granatina,0,
Granatina ianthinogaster,0,
Uraeginthus angolensis,0,
Uraeginthus bengalus,0,
Uraeginthus cyanocephalus,0,
Spermophaga haematina,0,
Spermophaga poliogenys,0,
Spermophaga ruficapilla,0,
Pyrenestes minor,0,
Pyrenestes ostrinus,0,
Pyrenestes sanguineus,0,
Pytilia afra,0,
Pytilia hypogrammica,0,
Pytilia lineata,0,
Pytilia melba,0,
Pytilia phoenicoptera,0,
Euschistospiza cinereovinacea,0,
Euschistospiza dybowskii,0,
Hypargos margaritatus,0,
Hypargos niveoguttatus,0,
Clytospiza monteiri,0,
Lagonosticta larvata,0,
Lagonosticta nitidula,0,
Lagonosticta rara,0,
Lagonosticta rhodopareia,0,
Lagonosticta rubricata,0,
Lagonosticta rufopicta,0,
Lagonosticta sanguinodorsalis,0,
Lagonosticta senegala,0,
Lagonosticta umbrinodorsalis,0,
Lagonosticta virata,0,
Vidua camerunensis,0,
Vidua chalybeata,0,
Vidua codringtoni,0,
Vidua fischeri,0,
Vidua funerea,0,
Vidua hypocherina,0,
Vidua interjecta,0,
Vidua larvaticola,0,
Vidua macroura,0,
Vidua maryae,0,
Vidua nigeriae,0,
Vidua obtusa,0,
Vidua orientalis,0,
Vidua paradisaea,0,
Vidua purpurascens,0,
Vidua raricola,0,
Vidua regia,0,
Vidua togoensis,0,
Vidua wilsoni,0,
Anomalospiza imberbis,0,
Peucedramus taeniatus,0,
Prunella atrogularis,0,
Prunella collaris,0,
Prunella fulvescens,0,
Prunella himalayana,0,
Prunella immaculata,0,
Prunella koslowi,0,
Prunella modularis,1,7个亚种;-----------------------------------------------------;2019-1 新西兰南岛(occidentalis)
Prunella montanella,0,
Prunella ocularis,0,
Prunella rubeculoides,1,2个亚种;-----------------------------------------------------;2020-7-27 西藏羊卓雍措山路(nipalensis)
Prunella rubida,0,
Prunella strophiata,1,2个亚种;-----------------------------------------------------;2020-7-27 西藏羊卓雍措山路(strophiata)
Dendronanthus indicus,0,
Motacilla aguimp,0,
Motacilla alba,1,9个亚种;-----------------------------------------------------;2017-12 厦门湿地公园(leucopsis);2020-7-25 布达拉宫广场;2021-5-14 宁夏银川水洞沟;2021-10-29 杏林湾(ocularis眼纹灰背);2022-1-18 海南儋州(leucopsis);2023-1-9 阿联酋迪拜(alba白脸灰背)
Motacilla bocagii,0,
Motacilla capensis,0,
Motacilla cinerea,1,3个亚种;-----------------------------------------------------;2018-2 莆田东圳水渠(cinerea);2021-5-14 宁夏银川水洞沟(cinerea);2022-1-18 海南白沙门公园(cinerea)
Motacilla citreola,1,2个亚种;-----------------------------------------------------;2020-7-31 西藏珠峰保护区(calcarata);2021-5-16 宁夏石嘴山市沙湖(calcarata)
Motacilla clara,0,
Motacilla flava,0,
Motacilla flaviventris,0,
Motacilla grandis,0,
Motacilla maderaspatensis,0,
Motacilla samveasnae,0,
Motacilla tschutschensis,1,4个亚种;-----------------------------------------------------;2018-2-26 石狮湿地公园(tschutschensis);2020-11-28 闽江口湿地公园(taivana);2021-5-16 宁夏石嘴山市沙湖(tschutschensis);2022-1-19 海南儋州(tschutschensis)
Tmetothylacus tenellus,0,
Macronyx ameliae,0,
Macronyx aurantiigula,0,
Macronyx capensis,0,
Macronyx croceus,0,
Macronyx flavicollis,0,
Macronyx fuelleborni,0,
Macronyx grimwoodi,0,
Macronyx sharpei,0,
Anthus antarcticus,0,
Anthus australis,0,
Anthus berthelotii,0,
Anthus bogotensis,0,
Anthus brachyurus,0,
Anthus brevirostris,0,
Anthus caffer,0,
Anthus campestris,1,单型种(全);-----------------------------------------------------;2023-1-17 阿联酋阿布扎比
Anthus cervinus,1,单型种(全);-----------------------------------------------------;2021-3-13 厦门后溪村
Anthus chacoensis,0,
Anthus chii,0,
Anthus chloris,0,
Anthus cinnamomeus,0,
Anthus correndera,0,
Anthus crenatus,0,
Anthus furcatus,0,
Anthus godlewskii,0,
Anthus gustavi,1,3个亚种;-----------------------------------------------------;2019-4-21 泉州淗江(menzbieri)
Anthus gutturalis,0,
Anthus hellmayri,0,
Anthus hodgsoni,1,2个亚种(全);-----------------------------------------------------;2018-1 厦门集美大学(yunnanensis);2020-8-2 西藏吉隆镇扎村山路(hodgsoni);2021-4-24 杭州植物园(yunnanensis)
Anthus hoeschi,0,
Anthus leucophrys,0,
Anthus lineiventris,0,
Anthus melindae,0,
Anthus nattereri,0,
Anthus nicholsoni,0,
Anthus nilghiriensis,0,
Anthus novaeseelandiae,1,4个亚种;-----------------------------------------------------;2019-1-29 新西兰南岛库克雪山(novaeseelandiae)
Anthus nyassae,0,
Anthus pallidiventris,0,
Anthus peruvianus,0,
Anthus petrosus,0,
Anthus pratensis,0,
Anthus richardi,1,单型种(全);-----------------------------------------------------;2018-2 厦门翔安七星礁;2021-4-15 厦门田头村;2022-1-18 海南儋州
Anthus roseatus,0,
Anthus rubescens,1,3个亚种;-----------------------------------------------------;2019-11-30 泉州德化县雷锋镇(japonicus);2020-11-7 厦门田头村(japonicus);2022-10-22 多伦多Thompson公园(rubescens)
Anthus ruficollis,0,
Anthus rufulus,0,
Anthus similis,0,
Anthus sokokensis,0,
Anthus spinoletta,0,
Anthus spragueii,0,
Anthus sylvanus,0,
Anthus trivialis,0,
Anthus vaalensis,0,
Urocynchramus pylzowi,0,
Fringilla canariensis,0,
Fringilla coelebs,1,16个亚种;-----------------------------------------------------;2019-1 新西兰南北岛(gengleri)
Fringilla maderensis,0,
Fringilla montifringilla,1,单型种(全);-----------------------------------------------------;2019-12-1 泉州德化县雷锋镇;2020-11-22 北京动物园;2021-4-23 杭州西湖
Fringilla moreletti,0,
Fringilla polatzeki,0,
Fringilla spodiogenys,0,
Fringilla teydea,0,
Mycerobas affinis,1,单型种(全);-----------------------------------------------------;2018-5-26 北京动物园
Mycerobas carnipes,0,
Mycerobas icterioides,0,
Mycerobas melanozanthos,0,
Hesperiphona abeillei,0,
Hesperiphona vespertina,1,3个亚种;-----------------------------------------------------;2022-10-27 多伦多High park(vespertina)
Coccothraustes coccothraustes,0,
Eophona migratoria,1,2个亚种;-----------------------------------------------------;2018-4 湖南岳阳楼景区(migratoria);2019-10-13 哈尔滨黑龙江省植物园(migratoria);2020-10-31 西安陕西酒店(migratoria);2020-11-22 北京动物园(migratoria);2021-2-19 厦门家家海景(migratoria)
Eophona personata,0,
Pinicola enucleator,0,
Pyrrhula aurantiaca,0,
Pyrrhula erythaca,0,
Pyrrhula erythrocephala,0,
Pyrrhula leucogenis,0,
Pyrrhula murina,0,
Pyrrhula nipalensis,0,
Pyrrhula owstoni,0,
Pyrrhula pyrrhula,1,10个亚种;-----------------------------------------------------;2019-10-13 哈尔滨市黑龙江省植物园
Rhodopechys alienus,0,
Rhodopechys sanguineus,0,
Bucanetes githagineus,0,
Bucanetes mongolicus,0,
Agraphospiza rubescens,0,
Callacanthis burtoni,0,
Pyrrhoplectes epauletta,0,
Procarduelis nipalensis,0,
Leucosticte arctoa,0,
Leucosticte atrata,0,
Leucosticte australis,0,
Leucosticte brandti,1,7个亚种;-----------------------------------------------------;2020-7-28 西藏江孜卡若拉冰川(walteri)
Leucosticte nemoricola,0,
Leucosticte tephrocotis,0,
Carpodacus davidianus,0,
Carpodacus dubius,0,
Carpodacus edwardsii,0,
Carpodacus erythrinus,1,5个亚种;-----------------------------------------------------;2020-8-2 西藏吉隆镇扎村(roseatus);2021-10-23 厦门田头村(grebnitskii)
Carpodacus ferreorostris,0,
Carpodacus formosanus,0,
Carpodacus grandis,0,
Carpodacus lepidus,0,
Carpodacus pulcherrimus,1,2个亚种;-----------------------------------------------------;2020-7-29 西藏江孜宗山公园(pulcherrimus)
Carpodacus puniceus,0,
Carpodacus rhodochlamys,0,
Carpodacus roborowskii,0,
Carpodacus rodochroa,0,
Carpodacus rodopeplus,0,
Carpodacus roseus,0,
Carpodacus rubicilla,1,4个亚种;-----------------------------------------------------;2020-7-31 西藏珠峰公园(severtzovi)
Carpodacus rubicilloides,1,2个亚种;-----------------------------------------------------;2020-7-27 西藏雄色寺山脚(rubicilloides)
Carpodacus sibiricus,0,
Carpodacus sillemi,0,
Carpodacus sipahi,0,
Carpodacus stoliczkae,0,
Carpodacus subhimachalus,0,
Carpodacus synoicus,0,
Carpodacus thura,0,
Carpodacus trifasciatus,0,
Carpodacus verreauxii,0,
Carpodacus vinaceus,0,
Carpodacus waltoni,0,
Melamprosops phaeosoma,0,
Paroreomyza flammea,0,
Paroreomyza maculata,0,
Paroreomyza montana,0,
Oreomystis bairdi,0,
Telespiza cantans,0,
Telespiza ultima,0,
Loxioides bailleui,0,
Rhodacanthis flaviceps,0,
Rhodacanthis palmeri,0,
Chloridops kona,0,
Psittirostra psittacea,0,
Dysmorodrepanis munroi,0,
Drepanis coccinea,0,
Drepanis funerea,0,
Drepanis pacifica,0,
Ciridops anna,0,
Palmeria dolei,0,
Himatione fraithii,0,
Himatione sanguinea,0,
Viridonia sagittirostris,0,
Akialoa ellisiana,0,
Akialoa lanaiensis,0,
Akialoa obscura,0,
Akialoa stejnegeri,0,
Hemignathus affinis,0,
Hemignathus hanapepe,0,
Hemignathus lucidus,0,
Hemignathus wilsoni,0,
Pseudonestor xanthophrys,0,
Magumma parva,0,
Loxops caeruleirostris,0,
Loxops coccineus,0,
Loxops mana,0,
Loxops ochraceus,0,
Loxops wolstenholmei,0,
Chlorodrepanis flava,0,
Chlorodrepanis stejnegeri,0,
Chlorodrepanis virens,0,
Haemorhous cassinii,0,
Haemorhous mexicanus,1,10个亚种;-----------------------------------------------------;2022-6-11 多伦多High park(frontalis)
Haemorhous purpureus,1,2个亚种;-----------------------------------------------------;2022-9-4 多伦多Colonel Samuel Smith公园(purpureus)
Chloris ambigua,0,
Chloris chloris,1,10个亚种;-----------------------------------------------------;2019-1-27 新西兰奥塔哥(引进种)
Chloris kittlitzi,0,
Chloris monguilloti,0,
Chloris sinica,1,4个亚种;-----------------------------------------------------;2017-12 厦门翔安扬帆公园;2021-5-15 宁夏石嘴山大武口森林公园(sinica);2022-1-21 海南西岛(sinica)
Chloris spinoides,1,2个亚种;-----------------------------------------------------;2020-8-1 西藏聂拉木县(spinoides)
Rhodospiza obsoleta,0,
Rhynchostruthus louisae,0,
Rhynchostruthus percivali,0,
Rhynchostruthus socotranus,0,
Linurgus olivaceus,0,
Crithagra albogularis,0,
Crithagra ankoberensis,0,
Crithagra atrogularis,0,
Crithagra buchanani,0,
Crithagra burtoni,0,
Crithagra canicapilla,0,
Crithagra capistrata,0,
Crithagra citrinelloides,0,
Crithagra citrinipectus,0,
Crithagra concolor,0,
Crithagra donaldsoni,0,
Crithagra dorsostriata,0,
Crithagra flavigula,0,
Crithagra flaviventris,0,
Crithagra frontalis,0,
Crithagra gularis,0,
Crithagra hyposticta,0,
Crithagra koliensis,0,
Crithagra leucoptera,0,
Crithagra leucopygia,0,
Crithagra melanochroa,0,
Crithagra menachensis,0,
Crithagra mennelli,0,
Crithagra mozambica,0,
Crithagra reichardi,0,
Crithagra reichenowi,0,
Crithagra rothschildi,0,
Crithagra rufobrunnea,0,
Crithagra scotops,0,
Crithagra striatipectus,0,
Crithagra striolata,0,
Crithagra sulphurata,0,
Crithagra symonsi,0,
Crithagra totta,0,
Crithagra tristriata,0,
Crithagra whytii,0,
Crithagra xantholaema,0,
Crithagra xanthopygia,0,
Linaria cannabina,0,
Linaria flavirostris,1,9个亚种;-----------------------------------------------------;2020-7-28 西藏江孜县(miniakensis)
Linaria johannis,0,
Linaria yemenensis,0,
Acanthis cabaret,1,单型种(全);-----------------------------------------------------;2019-1-24 新西兰Rakatu wetland
Acanthis flammea,0,
Acanthis hornemanni,1,2个亚种;-----------------------------------------------------;2023-3-12 多伦多Colonel Samuel Smith公园(hornemanni)
Loxia curvirostra,0,
Loxia leucoptera,0,
Loxia megaplaga,0,
Loxia pytyopsittacus,0,
Loxia scotica,0,
Loxia sinesciuris,0,
Chrysocorythus estherae,0,
Chrysocorythus mindanensis,0,
Carduelis carduelis,1,14个亚种;-----------------------------------------------------;2019-1 新西兰南北岛(引进种);2019-8-19 新加坡裕廊飞禽公园
Carduelis citrinella,0,
Carduelis corsicana,0,
Serinus alario,0,
Serinus canaria,0,
Serinus canicollis,0,
Serinus flavivertex,0,
Serinus nigriceps,0,
Serinus pusillus,0,
Serinus serinus,0,
Serinus syriacus,0,
Spinus atratus,0,
Spinus atriceps,0,
Spinus barbatus,0,
Spinus crassirostris,0,
Spinus cucullatus,0,
Spinus dominicensis,0,
Spinus lawrencei,0,
Spinus magellanicus,0,
Spinus notatus,0,
Spinus olivaceus,0,
Spinus pinus,0,
Spinus psaltria,0,
Spinus siemiradzkii,0,
Spinus spinescens,0,
Spinus spinus,1,单型种(全);-----------------------------------------------------;2019-10-13 哈尔滨顾乡公园;2021-2-21 厦门天竺山
Spinus thibetanus,0,
Spinus tristis,1,4个亚种;-----------------------------------------------------;2022-6-11 多伦多High park(tristis)
Spinus uropygialis,0,
Spinus xanthogastrus,0,
Spinus yarrellii,0,
Chlorophonia callophrys,2,3-19 La Paz Waterfall Gardens 10.43%;3-21 Galeria de Colibriy Soda Cinchona 11.20%;3-24 Curi-Cancha Refugio de Vida Silvestre 46.45%;3-24 Reserva Bosque Nuboso Monteverde 30.09%
Chlorophonia cyanea,0,
Chlorophonia cyanocephala,0,
Chlorophonia elegantissima,2,3-24 Curi-Cancha Refugio de Vida Silvestre 26.27%;3-24 Reserva Bosque Nuboso Monteverde 6.54%
Chlorophonia flavirostris,0,
Chlorophonia musica,0,
Chlorophonia occipitalis,0,
Chlorophonia pyrrhophrys,0,
Euphonia affinis,2,3-25 Cerro Lodge 19.42%;3-25 Tarcoles--Tour en Bote 8.63%;3-26 PN Carara-Entrada principal 7.37%
Euphonia anneae,2,3-19 La Paz Waterfall Gardens 12.20%;3-21 Arenal Observatory Lodge 17.55%;3-22 Arenal Observatory Lodge--access rd 4.29%
Euphonia cayennensis,0,
Euphonia chalybea,0,
Euphonia chlorotica,0,
Euphonia chrysopasta,0,
Euphonia concinna,0,
Euphonia finschi,0,
Euphonia fulvicrissa,0,
Euphonia godmani,0,
Euphonia gouldi,2,3-19 Donde Cope 15.02%;3-19 Tirimbina Rainforest 33.79%;3-20 Estacion Biologica La Selva 45.45%;3-21 Arenal Observatory Lodge 10.34%
Euphonia hirundinacea,2,3-21 Arenal Observatory Lodge 43.49%;3-21 Galeria de Colibriy Soda Cinchona 1.44%;3-22 Arenal Observatory Lodge--access rd 14.29%;3-23 Hotel de Montana Monteverde 18.83%;3-24 Curi-Cancha Refugio de Vida Silvestre 26.05%;3-24 Reserva Bosque Nuboso Monteverde 6.89%;3-26 PN Carara-Entrada principal 15.81%
Euphonia imitans,2,3-26 PN Carara-Entrada principal 13.86%
Euphonia jamaica,0,
Euphonia laniirostris,2,3-19 Donde Cope 6.00%;3-19 Tirimbina Rainforest 21.38%;3-20 Estacion Biologica La Selva 23.09%;3-21 Arenal Observatory Lodge 4.29%;3-23 Hotel de Montana Monteverde 14.60%;3-24 Curi-Cancha Refugio de Vida Silvestre 17.24%;3-24 Reserva Bosque Nuboso Monteverde 2.58%;3-25 Cerro Lodge 7.70%;3-25 Tarcoles--Tour en Bote 5.06%;3-26 PN Carara-Entrada principal 21.43%
Euphonia luteicapilla,0,
Euphonia mesochrysa,0,
Euphonia minuta,0,
Euphonia pectoralis,0,
Euphonia plumbea,0,
Euphonia rufiventris,0,
Euphonia saturata,0,
Euphonia trinitatis,0,
Euphonia violacea,0,
Euphonia xanthogaster,0,
Rhynchophanes mccownii,0,
Calcarius lapponicus,1,5个亚种;-----------------------------------------------------;2022-10-10 多伦多Ashbridge's Bay公园(subcalcaratus)
Calcarius ornatus,0,
Calcarius pictus,0,
Plectrophenax hyperboreus,0,
Plectrophenax nivalis,1,4个亚种;-----------------------------------------------------;2022-10-22 多伦多Thompson公园(nivalis)
Rhodinocichla rosea,0,
Emberiza affinis,0,
Emberiza aureola,1,2个亚种;-----------------------------------------------------;2020-11-23 厦门田头村(ornata)
Emberiza bruniceps,0,
Emberiza buchanani,0,
Emberiza cabanisi,0,
Emberiza caesia,0,
Emberiza calandra,0,
Emberiza capensis,0,
Emberiza chrysophrys,1,单型种(全);-----------------------------------------------------;2021-4-17 厦门田头村
Emberiza cia,0,
Emberiza cineracea,0,
Emberiza cioides,0,
Emberiza cirlus,0,
Emberiza citrinella,1,3个亚种;-----------------------------------------------------;2019-1 新西兰南岛(caliginosa)
Emberiza elegans,1,3个亚种;-----------------------------------------------------;2019-10-12 哈尔滨市黑龙江省植物园(elegans);2020-11-1 西安陕西宾馆(elegantula)
Emberiza flaviventris,0,
Emberiza fucata,1,3个亚种;-----------------------------------------------------;2020-3-29 厦门田头村(kuatunensis)
Emberiza godlewskii,1,5个亚种;-----------------------------------------------------;2020-7-29 西藏江孜宗山遗址(khamensis)
Emberiza goslingi,0,
Emberiza hortulana,0,
Emberiza impetuani,0,
Emberiza jankowskii,0,
Emberiza koslowi,0,
Emberiza lathami,1,单型种(全);-----------------------------------------------------;2020-3-27 厦门田头村
Emberiza leucocephalos,0,
Emberiza melanocephala,1,单型种(全);-----------------------------------------------------;2021-1-21 厦门田头村
Emberiza pallasi,1,4个亚种;-----------------------------------------------------;2020-10-31 陕西西安湖(pallasi);2021-5-16 宁夏石嘴山市沙湖(pallasi)
Emberiza personata,0,
Emberiza poliopleura,0,
Emberiza pusilla,1,单型种(全);-----------------------------------------------------;2019-11-30 泉州德化县雷锋镇
Emberiza rustica,1,单型种(全);-----------------------------------------------------;2022-2-20 厦门田头村
Emberiza rutila,0,
Emberiza sahari,0,
Emberiza schoeniclus,0,
Emberiza siemsseni,0,
Emberiza socotrana,0,
Emberiza spodocephala,1,2个亚种;-----------------------------------------------------;2021-5-16 宁夏石嘴山市沙湖;2022-3-22 厦门杏林湾(sordida)
Emberiza stewarti,0,
Emberiza striolata,0,
Emberiza sulphurata,1,单型种(全);-----------------------------------------------------;2020-3-29 厦门田头村
Emberiza tahapisi,0,
Emberiza tristrami,1,单型种(全);-----------------------------------------------------;2019-2-7 福州森林公园;2021-4-23 杭州西湖
Emberiza variabilis,0,
Emberiza yessoensis,0,
Oreothraupis arremonops,0,
Chlorospingus canigularis,0,
Chlorospingus flavigularis,0,
Chlorospingus flavopectus,2,3-19 La Paz Waterfall Gardens 60.06%;3-21 Galeria de Colibriy Soda Cinchona 62.49%;3-24 Curi-Cancha Refugio de Vida Silvestre 36.77%;3-24 Reserva Bosque Nuboso Monteverde 63.11%
Chlorospingus inornatus,0,
Chlorospingus parvirostris,0,
Chlorospingus pileatus,2,3-19 La Paz Waterfall Gardens 2.17%
Chlorospingus semifuscus,0,
Chlorospingus tacarcunae,0,
Rhynchospiza dabbenei,0,
Rhynchospiza stolzmanni,0,
Rhynchospiza strigiceps,0,
Peucaea aestivalis,0,
Peucaea botterii,0,
Peucaea carpalis,0,
Peucaea cassinii,0,
Peucaea humeralis,0,
Peucaea mystacalis,0,
Peucaea ruficauda,2,3-25 Cerro Lodge 26.04%
Peucaea sumichrasti,0,
Ammodramus aurifrons,0,
Ammodramus humeralis,0,
Ammodramus savannarum,1,12个亚种;-----------------------------------------------------;2023-5-11 多伦多Thompson公园(pratensis)
Arremonops chloronotus,0,
Arremonops conirostris,2,3-19 Donde Cope 8.01%;3-20 Estacion Biologica La Selva 9.53%;3-21 Arenal Observatory Lodge 46.80%;3-22 Arenal Observatory Lodge--access rd 20.00%;3-24 Reserva Bosque Nuboso Monteverde 1.55%
Arremonops rufivirgatus,2,3-25 Cerro Lodge 7.70%
Arremonops tocuyensis,0,
Amphispizopsis quinquestriata,0,
Amphispiza bilineata,0,
Chondestes grammacus,1,2个亚种;-----------------------------------------------------;2023-4-21 多伦多Ashbridge's Bay公园(strigatus)
Calamospiza melanocorys,0,
Spizella atrogularis,0,
Spizella breweri,0,
Spizella pallida,0,
Spizella passerina,1,5个亚种;-----------------------------------------------------;2022-6-11 多伦多High park(passerina)
Spizella pusilla,1,单型种(全);-----------------------------------------------------;2022-10-17 多伦多Thompson公园
Spizella wortheni,0,
Arremon abeillei,0,
Arremon assimilis,0,
Arremon atricapillus,0,
Arremon aurantiirostris,2,3-19 La Paz Waterfall Gardens 3.04%;3-19 Donde Cope 12.01%;3-19 Tirimbina Rainforest 41.47%;3-20 Estacion Biologica La Selva 24.42%;3-21 Arenal Observatory Lodge 17.55%;3-26 PN Carara-Entrada principal 52.65%
Arremon basilicus,0,
Arremon brunneinucha,2,3-19 La Paz Waterfall Gardens 31.31%;3-21 Galeria de Colibriy Soda Cinchona 7.59%;3-24 Curi-Cancha Refugio de Vida Silvestre 23.12%;3-24 Reserva Bosque Nuboso Monteverde 27.17%
Arremon castaneiceps,0,
Arremon costaricensis,0,
Arremon crassirostris,2,3-19 La Paz Waterfall Gardens 38.72%
Arremon dorbignii,0,
Arremon flavirostris,0,
Arremon franciscanus,0,
Arremon perijanus,0,
Arremon phaeopleurus,0,
Arremon phygas,0,
Arremon schlegeli,0,
Arremon semitorquatus,0,
Arremon taciturnus,0,
Arremon torquatus,0,
Arremon virenticeps,0,
Passerella iliaca,1,2个亚种;-----------------------------------------------------;2022-10-2 多伦多Thompson公园(iliaca)
Passerella megarhyncha,0,
Passerella schistacea,0,
Passerella unalaschcensis,0,
Spizelloides arborea,1,14个亚种;-----------------------------------------------------;2022-10-27 多伦多High park(arborea)
Junco bairdi,0,
Junco hyemalis,1,14个亚种;-----------------------------------------------------;2022-9-20 多伦多High Park(hyemalis)
Junco insularis,0,
Junco phaeonotus,0,
Junco vulcani,0,
Zonotrichia albicollis,1,单型种(全);-----------------------------------------------------;2022-9-17 多伦多Thompson公园
Zonotrichia atricapilla,0,
Zonotrichia capensis,2,3-18 Hotel Bougainvillea 62.57%;3-19 La Paz Waterfall Gardens 54.82%;3-21 Arenal Observatory Lodge 3.12%;3-21 Galeria de Colibriy Soda Cinchona 27.45%;3-23 Hotel de Montana Monteverde 45.94%;3-24 Curi-Cancha Refugio de Vida Silvestre 48.96%;3-24 Reserva Bosque Nuboso Monteverde 9.80%
Zonotrichia leucophrys,1,5个亚种;-----------------------------------------------------;2022-9-24 多伦多Thompson公园(leucophryss)
Zonotrichia querula,0,
Artemisiospiza belli,0,
Artemisiospiza nevadensis,0,
Oriturus superciliosus,0,
Pooecetes gramineus,0,
Ammospiza caudacuta,0,
Ammospiza leconteii,0,
Ammospiza maritima,0,
Ammospiza nelsoni,1,3个亚种;-----------------------------------------------------;2022-9-24 多伦多Thompson公园(altera)
Centronyx bairdii,0,
Centronyx henslowii,0,
Passerculus sandwichensis,1,17个亚种;-----------------------------------------------------;2022-8-27 多伦多Ashbridge's Bay公园(savanna)
Xenospiza baileyi,0,
Melospiza georgiana,1,3个亚种;-----------------------------------------------------;2022-9-24 多伦多Thompson公园(georgiana)
Melospiza lincolnii,1,3个亚种;-----------------------------------------------------;2022-9-17 多伦多Thompson公园(lincolnii)
Melospiza melodia,1,24个亚种;-----------------------------------------------------;2022-6-9 多伦多Thompson公园(melodia)
Pezopetes capitalis,0,
Torreornis inexpectata,1,3个亚种;-----------------------------------------------------;2022-12-26 古巴萨帕塔(inexpectata)
Melozone aberti,0,
Melozone albicollis,0,
Melozone biarcuata,0,
Melozone cabanisi,2,3-18 Hotel Bougainvillea 6.27%
Melozone crissalis,0,
Melozone fusca,0,
Melozone kieneri,0,
Melozone leucotis,2,3-18 Hotel Bougainvillea 25.04%;3-23 Hotel de Montana Monteverde 41.69%;3-24 Curi-Cancha Refugio de Vida Silvestre 42.03%;3-24 Reserva Bosque Nuboso Monteverde 8.61%
Aimophila notosticta,0,
Aimophila rufescens,0,
Aimophila ruficeps,0,
Pipilo chlorurus,0,
Pipilo erythrophthalmus,1,4个亚种;-----------------------------------------------------;2023-4-9 多伦多Thompson公园(erythrophthalmus)
Pipilo maculatus,0,
Pipilo naufragus,0,
Pipilo ocai,0,
Atlapetes albiceps,0,
Atlapetes albinucha,2,3-21 Galeria de Colibriy Soda Cinchona 5.78%;3-23 Hotel de Montana Monteverde 6.25%;3-24 Curi-Cancha Refugio de Vida Silvestre 34.26%;3-24 Reserva Bosque Nuboso Monteverde 3.45%
Atlapetes albofrenatus,0,
Atlapetes blancae,0,
Atlapetes canigenis,0,
Atlapetes citrinellus,0,
Atlapetes crassus,0,
Atlapetes flaviceps,0,
Atlapetes forbesi,0,
Atlapetes fulviceps,0,
Atlapetes fuscoolivaceus,0,
Atlapetes latinuchus,0,
Atlapetes leucopis,0,
Atlapetes leucopterus,0,
Atlapetes luteoviridis,0,
Atlapetes melanocephalus,0,
Atlapetes melanolaemus,0,
Atlapetes melanopsis,0,
Atlapetes meridae,0,
Atlapetes nationi,0,
Atlapetes nigrifrons,0,
Atlapetes pallidiceps,0,
Atlapetes pallidinucha,0,
Atlapetes personatus,0,
Atlapetes pileatus,0,
Atlapetes rufigenis,0,
Atlapetes rufinucha,0,
Atlapetes schistaceus,0,
Atlapetes seebohmi,0,
Atlapetes semirufus,0,
Atlapetes terborghi,0,
Atlapetes tibialis,2,3-19 La Paz Waterfall Gardens 27.87%
Atlapetes tricolor,0,
Calyptophilus frugivorus,0,
Calyptophilus tertius,0,
Phaenicophilus palmarum,0,
Phaenicophilus poliocephalus,0,
Microligea palustris,0,
Xenoligea montana,0,
Nesospingus speculiferus,8,
Spindalis dominicensis,0,
Spindalis nigricephala,0,
Spindalis portoricensis,8,
Spindalis zena,0,
Zeledonia coronata,0,
Teretistris fernandinae,1,单型种(全);-----------------------------------------------------;2022-12-26 古巴萨帕塔
Teretistris fornsi,0,
Icteria virens,4,
Xanthocephalus xanthocephalus,0,
Dolichonyx oryzivorus,0,单型种(全);-----------------------------------------------------;2022-12-27 古巴萨帕塔
Sturnella lilianae,0,
Sturnella magna,1,14个亚种;-----------------------------------------------------;2022-10-10 多伦多Ashbridge's Bay公园(magna)
Sturnella neglecta,0,
Leistes bellicosus,0,
Leistes defilippii,0,
Leistes loyca,0,
Leistes militaris,0,
Leistes superciliaris,0,
Amblycercus holosericeus,0,
Cassiculus melanicterus,0,
Psarocolius angustifrons,0,
Psarocolius atrovirens,0,
Psarocolius bifasciatus,0,
Psarocolius cassini,0,
Psarocolius decumanus,0,
Psarocolius guatimozinus,0,
Psarocolius montezuma,2,3-18 Hotel Bougainvillea 10.05%;3-19 La Paz Waterfall Gardens 9.57%;3-19 Donde Cope 42.03%;3-19 Tirimbina Rainforest 61.99%;3-20 Estacion Biologica La Selva 59.23%;3-21 Arenal Observatory Lodge 82.70%;3-21 Galeria de Colibriy Soda Cinchona 8.67%;3-22 Arenal Observatory Lodge--access rd 44.29%;3-24 Reserva Bosque Nuboso Monteverde 1.38%;3-25 Cerro Lodge 11.37%;3-26 PN Carara-Entrada principal 4.55%
Psarocolius viridis,0,
Psarocolius wagleri,2,3-19 Donde Cope 43.00%;3-19 Tirimbina Rainforest 15.82%;3-20 Estacion Biologica La Selva 23.68%;3-21 Arenal Observatory Lodge 2.64%;3-21 Galeria de Colibriy Soda Cinchona 1.81%;3-22 Arenal Observatory Lodge--access rd 4.29%;3-24 Curi-Cancha Refugio de Vida Silvestre 24.38%;3-24 Reserva Bosque Nuboso Monteverde 1.73%
Cacicus cela,0,
Cacicus chrysonotus,0,
Cacicus chrysopterus,0,
Cacicus haemorrhous,0,
Cacicus koepckeae,0,
Cacicus latirostris,0,
Cacicus microrhynchus,2,3-19 Donde Cope 6.00%;3-20 Estacion Biologica La Selva 23.39%
Cacicus oseryi,0,
Cacicus sclateri,0,
Cacicus solitarius,0,
Cacicus uropygialis,0,
Icterus abeillei,0,
Icterus auratus,0,
Icterus auricapillus,0,
Icterus bonana,0,
Icterus bullockii,0,
Icterus cayanensis,0,
Icterus chrysater,0,
Icterus croconotus,0,
Icterus cucullatus,0,
Icterus dominicensis,0,
Icterus galbula,1,单型种(全);-----------------------------------------------------;2022-6-9 多伦多Thompson公园
Icterus graceannae,0,
Icterus graduacauda,0,
Icterus gularis,0,
Icterus icterus,0,
Icterus jamacaii,0,
Icterus laudabilis,0,
Icterus leucopteryx,0,
Icterus maculialatus,0,
Icterus melanopsis,1,单型种(全);-----------------------------------------------------;2022-12-28 古巴萨帕塔
Icterus mesomelas,0,
Icterus nigrogularis,0,
Icterus northropi,0,
Icterus oberi,0,
Icterus parisorum,0,
Icterus pectoralis,0,
Icterus portoricensis,0,
Icterus prosthemelas,2,3-19 La Paz Waterfall Gardens 12.61%;3-19 Tirimbina Rainforest 4.71%;3-20 Estacion Biologica La Selva 31.95%;3-21 Arenal Observatory Lodge 27.11%;3-21 Galeria de Colibriy Soda Cinchona 5.06%;3-22 Arenal Observatory Lodge--access rd 20.00%
Icterus pustulatus,2,3-25 Cerro Lodge 13.20%;3-25 Tarcoles--Tour en Bote 8.04%;3-26 PN Carara-Entrada principal 7.15%
Icterus pyrrhopterus,0,
Icterus spurius,1,单型种(全);-----------------------------------------------------;2023-5-11 多伦多Thompson公园
Icterus wagleri,0,
Nesopsar nigerrimus,0,
Agelaius assimilis,0,Zapata swamp
Agelaius humeralis,1,2个亚种;-----------------------------------------------------;2022-12-24 古巴哈瓦那(humeralis)
Agelaius phoeniceus,1,22个亚种;-----------------------------------------------------;2022-6-9 多伦多Thompson公园(phoeniceus)
Agelaius tricolor,0,
Agelaius xanthomus,0,
Molothrus aeneus,0,3-18 Hotel Bougainvillea 10.24%;3-19 La Paz Waterfall Gardens 2.61%;3-19 Donde Cope 8.00%;3-19 Tirimbina Rainforest 4.71%;3-20 Estacion Biologica La Selva 5.75%;3-21 Arenal Observatory Lodge 6.24%;3-22 Arenal Observatory Lodge--access rd 5.71%;3-23 Hotel de Montana Monteverde 29.19%;3-24 Curi-Cancha Refugio de Vida Silvestre 2.31%;3-24 Reserva Bosque Nuboso Monteverde 2.58%
Molothrus armenti,0,
Molothrus ater,1,3个亚种;-----------------------------------------------------;2022-6-9 多伦多Thompson公园(ater)
Molothrus bonariensis,17,7个亚种;-----------------------------------------------------;2022-12-28 古巴萨帕塔(minimus) 
Molothrus oryzivorus,2,3-19 Donde Cope 5.00%;3-20 Estacion Biologica La Selva 4.06%;3-21 Arenal Observatory Lodge 5.07%
Molothrus rufoaxillaris,0,
Dives dives,2,3-18 Hotel Bougainvillea 43.22%;3-19 La Paz Waterfall Gardens 21.74%;3-19 Donde Cope 58.01%;3-19 Tirimbina Rainforest 29.49%;3-20 Estacion Biologica La Selva 6.56%;3-21 Arenal Observatory Lodge 42.32%;3-21 Galeria de Colibriy Soda Cinchona 13.00%;3-22 Arenal Observatory Lodge--access rd 11.43%;3-23 Hotel de Montana Monteverde 12.50%;3-24 Curi-Cancha Refugio de Vida Silvestre 5.89%;3-24 Reserva Bosque Nuboso Monteverde 1.38%;3-25 Cerro Lodge 39.21%;3-25 Tarcoles--Tour en Bote 14.59%;3-26 PN Carara-Entrada principal 4.11%
Dives warczewiczi,0,
Ptiloxena atroviolacea,1,单型种(全);-----------------------------------------------------;2022-12-24 古巴哈瓦那
Euphagus carolinus,1,2个亚种;-----------------------------------------------------;2022-9-24 多伦多Thompson公园(nigrans)
Euphagus cyanocephalus,0,
Quiscalus lugubris,0,
Quiscalus major,0,
Quiscalus mexicanus,0,3-18 Hotel Bougainvillea 48.91%;3-19 La Paz Waterfall Gardens 14.80%;3-19 Donde Cope 50.00%;3-19 Tirimbina Rainforest 28.21%;3-20 Estacion Biologica La Selva 12.02%;3-21 Arenal Observatory Lodge 13.55%;3-21 Galeria de Colibriy Soda Cinchona 3.61%;3-23 Hotel de Montana Monteverde 79.25%;3-24 Curi-Cancha Refugio de Vida Silvestre 35.74%;3-24 Reserva Bosque Nuboso Monteverde 11.18%;3-25 Cerro Lodge 20.89%;3-25 Tarcoles--Tour en Bote 66.69%;3-26 PN Carara-Entrada principal 13.86%
Quiscalus nicaraguensis,0,
Quiscalus niger,1,7个亚种;-----------------------------------------------------;2022-12-24 古巴哈瓦那(gundlachii)
Quiscalus palustris,0,
Quiscalus quiscula,1,3个亚种;-----------------------------------------------------;2022-6-9 多伦多Thompson公园(versicolor)
Hypopyrrhus pyrohypogaster,0,
Lampropsar tanagrinus,0,
Gymnomystax mexicanus,0,
Macroagelaius imthurni,0,
Macroagelaius subalaris,0,
Curaeus curaeus,0,
Amblyramphus holosericeus,0,
Anumara forbesi,0,
Gnorimopsar chopi,0,
Oreopsar bolivianus,0,
Agelaioides badius,0,
Agelaioides fringillarius,0,
Agelasticus cyanopus,0,
Agelasticus thilius,0,
Agelasticus xanthophthalmus,0,
Chrysomus icterocephalus,0,
Chrysomus ruficapillus,0,
Xanthopsar flavus,0,
Pseudoleistes guirahuro,0,
Pseudoleistes virescens,0,
Seiurus aurocapilla,1,3个亚种;-----------------------------------------------------;2022-8-27 多伦多Thompson公园(furvior);2022-12-27 古巴萨帕塔(furvior)
Helmitheros vermivorum,0,
Parkesia motacilla,1,单型种(全);-----------------------------------------------------;2022-12-26 古巴萨帕塔
Parkesia noveboracensis,1,单型种(全);-----------------------------------------------------;2022-8-6 多伦多High park;2022-12-26 古巴萨帕塔
Vermivora bachmanii,0,
Vermivora chrysoptera,0,3-19 La Paz Waterfall Gardens 14.79%;3-19 Tirimbina Rainforest 6.41%;3-20 Estacion Biologica La Selva 13.13%;3-21 Arenal Observatory Lodge 11.99%;3-23 Hotel de Montana Monteverde 6.25%;3-24 Curi-Cancha Refugio de Vida Silvestre 16.18%;3-24 Reserva Bosque Nuboso Monteverde 18.74%
Vermivora cyanoptera,0,
Mniotilta varia,1,单型种(全);-----------------------------------------------------;2022-8-12 多伦多High park;2022-12-26 古巴萨帕塔
Protonotaria citrea,0,3-18 Hotel Bougainvillea 1.14%;3-21 Galeria de Colibriy Soda Cinchona 6.51%;3-25 Tarcoles--Tour en Bote 39.89%;3-26 PN Carara-Entrada principal 4.33%
Limnothlypis swainsonii,0,
Oreothlypis gutturalis,0,
Oreothlypis superciliosa,0,
Leiothlypis celata,0,
Leiothlypis crissalis,0,
Leiothlypis luciae,0,
Leiothlypis peregrina,1,单型种(全);-----------------------------------------------------;2022-8-21 多伦多Thompson公园
Leiothlypis ruficapilla,1,2个亚种;-----------------------------------------------------;2022-8-27 多伦多Thompson公园(ruficapilla)
Leiothlypis virginiae,0,
Leucopeza semperi,0,
Oporornis agilis,0,
Geothlypis aequinoctialis,0,
Geothlypis auricularis,0,
Geothlypis beldingi,0,
Geothlypis chiriquensis,0,
Geothlypis flavovelata,0,
Geothlypis formosa,0,3-20 Estacion Biologica La Selva 4.28%;3-21 Arenal Observatory Lodge 2.83%;3-24 Curi-Cancha Refugio de Vida Silvestre 2.73%;3-26 PN Carara-Entrada principal 5.63%
Geothlypis nelsoni,0,
Geothlypis philadelphia,1,单型种(全);-----------------------------------------------------;2022-9-23 多伦多Osgoode公园
Geothlypis poliocephala,0,
Geothlypis rostrata,0,
Geothlypis semiflava,0,
Geothlypis speciosa,0,
Geothlypis tolmiei,0,
Geothlypis trichas,1,13个亚种;-----------------------------------------------------;2022-8-25 多伦多High park(trichas);2022-12-27 古巴萨帕塔(trichas)
Geothlypis velata,0,
Catharopeza bishopi,0,
Setophaga adelaidae,0,
Setophaga aestiva,1,9个亚种;-----------------------------------------------------;2022-6-9 多伦多Thompson公园(aestiva)
Setophaga americana,1,单型种(全);-----------------------------------------------------;2022-8-24 多伦多High park;2022-12-24 古巴哈瓦那
Setophaga angelae,0,
Setophaga auduboni,0,
Setophaga caerulescens,1,2个亚种;-----------------------------------------------------;2022-9-4 多伦多Colonel Samuel Smith公园(caerulescens);2022-12-26 古巴萨帕塔(caerulescens)
Setophaga castanea,1,单型种(全);-----------------------------------------------------;2022-8-13 多伦多Thompson公园
Setophaga cerulea,0,
Setophaga chrysoparia,0,
Setophaga citrina,0,
Setophaga coronata,1,2个亚种;-----------------------------------------------------;2022-8-21 多伦多Thompson公园(coronata)
Setophaga delicata,0,
Setophaga discolor,1,2个亚种;-----------------------------------------------------;2022-12-26 古巴萨帕塔(paludicola)
Setophaga dominica,1,3个亚种;-----------------------------------------------------;2022-12-26 古巴哈瓦那(albilora)
Setophaga flavescens,0,
Setophaga fusca,1,单型种(全);-----------------------------------------------------;2022-8-12 多伦多High park
Setophaga goldmani,0,
Setophaga graciae,0,
Setophaga kirtlandii,0,
Setophaga magnolia,1,单型种(全);-----------------------------------------------------;2022-8-21 多伦多Thompson公园
Setophaga nigrescens,0,
Setophaga occidentalis,0,
Setophaga palmarum,1,2个亚种;-----------------------------------------------------;2022-9-11 多伦多Thompson公园(palmarum);2022-12-24 古巴哈瓦那(palmarum)
Setophaga pensylvanica,1,单型种(全);-----------------------------------------------------;2022-8-24 多伦多High park
Setophaga petechia,0,3-18 Hotel Bougainvillea 40.18%;3-19 La Paz Waterfall Gardens 6.53%;3-19 Tirimbina Rainforest 19.67%;3-20 Estacion Biologica La Selva 7.23%;3-21 Arenal Observatory Lodge 6.15%;3-21 Galeria de Colibriy Soda Cinchona 1.81%;3-24 Reserva Bosque Nuboso Monteverde 1.72%;3-25 Cerro Lodge 43.63%;3-25 Tarcoles--Tour en Bote 74.74%;3-26 PN Carara-Entrada principal 35.08%
Setophaga pharetra,0,
Setophaga pinus,1,4个亚种;-----------------------------------------------------;2022-6-11 多伦多High park(pinus)
Setophaga pitiayumi,0,3-19 La Paz Waterfall Gardens 23.05%;3-21 Arenal Observatory Lodge 24.58%;3-21 Galeria de Colibriy Soda Cinchona 6.51%;3-22 Arenal Observatory Lodge--access rd 14.29%;3-24 Reserva Bosque Nuboso Monteverde 2.23%;3-26 PN Carara-Entrada principal 10.39%
Setophaga pityophila,0,Guaniquanico Cordillera
Setophaga plumbea,0,
Setophaga ruticilla,1,单型种(全);-----------------------------------------------------;2022-8-13 多伦多Thompson公园;2022-12-24 古巴哈瓦那
Setophaga striata,1,单型种(全);-----------------------------------------------------;2022-9-11 多伦多Thompson公园
Setophaga subita,0,
Setophaga tigrina,1,单型种(全);-----------------------------------------------------;2022-8-13 多伦多Thompson公园;2022-12-27 古巴萨帕塔
Setophaga townsendi,0,3-24 Curi-Cancha Refugio de Vida Silvestre 5.67%;3-24 Reserva Bosque Nuboso Monteverde 3.10%
Setophaga virens,1,单型种(全);-----------------------------------------------------;2022-9-11 多伦多Thompson Park;2022-12-26 古巴萨帕塔
Setophaga vitellina,0,
Myiothlypis basilica,0,
Myiothlypis bivittata,0,
Myiothlypis chlorophrys,0,
Myiothlypis chrysogaster,0,
Myiothlypis cinereicollis,0,
Myiothlypis conspicillata,0,
Myiothlypis coronata,0,
Myiothlypis flaveola,0,
Myiothlypis fraseri,0,
Myiothlypis fulvicauda,0,3-19 La Paz Waterfall Gardens 3.92%;3-19 Tirimbina Rainforest 6.85%;3-20 Estacion Biologica La Selva 27.81%;3-21 Arenal Observatory Lodge 33.46%;3-22 Arenal Observatory Lodge--access rd 20.03%;3-26 PN Carara-Entrada principal 26.43%
Myiothlypis griseiceps,0,
Myiothlypis leucoblephara,0,
Myiothlypis leucophrys,0,
Myiothlypis luteoviridis,0,
Myiothlypis nigrocristata,0,
Myiothlypis rivularis,0,
Myiothlypis roraimae,0,
Myiothlypis signata,0,
Basileuterus belli,0,
Basileuterus culicivorus,0,3-21 Arenal Observatory Lodge 20.78%;3-22 Arenal Observatory Lodge--access rd 8.57%;3-23 Hotel de Montana Monteverde 8.33%;3-24 Curi-Cancha Refugio de Vida Silvestre 40.98%;3-24 Reserva Bosque Nuboso Monteverde 16.50%
Basileuterus delattrii,0,3-18 Hotel Bougainvillea 30.35%;3-23 Hotel de Montana Monteverde 14.58%;3-24 Curi-Cancha Refugio de Vida Silvestre 6.72%;3-24 Reserva Bosque Nuboso Monteverde 2.76%;3-26 PN Carara-Entrada principal 8.23%
Basileuterus ignotus,0,
Basileuterus lachrymosus,0,
Basileuterus melanogenys,0,
Basileuterus melanotis,0,3-19 La Paz Waterfall Gardens 24.37%;3-24 Curi-Cancha Refugio de Vida Silvestre 10.93%;3-24 Reserva Bosque Nuboso Monteverde 50.58%
Basileuterus punctipectus,0,
Basileuterus rufifrons,0,
Basileuterus tacarcunae,0,
Basileuterus trifasciatus,0,
Basileuterus tristriatus,0,
Cardellina canadensis,1,单型种(全);-----------------------------------------------------;2022-8-25 多伦多High park
Cardellina pusilla,1,3个亚种;-----------------------------------------------------;2022-9-4 多伦多Colonel Samuel Smith公园(pusilla)
Cardellina rubra,0,
Cardellina rubrifrons,0,
Cardellina versicolor,0,
Myioborus albifacies,0,
Myioborus albifrons,0,
Myioborus brunniceps,0,
Myioborus cardonai,0,
Myioborus castaneocapilla,0,
Myioborus flavivertex,0,
Myioborus melanocephalus,0,
Myioborus miniatus,0,3-19 La Paz Waterfall Gardens 47.44%;3-21 Galeria de Colibriy Soda Cinchona 14.09%;3-24 Curi-Cancha Refugio de Vida Silvestre 67.26%;3-24 Reserva Bosque Nuboso Monteverde 63.48%
Myioborus ornatus,0,
Myioborus pariae,0,
Myioborus pictus,0,
Myioborus torquatus,0,3-19 La Paz Waterfall Gardens 7.40%;3-24 Reserva Bosque Nuboso Monteverde 24.60%
Mitrospingus cassinii,2,3-20 Estacion Biologica La Selva 13.29%
Mitrospingus oleagineus,0,
Orthogonys chloricterus,0,
Lamprospiza melanoleuca,0,
Piranga bidentata,2,3-19 La Paz Waterfall Gardens 2.17%
Piranga erythrocephala,0,
Piranga flava,0,
Piranga hepatica,0,
Piranga leucoptera,0,
Piranga ludoviciana,0,
Piranga lutea,2,3-21 Arenal Observatory Lodge 30.52%;3-21 Galeria de Colibriy Soda Cinchona 1.44%;3-22 Arenal Observatory Lodge--access rd 11.43%;3-24 Curi-Cancha Refugio de Vida Silvestre 6.51%;3-24 Reserva Bosque Nuboso Monteverde 9.29%
Piranga olivacea,1,单型种(全);-----------------------------------------------------;2023-5-11 多伦多Thompson公园
Piranga roseogularis,0,
Piranga rubra,0,
Piranga rubriceps,0,
Habia atrimaxillaris,0,
Habia cristata,0,
Habia fuscicauda,2,3-19 Donde Cope 6.00%;3-19 Tirimbina Rainforest 23.08%;3-20 Estacion Biologica La Selva 27.44%;3-21 Arenal Observatory Lodge 1.85%;3-22 Arenal Observatory Lodge--access rd 4.29%
Habia gutturalis,0,
Habia rubica,0,
Chlorothraupis carmioli,2,3-21 Arenal Observatory Lodge 27.21%;3-22 Arenal Observatory Lodge--access rd 12.86%
Chlorothraupis frenata,0,
Chlorothraupis olivacea,0,
Chlorothraupis stolzmanni,0,
Pheucticus aureoventris,0,
Pheucticus chrysogaster,0,
Pheucticus chrysopeplus,0,
Pheucticus ludovicianus,1,单型种(全);-----------------------------------------------------;2022-8-24 多伦多High park
Pheucticus melanocephalus,0,
Pheucticus tibialis,0,
Granatellus pelzelni,0,
Granatellus sallaei,0,
Granatellus venustus,0,
Cardinalis cardinalis,1,19个亚种;-----------------------------------------------------;2022-6-11 多伦多High park(cardinalis)
Cardinalis phoeniceus,0,
Cardinalis sinuatus,0,
Caryothraustes canadensis,0,
Caryothraustes poliogaster,2,3-19 Donde Cope 6.00%;3-19 Tirimbina Rainforest 15.41%;3-20 Estacion Biologica La Selva 34.60%
Rhodothraupis celaeno,0,
Periporphyrus erythromelas,0,
Amaurospiza aequatorialis,0,
Amaurospiza carrizalensis,0,
Amaurospiza concolor,0,
Amaurospiza moesta,0,
Spiza americana,0,
Cyanoloxia brissonii,0,
Cyanoloxia cyanoides,2,3-19 Tirimbina Rainforest 7.27%;3-20 Estacion Biologica La Selva 13.36%;3-21 Arenal Observatory Lodge 2.24%;3-26 PN Carara-Entrada principal 23.39%
Cyanoloxia glaucocaerulea,0,
Cyanoloxia rothschildii,0,
Cyanocompsa parellina,0,
Passerina amoena,0,
Passerina caerulea,0,3-25 Cerro Lodge 4.40%
Passerina ciris,0,3-25 Cerro Lodge 2.21%;3-26 PN Carara-Entrada principal 4.34%
Passerina cyanea,1,单型种(全);-----------------------------------------------------;2022-6-11 多伦多High park
Passerina leclancherii,0,
Passerina rositae,0,
Passerina versicolor,0,
Catamblyrhynchus diadema,0,
Charitospiza eucosma,0,
Orchesticus abeillei,0,
Parkerthraustes humeralis,0,
Nemosia pileata,0,
Nemosia rourei,0,
Cyanicterus cyanicterus,0,
Sericossypha albocristata,0,
Compsothraupis loricata,0,
Coryphaspiza melanotis,0,
Embernagra longicauda,0,
Embernagra platensis,0,
Emberizoides duidae,0,
Emberizoides herbicola,0,
Emberizoides ypiranganus,0,
Incaspiza laeta,0,
Incaspiza ortizi,0,
Incaspiza personata,0,
Incaspiza pulchra,0,
Incaspiza watkinsi,0,
Rhopospina fruticeti,0,
Porphyrospiza alaudina,0,
Porphyrospiza caerulescens,0,
Porphyrospiza carbonaria,0,
Chlorophanes spiza,2,3-19 La Paz Waterfall Gardens 5.22%;3-19 Donde Cope 53.02%;3-19 Tirimbina Rainforest 20.95%;3-20 Estacion Biologica La Selva 27.08%;3-21 Arenal Observatory Lodge 64.56%;3-21 Galeria de Colibriy Soda Cinchona 7.24%;3-22 Arenal Observatory Lodge--access rd 17.14%;3-26 PN Carara-Entrada principal 13.65%
Iridophanes pulcherrimus,0,
Chrysothlypis chrysomelas,2,3-21 Arenal Observatory Lodge 11.12%
Chrysothlypis salmoni,0,
Heterospingus rubrifrons,0,
Heterospingus xanthopygius,0,
Hemithraupis flavicollis,0,
Hemithraupis guira,0,
Hemithraupis ruficapilla,0,
Tersina viridis,0,
Cyanerpes caeruleus,0,
Cyanerpes cyaneus,2,3-19 La Paz Waterfall Gardens 4.78%;3-19 Donde Cope 50.04%;3-19 Tirimbina Rainforest 10.26%;3-20 Estacion Biologica La Selva 10.48%;3-21 Arenal Observatory Lodge 61.44%;3-21 Galeria de Colibriy Soda Cinchona 26.74%;3-22 Arenal Observatory Lodge--access rd 21.43%;3-24 Curi-Cancha Refugio de Vida Silvestre 10.50%;3-24 Reserva Bosque Nuboso Monteverde 4.14%;3-25 Cerro Lodge 20.16%;3-25 Tarcoles--Tour en Bote 3.58%;3-26 PN Carara-Entrada principal 44.19%
Cyanerpes lucidus,2,3-19 Donde Cope 7.01%;3-19 Tirimbina Rainforest 5.56%;3-20 Estacion Biologica La Selva 18.01%;3-21 Arenal Observatory Lodge 5.95%
Cyanerpes nitidus,0,
Dacnis albiventris,0,
Dacnis berlepschi,0,
Dacnis cayana,2,3-19 Tirimbina Rainforest 5.14%;3-20 Estacion Biologica La Selva 12.98%;3-21 Arenal Observatory Lodge 4.49%;3-21 Galeria de Colibriy Soda Cinchona 1.81%
Dacnis egregia,0,
Dacnis flaviventer,0,
Dacnis hartlaubi,0,
Dacnis lineata,0,
Dacnis nigripes,0,
Dacnis venusta,2,3-19 La Paz Waterfall Gardens 13.06%;3-20 Estacion Biologica La Selva 2.51%;3-21 Arenal Observatory Lodge 39.21%;3-21 Galeria de Colibriy Soda Cinchona 13.01%;3-22 Arenal Observatory Lodge--access rd 11.44%;3-24 Curi-Cancha Refugio de Vida Silvestre 17.86%;3-24 Reserva Bosque Nuboso Monteverde 5.51%
Dacnis viguieri,0,
Saltatricula atricollis,0,
Saltatricula multicolor,0,
Saltator albicollis,0,
Saltator atriceps,2,3-18 Hotel Bougainvillea 1.33%;3-20 Estacion Biologica La Selva 9.97%;3-21 Arenal Observatory Lodge 3.41%;3-21 Galeria de Colibriy Soda Cinchona 8.32%;3-22 Arenal Observatory Lodge--access rd 14.29%
Saltator atripennis,0,
Saltator aurantiirostris,0,
Saltator cinctus,0,
Saltator coerulescens,0,
Saltator fuliginosus,0,
Saltator grandis,2,3-18 Hotel Bougainvillea 49.70%;3-19 La Paz Waterfall Gardens 3.91%;3-19 Donde Cope 8.00%;3-19 Tirimbina Rainforest 14.97%;3-20 Estacion Biologica La Selva 4.50%;3-21 Arenal Observatory Lodge 2.63%;3-21 Galeria de Colibriy Soda Cinchona 14.45%;3-22 Arenal Observatory Lodge--access rd 8.57%;3-23 Hotel de Montana Monteverde 12.50%;3-24 Curi-Cancha Refugio de Vida Silvestre 2.73%;3-25 Cerro Lodge 6.23%
Saltator grossus,2,3-19 Donde Cope 9.00%;3-21 Arenal Observatory Lodge 2.34%
Saltator maxillosus,0,
Saltator maximus,2,3-18 Hotel Bougainvillea 3.22%;3-19 La Paz Waterfall Gardens 18.28%;3-19 Donde Cope 21.00%;3-19 Tirimbina Rainforest 44.46%;3-20 Estacion Biologica La Selva 42.12%;3-21 Arenal Observatory Lodge 38.52%;3-21 Galeria de Colibriy Soda Cinchona 52.03%;3-22 Arenal Observatory Lodge--access rd 24.29%;3-23 Hotel de Montana Monteverde 14.60%;3-24 Curi-Cancha Refugio de Vida Silvestre 8.82%;3-24 Reserva Bosque Nuboso Monteverde 2.93%;3-25 Cerro Lodge 7.70%;3-26 PN Carara-Entrada principal 23.82%
Saltator nigriceps,0,
Saltator olivascens,0,
Saltator orenocensis,0,
Saltator similis,0,
Saltator striatipectus,0,
Coereba flaveola,2,3-18 Hotel Bougainvillea 1.52%;3-19 La Paz Waterfall Gardens 54.85%;3-19 Donde Cope 20.00%;3-19 Tirimbina Rainforest 28.21%;3-20 Estacion Biologica La Selva 32.08%;3-21 Arenal Observatory Lodge 61.53%;3-21 Galeria de Colibriy Soda Cinchona 42.64%;3-22 Arenal Observatory Lodge--access rd 28.57%;3-24 Curi-Cancha Refugio de Vida Silvestre 22.48%;3-24 Reserva Bosque Nuboso Monteverde 33.20%
Tiaris olivaceus,1,4个亚种;-----------------------------------------------------;2022-12-26 古巴萨帕塔(olivaceus)
Euneornis campestris,0,
Melopyrrha grandis,0,
Melopyrrha nigra,1,2个亚种;-----------------------------------------------------;2022-12-26 古巴萨帕塔(nigra)
Melopyrrha portoricensis,0,
Melopyrrha taylori,0,
Melopyrrha violacea,0,
Loxipasser anoxanthus,0,
Phonipara canora,0,Guaniquanico Cordillera
Loxigilla barbadensis,0,
Loxigilla noctis,0,
Melanospiza bicolor,0,
Melanospiza richardsoni,0,
Asemospiza fuliginosa,0,
Asemospiza obscura,0,
Certhidea fusca,0,
Certhidea olivacea,0,
Platyspiza crassirostris,0,
Pinaroloxias inornata,0,
Camarhynchus heliobates,0,
Camarhynchus pallidus,0,
Camarhynchus parvulus,0,
Camarhynchus pauper,0,
Camarhynchus psittacula,0,
Geospiza acutirostris,0,
Geospiza conirostris,0,
Geospiza difficilis,0,
Geospiza fortis,0,
Geospiza fuliginosa,0,
Geospiza magnirostris,0,
Geospiza propinqua,0,
Geospiza scandens,0,
Geospiza septentrionalis,0,
Volatinia jacarina,2,3-19 Donde Cope 5.00%;3-19 Tirimbina Rainforest 6.41%;3-20 Estacion Biologica La Selva 5.90%;3-21 Arenal Observatory Lodge 4.39%;3-25 Cerro Lodge 3.31%;3-25 Tarcoles--Tour en Bote 10.72%;3-26 PN Carara-Entrada principal 4.99%
Conothraupis mesoleuca,0,
Conothraupis speculigera,0,
Creurgops dentatus,0,
Creurgops verticalis,0,
Eucometis penicillata,2,3-26 PN Carara-Entrada principal 34.22%
Trichothraupis melanops,0,
Heliothraupis oneilli,0,
Loriotus cristatus,0,
Loriotus luctuosus,2,3-20 Estacion Biologica La Selva 2.73%;3-26 PN Carara-Entrada principal 45.71%
Loriotus rufiventer,0,
Coryphospingus cucullatus,0,
Coryphospingus pileatus,0,
Tachyphonus coronatus,0,
Tachyphonus delatrii,0,
Tachyphonus phoenicius,0,
Tachyphonus rufus,3,单型种(全);-----------------------------------------------------;2019-8-19 新加坡裕廊飞禽公园
Tachyphonus surinamus,0,
Rhodospingus cruentus,0,
Lanio aurantius,0,
Lanio fulvus,0,
Lanio leucothorax,0,
Lanio versicolor,0,
Ramphocelus bresilia,0,
Ramphocelus carbo,1,8个亚种;-----------------------------------------------------;2019-8-19 新加坡裕廊飞禽公园
Ramphocelus dimidiatus,0,
Ramphocelus flammigerus,0,
Ramphocelus icteronotus,0,
Ramphocelus melanogaster,0,
Ramphocelus nigrogularis,0,
Ramphocelus passerinii,2,3-19 La Paz Waterfall Gardens 46.58%;3-19 Donde Cope 80.03%;3-19 Tirimbina Rainforest 54.72%;3-20 Estacion Biologica La Selva 64.40%;3-21 Arenal Observatory Lodge 70.99%;3-21 Galeria de Colibriy Soda Cinchona 75.86%;3-22 Arenal Observatory Lodge--access rd 48.59%;3-25 Cerro Lodge 4.40%;3-25 Tarcoles--Tour en Bote 12.50%;3-26 PN Carara-Entrada principal 8.89%
Ramphocelus sanguinolentus,2,3-19 La Paz Waterfall Gardens 16.99%;3-19 Donde Cope 45.04%;3-19 Tirimbina Rainforest 15.82%;3-20 Estacion Biologica La Selva 8.27%;3-21 Arenal Observatory Lodge 12.49%;3-21 Galeria de Colibriy Soda Cinchona 33.96%;3-22 Arenal Observatory Lodge--access rd 14.30%
Sporophila albogularis,0,
Sporophila americana,0,
Sporophila angolensis,0,
Sporophila ardesiaca,0,
Sporophila atrirostris,0,
Sporophila beltoni,0,
Sporophila bouvreuil,0,
Sporophila bouvronides,0,
Sporophila caerulescens,0,
Sporophila castaneiventris,0,
Sporophila cinnamomea,0,
Sporophila collaris,0,
Sporophila corvina,2,3-19 La Paz Waterfall Gardens 3.92%;3-19 Donde Cope 19.00%;3-19 Tirimbina Rainforest 28.65%;3-20 Estacion Biologica La Selva 38.35%;3-21 Arenal Observatory Lodge 51.96%;3-21 Galeria de Colibriy Soda Cinchona 2.90%;3-22 Arenal Observatory Lodge--access rd 31.43%;3-25 Cerro Lodge 2.58%;3-25 Tarcoles--Tour en Bote 11.61%;3-26 PN Carara-Entrada principal 9.53%
Sporophila crassirostris,0,
Sporophila falcirostris,0,
Sporophila fringilloides,0,
Sporophila frontalis,0,
Sporophila funerea,2,3-19 Donde Cope 5.00%;3-20 Estacion Biologica La Selva 5.84%;3-21 Arenal Observatory Lodge 5.86%;3-22 Arenal Observatory Lodge--access rd 4.29%
Sporophila hypochroma,0,
Sporophila hypoxantha,0,
Sporophila iberaensis,0,
Sporophila intermedia,0,
Sporophila leucoptera,0,
Sporophila lineola,0,
Sporophila luctuosa,0,
Sporophila maximiliani,0,
Sporophila melanogaster,0,
Sporophila minuta,0,
Sporophila morelleti,2,3-21 Arenal Observatory Lodge 12.48%;3-23 Hotel de Montana Monteverde 8.33%;3-25 Cerro Lodge 3.66%;3-25 Tarcoles--Tour en Bote 9.82%
Sporophila nigricollis,0,
Sporophila nigrorufa,0,
Sporophila nuttingi,0,
Sporophila palustris,0,
Sporophila peruviana,0,
Sporophila pileata,0,
Sporophila plumbea,0,
Sporophila ruficollis,0,
Sporophila schistacea,0,
Sporophila simplex,0,
Sporophila telasco,0,
Sporophila torqueola,0,
Piezorina cinerea,0,
Xenospingus concolor,0,
Cnemoscopus rubrirostris,0,
Pseudospingus verticalis,0,
Pseudospingus xanthophthalmus,0,
Poospiza baeri,0,
Poospiza boliviana,0,
Poospiza garleppi,0,
Poospiza goeringi,0,
Poospiza hispaniolensis,0,
Poospiza nigrorufa,0,
Poospiza ornata,0,
Poospiza rubecula,0,
Poospiza rufosuperciliaris,0,
Poospiza whitii,0,
Kleinothraupis atropileus,0,
Kleinothraupis auricularis,0,
Kleinothraupis calophrys,0,
Kleinothraupis parodii,0,
Kleinothraupis reyi,0,
Sphenopsis frontalis,0,
Sphenopsis melanotis,0,
Sphenopsis ochracea,0,
Sphenopsis piurae,0,
Thlypopsis fulviceps,0,
Thlypopsis inornata,0,
Thlypopsis ornata,0,
Thlypopsis pectoralis,0,
Thlypopsis pyrrhocoma,0,
Thlypopsis ruficeps,0,
Thlypopsis sordida,0,
Thlypopsis superciliaris,0,
Castanozoster thoracicus,0,
Donacospiza albifrons,0,
Cypsnagra hirundinacea,0,
Urothraupis stolzmanni,0,
Microspingus alticola,0,
Microspingus cabanisi,0,
Microspingus cinereus,0,
Microspingus erythrophrys,0,
Microspingus lateralis,0,
Microspingus melanoleucus,0,
Microspingus torquatus,0,
Microspingus trifasciatus,0,
Nephelornis oneilli,0,
Poospizopsis caesar,0,
Poospizopsis hypocondria,0,
Conirostrum albifrons,0,
Conirostrum bicolor,0,
Conirostrum binghami,0,
Conirostrum cinereum,0,
Conirostrum ferrugineiventre,0,
Conirostrum leucogenys,0,
Conirostrum margaritae,0,
Conirostrum rufum,0,
Conirostrum sitticolor,0,
Conirostrum speciosum,0,
Conirostrum tamarugense,0,
Sicalis auriventris,0,
Sicalis citrina,0,
Sicalis columbiana,0,
Sicalis flaveola,1,5个亚种;-----------------------------------------------------;2019-8-19 新加坡裕廊飞禽公园
Sicalis lebruni,0,
Sicalis lutea,0,
Sicalis luteocephala,0,
Sicalis luteola,0,
Sicalis mendozae,0,
Sicalis olivascens,0,
Sicalis raimondii,0,
Sicalis taczanowskii,0,
Sicalis uropigyalis,0,
Phrygilus atriceps,0,
Phrygilus gayi,0,
Phrygilus patagonicus,0,
Phrygilus punensis,0,
Nesospiza acunhae,0,
Nesospiza questi,0,
Nesospiza wilkinsi,0,
Rowettia goughensis,0,
Melanodera melanodera,0,
Melanodera xanthogramma,0,
Geospizopsis plebejus,0,
Geospizopsis unicolor,0,
Haplospiza rustica,0,
Haplospiza unicolor,0,
Acanthidops bairdi,0,
Xenodacnis parina,0,
Idiopsar brachyurus,0,
Idiopsar dorsalis,0,
Idiopsar erythronotus,0,
Idiopsar speculifer,0,
Catamenia analis,0,
Catamenia homochroa,0,
Catamenia inornata,0,
Diglossa albilatera,0,
Diglossa baritula,0,
Diglossa brunneiventris,0,
Diglossa caerulescens,0,
Diglossa carbonaria,0,
Diglossa cyanea,0,
Diglossa duidae,0,
Diglossa glauca,0,
Diglossa gloriosa,0,
Diglossa gloriosissima,0,
Diglossa humeralis,0,
Diglossa indigotica,0,
Diglossa lafresnayii,0,
Diglossa major,0,
Diglossa mystacalis,0,
Diglossa plumbea,2,3-19 La Paz Waterfall Gardens 15.68%
Diglossa sittoides,0,
Diglossa venezuelensis,0,
Calochaetes coccineus,0,
Iridosornis analis,0,
Iridosornis jelskii,0,
Iridosornis porphyrocephalus,0,
Iridosornis reinhardti,0,
Iridosornis rufivertex,0,
Pipraeidea melanonota,0,
Rauenia bonariensis,0,
Pseudosaltator rufiventris,0,
Dubusia carrikeri,0,
Dubusia castaneoventris,0,
Dubusia stictocephala,0,
Dubusia taeniata,0,
Buthraupis montana,0,
Sporathraupis cyanocephala,0,
Tephrophilus wetmorei,0,
Chlorornis riefferii,0,
Cnemathraupis aureodorsalis,0,
Cnemathraupis eximia,0,
Anisognathus igniventris,0,
Anisognathus lacrymosus,0,
Anisognathus melanogenys,0,
Anisognathus notabilis,0,
Anisognathus somptuosus,0,
Chlorochrysa calliparaea,0,
Chlorochrysa nitidissima,0,
Chlorochrysa phoenicotis,0,
Wetmorethraupis sterrhopteron,0,
Bangsia arcaei,0,
Bangsia aureocincta,0,
Bangsia edwardsi,0,
Bangsia flavovirens,0,
Bangsia melanochlamys,0,
Bangsia rothschildi,0,
Lophospingus griseocristatus,0,
Lophospingus pusillus,0,
Neothraupis fasciata,0,
Diuca diuca,0,
Gubernatrix cristata,0,
Stephanophorus diadematus,0,
Cissopis leverianus,0,
Schistochlamys melanopis,0,
Schistochlamys ruficapillus,0,
Paroaria baeri,0,
Paroaria capitata,0,
Paroaria coronata,1,单型种(全);-----------------------------------------------------;2019-8-19 新加坡裕廊飞禽公园
Paroaria dominicana,0,
Paroaria gularis,0,
Paroaria nigrogenis,0,
Ixothraupis guttata,0,
Ixothraupis punctata,0,
Ixothraupis rufigula,0,
Ixothraupis varia,0,
Ixothraupis xanthogastra,0,
Chalcothraupis ruficervix,0,
Poecilostreptus cabanisi,0,
Poecilostreptus palmeri,0,
Thraupis abbas,2,3-19 La Paz Waterfall Gardens 2.18%;3-21 Galeria de Colibriy Soda Cinchona 15.19%
Thraupis cyanoptera,0,
Thraupis episcopus,2,3-18 Hotel Bougainvillea 73.37%;3-19 La Paz Waterfall Gardens 51.34%;3-19 Donde Cope 72.04%;3-19 Tirimbina Rainforest 52.16%;3-20 Estacion Biologica La Selva 48.23%;3-21 Arenal Observatory Lodge 65.14%;3-21 Galeria de Colibriy Soda Cinchona 86.69%;3-22 Arenal Observatory Lodge--access rd 28.57%;3-23 Hotel de Montana Monteverde 29.25%;3-24 Curi-Cancha Refugio de Vida Silvestre 12.82%;3-24 Reserva Bosque Nuboso Monteverde 7.74%;3-25 Cerro Lodge 57.56%;3-25 Tarcoles--Tour en Bote 21.74%;3-26 PN Carara-Entrada principal 26.20%
Thraupis glaucocolpa,0,
Thraupis ornata,0,
Thraupis palmarum,2,3-18 Hotel Bougainvillea 6.64%;3-19 La Paz Waterfall Gardens 26.54%;3-19 Donde Cope 80.03%;3-19 Tirimbina Rainforest 40.19%;3-20 Estacion Biologica La Selva 39.76%;3-21 Arenal Observatory Lodge 59.48%;3-21 Galeria de Colibriy Soda Cinchona 72.98%;3-22 Arenal Observatory Lodge--access rd 20.00%;3-23 Hotel de Montana Monteverde 16.69%;3-24 Curi-Cancha Refugio de Vida Silvestre 5.46%;3-25 Cerro Lodge 15.75%;3-25 Tarcoles--Tour en Bote 4.47%;3-26 PN Carara-Entrada principal 8.45%
Thraupis sayaca,0,
Stilpnia argyrofenges,0,
Stilpnia cayana,0,
Stilpnia cucullata,0,
Stilpnia cyanicollis,0,
Stilpnia cyanoptera,0,
Stilpnia heinei,0,
Stilpnia larvata,2,3-19 La Paz Waterfall Gardens 5.67%;3-19 Donde Cope 15.00%;3-19 Tirimbina Rainforest 39.34%;3-20 Estacion Biologica La Selva 48.90%;3-21 Arenal Observatory Lodge 61.83%;3-21 Galeria de Colibriy Soda Cinchona 3.62%;3-22 Arenal Observatory Lodge--access rd 24.29%;3-26 PN Carara-Entrada principal 22.74%
Stilpnia meyerdeschauenseei,0,
Stilpnia nigrocincta,0,
Stilpnia peruviana,0,
Stilpnia phillipsi,0,
Stilpnia preciosa,0,
Stilpnia viridicollis,0,
Stilpnia vitriolina,0,
Tangara arthus,0,
Tangara brasiliensis,0,
Tangara callophrys,0,
Tangara chilensis,0,
Tangara chrysotis,0,
Tangara cyanocephala,0,
Tangara cyanotis,0,
Tangara cyanoventris,0,
Tangara desmaresti,0,
Tangara dowii,2,3-19 La Paz Waterfall Gardens 23.49%;3-21 Galeria de Colibriy Soda Cinchona 1.45%;3-24 Curi-Cancha Refugio de Vida Silvestre 4.41%;3-24 Reserva Bosque Nuboso Monteverde 14.11%
Tangara fastuosa,0,
Tangara florida,2,3-21 Arenal Observatory Lodge 44.57%;3-22 Arenal Observatory Lodge--access rd 11.43%
Tangara fucosa,0,
Tangara gyrola,2,3-19 La Paz Waterfall Gardens 17.40%;3-21 Arenal Observatory Lodge 31.99%;3-21 Galeria de Colibriy Soda Cinchona 6.50%;3-22 Arenal Observatory Lodge--access rd 11.43%;3-26 PN Carara-Entrada principal 28.60%
Tangara icterocephala,2,3-19 La Paz Waterfall Gardens 65.73%;3-21 Arenal Observatory Lodge 21.55%;3-21 Galeria de Colibriy Soda Cinchona 88.52%;3-22 Arenal Observatory Lodge--access rd 7.14%;3-24 Curi-Cancha Refugio de Vida Silvestre 23.96%;3-24 Reserva Bosque Nuboso Monteverde 26.66%
Tangara inornata,2,3-19 Tirimbina Rainforest 6.84%;3-20 Estacion Biologica La Selva 12.18%
Tangara johannae,0,
Tangara labradorides,0,
Tangara lavinia,0,
Tangara mexicana,0,
Tangara nigroviridis,0,
Tangara parzudakii,0,
Tangara rufigenis,0,
Tangara schrankii,0,
Tangara seledon,0,
Tangara vassorii,0,
Tangara velia,0,
Tangara xanthocephala,0,
