Struthio molybdophanes	Somali Ostrich
Struthio camelus	Common Ostrich
Dromaius novaehollandiae	Emu
Casuarius casuarius	Southern Cassowary
Casuarius bennetti	Dwarf Cassowary
Casuarius unappendiculatus	Northern Cassowary
Apteryx owenii	Little Spotted Kiwi
Apteryx maxima	Great Spotted Kiwi
Apteryx australis	Southern Brown Kiwi
Apteryx rowi	Okarito Kiwi
Apteryx mantelli	North Island Brown Kiwi
Rhea pennata	Lesser Rhea
Rhea americana	Greater Rhea
Tinamotis pentlandii	Puna Tinamou
Tinamotis ingoufi	Patagonian Tinamou
Eudromia formosa	Quebracho Crested Tinamou
Eudromia elegans	Elegant Crested Tinamou
Taoniscus nanus	Dwarf Tinamou
Nothura boraquira	White-bellied Nothura
Nothura minor	Lesser Nothura
Nothura darwinii	Darwin's Nothura
Nothura maculosa	Spotted Nothura
Rhynchotus maculicollis	Huayco Tinamou
Rhynchotus rufescens	Red-winged Tinamou
Nothoprocta taczanowskii	Taczanowski's Tinamou
Nothoprocta ornata	Ornate Tinamou
Nothoprocta perdicaria	Chilean Tinamou
Nothoprocta cinerascens	Brushland Tinamou
Nothoprocta pentlandii	Andean Tinamou
Nothoprocta curvirostris	Curve-billed Tinamou
Nothocercus julius	Tawny-breasted Tinamou
Nothocercus bonapartei	Highland Tinamou
Nothocercus nigrocapillus	Hooded Tinamou
Tinamus tao	Grey Tinamou
Tinamus solitarius	Solitary Tinamou
Tinamus osgoodi	Black Tinamou
Tinamus major	Great Tinamou
Tinamus guttatus	White-throated Tinamou
Crypturellus cinereus	Cinereous Tinamou
Crypturellus berlepschi	Berlepsch's Tinamou
Crypturellus soui	Little Tinamou
Crypturellus ptaritepui	Tepui Tinamou
Crypturellus obsoletus	Brown Tinamou
Crypturellus undulatus	Undulated Tinamou
Crypturellus transfasciatus	Pale-browed Tinamou
Crypturellus strigulosus	Brazilian Tinamou
Crypturellus duidae	Grey-legged Tinamou
Crypturellus erythropus	Red-legged Tinamou
Crypturellus noctivagus	Yellow-legged Tinamou
Crypturellus atrocapillus	Black-capped Tinamou
Crypturellus boucardi	Slaty-breasted Tinamou
Crypturellus kerriae	Choco Tinamou
Crypturellus variegatus	Variegated Tinamou
Crypturellus cinnamomeus	Thicket Tinamou
Crypturellus brevirostris	Rusty Tinamou
Crypturellus bartletti	Bartlett's Tinamou
Crypturellus parvirostris	Small-billed Tinamou
Crypturellus casiquiare	Barred Tinamou
Crypturellus tataupa	Tataupa Tinamou
Anhima cornuta	Horned Screamer
Chauna chavaria	Northern Screamer
Chauna torquata	Southern Screamer
Anseranas semipalmata	Magpie Goose
Thalassornis leuconotus	White-backed Duck
Dendrocygna guttata	Spotted Whistling Duck
Dendrocygna eytoni	Plumed Whistling Duck
Dendrocygna viduata	White-faced Whistling Duck
Dendrocygna autumnalis	Black-bellied Whistling Duck
Dendrocygna arborea	West Indian Whistling Duck
Dendrocygna bicolor	Fulvous Whistling Duck
Dendrocygna arcuata	Wandering Whistling Duck
Dendrocygna javanica	Lesser Whistling Duck
Biziura lobata	Musk Duck
Nettapus pulchellus	Green Pygmy Goose
Nettapus coromandelianus	Cotton Pygmy Goose
Nettapus auritus	African Pygmy Goose
Stictonetta naevosa	Freckled Duck
Heteronetta atricapilla	Black-headed Duck
Nomonyx dominicus	Masked Duck
Oxyura leucocephala	White-headed Duck
Oxyura australis	Blue-billed Duck
Oxyura maccoa	Maccoa Duck
Oxyura vittata	Lake Duck
Oxyura jamaicensis	Ruddy Duck
Plectropterus gambensis	Spur-winged Goose
Malacorhynchus membranaceus	Pink-eared Duck
Coscoroba coscoroba	Coscoroba Swan
Cereopsis novaehollandiae	Cape Barren Goose
Cygnus melancoryphus	Black-necked Swan
Cygnus olor	Mute Swan
Cygnus atratus	Black Swan
Cygnus columbianus	Tundra Swan
Cygnus cygnus	Whooper Swan
Cygnus buccinator	Trumpeter Swan
Branta bernicla	Brant Goose
Branta ruficollis	Red-breasted Goose
Branta sandvicensis	Nene
Branta canadensis	Canada Goose
Branta leucopsis	Barnacle Goose
Branta hutchinsii	Cackling Goose
Anser indicus	Bar-headed Goose
Anser canagicus	Emperor Goose
Anser rossii	Ross's Goose
Anser caerulescens	Snow Goose
Anser anser	Greylag Goose
Anser cygnoides	Swan Goose
Anser erythropus	Lesser White-fronted Goose
Anser albifrons	Greater White-fronted Goose
Anser serrirostris	Tundra Bean Goose
Anser brachyrhynchus	Pink-footed Goose
Anser fabalis	Taiga Bean Goose
Merganetta armata	Torrent Duck
Callonetta leucophrys	Ringed Teal
Cairina moschata	Muscovy Duck
Aix galericulata	Mandarin Duck
Aix sponsa	Wood Duck
Neochen jubata	Orinoco Goose
Chloephaga melanoptera	Andean Goose
Chloephaga picta	Upland Goose
Chloephaga hybrida	Kelp Goose
Chloephaga poliocephala	Ashy-headed Goose
Chloephaga rubidiceps	Ruddy-headed Goose
Radjah radjah	Radjah Shelduck
Alopochen aegyptiaca	Egyptian Goose
Alopochen mauritiana	Mauritius Sheldgoose
Alopochen kervazoi	Reunion Sheldgoose
Tadorna tadorna	Common Shelduck
Tadorna cristata	Crested Shelduck
Tadorna cana	South African Shelduck
Tadorna ferruginea	Ruddy Shelduck
Tadorna variegata	Paradise Shelduck
Tadorna tadornoides	Australian Shelduck
Clangula hyemalis	Long-tailed Duck
Polysticta stelleri	Steller's Eider
Camptorhynchus labradorius	Labrador Duck
Somateria fischeri	Spectacled Eider
Somateria spectabilis	King Eider
Somateria mollissima	Common Eider
Histrionicus histrionicus	Harlequin Duck
Melanitta nigra	Common Scoter
Melanitta americana	Black Scoter
Melanitta perspicillata	Surf Scoter
Melanitta fusca	Velvet Scoter
Melanitta deglandi	White-winged Scoter
Melanitta stejnegeri	Stejneger's Scoter
Bucephala albeola	Bufflehead
Bucephala islandica	Barrow's Goldeneye
Bucephala clangula	Common Goldeneye
Mergellus albellus	Smew
Lophodytes cucullatus	Hooded Merganser
Mergus serrator	Red-breasted Merganser
Mergus squamatus	Scaly-sided Merganser
Mergus octosetaceus	Brazilian Merganser
Mergus australis	New Zealand Merganser
Mergus merganser	Common Merganser
Sarkidiornis melanotos	Knob-billed Duck
Sarkidiornis sylvicola	Comb Duck
Hymenolaimus malacorhynchos	Blue Duck
Chenonetta jubata	Maned Duck
Cyanochen cyanoptera	Blue-winged Goose
Pteronetta hartlaubii	Hartlaub's Duck
Marmaronetta angustirostris	Marbled Duck
Asarcornis scutulata	White-winged Duck
Rhodonessa caryophyllacea	Pink-headed Duck
Netta rufina	Red-crested Pochard
Netta erythrophthalma	Southern Pochard
Netta peposaca	Rosy-billed Pochard
Aythya nyroca	Ferruginous Duck
Aythya innotata	Madagascar Pochard
Aythya baeri	Baer's Pochard
Aythya australis	Hardhead
Aythya ferina	Common Pochard
Aythya valisineria	Canvasback
Aythya collaris	Ring-necked Duck
Aythya americana	Redhead
Aythya fuligula	Tufted Duck
Aythya novaeseelandiae	New Zealand Scaup
Aythya affinis	Lesser Scaup
Aythya marila	Greater Scaup
Salvadorina waigiuensis	Salvadori's Teal
Lophonetta specularioides	Crested Duck
Speculanas specularis	Bronze-winged Duck
Amazonetta brasiliensis	Brazilian Teal
Tachyeres patachonicus	Flying Steamer Duck
Tachyeres pteneres	Fuegian Steamer Duck
Tachyeres brachypterus	Falkland Steamer Duck
Tachyeres leucocephalus	Chubut Steamer Duck
Sibirionetta formosa	Baikal Teal
Spatula querquedula	Garganey
Spatula hottentota	Blue-billed Teal
Spatula puna	Puna Teal
Spatula versicolor	Silver Teal
Spatula platalea	Red Shoveler
Spatula discors	Blue-winged Teal
Spatula cyanoptera	Cinnamon Teal
Spatula smithii	Cape Shoveler
Spatula clypeata	Northern Shoveler
Spatula rhynchotis	Australasian Shoveler
Mareca falcata	Falcated Duck
Mareca strepera	Gadwall
Mareca marecula	Amsterdam Wigeon
Mareca penelope	Eurasian Wigeon
Mareca americana	American Wigeon
Mareca sibilatrix	Chiloe Wigeon
Anas sparsa	African Black Duck
Anas melleri	Meller's Duck
Anas undulata	Yellow-billed Duck
Anas luzonica	Philippine Duck
Anas superciliosa	Pacific Black Duck
Anas wyvilliana	Hawaiian Duck
Anas laysanensis	Laysan Duck
Anas zonorhyncha	Eastern Spot-billed Duck
Anas poecilorhyncha	Indian Spot-billed Duck
Anas platyrhynchos	Mallard
Anas diazi	Mexican Duck
Anas rubripes	American Black Duck
Anas fulvigula	Mottled Duck
Anas capensis	Cape Teal
Anas bahamensis	White-cheeked Pintail
Anas erythrorhyncha	Red-billed Teal
Anas georgica	Yellow-billed Pintail
Anas acuta	Northern Pintail
Anas eatoni	Eaton's Pintail
Anas crecca	Green-winged Teal
Anas flavirostris	Yellow-billed Teal
Anas andium	Andean Teal
Anas gibberifrons	Sunda Teal
Anas albogularis	Andaman Teal
Anas castanea	Chestnut Teal
Anas gracilis	Grey Teal
Anas bernieri	Bernier's Teal
Anas theodori	Mascarene Teal
Anas chlorotis	Brown Teal
Anas aucklandica	Auckland Teal
Anas nesiotis	Campbell Teal
Leipoa ocellata	Malleefowl
Talegalla cuvieri	Red-billed Brushturkey
Talegalla fuscirostris	Black-billed Brushturkey
Talegalla jobiensis	Collared Brushturkey
Alectura lathami	Australian Brushturkey
Aepypodius bruijnii	Waigeo Brushturkey
Aepypodius arfakianus	Wattled Brushturkey
Macrocephalon maleo	Maleo
Eulipoa wallacei	Moluccan Megapode
Megapodius pritchardii	Tongan Megapode
Megapodius laperouse	Micronesian Megapode
Megapodius nicobariensis	Nicobar Megapode
Megapodius cumingii	Philippine Megapode
Megapodius bernsteinii	Sula Megapode
Megapodius tenimberensis	Tanimbar Megapode
Megapodius freycinet	Dusky Megapode
Megapodius geelvinkianus	Biak Scrubfowl
Megapodius eremita	Melanesian Megapode
Megapodius layardi	Vanuatu Megapode
Megapodius decollatus	New Guinea Scrubfowl
Megapodius reinwardt	Orange-footed Scrubfowl
Penelopina nigra	Highland Guan
Chamaepetes unicolor	Black Guan
Chamaepetes goudotii	Sickle-winged Guan
Aburria aburri	Wattled Guan
Pipile pipile	Trinidad Piping Guan
Pipile cumanensis	Blue-throated Piping Guan
Pipile grayi	White-throated Piping Guan
Pipile cujubi	Red-throated Piping Guan
Pipile jacutinga	Black-fronted Piping Guan
Penelope argyrotis	Band-tailed Guan
Penelope barbata	Bearded Guan
Penelope ortoni	Baudo Guan
Penelope montagnii	Andean Guan
Penelope marail	Marail Guan
Penelope superciliaris	Rusty-margined Guan
Penelope dabbenei	Red-faced Guan
Penelope jacquacu	Spix's Guan
Penelope purpurascens	Crested Guan
Penelope perspicax	Cauca Guan
Penelope albipennis	White-winged Guan
Penelope obscura	Dusky-legged Guan
Penelope bridgesi	Yungas Guan
Penelope pileata	White-crested Guan
Penelope ochrogaster	Chestnut-bellied Guan
Penelope jacucaca	White-browed Guan
Oreophasis derbianus	Horned Guan
Crax rubra	Great Curassow
Crax alberti	Blue-billed Curassow
Crax daubentoni	Yellow-knobbed Curassow
Crax alector	Black Curassow
Crax globulosa	Wattled Curassow
Crax fasciolata	Bare-faced Curassow
Crax blumenbachii	Red-billed Curassow
Pauxi pauxi	Helmeted Curassow
Pauxi koepckeae	Sira Curassow
Pauxi unicornis	Horned Curassow
Nothocrax urumutum	Nocturnal Curassow
Mitu tomentosum	Crestless Curassow
Mitu salvini	Salvin's Curassow
Mitu tuberosum	Razor-billed Curassow
Mitu mitu	Alagoas Curassow
Ortalis vetula	Plain Chachalaca
Ortalis cinereiceps	Grey-headed Chachalaca
Ortalis garrula	Chestnut-winged Chachalaca
Ortalis ruficauda	Rufous-vented Chachalaca
Ortalis erythroptera	Rufous-headed Chachalaca
Ortalis wagleri	Rufous-bellied Chachalaca
Ortalis poliocephala	West Mexican Chachalaca
Ortalis canicollis	Chaco Chachalaca
Ortalis leucogastra	White-bellied Chachalaca
Ortalis columbiana	Colombian Chachalaca
Ortalis guttata	Speckled Chachalaca
Ortalis araucuan	East Brazilian Chachalaca
Ortalis squamata	Scaled Chachalaca
Ortalis motmot	Little Chachalaca
Ortalis ruficeps	Chestnut-headed Chachalaca
Ortalis superciliaris	Buff-browed Chachalaca
Numida meleagris	Helmeted Guineafowl
Agelastes meleagrides	White-breasted Guineafowl
Agelastes niger	Black Guineafowl
Acryllium vulturinum	Vulturine Guineafowl
Guttera plumifera	Plumed Guineafowl
Guttera pucherani	Eastern Crested Guineafowl
Guttera verreauxi	Western Crested Guineafowl
Guttera edouardi	Southern Crested Guineafowl
Ptilopachus nahani	Nahan's Partridge
Ptilopachus petrosus	Stone Partridge
Rhynchortyx cinctus	Tawny-faced Quail
Oreortyx pictus	Mountain Quail
Dendrortyx leucophrys	Buffy-crowned Wood Partridge
Dendrortyx macroura	Long-tailed Wood Partridge
Dendrortyx barbatus	Bearded Wood Partridge
Philortyx fasciatus	Banded Quail
Colinus virginianus	Northern Bobwhite
Colinus nigrogularis	Yucatan Bobwhite
Colinus leucopogon	Spot-bellied Bobwhite
Colinus cristatus	Crested Bobwhite
Callipepla gambelii	Gambel's Quail
Callipepla californica	California Quail
Callipepla squamata	Scaled Quail
Callipepla douglasii	Elegant Quail
Cyrtonyx ocellatus	Ocellated Quail
Cyrtonyx montezumae	Montezuma Quail
Dactylortyx thoracicus	Singing Quail
Odontophorus gujanensis	Marbled Wood Quail
Odontophorus capueira	Spot-winged Wood Quail
Odontophorus melanotis	Black-eared Wood Quail
Odontophorus atrifrons	Black-fronted Wood Quail
Odontophorus erythrops	Rufous-fronted Wood Quail
Odontophorus hyperythrus	Chestnut Wood Quail
Odontophorus melanonotus	Dark-backed Wood Quail
Odontophorus speciosus	Rufous-breasted Wood Quail
Odontophorus dialeucos	Tacarcuna Wood Quail
Odontophorus strophium	Gorgeted Wood Quail
Odontophorus columbianus	Venezuelan Wood Quail
Odontophorus leucolaemus	Black-breasted Wood Quail
Odontophorus balliviani	Stripe-faced Wood Quail
Odontophorus stellatus	Starred Wood Quail
Odontophorus guttatus	Spotted Wood Quail
Xenoperdix udzungwensis	Udzungwa Forest Partridge
Caloperdix oculeus	Ferruginous Partridge
Rollulus rouloul	Crested Partridge
Melanoperdix niger	Black Partridge
Arborophila torqueola	Hill Partridge
Arborophila rufipectus	Sichuan Partridge
Arborophila mandellii	Chestnut-breasted Partridge
Arborophila gingica	White-necklaced Partridge
Arborophila rufogularis	Rufous-throated Partridge
Arborophila rubrirostris	Red-billed Partridge
Arborophila cambodiana	Chestnut-headed Partridge
Arborophila ardens	Hainan Partridge
Arborophila crudigularis	Taiwan Partridge
Arborophila atrogularis	White-cheeked Partridge
Arborophila brunneopectus	Bar-backed Partridge
Arborophila davidi	Orange-necked Partridge
Arborophila hyperythra	Red-breasted Partridge
Arborophila campbelli	Malayan Partridge
Arborophila rolli	Roll's Partridge
Arborophila sumatrana	Sumatran Partridge
Arborophila javanica	Chestnut-bellied Partridge
Arborophila orientalis	Grey-breasted Partridge
Lerwa lerwa	Snow Partridge
Ithaginis cruentus	Blood Pheasant
Tragopan melanocephalus	Western Tragopan
Tragopan satyra	Satyr Tragopan
Tragopan blythii	Blyth's Tragopan
Tragopan temminckii	Temminck's Tragopan
Tragopan caboti	Cabot's Tragopan
Tetraophasis obscurus	Chestnut-throated Monal-Partridge
Tetraophasis szechenyii	Buff-throated Monal-Partridge
Lophophorus impejanus	Himalayan Monal
Lophophorus sclateri	Sclater's Monal
Lophophorus lhuysii	Chinese Monal
Rhizothera longirostris	Long-billed Partridge
Rhizothera dulitensis	Dulit Partridge
Pucrasia macrolopha	Koklass Pheasant
Meleagris ocellata	Ocellated Turkey
Meleagris gallopavo	Wild Turkey
Bonasa umbellus	Ruffed Grouse
Tetrastes sewerzowi	Chinese Grouse
Tetrastes bonasia	Hazel Grouse
Centrocercus urophasianus	Sage Grouse
Centrocercus minimus	Gunnison Grouse
Dendragapus fuliginosus	Sooty Grouse
Dendragapus obscurus	Dusky Grouse
Tympanuchus phasianellus	Sharp-tailed Grouse
Tympanuchus cupido	Greater Prairie Chicken
Tympanuchus pallidicinctus	Lesser Prairie Chicken
Lagopus leucura	White-tailed Ptarmigan
Lagopus muta	Rock Ptarmigan
Lagopus scotica	Red Grouse
Lagopus lagopus	Willow Ptarmigan
Falcipennis falcipennis	Siberian Grouse
Canachites canadensis	Spruce Grouse
Tetrao urogalloides	Black-billed Capercaillie
Tetrao urogallus	Western Capercaillie
Lyrurus mlokosiewiczi	Caucasian Grouse
Lyrurus tetrix	Black Grouse
Perdix hodgsoniae	Tibetan Partridge
Perdix dauurica	Daurian Partridge
Perdix perdix	Grey Partridge
Syrmaticus soemmerringii	Copper Pheasant
Syrmaticus reevesii	Reeves's Pheasant
Syrmaticus mikado	Mikado Pheasant
Syrmaticus ellioti	Elliot's Pheasant
Syrmaticus humiae	Mrs. Hume's Pheasant
Chrysolophus pictus	Golden Pheasant
Chrysolophus amherstiae	Lady Amherst's Pheasant
Phasianus versicolor	Green Pheasant
Phasianus colchicus	Common Pheasant
Catreus wallichii	Cheer Pheasant
Crossoptilon harmani	Tibetan Eared Pheasant
Crossoptilon crossoptilon	White Eared Pheasant
Crossoptilon mantchuricum	Brown Eared Pheasant
Crossoptilon auritum	Blue Eared Pheasant
Lophura edwardsi	Edwards's Pheasant
Lophura swinhoii	Swinhoe's Pheasant
Lophura bulweri	Bulwer's Pheasant
Lophura leucomelanos	Kalij Pheasant
Lophura nycthemera	Silver Pheasant
Lophura erythrophthalma	Malayan Crestless Fireback
Lophura pyronota	Bornean Crestless Fireback
Lophura diardi	Siamese Fireback
Lophura inornata	Salvadori's Pheasant
Lophura rufa	Malayan Crested Fireback
Lophura ignita	Bornean Crested Fireback
Argusianus argus	Great Argus
Rheinardia ocellata	Vietnamese Crested Argus
Rheinardia nigrescens	Malayan Crested Argus
Afropavo congensis	Congo Peafowl
Pavo cristatus	Indian Peafowl
Pavo muticus	Green Peafowl
Tropicoperdix chloropus	Green-legged Partridge
Tropicoperdix charltonii	Chestnut-necklaced Partridge
Tropicoperdix graydoni	Sabah Partridge
Haematortyx sanguiniceps	Crimson-headed Partridge
Galloperdix spadicea	Red Spurfowl
Galloperdix lunulata	Painted Spurfowl
Galloperdix bicalcarata	Sri Lanka Spurfowl
Polyplectron napoleonis	Palawan Peacock-Pheasant
Polyplectron schleiermacheri	Bornean Peacock-Pheasant
Polyplectron malacense	Malayan Peacock-Pheasant
Polyplectron germaini	Germain's Peacock-Pheasant
Polyplectron katsumatae	Hainan Peacock-Pheasant
Polyplectron bicalcaratum	Grey Peacock-Pheasant
Polyplectron inopinatum	Mountain Peacock-Pheasant
Polyplectron chalcurum	Sumatran Peacock-Pheasant
Bambusicola fytchii	Mountain Bamboo Partridge
Bambusicola thoracicus	Chinese Bamboo Partridge
Bambusicola sonorivox	Taiwan Bamboo Partridge
Gallus varius	Green Junglefowl
Gallus gallus	Red Junglefowl
Gallus sonneratii	Grey Junglefowl
Gallus lafayettii	Sri Lanka Junglefowl
Peliperdix lathami	Latham's Francolin
Campocolinus coqui	Coqui Francolin
Campocolinus albogularis	White-throated Francolin
Campocolinus schlegelii	Schlegel's Francolin
Scleroptila streptophora	Ring-necked Francolin
Scleroptila levaillantii	Red-winged Francolin
Scleroptila finschi	Finsch's Francolin
Scleroptila psilolaema	Moorland Francolin
Scleroptila elgonensis	Elgon Francolin
Scleroptila afra	Grey-winged Francolin
Scleroptila gutturalis	Orange River Francolin
Scleroptila shelleyi	Shelley's Francolin
Scleroptila whytei	Whyte's Francolin
Ortygornis sephaena	Crested Francolin
Ortygornis gularis	Swamp Francolin
Ortygornis pondicerianus	Grey Francolin
Francolinus pintadeanus	Chinese Francolin
Francolinus pictus	Painted Francolin
Francolinus francolinus	Black Francolin
Tetraogallus tibetanus	Tibetan Snowcock
Tetraogallus altaicus	Altai Snowcock
Tetraogallus caucasicus	Caucasian Snowcock
Tetraogallus caspius	Caspian Snowcock
Tetraogallus himalayensis	Himalayan Snowcock
Ammoperdix griseogularis	See-see Partridge
Ammoperdix heyi	Sand Partridge
Synoicus ypsilophorus	Brown Quail
Synoicus monorthonyx	Snow Mountain Quail
Synoicus chinensis	King Quail
Synoicus adansonii	Blue Quail
Margaroperdix madagarensis	Madagascar Partridge
Coturnix japonica	Japanese Quail
Coturnix coturnix	Common Quail
Coturnix coromandelica	Rain Quail
Coturnix delegorguei	Harlequin Quail
Coturnix novaezelandiae	New Zealand Quail
Coturnix pectoralis	Stubble Quail
Alectoris barbara	Barbary Partridge
Alectoris melanocephala	Arabian Partridge
Alectoris rufa	Red-legged Partridge
Alectoris chukar	Chukar Partridge
Alectoris graeca	Rock Partridge
Alectoris philbyi	Philby's Partridge
Alectoris magna	Przevalski's Partridge
Ophrysia superciliosa	Himalayan Quail
Perdicula asiatica	Jungle Bush Quail
Perdicula argoondah	Rock Bush Quail
Perdicula erythrorhyncha	Painted Bush Quail
Perdicula manipurensis	Manipur Bush Quail
Pternistis hartlaubi	Hartlaub's Spurfowl
Pternistis nobilis	Handsome Spurfowl
Pternistis camerunensis	Mount Cameroon Spurfowl
Pternistis castaneicollis	Chestnut-naped Spurfowl
Pternistis erckelii	Erckel's Spurfowl
Pternistis ochropectus	Djibouti Spurfowl
Pternistis swierstrai	Swierstra's Spurfowl
Pternistis ahantensis	Ahanta Spurfowl
Pternistis griseostriatus	Grey-striped Spurfowl
Pternistis jacksoni	Jackson's Spurfowl
Pternistis capensis	Cape Spurfowl
Pternistis adspersus	Red-billed Spurfowl
Pternistis natalensis	Natal Spurfowl
Pternistis hildebrandti	Hildebrandt's Spurfowl
Pternistis bicalcaratus	Double-spurred Spurfowl
Pternistis icterorhynchus	Heuglin's Spurfowl
Pternistis squamatus	Scaly Spurfowl
Pternistis harwoodi	Harwood's Spurfowl
Pternistis clappertoni	Clapperton's Spurfowl
Pternistis swainsonii	Swainson's Spurfowl
Pternistis leucoscepus	Yellow-necked Spurfowl
Pternistis rufopictus	Grey-breasted Spurfowl
Pternistis afer	Red-necked Spurfowl
Phoeniconaias minor	Lesser Flamingo
Phoenicoparrus andinus	Andean Flamingo
Phoenicoparrus jamesi	James's Flamingo
Phoenicopterus chilensis	Chilean Flamingo
Phoenicopterus roseus	Greater Flamingo
Phoenicopterus ruber	American Flamingo
Rollandia microptera	Titicaca Grebe
Rollandia rolland	White-tufted Grebe
Tachybaptus rufolavatus	Alaotra Grebe
Tachybaptus ruficollis	Little Grebe
Tachybaptus novaehollandiae	Australasian Grebe
Tachybaptus pelzelnii	Madagascar Grebe
Tachybaptus dominicus	Least Grebe
Podilymbus gigas	Atitlan Grebe
Podilymbus podiceps	Pied-billed Grebe
Poliocephalus poliocephalus	Hoary-headed Grebe
Poliocephalus rufopectus	New Zealand Grebe
Podiceps major	Great Grebe
Podiceps auritus	Horned Grebe
Podiceps grisegena	Red-necked Grebe
Podiceps cristatus	Great Crested Grebe
Podiceps nigricollis	Black-necked Grebe
Podiceps andinus	Colombian Grebe
Podiceps occipitalis	Silvery Grebe
Podiceps taczanowskii	Junin Grebe
Podiceps gallardoi	Hooded Grebe
Aechmophorus occidentalis	Western Grebe
Aechmophorus clarkii	Clark's Grebe
Corythaeola cristata	Great Blue Turaco
Crinifer concolor	Grey Go-away-bird
Crinifer personatus	Bare-faced Go-away-bird
Crinifer leucogaster	White-bellied Go-away-bird
Crinifer piscator	Western Plantain-eater
Crinifer zonurus	Eastern Plantain-eater
Gallirex porphyreolophus	Purple-crested Turaco
Gallirex johnstoni	Rwenzori Turaco
Menelikornis ruspolii	Ruspoli's Turaco
Menelikornis leucotis	White-cheeked Turaco
Tauraco violaceus	Violet Turaco
Tauraco rossae	Ross's Turaco
Tauraco macrorhynchus	Yellow-billed Turaco
Tauraco bannermani	Bannerman's Turaco
Tauraco leucolophus	White-crested Turaco
Tauraco schuettii	Black-billed Turaco
Tauraco schalowi	Schalow's Turaco
Tauraco erythrolophus	Red-crested Turaco
Tauraco persa	Guinea Turaco
Tauraco hartlaubi	Hartlaub's Turaco
Tauraco fischeri	Fischer's Turaco
Tauraco livingstonii	Livingstone's Turaco
Tauraco corythaix	Knysna Turaco
Otis tarda	Great Bustard
Ardeotis arabs	Arabian Bustard
Ardeotis kori	Kori Bustard
Ardeotis nigriceps	Great Indian Bustard
Ardeotis australis	Australian Bustard
Chlamydotis macqueenii	Asian Houbara
Chlamydotis undulata	African Houbara
Neotis ludwigii	Ludwig's Bustard
Neotis denhami	Denham's Bustard
Neotis heuglinii	Heuglin's Bustard
Neotis nuba	Nubian Bustard
Eupodotis caerulescens	Blue Korhaan
Eupodotis senegalensis	White-bellied Bustard
Heterotetrax vigorsii	Karoo Korhaan
Heterotetrax rueppelii	Rüppell's Korhaan
Heterotetrax humilis	Little Brown Bustard
Lophotis savilei	Savile's Bustard
Lophotis gindiana	Buff-crested Bustard
Lophotis ruficrista	Red-crested Korhaan
Afrotis afra	Southern Black Korhaan
Afrotis afraoides	Northern Black Korhaan
Lissotis hartlaubii	Hartlaub's Bustard
Lissotis melanogaster	Black-bellied Bustard
Houbaropsis bengalensis	Bengal Florican
Sypheotides indicus	Lesser Florican
Tetrax tetrax	Little Bustard
Guira guira	Guira Cuckoo
Crotophaga major	Greater Ani
Crotophaga ani	Smooth-billed Ani
Crotophaga sulcirostris	Groove-billed Ani
Tapera naevia	Striped Cuckoo
Dromococcyx phasianellus	Pheasant Cuckoo
Dromococcyx pavoninus	Pavonine Cuckoo
Morococcyx erythropygus	Lesser Ground Cuckoo
Geococcyx californianus	Greater Roadrunner
Geococcyx velox	Lesser Roadrunner
Neomorphus geoffroyi	Rufous-vented Ground Cuckoo
Neomorphus squamiger	Scaled Ground Cuckoo
Neomorphus radiolosus	Banded Ground Cuckoo
Neomorphus rufipennis	Rufous-winged Ground Cuckoo
Neomorphus pucheranii	Red-billed Ground Cuckoo
Carpococcyx viridis	Sumatran Ground Cuckoo
Carpococcyx radiceus	Bornean Ground Cuckoo
Carpococcyx renauldi	Coral-billed Ground Cuckoo
Coua cristata	Crested Coua
Coua verreauxi	Verreaux's Coua
Coua caerulea	Blue Coua
Coua ruficeps	Red-capped Coua
Coua olivaceiceps	Olive-capped Coua
Coua reynaudii	Red-fronted Coua
Coua coquereli	Coquerel's Coua
Coua cursor	Running Coua
Coua gigas	Giant Coua
Coua delalandei	Snail-eating Coua
Coua serriana	Red-breasted Coua
Centropus milo	Buff-headed Coucal
Centropus ateralbus	White-necked Coucal
Centropus chalybeus	Biak Coucal
Centropus menbeki	Ivory-billed Coucal
Centropus unirufus	Rufous Coucal
Centropus chlororhynchos	Green-billed Coucal
Centropus melanops	Black-faced Coucal
Centropus rectunguis	Short-toed Coucal
Centropus steerii	Black-hooded Coucal
Centropus celebensis	Bay Coucal
Centropus anselli	Gabon Coucal
Centropus leucogaster	Black-throated Coucal
Centropus senegalensis	Senegal Coucal
Centropus monachus	Blue-headed Coucal
Centropus cupreicaudus	Coppery-tailed Coucal
Centropus superciliosus	White-browed Coucal
Centropus burchellii	Burchell's Coucal
Centropus nigrorufus	Sunda Coucal
Centropus andamanensis	Andaman Coucal
Centropus sinensis	Greater Coucal
Centropus goliath	Goliath Coucal
Centropus toulou	Malagasy Coucal
Centropus grillii	Black Coucal
Centropus viridis	Philippine Coucal
Centropus bengalensis	Lesser Coucal
Centropus violaceus	Violaceous Coucal
Centropus bernsteini	Black-billed Coucal
Centropus phasianinus	Pheasant Coucal
Rhinortha chlorophaea	Raffles's Malkoha
Ceuthmochares australis	Green Malkoha
Ceuthmochares aereus	Blue Malkoha
Taccocua leschenaultii	Sirkeer Malkoha
Zanclostomus javanicus	Red-billed Malkoha
Phaenicophaeus curvirostris	Chestnut-breasted Malkoha
Phaenicophaeus oeneicaudus	Mentawai Malkoha
Phaenicophaeus sumatranus	Chestnut-bellied Malkoha
Phaenicophaeus pyrrhocephalus	Red-faced Malkoha
Phaenicophaeus viridirostris	Blue-faced Malkoha
Phaenicophaeus diardi	Black-bellied Malkoha
Phaenicophaeus tristis	Green-billed Malkoha
Rhamphococcyx calyorhynchus	Yellow-billed Malkoha
Dasylophus cumingi	Scale-feathered Malkoha
Dasylophus superciliosus	Rough-crested Malkoha
Clamator coromandus	Chestnut-winged Cuckoo
Clamator glandarius	Great Spotted Cuckoo
Clamator levaillantii	Levaillant's Cuckoo
Clamator jacobinus	Jacobin Cuckoo
Coccycua minuta	Little Cuckoo
Coccycua pumila	Dwarf Cuckoo
Coccycua cinerea	Ash-colored Cuckoo
Piaya cayana	Common Squirrel Cuckoo
Piaya mexicana	Mexican Squirrel Cuckoo
Piaya melanogaster	Black-bellied Cuckoo
Coccyzus melacoryphus	Dark-billed Cuckoo
Coccyzus americanus	Yellow-billed Cuckoo
Coccyzus euleri	Pearly-breasted Cuckoo
Coccyzus minor	Mangrove Cuckoo
Coccyzus ferrugineus	Cocos Cuckoo
Coccyzus erythropthalmus	Black-billed Cuckoo
Coccyzus lansbergi	Grey-capped Cuckoo
Coccyzus pluvialis	Chestnut-bellied Cuckoo
Coccyzus rufigularis	Bay-breasted Cuckoo
Coccyzus vetula	Jamaican Lizard Cuckoo
Coccyzus vieilloti	Puerto Rican Lizard Cuckoo
Coccyzus merlini	Great Lizard Cuckoo
Coccyzus longirostris	Hispaniolan Lizard Cuckoo
Nannococcyx psix	St. Helena Cuckoo
Pachycoccyx audeberti	Thick-billed Cuckoo
Microdynamis parva	Dwarf Koel
Eudynamys scolopaceus	Asian Koel
Eudynamys melanorhynchus	Black-billed Koel
Eudynamys orientalis	Pacific Koel
Urodynamis taitensis	Long-tailed Koel
Scythrops novaehollandiae	Channel-billed Cuckoo
Chrysococcyx maculatus	Asian Emerald Cuckoo
Chrysococcyx xanthorhynchus	Violet Cuckoo
Chrysococcyx caprius	Diederik Cuckoo
Chrysococcyx klaas	Klaas's Cuckoo
Chrysococcyx flavigularis	Yellow-throated Cuckoo
Chrysococcyx cupreus	African Emerald Cuckoo
Chalcites megarhynchus	Long-billed Cuckoo
Chalcites basalis	Horsfield's Bronze Cuckoo
Chalcites osculans	Black-eared Cuckoo
Chalcites ruficollis	Rufous-throated Bronze Cuckoo
Chalcites lucidus	Shining Bronze Cuckoo
Chalcites meyerii	White-eared Bronze Cuckoo
Chalcites minutillus	Little Bronze Cuckoo
Chalcites crassirostris	Pied Bronze Cuckoo
Heteroscenes pallidus	Pallid Cuckoo
Caliechthrus leucolophus	White-crowned Cuckoo
Cacomantis castaneiventris	Chestnut-breasted Cuckoo
Cacomantis flabelliformis	Fan-tailed Cuckoo
Cacomantis sonneratii	Banded Bay Cuckoo
Cacomantis merulinus	Plaintive Cuckoo
Cacomantis passerinus	Grey-bellied Cuckoo
Cacomantis sepulcralis	Sunda Brush Cuckoo
Cacomantis virescens	Sulawesi Brush Cuckoo
Cacomantis aeruginosus	Moluccan Brush Cuckoo
Cacomantis variolosus	Sahul Brush Cuckoo
Cacomantis addendus	Solomons Brush Cuckoo
Cacomantis blandus	Manus Brush Cuckoo
Cercococcyx mechowi	Dusky Long-tailed Cuckoo
Cercococcyx olivinus	Olive Long-tailed Cuckoo
Cercococcyx montanus	Barred Long-tailed Cuckoo
Surniculus dicruroides	Fork-tailed Drongo-Cuckoo
Surniculus velutinus	Philippine Drongo-Cuckoo
Surniculus lugubris	Square-tailed Drongo-Cuckoo
Surniculus musschenbroeki	Moluccan Drongo-Cuckoo
Hierococcyx vagans	Moustached Hawk-Cuckoo
Hierococcyx sparverioides	Large Hawk-Cuckoo
Hierococcyx bocki	Dark Hawk-Cuckoo
Hierococcyx varius	Common Hawk-Cuckoo
Hierococcyx hyperythrus	Northern Hawk-Cuckoo
Hierococcyx pectoralis	Philippine Hawk-Cuckoo
Hierococcyx nisicolor	Hodgson's Hawk-Cuckoo
Hierococcyx fugax	Malaysian Hawk-Cuckoo
Cuculus clamosus	Black Cuckoo
Cuculus solitarius	Red-chested Cuckoo
Cuculus poliocephalus	Lesser Cuckoo
Cuculus crassirostris	Sulawesi Cuckoo
Cuculus micropterus	Indian Cuckoo
Cuculus gularis	African Cuckoo
Cuculus rochii	Madagascar Cuckoo
Cuculus saturatus	Himalayan Cuckoo
Cuculus lepidus	Sunda Cuckoo
Cuculus canorus	Common Cuckoo
Cuculus optatus	Oriental Cuckoo
Monias benschi	Subdesert Mesite
Mesitornis variegatus	White-breasted Mesite
Mesitornis unicolor	Brown Mesite
Syrrhaptes paradoxus	Pallas's Sandgrouse
Syrrhaptes tibetanus	Tibetan Sandgrouse
Pterocles alchata	Pin-tailed Sandgrouse
Pterocles namaqua	Namaqua Sandgrouse
Pterocles exustus	Chestnut-bellied Sandgrouse
Pterocles senegallus	Spotted Sandgrouse
Pterocles orientalis	Black-bellied Sandgrouse
Pterocles gutturalis	Yellow-throated Sandgrouse
Pterocles coronatus	Crowned Sandgrouse
Pterocles decoratus	Black-faced Sandgrouse
Pterocles personatus	Madagascar Sandgrouse
Pterocles lichtensteinii	Lichtenstein's Sandgrouse
Pterocles bicinctus	Double-banded Sandgrouse
Pterocles quadricinctus	Four-banded Sandgrouse
Pterocles indicus	Painted Sandgrouse
Pterocles burchelli	Burchell's Sandgrouse
Claravis pretiosa	Blue Ground Dove
Uropelia campestris	Long-tailed Ground Dove
Paraclaravis geoffroyi	Purple-winged Ground Dove
Paraclaravis mondetoura	Maroon-chested Ground Dove
Metriopelia ceciliae	Bare-faced Ground Dove
Metriopelia morenoi	Moreno's Ground Dove
Metriopelia melanoptera	Black-winged Ground Dove
Metriopelia aymara	Golden-spotted Ground Dove
Columbina inca	Inca Dove
Columbina passerina	Common Ground Dove
Columbina minuta	Plain-breasted Ground Dove
Columbina talpacoti	Ruddy Ground Dove
Columbina buckleyi	Ecuadorian Ground Dove
Columbina squammata	Scaled Dove
Columbina picui	Picui Ground Dove
Columbina cruziana	Croaking Ground Dove
Columbina cyanopis	Blue-eyed Ground Dove
Starnoenas cyanocephala	Blue-headed Quail-Dove
Geotrygon purpurata	Purple Quail-Dove
Geotrygon saphirina	Sapphire Quail-Dove
Geotrygon versicolor	Crested Quail-Dove
Geotrygon montana	Ruddy Quail-Dove
Geotrygon violacea	Violaceous Quail-Dove
Geotrygon caniceps	Grey-fronted Quail-Dove
Geotrygon leucometopia	White-fronted Quail-Dove
Geotrygon chrysia	Key West Quail-Dove
Geotrygon mystacea	Bridled Quail-Dove
Leptotrygon veraguensis	Olive-backed Quail-Dove
Leptotila verreauxi	White-tipped Dove
Leptotila jamaicensis	Caribbean Dove
Leptotila cassinii	Grey-chested Dove
Leptotila conoveri	Tolima Dove
Leptotila ochraceiventris	Ochre-bellied Dove
Leptotila plumbeiceps	Grey-headed Dove
Leptotila rufaxilla	Grey-fronted Dove
Leptotila wellsi	Grenada Dove
Leptotila pallida	Pallid Dove
Leptotila megalura	Yungas Dove
Zenaida meloda	West Peruvian Dove
Zenaida asiatica	White-winged Dove
Zenaida graysoni	Socorro Dove
Zenaida macroura	Mourning Dove
Zenaida aurita	Zenaida Dove
Zenaida galapagoensis	Galapagos Dove
Zenaida auriculata	Eared Dove
Zentrygon carrikeri	Tuxtla Quail-Dove
Zentrygon costaricensis	Buff-fronted Quail-Dove
Zentrygon lawrencii	Purplish-backed Quail-Dove
Zentrygon albifacies	White-faced Quail-Dove
Zentrygon frenata	White-throated Quail-Dove
Zentrygon linearis	Lined Quail-Dove
Zentrygon chiriquensis	Chiriqui Quail-Dove
Zentrygon goldmani	Russet-crowned Quail-Dove
Reinwardtoena reinwardti	Great Cuckoo-Dove
Reinwardtoena browni	Pied Cuckoo-Dove
Reinwardtoena crassirostris	Crested Cuckoo-Dove
Turacoena manadensis	White-faced Cuckoo-Dove
Turacoena sulaensis	Sula Cuckoo-Dove
Turacoena modesta	Black Cuckoo-Dove
Macropygia unchall	Barred Cuckoo-Dove
Macropygia phasianella	Brown Cuckoo-Dove
Macropygia macassariensis	Flores Sea Cuckoo-Dove
Macropygia magna	Timor Cuckoo-Dove
Macropygia timorlaoensis	Tanimbar Cuckoo-Dove
Macropygia amboinensis	Amboyna Cuckoo-Dove
Macropygia doreya	Sultan's Cuckoo-Dove
Macropygia rufipennis	Andaman Cuckoo-Dove
Macropygia tenuirostris	Philippine Cuckoo-Dove
Macropygia emiliana	Ruddy Cuckoo-Dove
Macropygia cinnamomea	Enggano Cuckoo-Dove
Macropygia modiglianii	Barusan Cuckoo-Dove
Macropygia nigrirostris	Bar-tailed Cuckoo-Dove
Macropygia mackinlayi	Spot-breasted Cuckoo-Dove
Macropygia ruficeps	Little Cuckoo-Dove
Ectopistes migratorius	Passenger Pigeon
Patagioenas cayennensis	Pale-vented Pigeon
Patagioenas speciosa	Scaled Pigeon
Patagioenas squamosa	Scaly-naped Pigeon
Patagioenas picazuro	Picazuro Pigeon
Patagioenas corensis	Bare-eyed Pigeon
Patagioenas maculosa	Spot-winged Pigeon
Patagioenas leucocephala	White-crowned Pigeon
Patagioenas flavirostris	Red-billed Pigeon
Patagioenas inornata	Plain Pigeon
Patagioenas fasciata	Band-tailed Pigeon
Patagioenas araucana	Chilean Pigeon
Patagioenas caribaea	Ring-tailed Pigeon
Patagioenas oenops	Maranon Pigeon
Patagioenas plumbea	Plumbeous Pigeon
Patagioenas subvinacea	Ruddy Pigeon
Patagioenas nigrirostris	Short-billed Pigeon
Patagioenas goodsoni	Dusky Pigeon
Spilopelia chinensis	Spotted Dove
Spilopelia senegalensis	Laughing Dove
Nesoenas picturatus	Malagasy Turtle Dove
Nesoenas mayeri	Pink Pigeon
Nesoenas rodericanus	Rodrigues Pigeon
Aplopelia larvata	Lemon Dove
Streptopelia bitorquata	Sunda Collared Dove
Streptopelia dusumieri	Philippine Collared Dove
Streptopelia tranquebarica	Red Collared Dove
Streptopelia orientalis	Oriental Turtle Dove
Streptopelia turtur	European Turtle Dove
Streptopelia lugens	Dusky Turtle Dove
Streptopelia hypopyrrha	Adamawa Turtle Dove
Streptopelia vinacea	Vinaceous Dove
Streptopelia capicola	Ring-necked Dove
Streptopelia semitorquata	Red-eyed Dove
Streptopelia decipiens	Mourning Collared Dove
Streptopelia decaocto	Eurasian Collared Dove
Streptopelia xanthocycla	Burmese Collared Dove
Streptopelia reichenowi	White-winged Collared Dove
Streptopelia roseogrisea	African Collared Dove
Columba delegorguei	Eastern Bronze-naped Pigeon
Columba malherbii	Island Bronze-naped Pigeon
Columba iriditorques	Western Bronze-naped Pigeon
Columba janthina	Black Wood Pigeon
Columba jouyi	Ryukyu Wood Pigeon
Columba versicolor	Bonin Wood Pigeon
Columba vitiensis	Metallic Pigeon
Columba leucomela	White-headed Pigeon
Columba pallidiceps	Yellow-legged Pigeon
Columba pulchricollis	Ashy Wood Pigeon
Columba elphinstonii	Nilgiri Wood Pigeon
Columba torringtoniae	Sri Lanka Wood Pigeon
Columba punicea	Pale-capped Pigeon
Columba argentina	Silvery Pigeon
Columba palumboides	Andaman Wood Pigeon
Columba junoniae	Laurel Pigeon
Columba hodgsonii	Speckled Wood Pigeon
Columba albinucha	White-naped Pigeon
Columba arquatrix	African Olive Pigeon
Columba pollenii	Comoro Olive Pigeon
Columba thomensis	Sao Tome Olive Pigeon
Columba palumbus	Common Wood Pigeon
Columba sjostedti	Cameroon Olive Pigeon
Columba trocaz	Trocaz Pigeon
Columba bollii	Bolle's Pigeon
Columba unicincta	Afep Pigeon
Columba guinea	Speckled Pigeon
Columba albitorques	White-collared Pigeon
Columba leuconota	Snow Pigeon
Columba rupestris	Hill Pigeon
Columba livia	Rock Dove
Columba oenas	Stock Dove
Columba eversmanni	Yellow-eyed Pigeon
Columba oliviae	Somali Pigeon
Chalcophaps indica	Common Emerald Dove
Chalcophaps longirostris	Pacific Emerald Dove
Chalcophaps stephani	Stephan's Emerald Dove
Oena capensis	Namaqua Dove
Turtur tympanistria	Tambourine Dove
Turtur brehmeri	Blue-headed Wood Dove
Turtur afer	Blue-spotted Wood Dove
Turtur chalcospilos	Emerald-spotted Wood Dove
Turtur abyssinicus	Black-billed Wood Dove
Treron olax	Little Green Pigeon
Treron vernans	Pink-necked Green Pigeon
Treron fulvicollis	Cinnamon-headed Green Pigeon
Treron bicinctus	Orange-breasted Green Pigeon
Treron pompadora	Sri Lanka Green Pigeon
Treron affinis	Grey-fronted Green Pigeon
Treron chloropterus	Andaman Green Pigeon
Treron phayrei	Ashy-headed Green Pigeon
Treron axillaris	Philippine Green Pigeon
Treron aromaticus	Buru Green Pigeon
Treron curvirostra	Thick-billed Green Pigeon
Treron griseicauda	Grey-cheeked Green Pigeon
Treron teysmannii	Sumba Green Pigeon
Treron floris	Flores Green Pigeon
Treron psittaceus	Timor Green Pigeon
Treron capellei	Large Green Pigeon
Treron phoenicopterus	Yellow-footed Green Pigeon
Treron waalia	Bruce's Green Pigeon
Treron griveaudi	Comoro Green Pigeon
Treron australis	Madagascar Green Pigeon
Treron pembaensis	Pemba Green Pigeon
Treron sanctithomae	Sao Tome Green Pigeon
Treron seimundi	Yellow-vented Green Pigeon
Treron apicauda	Pin-tailed Green Pigeon
Treron calvus	African Green Pigeon
Treron oxyurus	Sumatran Green Pigeon
Treron sphenurus	Wedge-tailed Green Pigeon
Treron sieboldii	White-bellied Green Pigeon
Treron formosae	Whistling Green Pigeon
Phapitreron leucotis	White-eared Brown Dove
Phapitreron amethystinus	Amethyst Brown Dove
Phapitreron brunneiceps	Mindanao Brown Dove
Phapitreron cinereiceps	Tawitawi Brown Dove
Gallicolumba tristigmata	Sulawesi Ground Dove
Gallicolumba rufigula	Cinnamon Ground Dove
Gallicolumba platenae	Mindoro Bleeding-heart
Gallicolumba keayi	Negros Bleeding-heart
Gallicolumba menagei	Sulu Bleeding-heart
Gallicolumba luzonica	Luzon Bleeding-heart
Gallicolumba crinigera	Mindanao Bleeding-heart
Henicophaps foersteri	New Britain Bronzewing
Henicophaps albifrons	New Guinea Bronzewing
Pampusana hoedtii	Wetar Ground Dove
Pampusana stairi	Shy Ground Dove
Pampusana sanctaecrucis	Santa Cruz Ground Dove
Pampusana salamonis	Thick-billed Ground Dove
Pampusana ferruginea	Tanna Ground Dove
Pampusana beccarii	Bronze Ground Dove
Pampusana canifrons	Palau Ground Dove
Pampusana jobiensis	White-breasted Ground Dove
Pampusana rubescens	Marquesan Ground Dove
Pampusana kubaryi	White-fronted Ground Dove
Pampusana erythroptera	Polynesian Ground Dove
Pampusana xanthonura	White-throated Ground Dove
Pampusana norfolkensis	Norfolk Ground Dove
Leucosarcia melanoleuca	Wonga Pigeon
Phaps chalcoptera	Common Bronzewing
Phaps elegans	Brush Bronzewing
Phaps histrionica	Flock Bronzewing
Geopelia cuneata	Diamond Dove
Geopelia humeralis	Bar-shouldered Dove
Geopelia striata	Zebra Dove
Geopelia placida	Peaceful Dove
Geopelia maugeus	Barred Dove
Petrophassa rufipennis	Chestnut-quilled Rock Pigeon
Petrophassa albipennis	White-quilled Rock Pigeon
Ocyphaps lophotes	Crested Pigeon
Geophaps plumifera	Spinifex Pigeon
Geophaps scripta	Squatter Pigeon
Geophaps smithii	Partridge Pigeon
Trugon terrestris	Thick-billed Ground Pigeon
Microgoura meeki	Choiseul Pigeon
Otidiphaps nobilis	Pheasant Pigeon
Goura cristata	Western Crowned Pigeon
Goura sclaterii	Sclater's Crowned Pigeon
Goura scheepmakeri	Scheepmaker's Crowned Pigeon
Goura victoria	Victoria Crowned Pigeon
Didunculus strigirostris	Tooth-billed Pigeon
Raphus cucullatus	Dodo
Pezophaps solitaria	Rodrigues Solitaire
Caloenas maculata	Spotted Green Pigeon
Caloenas nicobarica	Nicobar Pigeon
Hemiphaga chathamensis	Chatham Islands Pigeon
Hemiphaga novaeseelandiae	New Zealand Pigeon
Cryptophaps poecilorrhoa	Sombre Pigeon
Lopholaimus antarcticus	Topknot Pigeon
Gymnophaps albertisii	Papuan Mountain Pigeon
Gymnophaps mada	Buru Mountain Pigeon
Gymnophaps stalkeri	Seram Mountain Pigeon
Gymnophaps solomonensis	Pale Mountain Pigeon
Ducula poliocephala	Pink-bellied Imperial Pigeon
Ducula forsteni	White-bellied Imperial Pigeon
Ducula mindorensis	Mindoro Imperial Pigeon
Ducula radiata	Grey-headed Imperial Pigeon
Ducula carola	Spotted Imperial Pigeon
Ducula aenea	Green Imperial Pigeon
Ducula oenothorax	Enggano Imperial Pigeon
Ducula nicobarica	Nicobar Imperial Pigeon
Ducula perspicillata	Spectacled Imperial Pigeon
Ducula neglecta	Seram Imperial Pigeon
Ducula concinna	Elegant Imperial Pigeon
Ducula pacifica	Pacific Imperial Pigeon
Ducula rubricera	Red-knobbed Imperial Pigeon
Ducula oceanica	Micronesian Imperial Pigeon
Ducula aurorae	Polynesian Imperial Pigeon
Ducula galeata	Nuku Hiva Imperial Pigeon
Ducula myristicivora	Spice Imperial Pigeon
Ducula geelvinkiana	Geelvink Imperial Pigeon
Ducula rufigaster	Purple-tailed Imperial Pigeon
Ducula basilica	Cinnamon-bellied Imperial Pigeon
Ducula finschii	Finsch's Imperial Pigeon
Ducula chalconota	Rufescent Imperial Pigeon
Ducula pistrinaria	Island Imperial Pigeon
Ducula rosacea	Pink-headed Imperial Pigeon
Ducula whartoni	Christmas Imperial Pigeon
Ducula pickeringii	Grey Imperial Pigeon
Ducula latrans	Barking Imperial Pigeon
Ducula brenchleyi	Chestnut-bellied Imperial Pigeon
Ducula bakeri	Vanuatu Imperial Pigeon
Ducula goliath	Goliath Imperial Pigeon
Ducula pinon	Pinon's Imperial Pigeon
Ducula melanochroa	Black Imperial Pigeon
Ducula mullerii	Collared Imperial Pigeon
Ducula zoeae	Zoe's Imperial Pigeon
Ducula cuprea	Malabar Imperial Pigeon
Ducula badia	Mountain Imperial Pigeon
Ducula lacernulata	Dark-backed Imperial Pigeon
Ducula cineracea	Timor Imperial Pigeon
Ducula bicolor	Pied Imperial Pigeon
Ducula subflavescens	Yellowish Imperial Pigeon
Ducula spilorrhoa	Torresian Imperial Pigeon
Ducula luctuosa	Silver-tipped Imperial Pigeon
Megaloprepia formosa	Scarlet-breasted Fruit Dove
Megaloprepia magnifica	Wompoo Fruit Dove
Ramphiculus occipitalis	Yellow-breasted Fruit Dove
Ramphiculus marchei	Flame-breasted Fruit Dove
Ramphiculus merrilli	Cream-breasted Fruit Dove
Ramphiculus fischeri	Red-eared Fruit Dove
Ramphiculus jambu	Jambu Fruit Dove
Ramphiculus gularis	Oberholser's Fruit Dove
Ramphiculus subgularis	Banggai Fruit Dove
Ramphiculus mangoliensis	Sula Fruit Dove
Ramphiculus leclancheri	Black-chinned Fruit Dove
Alectroenas nitidissimus	Mauritius Blue Pigeon
Alectroenas madagascariensis	Madagascar Blue Pigeon
Alectroenas sganzini	Comoro Blue Pigeon
Alectroenas pulcherrimus	Seychelles Blue Pigeon
Ptilinopus cinctus	Banded Fruit Dove
Ptilinopus alligator	Black-banded Fruit Dove
Ptilinopus dohertyi	Red-naped Fruit Dove
Ptilinopus porphyreus	Pink-headed Fruit Dove
Ptilinopus perlatus	Pink-spotted Fruit Dove
Ptilinopus ornatus	Ornate Fruit Dove
Ptilinopus tannensis	Tanna Fruit Dove
Ptilinopus aurantiifrons	Orange-fronted Fruit Dove
Ptilinopus wallacii	Wallace's Fruit Dove
Ptilinopus superbus	Superb Fruit Dove
Ptilinopus perousii	Many-colored Fruit Dove
Ptilinopus ponapensis	Purple-capped Fruit Dove
Ptilinopus hernsheimi	Kosrae Fruit Dove
Ptilinopus porphyraceus	Crimson-crowned Fruit Dove
Ptilinopus pelewensis	Palau Fruit Dove
Ptilinopus rarotongensis	Lilac-crowned Fruit Dove
Ptilinopus roseicapilla	Mariana Fruit Dove
Ptilinopus regina	Rose-crowned Fruit Dove
Ptilinopus richardsii	Silver-capped Fruit Dove
Ptilinopus chrysogaster	Raiatea Fruit Dove
Ptilinopus purpuratus	Grey-green Fruit Dove
Ptilinopus chalcurus	Makatea Fruit Dove
Ptilinopus coralensis	Atoll Fruit Dove
Ptilinopus greyi	Red-bellied Fruit Dove
Ptilinopus huttoni	Rapa Fruit Dove
Ptilinopus dupetithouarsii	White-capped Fruit Dove
Ptilinopus mercierii	Red-moustached Fruit Dove
Ptilinopus insularis	Henderson Fruit Dove
Ptilinopus coronulatus	Coroneted Fruit Dove
Ptilinopus pulchellus	Beautiful Fruit Dove
Ptilinopus monacha	Blue-capped Fruit Dove
Ptilinopus rivoli	White-bibbed Fruit Dove
Ptilinopus speciosus	Geelvink Fruit Dove
Ptilinopus solomonensis	Yellow-bibbed Fruit Dove
Ptilinopus viridis	Claret-breasted Fruit Dove
Ptilinopus eugeniae	White-headed Fruit Dove
Ptilinopus iozonus	Orange-bellied Fruit Dove
Ptilinopus insolitus	Knob-billed Fruit Dove
Ptilinopus hyogastrus	Grey-headed Fruit Dove
Ptilinopus granulifrons	Carunculated Fruit Dove
Ptilinopus melanospilus	Black-naped Fruit Dove
Ptilinopus nainus	Dwarf Fruit Dove
Ptilinopus arcanus	Negros Fruit Dove
Ptilinopus victor	Orange Dove
Ptilinopus luteovirens	Golden Dove
Ptilinopus layardi	Whistling Dove
Ptilinopus holosericea	Cloven-feathered Dove
Opisthocomus hoazin	Hoatzin
Psophia crepitans	Grey-winged Trumpeter
Psophia leucoptera	Pale-winged Trumpeter
Psophia viridis	Dark-winged Trumpeter
Aramus guarauna	Limpkin
Balearica regulorum	Grey Crowned Crane
Balearica pavonina	Black Crowned Crane
Leucogeranus leucogeranus	Siberian Crane
Antigone canadensis	Sandhill Crane
Antigone vipio	White-naped Crane
Antigone rubicunda	Brolga
Antigone antigone	Sarus Crane
Grus carunculata	Wattled Crane
Grus virgo	Demoiselle Crane
Grus paradisea	Blue Crane
Grus japonensis	Red-crowned Crane
Grus americana	Whooping Crane
Grus grus	Common Crane
Grus monacha	Hooded Crane
Grus nigricollis	Black-necked Crane
Podica senegalensis	African Finfoot
Heliornis fulica	Sungrebe
Heliopais personatus	Masked Finfoot
Mentocrex beankaensis	Tsingy Forest Rail
Mentocrex kioloides	Madagascar Forest Rail
Rallicula rubra	Chestnut Forest Rail
Rallicula leucospila	White-striped Forest Rail
Rallicula forbesi	Forbes's Forest Rail
Rallicula mayri	Mayr's Forest Rail
Sarothrura pulchra	White-spotted Flufftail
Sarothrura elegans	Buff-spotted Flufftail
Sarothrura rufa	Red-chested Flufftail
Sarothrura lugens	Chestnut-headed Flufftail
Sarothrura boehmi	Streaky-breasted Flufftail
Sarothrura affinis	Striped Flufftail
Sarothrura insularis	Madagascar Flufftail
Sarothrura ayresi	White-winged Flufftail
Sarothrura watersi	Slender-billed Flufftail
Anurolimnas castaneiceps	Chestnut-headed Crake
Pardirallus maculatus	Spotted Rail
Pardirallus nigricans	Blackish Rail
Pardirallus sanguinolentus	Plumbeous Rail
Mustelirallus albicollis	Ash-throated Crake
Mustelirallus cerverai	Zapata Rail
Mustelirallus colombianus	Colombian Crake
Mustelirallus erythrops	Paint-billed Crake
Amaurolimnas concolor	Uniform Crake
Aramides ypecaha	Giant Wood Rail
Aramides wolfi	Brown Wood Rail
Aramides mangle	Little Wood Rail
Aramides axillaris	Rufous-necked Wood Rail
Aramides albiventris	Russet-naped Wood Rail
Aramides cajaneus	Grey-cowled Wood Rail
Aramides calopterus	Red-winged Wood Rail
Aramides saracura	Slaty-breasted Wood Rail
Canirallus oculeus	Grey-throated Rail
Rallus obsoletus	Ridgway's Rail
Rallus tenuirostris	Aztec Rail
Rallus longirostris	Mangrove Rail
Rallus elegans	King Rail
Rallus crepitans	Clapper Rail
Rallus wetmorei	Plain-flanked Rail
Rallus limicola	Virginia Rail
Rallus aequatorialis	Ecuadorian Rail
Rallus semiplumbeus	Bogota Rail
Rallus antarcticus	Austral Rail
Rallus aquaticus	Water Rail
Rallus indicus	Brown-cheeked Rail
Rallus caerulescens	African Rail
Rallus madagascariensis	Madagascar Rail
Rougetius rougetii	Rouget's Rail
Crecopsis egregia	African Crake
Dryolimnas augusti	Reunion Rail
Dryolimnas cuvieri	White-throated Rail
Aphanapteryx bonasia	Red Rail
Erythromachus leguati	Rodrigues Rail
Diaphorapteryx hawkinsi	Hawkins's Rail
Aphanocrex podarces	St. Helena Rail
Mundia elpenor	Ascension Crake
Crex crex	Corn Crake
Aramidopsis plateni	Snoring Rail
Lewinia striata	Slaty-breasted Rail
Lewinia mirifica	Brown-banded Rail
Lewinia pectoralis	Lewin's Rail
Lewinia muelleri	Auckland Rail
Gallirallus calayanensis	Calayan Rail
Gallirallus wallacii	Invisible Rail
Gallirallus castaneoventris	Chestnut Rail
Gallirallus australis	Weka
Gallirallus lafresnayanus	New Caledonian Rail
Gallirallus sylvestris	Lord Howe Woodhen
Gallirallus okinawae	Okinawa Rail
Gallirallus pacificus	Tahiti Rail
Gallirallus philippensis	Buff-banded Rail
Gallirallus modestus	Chatham Rail
Gallirallus dieffenbachii	Dieffenbach's Rail
Gallirallus insignis	Pink-legged Rail
Gallirallus woodfordi	Woodford's Rail
Gallirallus poecilopterus	Bar-winged Rail
Gallirallus owstoni	Guam Rail
Gallirallus wakensis	Wake Island Rail
Gallirallus torquatus	Barred Rail
Gallirallus rovianae	Roviana Rail
Himantornis haematopus	Nkulengu Rail
Gymnocrex rosenbergii	Blue-faced Rail
Gymnocrex plumbeiventris	Bare-eyed Rail
Gymnocrex talaudensis	Talaud Rail
Porphyriops melanops	Spot-flanked Gallinule
Tribonyx ventralis	Black-tailed Nativehen
Tribonyx mortierii	Tasmanian Nativehen
Porzana carolina	Sora
Porzana porzana	Spotted Crake
Porzana fluminea	Australian Crake
Paragallinula angulata	Lesser Moorhen
Gallinula silvestris	Makira Woodhen
Gallinula nesiotis	Tristan Moorhen
Gallinula comeri	Gough Moorhen
Gallinula chloropus	Common Moorhen
Gallinula galeata	Common Gallinule
Gallinula tenebrosa	Dusky Moorhen
Gallinula pacifica	Samoan Woodhen
Fulica rufifrons	Red-fronted Coot
Fulica cornuta	Horned Coot
Fulica armillata	Red-gartered Coot
Fulica gigantea	Giant Coot
Fulica atra	Eurasian Coot
Fulica cristata	Red-knobbed Coot
Fulica newtonii	Mascarene Coot
Fulica alai	Hawaiian Coot
Fulica americana	American Coot
Fulica leucoptera	White-winged Coot
Fulica ardesiaca	Andean Coot
Porphyrio alleni	Allen's Gallinule
Porphyrio martinica	Purple Gallinule
Porphyrio flavirostris	Azure Gallinule
Porphyrio paepae	Marquesan Swamphen
Porphyrio porphyrio	Purple Swamphen
Porphyrio hochstetteri	South Island Takahe
Porphyrio albus	White Swamphen
Porphyrio mantelli	North Island Takahe
Rufirallus schomburgkii	Ocellated Crake
Rufirallus viridis	Russet-crowned Crake
Rufirallus fasciatus	Black-banded Crake
Rufirallus leucopyrrhus	Red-and-white Crake
Rufirallus xenopterus	Rufous-faced Crake
Coturnicops exquisitus	Swinhoe's Rail
Coturnicops noveboracensis	Yellow Rail
Laterallus rogersi	Inaccessible Island Rail
Laterallus notatus	Speckled Rail
Laterallus flaviventer	Yellow-breasted Crake
Laterallus levraudi	Rusty-flanked Crake
Laterallus melanophaius	Rufous-sided Crake
Laterallus ruber	Ruddy Crake
Laterallus albigularis	White-throated Crake
Laterallus exilis	Grey-breasted Crake
Laterallus spilonota	Galapagos Crake
Laterallus jamaicensis	Black Rail
Laterallus spiloptera	Dot-winged Crake
Poliolimnas cinereus	White-browed Crake
Megacrex inepta	New Guinea Flightless Rail
Aenigmatolimnas marginalis	Striped Crake
Gallicrex cinerea	Watercock
Amaurornis isabellina	Isabelline Bush-hen
Amaurornis olivacea	Plain Bush-hen
Amaurornis phoenicurus	White-breasted Waterhen
Amaurornis magnirostris	Talaud Bush-hen
Amaurornis moluccana	Pale-vented Bush-hen
Rallina tricolor	Red-necked Crake
Rallina canningi	Andaman Crake
Rallina fasciata	Red-legged Crake
Rallina eurizonoides	Slaty-legged Crake
Zapornia fusca	Ruddy-breasted Crake
Zapornia paykullii	Band-bellied Crake
Zapornia akool	Brown Crake
Zapornia flavirostra	Black Crake
Zapornia parva	Little Crake
Zapornia pusilla	Baillon's Crake
Zapornia astrictocarpus	St. Helena Crake
Zapornia palmeri	Laysan Rail
Zapornia olivieri	Sakalava Rail
Zapornia bicolor	Black-tailed Crake
Zapornia sandwichensis	Hawaiian Rail
Zapornia nigra	Tahiti Crake
Zapornia atra	Henderson Crake
Zapornia tabuensis	Spotless Crake
Zapornia monasa	Kosrae Crake
Pluvianellus socialis	Magellanic Plover
Chionis albus	Snowy Sheathbill
Chionis minor	Black-faced Sheathbill
Hesperoburhinus superciliaris	Peruvian Thick-knee
Hesperoburhinus bistriatus	Double-striped Thick-knee
Esacus magnirostris	Beach Stone-curlew
Esacus recurvirostris	Great Stone-curlew
Burhinus grallarius	Bush Stone-curlew
Burhinus capensis	Spotted Thick-knee
Burhinus vermiculatus	Water Thick-knee
Burhinus senegalensis	Senegal Thick-knee
Burhinus indicus	Indian Stone-curlew
Burhinus oedicnemus	Eurasian Stone-curlew
Pluvianus aegyptius	Egyptian Plover
Cladorhynchus leucocephalus	Banded Stilt
Recurvirostra avosetta	Pied Avocet
Recurvirostra novaehollandiae	Red-necked Avocet
Recurvirostra americana	American Avocet
Recurvirostra andina	Andean Avocet
Himantopus mexicanus	Black-necked Stilt
Himantopus himantopus	Black-winged Stilt
Himantopus leucocephalus	Pied Stilt
Himantopus novaezelandiae	Black Stilt
Ibidorhyncha struthersii	Ibisbill
Haematopus leucopodus	Magellanic Oystercatcher
Haematopus ater	Blackish Oystercatcher
Haematopus bachmani	Black Oystercatcher
Haematopus palliatus	American Oystercatcher
Haematopus fuliginosus	Sooty Oystercatcher
Haematopus moquini	African Oystercatcher
Haematopus meadewaldoi	Canary Islands Oystercatcher
Haematopus ostralegus	Eurasian Oystercatcher
Haematopus longirostris	Pied Oystercatcher
Haematopus chathamensis	Chatham Islands Oystercatcher
Haematopus unicolor	Variable Oystercatcher
Haematopus finschi	South Island Oystercatcher
Pluvialis squatarola	Grey Plover
Pluvialis apricaria	European Golden Plover
Pluvialis dominica	American Golden Plover
Pluvialis fulva	Pacific Golden Plover
Oreopholus ruficollis	Tawny-throated Dotterel
Hoploxypterus cayanus	Pied Plover
Phegornis mitchellii	Diademed Sandpiper-Plover
Zonibyx modestus	Rufous-chested Dotterel
Eudromias morinellus	Eurasian Dotterel
Charadrius vociferus	Killdeer
Charadrius hiaticula	Common Ringed Plover
Charadrius semipalmatus	Semipalmated Plover
Charadrius melodus	Piping Plover
Thinornis cucullatus	Hooded Plover
Thinornis novaeseelandiae	Shore Plover
Thinornis melanops	Black-fronted Dotterel
Thinornis forbesi	Forbes's Plover
Thinornis tricollaris	Three-banded Plover
Thinornis placidus	Long-billed Plover
Thinornis dubius	Little Ringed Plover
Vanellus vanellus	Northern Lapwing
Vanellus crassirostris	Long-toed Lapwing
Vanellus armatus	Blacksmith Lapwing
Vanellus spinosus	Spur-winged Lapwing
Vanellus duvaucelii	River Lapwing
Vanellus malabaricus	Yellow-wattled Lapwing
Vanellus tectus	Black-headed Lapwing
Vanellus albiceps	White-crowned Lapwing
Vanellus lugubris	Senegal Lapwing
Vanellus melanopterus	Black-winged Lapwing
Vanellus coronatus	Crowned Lapwing
Vanellus senegallus	African Wattled Lapwing
Vanellus melanocephalus	Spot-breasted Lapwing
Vanellus superciliosus	Brown-chested Lapwing
Vanellus cinereus	Grey-headed Lapwing
Vanellus indicus	Red-wattled Lapwing
Vanellus macropterus	Javan Lapwing
Vanellus tricolor	Banded Lapwing
Vanellus miles	Masked Lapwing
Vanellus gregarius	Sociable Lapwing
Vanellus leucurus	White-tailed Lapwing
Vanellus chilensis	Southern Lapwing
Vanellus resplendens	Andean Lapwing
Erythrogonys cinctus	Red-kneed Dotterel
Peltohyas australis	Inland Dotterel
Anarhynchus asiaticus	Caspian Plover
Anarhynchus veredus	Oriental Plover
Anarhynchus atrifrons	Tibetan Sand Plover
Anarhynchus mongolus	Siberian Sand Plover
Anarhynchus leschenaultii	Greater Sand Plover
Anarhynchus bicinctus	Double-banded Plover
Anarhynchus obscurus	New Zealand Plover
Anarhynchus frontalis	Wrybill
Anarhynchus wilsonia	Wilson's Plover
Anarhynchus collaris	Collared Plover
Anarhynchus montanus	Mountain Plover
Anarhynchus falklandicus	Two-banded Plover
Anarhynchus alticola	Puna Plover
Anarhynchus thoracicus	Madagascar Plover
Anarhynchus pecuarius	Kittlitz's Plover
Anarhynchus sanctaehelenae	St. Helena Plover
Anarhynchus ruficapillus	Red-capped Plover
Anarhynchus nivosus	Snowy Plover
Anarhynchus pallidus	Chestnut-banded Plover
Anarhynchus peronii	Malaysian Plover
Anarhynchus marginatus	White-fronted Plover
Anarhynchus javanicus	Javan Plover
Anarhynchus dealbatus	White-faced Plover
Anarhynchus alexandrinus	Kentish Plover
Pedionomus torquatus	Plains-wanderer
Attagis malouinus	White-bellied Seedsnipe
Attagis gayi	Rufous-bellied Seedsnipe
Thinocorus orbignyianus	Grey-breasted Seedsnipe
Thinocorus rumicivorus	Least Seedsnipe
Nycticryphes semicollaris	South American Painted-snipe
Rostratula benghalensis	Greater Painted-snipe
Rostratula australis	Australian Painted-snipe
Hydrophasianus chirurgus	Pheasant-tailed Jacana
Jacana spinosa	Northern Jacana
Jacana jacana	Wattled Jacana
Microparra capensis	Lesser Jacana
Irediparra gallinacea	Comb-crested Jacana
Metopidius indicus	Bronze-winged Jacana
Actophilornis africanus	African Jacana
Actophilornis albinucha	Madagascar Jacana
Bartramia longicauda	Upland Sandpiper
Numenius borealis	Eskimo Curlew
Numenius minutus	Little Curlew
Numenius tahitiensis	Bristle-thighed Curlew
Numenius hudsonicus	Hudsonian Whimbrel
Numenius phaeopus	Eurasian Whimbrel
Numenius americanus	Long-billed Curlew
Numenius madagascariensis	Far Eastern Curlew
Numenius tenuirostris	Slender-billed Curlew
Numenius arquata	Eurasian Curlew
Limosa lapponica	Bar-tailed Godwit
Limosa limosa	Black-tailed Godwit
Limosa fedoa	Marbled Godwit
Limosa haemastica	Hudsonian Godwit
Limnodromus semipalmatus	Asian Dowitcher
Limnodromus scolopaceus	Long-billed Dowitcher
Limnodromus griseus	Short-billed Dowitcher
Lymnocryptes minimus	Jack Snipe
Scolopax minor	American Woodcock
Scolopax rusticola	Eurasian Woodcock
Scolopax mira	Amami Woodcock
Scolopax bukidnonensis	Bukidnon Woodcock
Scolopax saturata	Javan Woodcock
Scolopax rosenbergii	New Guinea Woodcock
Scolopax celebensis	Sulawesi Woodcock
Scolopax rochussenii	Moluccan Woodcock
Coenocorypha barrierensis	North Island Snipe
Coenocorypha iredalei	South Island Snipe
Coenocorypha pusilla	Chatham Islands Snipe
Coenocorypha huegeli	Snares Snipe
Coenocorypha aucklandica	Subantarctic Snipe
Gallinago imperialis	Imperial Snipe
Gallinago undulata	Giant Snipe
Gallinago stricklandii	Fuegian Snipe
Gallinago jamesoni	Jameson's Snipe
Gallinago nemoricola	Wood Snipe
Gallinago solitaria	Solitary Snipe
Gallinago media	Great Snipe
Gallinago megala	Swinhoe's Snipe
Gallinago stenura	Pin-tailed Snipe
Gallinago hardwickii	Latham's Snipe
Gallinago macrodactyla	Madagascar Snipe
Gallinago nigripennis	African Snipe
Gallinago delicata	Wilson's Snipe
Gallinago gallinago	Common Snipe
Gallinago nobilis	Noble Snipe
Gallinago andina	Puna Snipe
Gallinago paraguaiae	Pantanal Snipe
Gallinago magellanica	Magellanic Snipe
Xenus cinereus	Terek Sandpiper
Actitis hypoleucos	Common Sandpiper
Actitis macularius	Spotted Sandpiper
Phalaropus tricolor	Wilson's Phalarope
Phalaropus fulicarius	Red Phalarope
Phalaropus lobatus	Red-necked Phalarope
Tringa ochropus	Green Sandpiper
Tringa solitaria	Solitary Sandpiper
Tringa incana	Wandering Tattler
Tringa brevipes	Grey-tailed Tattler
Tringa stagnatilis	Marsh Sandpiper
Tringa glareola	Wood Sandpiper
Tringa totanus	Common Redshank
Tringa flavipes	Lesser Yellowlegs
Tringa guttifer	Nordmann's Greenshank
Tringa semipalmata	Willet
Tringa erythropus	Spotted Redshank
Tringa nebularia	Common Greenshank
Tringa melanoleuca	Greater Yellowlegs
Prosobonia cancellata	Kiritimati Sandpiper
Prosobonia leucoptera	Tahiti Sandpiper
Prosobonia ellisi	Moorea Sandpiper
Prosobonia parvirostris	Tuamotu Sandpiper
Arenaria melanocephala	Black Turnstone
Arenaria interpres	Ruddy Turnstone
Calidris canutus	Red Knot
Calidris virgata	Surfbird
Calidris tenuirostris	Great Knot
Calidris pugnax	Ruff
Calidris acuminata	Sharp-tailed Sandpiper
Calidris falcinellus	Broad-billed Sandpiper
Calidris ferruginea	Curlew Sandpiper
Calidris himantopus	Stilt Sandpiper
Calidris pygmaea	Spoon-billed Sandpiper
Calidris ruficollis	Red-necked Stint
Calidris temminckii	Temminck's Stint
Calidris subminuta	Long-toed Stint
Calidris subruficollis	Buff-breasted Sandpiper
Calidris alba	Sanderling
Calidris alpina	Dunlin
Calidris maritima	Purple Sandpiper
Calidris ptilocnemis	Rock Sandpiper
Calidris bairdii	Baird's Sandpiper
Calidris melanotos	Pectoral Sandpiper
Calidris pusilla	Semipalmated Sandpiper
Calidris mauri	Western Sandpiper
Calidris minuta	Little Stint
Calidris minutilla	Least Sandpiper
Calidris fuscicollis	White-rumped Sandpiper
Ortyxelos meiffrenii	Quail-plover
Turnix tanki	Yellow-legged Buttonquail
Turnix maculosus	Red-backed Buttonquail
Turnix suscitator	Barred Buttonquail
Turnix ocellatus	Spotted Buttonquail
Turnix sylvaticus	Common Buttonquail
Turnix velox	Little Buttonquail
Turnix pyrrhothorax	Red-chested Buttonquail
Turnix worcesteri	Luzon Buttonquail
Turnix everetti	Sumba Buttonquail
Turnix nanus	Black-rumped Buttonquail
Turnix hottentottus	Fynbos Buttonquail
Turnix castanotus	Chestnut-backed Buttonquail
Turnix olivii	Buff-breasted Buttonquail
Turnix varius	Painted Buttonquail
Turnix novaecaledoniae	New Caledonian Buttonquail
Turnix melanogaster	Black-breasted Buttonquail
Turnix nigricollis	Madagascar Buttonquail
Dromas ardeola	Crab-plover
Smutsornis africanus	Double-banded Courser
Rhinoptilus chalcopterus	Bronze-winged Courser
Rhinoptilus bitorquatus	Jerdon's Courser
Rhinoptilus cinctus	Three-banded Courser
Cursorius temminckii	Temminck's Courser
Cursorius coromandelicus	Indian Courser
Cursorius cursor	Cream-colored Courser
Cursorius somalensis	Somali Courser
Cursorius rufus	Burchell's Courser
Glareola ocularis	Madagascar Pratincole
Glareola nuchalis	Rock Pratincole
Glareola isabella	Australian Pratincole
Glareola lactea	Small Pratincole
Glareola cinerea	Grey Pratincole
Glareola maldivarum	Oriental Pratincole
Glareola nordmanni	Black-winged Pratincole
Glareola pratincola	Collared Pratincole
Stercorarius parasiticus	Parasitic Jaeger
Stercorarius longicaudus	Long-tailed Jaeger
Stercorarius pomarinus	Pomarine Jaeger
Stercorarius skua	Great Skua
Stercorarius maccormicki	South Polar Skua
Stercorarius chilensis	Chilean Skua
Stercorarius antarcticus	Brown Skua
Cerorhinca monocerata	Rhinoceros Auklet
Fratercula cirrhata	Tufted Puffin
Fratercula arctica	Atlantic Puffin
Fratercula corniculata	Horned Puffin
Ptychoramphus aleuticus	Cassin's Auklet
Aethia pusilla	Least Auklet
Aethia pygmaea	Whiskered Auklet
Aethia cristatella	Crested Auklet
Aethia psittacula	Parakeet Auklet
Synthliboramphus wumizusume	Japanese Murrelet
Synthliboramphus antiquus	Ancient Murrelet
Synthliboramphus craveri	Craveri's Murrelet
Synthliboramphus hypoleucus	Guadalupe Murrelet
Synthliboramphus scrippsi	Scripps's Murrelet
Brachyramphus perdix	Long-billed Murrelet
Brachyramphus marmoratus	Marbled Murrelet
Brachyramphus brevirostris	Kittlitz's Murrelet
Cepphus grylle	Black Guillemot
Cepphus carbo	Spectacled Guillemot
Cepphus columba	Pigeon Guillemot
Alca torda	Razorbill
Pinguinus impennis	Great Auk
Alle alle	Little Auk
Uria lomvia	Thick-billed Murre
Uria aalge	Common Murre
Rynchops flavirostris	African Skimmer
Rynchops albicollis	Indian Skimmer
Rynchops niger	Black Skimmer
Gygis alba	Atlantic White Tern
Gygis candida	Blue-billed White Tern
Gygis microrhyncha	Little White Tern
Anous stolidus	Brown Noddy
Anous tenuirostris	Lesser Noddy
Anous minutus	Black Noddy
Anous albivitta	Grey Noddy
Anous ceruleus	Blue Noddy
Onychoprion aleuticus	Aleutian Tern
Onychoprion fuscatus	Sooty Tern
Onychoprion lunatus	Spectacled Tern
Onychoprion anaethetus	Bridled Tern
Sternula balaenarum	Damara Tern
Sternula nereis	Fairy Tern
Sternula albifrons	Little Tern
Sternula superciliaris	Yellow-billed Tern
Sternula lorata	Peruvian Tern
Sternula saundersi	Saunders's Tern
Sternula antillarum	Least Tern
Phaetusa simplex	Large-billed Tern
Hydroprogne caspia	Caspian Tern
Gelochelidon macrotarsa	Australian Tern
Gelochelidon nilotica	Gull-billed Tern
Larosterna inca	Inca Tern
Chlidonias hybrida	Whiskered Tern
Chlidonias albostriatus	Black-fronted Tern
Chlidonias leucopterus	White-winged Tern
Chlidonias niger	Black Tern
Thalasseus sandvicensis	Sandwich Tern
Thalasseus elegans	Elegant Tern
Thalasseus bernsteini	Chinese Crested Tern
Thalasseus bergii	Greater Crested Tern
Thalasseus maximus	Royal Tern
Thalasseus albididorsalis	West African Crested Tern
Thalasseus bengalensis	Lesser Crested Tern
Sterna aurantia	River Tern
Sterna forsteri	Forster's Tern
Sterna trudeaui	Snowy-crowned Tern
Sterna paradisaea	Arctic Tern
Sterna hirundinacea	South American Tern
Sterna vittata	Antarctic Tern
Sterna virgata	Kerguelen Tern
Sterna hirundo	Common Tern
Sterna repressa	White-cheeked Tern
Sterna sumatrana	Black-naped Tern
Sterna dougallii	Roseate Tern
Sterna striata	White-fronted Tern
Sterna acuticauda	Black-bellied Tern
Creagrus furcatus	Swallow-tailed Gull
Hydrocoloeus minutus	Little Gull
Rhodostethia rosea	Ross's Gull
Rissa brevirostris	Red-legged Kittiwake
Rissa tridactyla	Black-legged Kittiwake
Xema sabini	Sabine's Gull
Pagophila eburnea	Ivory Gull
Saundersilarus saundersi	Saunders's Gull
Chroicocephalus genei	Slender-billed Gull
Chroicocephalus philadelphia	Bonaparte's Gull
Chroicocephalus ridibundus	Black-headed Gull
Chroicocephalus brunnicephalus	Brown-headed Gull
Chroicocephalus hartlaubii	Hartlaub's Gull
Chroicocephalus cirrocephalus	Grey-headed Gull
Chroicocephalus maculipennis	Brown-hooded Gull
Chroicocephalus serranus	Andean Gull
Chroicocephalus bulleri	Black-billed Gull
Chroicocephalus novaehollandiae	Silver Gull
Leucophaeus scoresbii	Dolphin Gull
Leucophaeus modestus	Grey Gull
Leucophaeus atricilla	Laughing Gull
Leucophaeus pipixcan	Franklin's Gull
Leucophaeus fuliginosus	Lava Gull
Ichthyaetus ichthyaetus	Pallas's Gull
Ichthyaetus relictus	Relict Gull
Ichthyaetus audouinii	Audouin's Gull
Ichthyaetus melanocephalus	Mediterranean Gull
Ichthyaetus leucophthalmus	White-eyed Gull
Ichthyaetus hemprichii	Sooty Gull
Larus pacificus	Pacific Gull
Larus belcheri	Belcher's Gull
Larus crassirostris	Black-tailed Gull
Larus atlanticus	Olrog's Gull
Larus heermanni	Heermann's Gull
Larus delawarensis	Ring-billed Gull
Larus brachyrhynchus	Short-billed Gull
Larus canus	Common Gull
Larus livens	Yellow-footed Gull
Larus occidentalis	Western Gull
Larus cachinnans	Caspian Gull
Larus dominicanus	Kelp Gull
Larus smithsonianus	American Herring Gull
Larus vegae	Vega Gull
Larus mongolicus	Mongolian Gull
Larus argentatus	European Herring Gull
Larus michahellis	Yellow-legged Gull
Larus armenicus	Armenian Gull
Larus marinus	Great Black-backed Gull
Larus hyperboreus	Glaucous Gull
Larus fuscus	Lesser Black-backed Gull
Larus californicus	California Gull
Larus glaucescens	Glaucous-winged Gull
Larus schistisagus	Slaty-backed Gull
Larus glaucoides	Iceland Gull
Eurypyga helias	Sunbittern
Rhynochetos jubatus	Kagu
Phaethon aethereus	Red-billed Tropicbird
Phaethon rubricauda	Red-tailed Tropicbird
Phaethon lepturus	White-tailed Tropicbird
Gavia stellata	Red-throated Loon
Gavia immer	Common Loon
Gavia adamsii	Yellow-billed Loon
Gavia pacifica	Pacific Loon
Gavia arctica	Black-throated Loon
Aptenodytes patagonicus	King Penguin
Aptenodytes forsteri	Emperor Penguin
Pygoscelis adeliae	Adelie Penguin
Pygoscelis papua	Gentoo Penguin
Pygoscelis antarcticus	Chinstrap Penguin
Eudyptula minor	Little Penguin
Spheniscus demersus	African Penguin
Spheniscus humboldti	Humboldt Penguin
Spheniscus mendiculus	Galapagos Penguin
Spheniscus magellanicus	Magellanic Penguin
Megadyptes antipodes	Yellow-eyed Penguin
Eudyptes pachyrhynchus	Fiordland Penguin
Eudyptes sclateri	Erect-crested Penguin
Eudyptes chrysolophus	Macaroni Penguin
Eudyptes schlegeli	Royal Penguin
Eudyptes chrysocome	Western Rockhopper Penguin
Eudyptes filholi	Eastern Rockhopper Penguin
Eudyptes moseleyi	Northern Rockhopper Penguin
Eudyptes robustus	Snares Penguin
Phoebastria irrorata	Waved Albatross
Phoebastria immutabilis	Laysan Albatross
Phoebastria nigripes	Black-footed Albatross
Phoebastria albatrus	Short-tailed Albatross
Diomedea sanfordi	Northern Royal Albatross
Diomedea epomophora	Southern Royal Albatross
Diomedea exulans	Snowy Albatross
Diomedea dabbenena	Tristan Albatross
Diomedea antipodensis	Antipodean Albatross
Diomedea amsterdamensis	Amsterdam Albatross
Phoebetria palpebrata	Light-mantled Albatross
Phoebetria fusca	Sooty Albatross
Thalassarche chlororhynchos	Atlantic Yellow-nosed Albatross
Thalassarche carteri	Indian Yellow-nosed Albatross
Thalassarche chrysostoma	Grey-headed Albatross
Thalassarche melanophris	Black-browed Albatross
Thalassarche bulleri	Buller's Albatross
Thalassarche cauta	Shy Albatross
Thalassarche salvini	Salvin's Albatross
Thalassarche eremita	Chatham Albatross
Oceanites oceanicus	Wilson's Storm Petrel
Oceanites pincoyae	Pincoya Storm Petrel
Oceanites gracilis	Elliot's Storm Petrel
Nesofregetta fuliginosa	Polynesian Storm Petrel
Garrodia nereis	Grey-backed Storm Petrel
Pelagodroma marina	White-faced Storm Petrel
Fregetta grallaria	White-bellied Storm Petrel
Fregetta maoriana	New Zealand Storm Petrel
Fregetta lineata	New Caledonian Storm Petrel
Fregetta tropica	Black-bellied Storm Petrel
Hydrobates pelagicus	European Storm Petrel
Hydrobates furcatus	Fork-tailed Storm Petrel
Hydrobates jabejabe	Cape Verde Storm Petrel
Hydrobates castro	Band-rumped Storm Petrel
Hydrobates monteiroi	Monteiro's Storm Petrel
Hydrobates melania	Black Storm Petrel
Hydrobates markhami	Markham's Storm Petrel
Hydrobates microsoma	Least Storm Petrel
Hydrobates tethys	Wedge-rumped Storm Petrel
Hydrobates hornbyi	Ringed Storm Petrel
Hydrobates homochroa	Ashy Storm Petrel
Hydrobates tristrami	Tristram's Storm Petrel
Hydrobates monorhis	Swinhoe's Storm Petrel
Hydrobates matsudairae	Matsudaira's Storm Petrel
Hydrobates macrodactylus	Guadalupe Storm Petrel
Hydrobates socorroensis	Townsend's Storm Petrel
Hydrobates cheimomnestes	Ainley's Storm Petrel
Hydrobates leucorhous	Leach's Storm Petrel
Pagodroma nivea	Snow Petrel
Thalassoica antarctica	Antarctic Petrel
Daption capense	Pintado Petrel
Macronectes giganteus	Southern Giant Petrel
Macronectes halli	Northern Giant Petrel
Fulmarus glacialoides	Southern Fulmar
Fulmarus glacialis	Northern Fulmar
Bulweria bifax	Olson's Petrel
Bulweria bulwerii	Bulwer's Petrel
Bulweria fallax	Jouanin's Petrel
Pseudobulweria macgillivrayi	Fiji Petrel
Pseudobulweria aterrima	Mascarene Petrel
Pseudobulweria rostrata	Tahiti Petrel
Pseudobulweria becki	Beck's Petrel
Procellaria westlandica	Westland Petrel
Procellaria cinerea	Grey Petrel
Procellaria aequinoctialis	White-chinned Petrel
Procellaria conspicillata	Spectacled Petrel
Procellaria parkinsoni	Black Petrel
Calonectris leucomelas	Streaked Shearwater
Calonectris edwardsii	Cape Verde Shearwater
Calonectris diomedea	Scopoli's Shearwater
Calonectris borealis	Cory's Shearwater
Ardenna pacifica	Wedge-tailed Shearwater
Ardenna bulleri	Buller's Shearwater
Ardenna tenuirostris	Short-tailed Shearwater
Ardenna grisea	Sooty Shearwater
Ardenna gravis	Great Shearwater
Ardenna carneipes	Flesh-footed Shearwater
Ardenna creatopus	Pink-footed Shearwater
Puffinus nativitatis	Christmas Shearwater
Puffinus subalaris	Galapagos Shearwater
Puffinus gavia	Fluttering Shearwater
Puffinus huttoni	Hutton's Shearwater
Puffinus puffinus	Manx Shearwater
Puffinus yelkouan	Mediterranean Shearwater
Puffinus lherminieri	Sargasso Shearwater
Puffinus baroli	Barolo Shearwater
Puffinus boydi	Boyd's Shearwater
Puffinus heinrothi	Heinroth's Shearwater
Puffinus elegans	Subantarctic Shearwater
Puffinus assimilis	Little Shearwater
Puffinus bryani	Bryan's Shearwater
Puffinus persicus	Persian Shearwater
Puffinus bailloni	Tropical Shearwater
Puffinus opisthomelas	Black-vented Shearwater
Puffinus bannermani	Bannerman's Shearwater
Puffinus myrtae	Rapa Shearwater
Puffinus auricularis	Townsend's Shearwater
Puffinus newelli	Newell's Shearwater
Pelecanoides garnotii	Peruvian Diving Petrel
Pelecanoides urinatrix	Common Diving Petrel
Pelecanoides georgicus	South Georgia Diving Petrel
Pelecanoides magellani	Magellanic Diving Petrel
Halobaena caerulea	Blue Petrel
Pachyptila turtur	Fairy Prion
Pachyptila vittata	Broad-billed Prion
Pachyptila salvini	Salvin's Prion
Pachyptila macgillivrayi	MacGillivray's Prion
Pachyptila desolata	Antarctic Prion
Pachyptila belcheri	Slender-billed Prion
Pachyptila crassirostris	Fulmar Prion
Aphrodroma brevirostris	Kerguelen Petrel
Pterodroma mollis	Soft-plumaged Petrel
Pterodroma magentae	Magenta Petrel
Pterodroma incerta	Atlantic Petrel
Pterodroma gouldi	Grey-faced Petrel
Pterodroma lessonii	White-headed Petrel
Pterodroma macroptera	Great-winged Petrel
Pterodroma hasitata	Black-capped Petrel
Pterodroma caribbaea	Jamaican Petrel
Pterodroma cahow	Bermuda Petrel
Pterodroma madeira	Zino's Petrel
Pterodroma rupinarum	St. Helena Petrel
Pterodroma feae	Cape Verde Petrel
Pterodroma deserta	Desertas Petrel
Pterodroma hypoleuca	Bonin Petrel
Pterodroma defilippiana	Masatierra Petrel
Pterodroma longirostris	Stejneger's Petrel
Pterodroma cookii	Cook's Petrel
Pterodroma pycrofti	Pycroft's Petrel
Pterodroma leucoptera	Gould's Petrel
Pterodroma brevipes	Collared Petrel
Pterodroma axillaris	Chatham Islands Petrel
Pterodroma nigripennis	Black-winged Petrel
Pterodroma externa	Juan Fernandez Petrel
Pterodroma phaeopygia	Galapagos Petrel
Pterodroma baraui	Barau's Petrel
Pterodroma sandwichensis	Hawaiian Petrel
Pterodroma cervicalis	White-necked Petrel
Pterodroma solandri	Providence Petrel
Pterodroma inexpectata	Mottled Petrel
Pterodroma ultima	Murphy's Petrel
Pterodroma alba	Phoenix Petrel
Pterodroma neglecta	Kermadec Petrel
Pterodroma arminjoniana	Trindade Petrel
Pterodroma heraldica	Herald Petrel
Pterodroma atrata	Henderson Petrel
Anastomus oscitans	Asian Openbill
Anastomus lamelligerus	African Openbill
Leptoptilos crumenifer	Marabou Stork
Leptoptilos dubius	Greater Adjutant
Leptoptilos javanicus	Lesser Adjutant
Mycteria americana	Wood Stork
Mycteria cinerea	Milky Stork
Mycteria ibis	Yellow-billed Stork
Mycteria leucocephala	Painted Stork
Jabiru mycteria	Jabiru
Ephippiorhynchus senegalensis	Saddle-billed Stork
Ephippiorhynchus asiaticus	Black-necked Stork
Ciconia nigra	Black Stork
Ciconia maguari	Maguari Stork
Ciconia boyciana	Oriental Stork
Ciconia ciconia	White Stork
Ciconia abdimii	Abdim's Stork
Ciconia stormi	Storm's Stork
Ciconia microscelis	African Woolly-necked Stork
Ciconia episcopus	Asian Woolly-necked Stork
Fregata ariel	Lesser Frigatebird
Fregata aquila	Ascension Frigatebird
Fregata magnificens	Magnificent Frigatebird
Fregata andrewsi	Christmas Frigatebird
Fregata minor	Great Frigatebird
Papasula abbotti	Abbott's Booby
Morus bassanus	Northern Gannet
Morus capensis	Cape Gannet
Morus serrator	Australasian Gannet
Sula sula	Red-footed Booby
Sula leucogaster	Brown Booby
Sula brewsteri	Cocos Booby
Sula granti	Nazca Booby
Sula dactylatra	Masked Booby
Sula variegata	Peruvian Booby
Sula nebouxii	Blue-footed Booby
Anhinga anhinga	Anhinga
Anhinga novaehollandiae	Australasian Darter
Anhinga melanogaster	Oriental Darter
Anhinga rufa	African Darter
Microcarbo coronatus	Crowned Cormorant
Microcarbo africanus	Reed Cormorant
Microcarbo melanoleucos	Little Pied Cormorant
Microcarbo pygmaeus	Pygmy Cormorant
Microcarbo niger	Little Cormorant
Poikilocarbo gaimardi	Red-legged Cormorant
Gulosus aristotelis	European Shag
Nannopterum harrisi	Flightless Cormorant
Nannopterum brasilianum	Neotropic Cormorant
Nannopterum auritum	Double-crested Cormorant
Leucocarbo magellanicus	Rock Shag
Leucocarbo bougainvilliorum	Guanay Cormorant
Leucocarbo ranfurlyi	Bounty Shag
Leucocarbo carunculatus	New Zealand King Shag
Leucocarbo chalconotus	Stewart Island Shag
Leucocarbo onslowi	Chatham Shag
Leucocarbo colensoi	Auckland Shag
Leucocarbo campbelli	Campbell Shag
Leucocarbo atriceps	Imperial Shag
Urile penicillatus	Brandt's Cormorant
Urile urile	Red-faced Cormorant
Urile pelagicus	Pelagic Cormorant
Urile perspicillatus	Spectacled Cormorant
Phalacrocorax neglectus	Bank Cormorant
Phalacrocorax capensis	Cape Cormorant
Phalacrocorax capillatus	Japanese Cormorant
Phalacrocorax carbo	Great Cormorant
Phalacrocorax nigrogularis	Socotra Cormorant
Phalacrocorax featherstoni	Pitt Shag
Phalacrocorax punctatus	Spotted Shag
Phalacrocorax fuscicollis	Indian Cormorant
Phalacrocorax sulcirostris	Little Black Cormorant
Phalacrocorax fuscescens	Black-faced Cormorant
Phalacrocorax varius	Australian Pied Cormorant
Eudocimus ruber	Scarlet Ibis
Eudocimus albus	American White Ibis
Theristicus caerulescens	Plumbeous Ibis
Theristicus caudatus	Buff-necked Ibis
Theristicus melanopis	Black-faced Ibis
Theristicus branickii	Andean Ibis
Cercibis oxycerca	Sharp-tailed Ibis
Mesembrinibis cayennensis	Green Ibis
Phimosus infuscatus	Bare-faced Ibis
Plegadis falcinellus	Glossy Ibis
Plegadis chihi	White-faced Ibis
Plegadis ridgwayi	Puna Ibis
Lophotibis cristata	Madagascar Ibis
Bostrychia olivacea	Olive Ibis
Bostrychia bocagei	Sao Tome Ibis
Bostrychia rara	Spot-breasted Ibis
Bostrychia hagedash	Hadada Ibis
Bostrychia carunculata	Wattled Ibis
Nipponia nippon	Crested Ibis
Geronticus eremita	Northern Bald Ibis
Geronticus calvus	Southern Bald Ibis
Pseudibis papillosa	Red-naped Ibis
Pseudibis davisoni	White-shouldered Ibis
Pseudibis gigantea	Giant Ibis
Platalea ajaja	Roseate Spoonbill
Platalea flavipes	Yellow-billed Spoonbill
Platalea alba	African Spoonbill
Platalea leucorodia	Eurasian Spoonbill
Platalea regia	Royal Spoonbill
Platalea minor	Black-faced Spoonbill
Threskiornis aethiopicus	African Sacred Ibis
Threskiornis bernieri	Malagasy Sacred Ibis
Threskiornis solitarius	Reunion Ibis
Threskiornis melanocephalus	Black-headed Ibis
Threskiornis molucca	Australian White Ibis
Threskiornis spinicollis	Straw-necked Ibis
Balaeniceps rex	Shoebill
Scopus umbretta	Hamerkop
Pelecanus erythrorhynchos	American White Pelican
Pelecanus thagus	Peruvian Pelican
Pelecanus occidentalis	Brown Pelican
Pelecanus onocrotalus	Great White Pelican
Pelecanus conspicillatus	Australian Pelican
Pelecanus rufescens	Pink-backed Pelican
Pelecanus philippensis	Spot-billed Pelican
Pelecanus crispus	Dalmatian Pelican
Tigriornis leucolopha	White-crested Tiger Heron
Tigrisoma lineatum	Rufescent Tiger Heron
Tigrisoma mexicanum	Bare-throated Tiger Heron
Tigrisoma fasciatum	Fasciated Tiger Heron
Cochlearius cochlearius	Boat-billed Heron
Agamia agami	Agami Heron
Zebrilus undulatus	Zigzag Heron
Botaurus involucris	Stripe-backed Bittern
Botaurus exilis	Least Bittern
Botaurus poiciloptilus	Australasian Bittern
Botaurus stellaris	Eurasian Bittern
Botaurus lentiginosus	American Bittern
Botaurus pinnatus	Pinnated Bittern
Botaurus flavicollis	Black Bittern
Botaurus cinnamomeus	Cinnamon Bittern
Botaurus eurhythmus	Von Schrenck's Bittern
Botaurus sturmii	Dwarf Bittern
Botaurus minutus	Little Bittern
Botaurus sinensis	Yellow Bittern
Botaurus novaezelandiae	New Zealand Bittern
Botaurus dubius	Black-backed Bittern
Gorsachius melanolophus	Malayan Night Heron
Gorsachius goisagi	Japanese Night Heron
Calherodius leuconotus	White-backed Night Heron
Oroanassa magnifica	White-eared Night Heron
Pilherodius pileatus	Capped Heron
Syrigma sibilatrix	Whistling Heron
Egretta picata	Pied Heron
Egretta caerulea	Little Blue Heron
Egretta tricolor	Tricolored Heron
Egretta rufescens	Reddish Egret
Egretta novaehollandiae	White-faced Heron
Egretta ardesiaca	Black Heron
Egretta vinaceigula	Slaty Egret
Egretta eulophotes	Chinese Egret
Egretta sacra	Pacific Reef Heron
Egretta thula	Snowy Egret
Egretta gularis	Western Reef Heron
Egretta garzetta	Little Egret
Nyctanassa carcinocatactes	Bermuda Night Heron
Nyctanassa violacea	Yellow-crowned Night Heron
Nycticorax nycticorax	Black-crowned Night Heron
Nycticorax duboisi	Reunion Night Heron
Nycticorax mauritianus	Mauritius Night Heron
Nycticorax megacephalus	Rodrigues Night Heron
Nycticorax caledonicus	Nankeen Night Heron
Nycticorax olsoni	Ascension Night Heron
Butorides atricapilla	Little Heron
Butorides striata	Striated Heron
Butorides sundevalli	Lava Heron
Butorides virescens	Green Heron
Zonerodius heliosylus	Forest Bittern
Ardeola grayii	Indian Pond Heron
Ardeola bacchus	Chinese Pond Heron
Ardeola speciosa	Javan Pond Heron
Ardeola rufiventris	Rufous-bellied Heron
Ardeola ralloides	Squacco Heron
Ardeola idae	Malagasy Pond Heron
Ardea pacifica	White-necked Heron
Ardea alba	Great Egret
Ardea brachyrhyncha	Yellow-billed Egret
Ardea intermedia	Medium Egret
Ardea plumifera	Plumed Egret
Ardea ibis	Western Cattle Egret
Ardea coromanda	Eastern Cattle Egret
Ardea humbloti	Humblot's Heron
Ardea sumatrana	Great-billed Heron
Ardea insignis	White-bellied Heron
Ardea purpurea	Purple Heron
Ardea melanocephala	Black-headed Heron
Ardea goliath	Goliath Heron
Ardea cinerea	Grey Heron
Ardea cocoi	Cocoi Heron
Ardea herodias	Great Blue Heron
Eurostopodus argus	Spotted Nightjar
Eurostopodus nigripennis	Solomons Nightjar
Eurostopodus exul	New Caledonian Nightjar
Eurostopodus mystacalis	White-throated Nightjar
Eurostopodus diabolicus	Satanic Nightjar
Eurostopodus papuensis	Papuan Nightjar
Eurostopodus archboldi	Archbold's Nightjar
Lyncornis temminckii	Malaysian Eared Nightjar
Lyncornis macrotis	Great Eared Nightjar
Gactornis enarratus	Collared Nightjar
Lurocalis rufiventris	Rufous-bellied Nighthawk
Lurocalis semitorquatus	Short-tailed Nighthawk
Nyctiprogne vielliardi	Plain-tailed Nighthawk
Nyctiprogne leucopyga	Band-tailed Nighthawk
Nyctipolus nigrescens	Blackish Nightjar
Nyctipolus hirundinaceus	Pygmy Nightjar
Nyctidromus anthonyi	Anthony's Nightjar
Nyctidromus albicollis	Pauraque
Tepuiornis whitelyi	Roraiman Nightjar
Uropsalis segmentata	Swallow-tailed Nightjar
Uropsalis lyra	Lyre-tailed Nightjar
Quechuavis decussata	Tschudi's Nightjar
Setopagis heterura	Todd's Nightjar
Setopagis parvula	Little Nightjar
Setopagis maculosa	Cayenne Nightjar
Systellura longirostris	Band-winged Nightjar
Eleothreptus anomalus	Sickle-winged Nightjar
Eleothreptus candicans	White-winged Nightjar
Antiurus maculicaudus	Spot-tailed Nightjar
Hydropsalis cayennensis	White-tailed Nightjar
Hydropsalis climacocerca	Ladder-tailed Nightjar
Hydropsalis torquata	Scissor-tailed Nightjar
Hydropsalis forcipata	Long-trained Nightjar
Siphonorhis americana	Jamaican Poorwill
Siphonorhis brewsteri	Least Poorwill
Nyctiphrynus mcleodii	Eared Poorwill
Nyctiphrynus yucatanicus	Yucatan Poorwill
Nyctiphrynus ocellatus	Ocellated Poorwill
Nyctiphrynus rosenbergi	Choco Poorwill
Phalaenoptilus nuttallii	Common Poorwill
Antrostomus carolinensis	Chuck-will's-widow
Antrostomus rufus	Rufous Nightjar
Antrostomus cubanensis	Cuban Nightjar
Antrostomus ekmani	Hispaniolan Nightjar
Antrostomus salvini	Tawny-collared Nightjar
Antrostomus badius	Yucatan Nightjar
Antrostomus sericocaudatus	Silky-tailed Nightjar
Antrostomus ridgwayi	Buff-collared Nightjar
Antrostomus vociferus	Eastern Whip-poor-will
Antrostomus saturatus	Dusky Nightjar
Antrostomus arizonae	Mexican Whip-poor-will
Antrostomus noctitherus	Puerto Rican Nightjar
Chordeiles nacunda	Nacunda Nighthawk
Chordeiles pusillus	Least Nighthawk
Chordeiles rupestris	Sand-colored Nighthawk
Chordeiles acutipennis	Lesser Nighthawk
Chordeiles minor	Common Nighthawk
Chordeiles gundlachii	Antillean Nighthawk
Veles binotatus	Brown Nightjar
Caprimulgus vexillarius	Pennant-winged Nightjar
Caprimulgus longipennis	Standard-winged Nightjar
Caprimulgus ruficollis	Red-necked Nightjar
Caprimulgus indicus	Jungle Nightjar
Caprimulgus jotaka	Grey Nightjar
Caprimulgus phalaena	Palau Nightjar
Caprimulgus europaeus	European Nightjar
Caprimulgus fraenatus	Sombre Nightjar
Caprimulgus rufigena	Rufous-cheeked Nightjar
Caprimulgus aegyptius	Egyptian Nightjar
Caprimulgus nubicus	Nubian Nightjar
Caprimulgus mahrattensis	Sykes's Nightjar
Caprimulgus eximius	Golden Nightjar
Caprimulgus macrurus	Large-tailed Nightjar
Caprimulgus ritae	Timor Nightjar
Caprimulgus andamanicus	Andaman Nightjar
Caprimulgus meesi	Mees's Nightjar
Caprimulgus atripennis	Jerdon's Nightjar
Caprimulgus manillensis	Philippine Nightjar
Caprimulgus celebensis	Sulawesi Nightjar
Caprimulgus donaldsoni	Donaldson Smith's Nightjar
Caprimulgus pectoralis	Fiery-necked Nightjar
Caprimulgus poliocephalus	Montane Nightjar
Caprimulgus asiaticus	Indian Nightjar
Caprimulgus madagascariensis	Madagascar Nightjar
Caprimulgus natalensis	Swamp Nightjar
Caprimulgus inornatus	Plain Nightjar
Caprimulgus stellatus	Star-spotted Nightjar
Caprimulgus solala	Nechisar Nightjar
Caprimulgus affinis	Savanna Nightjar
Caprimulgus griseatus	Chirruping Nightjar
Caprimulgus tristigma	Freckled Nightjar
Caprimulgus concretus	Bonaparte's Nightjar
Caprimulgus pulchellus	Salvadori's Nightjar
Caprimulgus prigoginei	Prigogine's Nightjar
Caprimulgus batesi	Bates's Nightjar
Caprimulgus climacurus	Long-tailed Nightjar
Caprimulgus clarus	Slender-tailed Nightjar
Caprimulgus fossii	Square-tailed Nightjar
Steatornis caripensis	Oilbird
Phyllaemulor bracteatus	Rufous Potoo
Nyctibius grandis	Great Potoo
Nyctibius aethereus	Long-tailed Potoo
Nyctibius griseus	Common Potoo
Nyctibius jamaicensis	Northern Potoo
Nyctibius maculosus	Andean Potoo
Nyctibius leucopterus	White-winged Potoo
Rigidipenna inexpectata	Solomons Frogmouth
Podargus strigoides	Tawny Frogmouth
Podargus ocellatus	Marbled Frogmouth
Podargus papuensis	Papuan Frogmouth
Batrachostomus auritus	Large Frogmouth
Batrachostomus harterti	Dulit Frogmouth
Batrachostomus septimus	Philippine Frogmouth
Batrachostomus stellatus	Gould's Frogmouth
Batrachostomus moniliger	Sri Lanka Frogmouth
Batrachostomus hodgsoni	Hodgson's Frogmouth
Batrachostomus poliolophus	Sumatran Frogmouth
Batrachostomus mixtus	Bornean Frogmouth
Batrachostomus javensis	Javan Frogmouth
Batrachostomus affinis	Blyth's Frogmouth
Batrachostomus chaseni	Palawan Frogmouth
Batrachostomus cornutus	Sunda Frogmouth
Aegotheles savesi	New Caledonian Owlet-nightjar
Aegotheles insignis	Feline Owlet-nightjar
Aegotheles tatei	Starry Owlet-nightjar
Aegotheles wallacii	Wallace's Owlet-nightjar
Aegotheles albertisi	Mountain Owlet-nightjar
Aegotheles crinifrons	Moluccan Owlet-nightjar
Aegotheles cristatus	Australian Owlet-nightjar
Aegotheles affinis	Vogelkop Owlet-nightjar
Aegotheles bennettii	Barred Owlet-nightjar
Aegotheles terborghi	Karimui Owlet-nightjar
Hemiprocne coronata	Crested Treeswift
Hemiprocne longipennis	Grey-rumped Treeswift
Hemiprocne comata	Whiskered Treeswift
Hemiprocne mystacea	Moustached Treeswift
Streptoprocne rutila	Chestnut-collared Swift
Streptoprocne phelpsi	Tepui Swift
Streptoprocne zonaris	White-collared Swift
Streptoprocne semicollaris	White-naped Swift
Streptoprocne biscutata	Biscutate Swift
Cypseloides niger	American Black Swift
Cypseloides lemosi	White-chested Swift
Cypseloides rothschildi	Rothschild's Swift
Cypseloides fumigatus	Sooty Swift
Cypseloides storeri	White-fronted Swift
Cypseloides cryptus	White-chinned Swift
Cypseloides cherriei	Spot-fronted Swift
Cypseloides senex	Great Dusky Swift
Hirundapus caudacutus	White-throated Needletail
Hirundapus cochinchinensis	Silver-backed Needletail
Hirundapus giganteus	Brown-backed Needletail
Hirundapus celebensis	Purple Needletail
Mearnsia picina	Philippine Spinetail
Mearnsia novaeguineae	Papuan Spinetail
Rhaphidura sabini	Sabine's Spinetail
Rhaphidura leucopygialis	Silver-rumped Spinetail
Neafrapus cassini	Cassin's Spinetail
Neafrapus boehmi	B?hm's Spinetail
Telacanthura melanopygia	Black Spinetail
Telacanthura ussheri	Mottled Spinetail
Zoonavena grandidieri	Madagascar Spinetail
Zoonavena thomensis	Sao Tome Spinetail
Zoonavena sylvatica	White-rumped Spinetail
Chaetura cinereiventris	Grey-rumped Swift
Chaetura spinicaudus	Band-rumped Swift
Chaetura fumosa	Costa Rican Swift
Chaetura martinica	Lesser Antillean Swift
Chaetura egregia	Pale-rumped Swift
Chaetura pelagica	Chimney Swift
Chaetura vauxi	Vaux's Swift
Chaetura chapmani	Chapman's Swift
Chaetura andrei	Ashy-tailed Swift
Chaetura meridionalis	Sick's Swift
Chaetura brachyura	Short-tailed Swift
Aeronautes saxatalis	White-throated Swift
Aeronautes montivagus	White-tipped Swift
Aeronautes andecolus	Andean Swift
Tachornis phoenicobia	Antillean Palm Swift
Tachornis furcata	Pygmy Palm Swift
Tachornis squamata	Fork-tailed Palm Swift
Panyptila cayennensis	Lesser Swallow-tailed Swift
Panyptila sanctihieronymi	Great Swallow-tailed Swift
Cypsiurus balasiensis	Asian Palm Swift
Cypsiurus parvus	African Palm Swift
Cypsiurus gracilis	Malagasy Palm Swift
Tachymarptis aequatorialis	Mottled Swift
Tachymarptis melba	Alpine Swift
Schoutedenapus myoptilus	Scarce Swift
Apus acuticauda	Dark-rumped Swift
Apus pacificus	Fork-tailed Swift
Apus caffer	White-rumped Swift
Apus batesi	Bates's Swift
Apus horus	Horus Swift
Apus nipalensis	House Swift
Apus affinis	Little Swift
Apus niansae	Nyanza Swift
Apus balstoni	Malagasy Black Swift
Apus bradfieldi	Bradfield's Swift
Apus barbatus	African Black Swift
Apus alexandri	Cape Verde Swift
Apus berliozi	Forbes-Watson's Swift
Apus unicolor	Plain Swift
Apus apus	Common Swift
Apus pallidus	Pallid Swift
Collocalia troglodytes	Pygmy Swiftlet
Collocalia dodgei	Bornean Swiftlet
Collocalia natalis	Christmas Swiftlet
Collocalia linchi	Linchi Swiftlet
Collocalia affinis	Plume-toed Swiftlet
Collocalia marginata	Grey-rumped Swiftlet
Collocalia isonota	Ridgetop Swiftlet
Collocalia sumbawae	Tenggara Swiftlet
Collocalia neglecta	Drab Swiftlet
Collocalia esculenta	Glossy Swiftlet
Collocalia uropygialis	Satin Swiftlet
Hydrochous gigas	Giant Swiftlet
Aerodramus elaphrus	Seychelles Swiftlet
Aerodramus francicus	Mascarene Swiftlet
Aerodramus unicolor	Indian Swiftlet
Aerodramus infuscatus	Moluccan Swiftlet
Aerodramus mearnsi	Philippine Swiftlet
Aerodramus hirundinaceus	Mountain Swiftlet
Aerodramus spodiopygius	White-rumped Swiftlet
Aerodramus terraereginae	Australian Swiftlet
Aerodramus brevirostris	Himalayan Swiftlet
Aerodramus vulcanorum	Volcano Swiftlet
Aerodramus whiteheadi	Whitehead's Swiftlet
Aerodramus nuditarsus	Bare-legged Swiftlet
Aerodramus orientalis	Mayr's Swiftlet
Aerodramus amelis	Ameline Swiftlet
Aerodramus vanikorensis	Uniform Swiftlet
Aerodramus salangana	Mossy-nest Swiftlet
Aerodramus pelewensis	Palau Swiftlet
Aerodramus bartschi	Mariana Swiftlet
Aerodramus inquietus	Caroline Swiftlet
Aerodramus sawtelli	Atiu Swiftlet
Aerodramus leucophaeus	Polynesian Swiftlet
Aerodramus maximus	Black-nest Swiftlet
Aerodramus fuciphagus	Edible-nest Swiftlet
Aerodramus papuensis	Three-toed Swiftlet
Florisuga fusca	Black Jacobin
Florisuga mellivora	White-necked Jacobin
Topaza pyra	Fiery Topaz
Topaza pella	Crimson Topaz
Eutoxeres condamini	Buff-tailed Sicklebill
Eutoxeres aquila	White-tipped Sicklebill
Ramphodon naevius	Saw-billed Hermit
Glaucis dohrnii	Hook-billed Hermit
Glaucis aeneus	Bronzy Hermit
Glaucis hirsutus	Rufous-breasted Hermit
Threnetes ruckeri	Band-tailed Barbthroat
Threnetes leucurus	Pale-tailed Barbthroat
Threnetes niger	Sooty Barbthroat
Anopetia gounellei	Broad-tipped Hermit
Phaethornis hispidus	White-bearded Hermit
Phaethornis yaruqui	White-whiskered Hermit
Phaethornis guy	Green Hermit
Phaethornis syrmatophorus	Tawny-bellied Hermit
Phaethornis koepckeae	Koepcke's Hermit
Phaethornis philippii	Needle-billed Hermit
Phaethornis bourcieri	Straight-billed Hermit
Phaethornis longirostris	Long-billed Hermit
Phaethornis mexicanus	Mexican Hermit
Phaethornis superciliosus	Long-tailed Hermit
Phaethornis malaris	Great-billed Hermit
Phaethornis anthophilus	Pale-bellied Hermit
Phaethornis squalidus	Dusky-throated Hermit
Phaethornis rupurumii	Streak-throated Hermit
Phaethornis longuemareus	Little Hermit
Phaethornis aethopygus	Tapajos Hermit
Phaethornis idaliae	Minute Hermit
Phaethornis nattereri	Cinnamon-throated Hermit
Phaethornis atrimentalis	Black-throated Hermit
Phaethornis striigularis	Stripe-throated Hermit
Phaethornis griseogularis	Grey-chinned Hermit
Phaethornis ruber	Reddish Hermit
Phaethornis stuarti	White-browed Hermit
Phaethornis subochraceus	Buff-bellied Hermit
Phaethornis augusti	Sooty-capped Hermit
Phaethornis pretrei	Planalto Hermit
Phaethornis eurynome	Scale-throated Hermit
Doryfera ludovicae	Green-fronted Lancebill
Doryfera johannae	Blue-fronted Lancebill
Schistes albogularis	White-throated Daggerbill
Schistes geoffroyi	Geoffroy's Daggerbill
Augastes lumachella	Hooded Visorbearer
Augastes scutatus	Hyacinth Visorbearer
Colibri serrirostris	White-vented Violetear
Colibri coruscans	Sparkling Violetear
Colibri delphinae	Brown Violetear
Colibri thalassinus	Mexican Violetear
Colibri cyanotus	Lesser Violetear
Heliactin bilophus	Horned Sungem
Androdon aequatorialis	Tooth-billed Hummingbird
Heliothryx barroti	Purple-crowned Fairy
Heliothryx auritus	Black-eared Fairy
Polytmus guainumbi	White-tailed Goldenthroat
Polytmus milleri	Tepui Goldenthroat
Polytmus theresiae	Green-tailed Goldenthroat
Avocettula recurvirostris	Fiery-tailed Awlbill
Chrysolampis mosquitus	Ruby-topaz Hummingbird
Eulampis jugularis	Purple-throated Carib
Eulampis holosericeus	Green-throated Carib
Anthracothorax mango	Jamaican Mango
Anthracothorax nigricollis	Black-throated Mango
Anthracothorax viridigula	Green-throated Mango
Anthracothorax prevostii	Green-breasted Mango
Anthracothorax veraguensis	Veraguan Mango
Anthracothorax dominicus	Hispaniolan Mango
Anthracothorax aurulentus	Puerto Rican Mango
Anthracothorax viridis	Green Mango
Haplophaedia aureliae	Greenish Puffleg
Haplophaedia assimilis	Buff-thighed Puffleg
Haplophaedia lugens	Hoary Puffleg
Loddigesia mirabilis	Marvelous Spatuletail
Eriocnemis nigrivestis	Black-breasted Puffleg
Eriocnemis isabellae	Gorgeted Puffleg
Eriocnemis vestita	Glowing Puffleg
Eriocnemis derbyi	Black-thighed Puffleg
Eriocnemis godini	Turquoise-throated Puffleg
Eriocnemis cupreoventris	Coppery-bellied Puffleg
Eriocnemis luciani	Sapphire-vented Puffleg
Eriocnemis mosquera	Golden-breasted Puffleg
Eriocnemis glaucopoides	Blue-capped Puffleg
Eriocnemis mirabilis	Colorful Puffleg
Eriocnemis aline	Emerald-bellied Puffleg
Lafresnaya lafresnayi	Mountain Velvetbreast
Aglaeactis cupripennis	Shining Sunbeam
Aglaeactis castelnaudii	White-tufted Sunbeam
Aglaeactis aliciae	Purple-backed Sunbeam
Aglaeactis pamela	Black-hooded Sunbeam
Coeligena coeligena	Bronzy Inca
Coeligena wilsoni	Brown Inca
Coeligena prunellei	Black Inca
Coeligena torquata	Collared Inca
Coeligena conradii	Green Inca
Coeligena inca	Gould's Inca
Coeligena violifer	Violet-throated Starfrontlet
Coeligena iris	Rainbow Starfrontlet
Coeligena phalerata	White-tailed Starfrontlet
Coeligena orina	Dusky Starfrontlet
Coeligena lutetiae	Buff-winged Starfrontlet
Coeligena consita	Perija Starfrontlet
Coeligena bonapartei	Golden-bellied Starfrontlet
Coeligena eos	Golden-tailed Starfrontlet
Coeligena helianthea	Blue-throated Starfrontlet
Ensifera ensifera	Sword-billed Hummingbird
Pterophanes cyanopterus	Great Sapphirewing
Boissonneaua flavescens	Buff-tailed Coronet
Boissonneaua matthewsii	Chestnut-breasted Coronet
Boissonneaua jardini	Velvet-purple Coronet
Urosticte benjamini	Purple-bibbed Whitetip
Urosticte ruficrissa	Rufous-vented Whitetip
Ocreatus underwoodii	White-booted Racket-tail
Ocreatus peruanus	Peruvian Racket-tail
Ocreatus addae	Rufous-booted Racket-tail
Urochroa bougueri	Rufous-gaped Hillstar
Urochroa leucura	Green-backed Hillstar
Hylonympha macrocerca	Scissor-tailed Hummingbird
Sternoclyta cyanopectus	Violet-chested Hummingbird
Heliodoxa xanthogonys	Velvet-browed Brilliant
Heliodoxa gularis	Pink-throated Brilliant
Heliodoxa branickii	Rufous-webbed Brilliant
Heliodoxa schreibersii	Black-throated Brilliant
Heliodoxa aurescens	Gould's Jewelfront
Heliodoxa rubinoides	Fawn-breasted Brilliant
Heliodoxa jacula	Green-crowned Brilliant
Heliodoxa imperatrix	Empress Brilliant
Heliodoxa leadbeateri	Violet-fronted Brilliant
Heliodoxa rubricauda	Brazilian Ruby
Sephanoides sephaniodes	Green-backed Firecrown
Sephanoides fernandensis	Juan Fernandez Firecrown
Discosura popelairii	Wire-crested Thorntail
Discosura langsdorffi	Black-bellied Thorntail
Discosura letitiae	Letitia's Thorntail
Discosura conversii	Green Thorntail
Discosura longicaudus	Racket-tipped Thorntail
Lophornis ornatus	Tufted Coquette
Lophornis gouldii	Dot-eared Coquette
Lophornis magnificus	Frilled Coquette
Lophornis brachylophus	Short-crested Coquette
Lophornis delattrei	Rufous-crested Coquette
Lophornis stictolophus	Spangled Coquette
Lophornis verreauxii	Butterfly Coquette
Lophornis chalybeus	Festive Coquette
Lophornis pavoninus	Peacock Coquette
Lophornis helenae	Black-crested Coquette
Lophornis adorabilis	White-crested Coquette
Phlogophilus hemileucurus	Ecuadorian Piedtail
Phlogophilus harterti	Peruvian Piedtail
Heliangelus mavors	Orange-throated Sunangel
Heliangelus clarisse	Longuemare's Sunangel
Heliangelus spencei	Merida Sunangel
Heliangelus amethysticollis	Amethyst-throated Sunangel
Heliangelus strophianus	Gorgeted Sunangel
Heliangelus exortis	Tourmaline Sunangel
Heliangelus micraster	Flame-throated Sunangel
Heliangelus viola	Purple-throated Sunangel
Heliangelus regalis	Royal Sunangel
Adelomyia melanogenys	Speckled Hummingbird
Taphrolesbia griseiventris	Grey-bellied Comet
Aglaiocercus kingii	Long-tailed Sylph
Aglaiocercus coelestis	Violet-tailed Sylph
Aglaiocercus berlepschi	Venezuelan Sylph
Sappho sparganurus	Red-tailed Comet
Ramphomicron dorsale	Black-backed Thornbill
Ramphomicron microrhynchum	Purple-backed Thornbill
Lesbia victoriae	Black-tailed Trainbearer
Lesbia nuna	Green-tailed Trainbearer
Oreotrochilus chimborazo	Ecuadorian Hillstar
Oreotrochilus cyanolaemus	Blue-throated Hillstar
Oreotrochilus stolzmanni	Green-headed Hillstar
Oreotrochilus melanogaster	Black-breasted Hillstar
Oreotrochilus estella	Andean Hillstar
Oreotrochilus leucopleurus	White-sided Hillstar
Oreotrochilus adela	Wedge-tailed Hillstar
Polyonymus caroli	Bronze-tailed Comet
Opisthoprora euryptera	Mountain Avocetbill
Metallura iracunda	Perija Metaltail
Metallura tyrianthina	Tyrian Metaltail
Metallura williami	Viridian Metaltail
Metallura baroni	Violet-throated Metaltail
Metallura odomae	Neblina Metaltail
Metallura theresiae	Coppery Metaltail
Metallura eupogon	Fiery-throated Metaltail
Metallura aeneocauda	Scaled Metaltail
Metallura phoebe	Black Metaltail
Oreonympha nobilis	Bearded Mountaineer
Oxypogon cyanolaemus	Blue-bearded Helmetcrest
Oxypogon lindenii	White-bearded Helmetcrest
Oxypogon guerinii	Green-bearded Helmetcrest
Oxypogon stuebelii	Buffy Helmetcrest
Chalcostigma ruficeps	Rufous-capped Thornbill
Chalcostigma olivaceum	Olivaceous Thornbill
Chalcostigma stanleyi	Blue-mantled Thornbill
Chalcostigma heteropogon	Bronze-tailed Thornbill
Chalcostigma herrani	Rainbow-bearded Thornbill
Patagona gigas	Giant Hummingbird
Lampornis viridipallens	Green-throated Mountaingem
Lampornis sybillae	Green-breasted Mountaingem
Lampornis amethystinus	Amethyst-throated Mountaingem
Lampornis clemenciae	Blue-throated Mountaingem
Lampornis hemileucus	White-bellied Mountaingem
Lampornis calolaemus	Purple-throated Mountaingem
Lampornis castaneoventris	White-throated Mountaingem
Lamprolaima rhami	Garnet-throated Hummingbird
Eugenes fulgens	Rivoli's Hummingbird
Eugenes spectabilis	Talamanca Hummingbird
Panterpe insignis	Fiery-throated Hummingbird
Heliomaster longirostris	Long-billed Starthroat
Heliomaster constantii	Plain-capped Starthroat
Heliomaster squamosus	Stripe-breasted Starthroat
Heliomaster furcifer	Blue-tufted Starthroat
Tilmatura dupontii	Sparkling-tailed Woodstar
Calliphlox amethystina	Amethyst Woodstar
Thaumastura cora	Peruvian Sheartail
Myrmia micrura	Short-tailed Woodstar
Myrtis fanny	Purple-collared Woodstar
Rhodopis vesper	Oasis Hummingbird
Eulidia yarrellii	Chilean Woodstar
Philodice mitchellii	Purple-throated Woodstar
Philodice bryantae	Magenta-throated Woodstar
Microstilbon burmeisteri	Slender-tailed Woodstar
Chaetocercus mulsant	White-bellied Woodstar
Chaetocercus bombus	Little Woodstar
Chaetocercus heliodor	Gorgeted Woodstar
Chaetocercus astreans	Santa Marta Woodstar
Chaetocercus berlepschi	Esmeraldas Woodstar
Chaetocercus jourdanii	Rufous-shafted Woodstar
Calothorax lucifer	Lucifer Sheartail
Calothorax pulcher	Beautiful Sheartail
Doricha enicura	Slender Sheartail
Doricha eliza	Mexican Sheartail
Archilochus colubris	Ruby-throated Hummingbird
Archilochus alexandri	Black-chinned Hummingbird
Nesophlox evelynae	Bahama Woodstar
Nesophlox lyrura	Inagua Woodstar
Mellisuga helenae	Bee Hummingbird
Mellisuga minima	Vervain Hummingbird
Calypte anna	Anna's Hummingbird
Calypte costae	Costa's Hummingbird
Selasphorus calliope	Calliope Hummingbird
Selasphorus rufus	Rufous Hummingbird
Selasphorus sasin	Allen's Hummingbird
Selasphorus platycercus	Broad-tailed Hummingbird
Selasphorus heloisa	Bumblebee Hummingbird
Selasphorus ellioti	Wine-throated Hummingbird
Selasphorus flammula	Volcano Hummingbird
Selasphorus scintilla	Scintillant Hummingbird
Selasphorus ardens	Glow-throated Hummingbird
Phaeoptila sordida	Dusky Hummingbird
Riccordia ricordii	Cuban Emerald
Riccordia bracei	Brace's Emerald
Riccordia swainsonii	Hispaniolan Emerald
Riccordia maugaeus	Puerto Rican Emerald
Riccordia bicolor	Blue-headed Hummingbird
Cynanthus latirostris	Broad-billed Hummingbird
Cynanthus lawrencei	Tres Marias Hummingbird
Cynanthus doubledayi	Turquoise-crowned Hummingbird
Cynanthus auriceps	Golden-crowned Emerald
Cynanthus forficatus	Cozumel Emerald
Cynanthus canivetii	Canivet's Emerald
Chlorostilbon mellisugus	Blue-tailed Emerald
Chlorostilbon olivaresi	Chiribiquete Emerald
Chlorostilbon gibsoni	Red-billed Emerald
Chlorostilbon lucidus	Glittering-bellied Emerald
Chlorostilbon poortmani	Short-tailed Emerald
Chlorostilbon stenurus	Narrow-tailed Emerald
Chlorostilbon alice	Green-tailed Emerald
Chlorostilbon russatus	Coppery Emerald
Chlorostilbon assimilis	Garden Emerald
Chlorostilbon melanorhynchus	Western Emerald
Basilinna xantusii	Xantus's Hummingbird
Basilinna leucotis	White-eared Hummingbird
Pampa rufa	Rufous Sabrewing
Pampa curvipennis	Wedge-tailed Sabrewing
Abeillia abeillei	Emerald-chinned Hummingbird
Klais guimeti	Violet-headed Hummingbird
Orthorhyncus cristatus	Antillean Crested Hummingbird
Anthocephala floriceps	Santa Marta Blossomcrown
Anthocephala berlepschi	Tolima Blossomcrown
Stephanoxis lalandi	Green-crowned Plovercrest
Stephanoxis loddigesii	Purple-crowned Plovercrest
Campylopterus largipennis	Grey-breasted Sabrewing
Campylopterus calcirupicola	Outcrop Sabrewing
Campylopterus diamantinensis	Diamantina Sabrewing
Campylopterus hemileucurus	Violet Sabrewing
Campylopterus hyperythrus	Rufous-breasted Sabrewing
Campylopterus duidae	Buff-breasted Sabrewing
Campylopterus villaviscensio	Napo Sabrewing
Campylopterus falcatus	Lazuline Sabrewing
Campylopterus phainopeplus	Santa Marta Sabrewing
Campylopterus ensipennis	White-tailed Sabrewing
Chalybura urochrysia	Bronze-tailed Plumeleteer
Chalybura buffonii	White-vented Plumeleteer
Thalurania glaucopis	Violet-capped Woodnymph
Thalurania watertonii	Long-tailed Woodnymph
Thalurania colombica	Crowned Woodnymph
Thalurania furcata	Fork-tailed Woodnymph
Microchera albocoronata	Snowcap
Microchera cupreiceps	Coppery-headed Emerald
Microchera chionura	White-tailed Emerald
Goldmania violiceps	Violet-capped Hummingbird
Goldmania bella	Pirre Hummingbird
Eupherusa ridgwayi	Mexican Woodnymph
Eupherusa poliocerca	White-tailed Hummingbird
Eupherusa cyanophrys	Oaxaca Hummingbird
Eupherusa eximia	Stripe-tailed Hummingbird
Eupherusa nigriventris	Black-bellied Hummingbird
Leucippus fallax	Buffy Hummingbird
Phaeochroa cuvierii	Scaly-breasted Hummingbird
Thaumasius taczanowskii	Spot-throated Hummingbird
Thaumasius baeri	Tumbes Hummingbird
Taphrospilus hypostictus	Many-spotted Hummingbird
Eupetomena cirrochloris	Sombre Hummingbird
Eupetomena macroura	Swallow-tailed Hummingbird
Talaphorus chlorocercus	Olive-spotted Hummingbird
Trochilus polytmus	Red-billed Streamertail
Trochilus scitulus	Black-billed Streamertail
Ramosomyia violiceps	Violet-crowned Hummingbird
Ramosomyia viridifrons	Green-fronted Hummingbird
Saucerottia cyanocephala	Azure-crowned Hummingbird
Saucerottia hoffmanni	Blue-vented Hummingbird
Saucerottia beryllina	Berylline Hummingbird
Saucerottia cyanura	Blue-tailed Hummingbird
Saucerottia edward	Snowy-bellied Hummingbird
Saucerottia saucerottei	Steely-vented Hummingbird
Saucerottia cyanifrons	Indigo-capped Hummingbird
Saucerottia castaneiventris	Chestnut-bellied Hummingbird
Saucerottia viridigaster	Green-bellied Hummingbird
Saucerottia cupreicauda	Copper-tailed Hummingbird
Saucerottia tobaci	Copper-rumped Hummingbird
Amazilia rutila	Cinnamon Hummingbird
Amazilia yucatanensis	Buff-bellied Hummingbird
Amazilia tzacatl	Rufous-tailed Hummingbird
Amazilia luciae	Honduran Emerald
Amazilis amazilia	Amazilia Hummingbird
Uranomitra franciae	Andean Emerald
Chrysuronia versicolor	Versicolored Emerald
Chrysuronia goudoti	Shining-green Hummingbird
Chrysuronia oenone	Golden-tailed Sapphire
Chrysuronia boucardi	Mangrove Hummingbird
Chrysuronia coeruleogularis	Sapphire-throated Hummingbird
Chrysuronia lilliae	Sapphire-bellied Hummingbird
Chrysuronia humboldtii	Humboldt's Sapphire
Chrysuronia grayi	Blue-headed Sapphire
Chrysuronia brevirostris	White-chested Emerald
Chrysuronia leucogaster	Plain-bellied Emerald
Leucochloris albicollis	White-throated Hummingbird
Chionomesa lactea	Sapphire-spangled Emerald
Chionomesa fimbriata	Glittering-throated Emerald
Hylocharis sapphirina	Rufous-throated Sapphire
Hylocharis chrysura	Gilded Sapphire
Elliotomyia viridicauda	Green-and-white Hummingbird
Elliotomyia chionogaster	White-bellied Hummingbird
Polyerata rosenbergi	Purple-chested Hummingbird
Polyerata amabilis	Blue-chested Hummingbird
Polyerata decora	Charming Hummingbird
Chlorestes candida	White-bellied Emerald
Chlorestes eliciae	Blue-throated Sapphire
Chlorestes cyanus	White-chinned Sapphire
Chlorestes julie	Violet-bellied Hummingbird
Chlorestes notata	Blue-chinned Sapphire
Phodilus assimilis	Sri Lanka Bay Owl
Phodilus badius	Oriental Bay Owl
Tyto tenebricosa	Sooty Owl
Tyto novaehollandiae	Australasian Masked Owl
Tyto aurantia	Golden Masked Owl
Tyto nigrobrunnea	Taliabu Masked Owl
Tyto inexspectata	Minahasa Masked Owl
Tyto rosenbergii	Sulawesi Masked Owl
Tyto prigoginei	Itombwe Owl
Tyto longimembris	Eastern Grass Owl
Tyto capensis	African Grass Owl
Tyto alba	Western Barn Owl
Tyto javanica	Eastern Barn Owl
Tyto furcata	American Barn Owl
Tyto deroepstorffi	Andaman Masked Owl
Tyto glaucops	Ashy-faced Owl
Tyto soumagnei	Red Owl
Uroglaux dimorpha	Papuan Hawk-Owl
Margarobyas lawrencii	Bare-legged Owl
Ninox rufa	Rufous Owl
Ninox strenua	Powerful Owl
Ninox connivens	Barking Owl
Ninox rudolfi	Great Sumba Boobook
Ninox affinis	Andaman Boobook
Ninox boobook	Australian Boobook
Ninox rotiensis	Rote Boobook
Ninox fusca	Timor Boobook
Ninox plesseni	Alor Boobook
Ninox leucopsis	Tasmanian Boobook
Ninox novaeseelandiae	Morepork
Ninox albifacies	Laughing Owl
Ninox sumbaensis	Little Sumba Boobook
Ninox scutulata	Brown Boobook
Ninox obscura	Hume's Boobook
Ninox japonica	Northern Boobook
Ninox randi	Chocolate Boobook
Ninox philippensis	Luzon Boobook
Ninox spilocephala	Mindanao Boobook
Ninox mindorensis	Mindoro Boobook
Ninox spilonotus	Romblon Boobook
Ninox rumseyi	Cebu Boobook
Ninox leventisi	Camiguin Boobook
Ninox reyi	Sulu Boobook
Ninox ochracea	Ochre-bellied Boobook
Ninox burhani	Togian Boobook
Ninox ios	Cinnabar Boobook
Ninox hypogramma	Halmahera Boobook
Ninox forbesi	Tanimbar Boobook
Ninox squamipila	Seram Boobook
Ninox hantu	Buru Boobook
Ninox natalis	Christmas Boobook
Ninox theomacha	Papuan Boobook
Ninox meeki	Manus Boobook
Ninox punctulata	Speckled Boobook
Ninox variegata	New Ireland Boobook
Ninox odiosa	New Britain Boobook
Taenioptynx brodiei	Collared Owlet
Taenioptynx sylvaticus	Sunda Owlet
Xenoglaux loweryi	Long-whiskered Owlet
Micrathene whitneyi	Elf Owl
Aegolius funereus	Boreal Owl
Aegolius acadicus	Northern Saw-whet Owl
Aegolius gradyi	Bermuda Saw-whet Owl
Aegolius ridgwayi	Unspotted Saw-whet Owl
Aegolius harrisii	Buff-fronted Owl
Athene blewitti	Forest Owlet
Athene superciliaris	White-browed Owl
Athene cunicularia	Burrowing Owl
Athene noctua	Little Owl
Athene brama	Spotted Owlet
Athene jacquinoti	West Solomons Owl
Athene granti	Guadalcanal Owl
Athene malaitae	Malaita Owl
Athene roseoaxillaris	Makira Owl
Surnia ulula	Northern Hawk-Owl
Glaucidium passerinum	Eurasian Pygmy Owl
Glaucidium perlatum	Pearl-spotted Owlet
Glaucidium gnoma	Northern Pygmy Owl
Glaucidium costaricanum	Costa Rican Pygmy Owl
Glaucidium nubicola	Cloud-forest Pygmy Owl
Glaucidium jardinii	Andean Pygmy Owl
Glaucidium bolivianum	Yungas Pygmy Owl
Glaucidium parkeri	Subtropical Pygmy Owl
Glaucidium griseiceps	Central American Pygmy Owl
Glaucidium sanchezi	Tamaulipas Pygmy Owl
Glaucidium palmarum	Colima Pygmy Owl
Glaucidium hardyi	Amazonian Pygmy Owl
Glaucidium mooreorum	Pernambuco Pygmy Owl
Glaucidium minutissimum	East Brazilian Pygmy Owl
Glaucidium brasilianum	Ferruginous Pygmy Owl
Glaucidium nana	Austral Pygmy Owl
Glaucidium peruanum	Pacific Pygmy Owl
Glaucidium siju	Cuban Pygmy Owl
Glaucidium tephronotum	Red-chested Owlet
Glaucidium sjostedti	Sj?stedt's Barred Owlet
Glaucidium cuculoides	Asian Barred Owlet
Glaucidium castanopterum	Javan Owlet
Glaucidium radiatum	Jungle Owlet
Glaucidium castanotum	Chestnut-backed Owlet
Glaucidium capense	African Barred Owlet
Glaucidium albertinum	Albertine Owlet
Otus sagittatus	White-fronted Scops Owl
Otus balli	Andaman Scops Owl
Otus rufescens	Reddish Scops Owl
Otus thilohoffmanni	Serendib Scops Owl
Otus icterorhynchus	Sandy Scops Owl
Otus ireneae	Sokoke Scops Owl
Otus alfredi	Flores Scops Owl
Otus spilocephalus	Mountain Scops Owl
Otus brookii	Rajah Scops Owl
Otus angelinae	Javan Scops Owl
Otus mentawi	Mentawai Scops Owl
Otus bakkamoena	Indian Scops Owl
Otus lettia	Collared Scops Owl
Otus gurneyi	Giant Scops Owl
Otus lempiji	Sunda Scops Owl
Otus semitorques	Japanese Scops Owl
Otus silvicola	Wallace's Scops Owl
Otus fuliginosus	Palawan Scops Owl
Otus megalotis	Philippine Scops Owl
Otus everetti	Everett's Scops Owl
Otus nigrorum	Negros Scops Owl
Otus mindorensis	Mindoro Scops Owl
Otus magicus	Moluccan Scops Owl
Otus tempestatis	Wetar Scops Owl
Otus jolandae	Rinjani Scops Owl
Otus podarginus	Palau Scops Owl
Otus mantananensis	Mantanani Scops Owl
Otus elegans	Ryukyu Scops Owl
Otus manadensis	Sulawesi Scops Owl
Otus mendeni	Banggai Scops Owl
Otus collari	Sangihe Scops Owl
Otus siaoensis	Siau Scops Owl
Otus sulaensis	Sula Scops Owl
Otus beccarii	Biak Scops Owl
Otus umbra	Simeulue Scops Owl
Otus enganensis	Enggano Scops Owl
Otus alius	Nicobar Scops Owl
Otus pamelae	Arabian Scops Owl
Otus scops	Eurasian Scops Owl
Otus cyprius	Cyprus Scops Owl
Otus bikegila	Principe Scops Owl
Otus pembaensis	Pemba Scops Owl
Otus hartlaubi	Sao Tome Scops Owl
Otus senegalensis	African Scops Owl
Otus brucei	Pallid Scops Owl
Otus mirus	Mindanao Scops Owl
Otus longicornis	Luzon Scops Owl
Otus moheliensis	Moheli Scops Owl
Otus pauliani	Karthala Scops Owl
Otus insularis	Seychelles Scops Owl
Otus sunia	Oriental Scops Owl
Otus socotranus	Socotra Scops Owl
Otus capnodes	Anjouan Scops Owl
Otus mayottensis	Mayotte Scops Owl
Otus grucheti	Reunion Scops Owl
Otus murivorus	Rodrigues Scops Owl
Otus sauzieri	Mauritius Scops Owl
Otus rutilus	Madagascar Scops Owl
Ptilopsis leucotis	Northern White-faced Owl
Ptilopsis granti	Southern White-faced Owl
Asio solomonensis	Fearful Owl
Asio capensis	Marsh Owl
Asio flammeus	Short-eared Owl
Asio stygius	Stygian Owl
Asio clamator	Striped Owl
Asio grammicus	Jamaican Owl
Asio madagascariensis	Madagascar Owl
Asio abyssinicus	Abyssinian Owl
Asio otus	Long-eared Owl
Jubula lettii	Maned Owl
Bubo scandiacus	Snowy Owl
Bubo magellanicus	Lesser Horned Owl
Bubo virginianus	Great Horned Owl
Bubo capensis	Cape Eagle-Owl
Bubo ascalaphus	Pharaoh Eagle-Owl
Bubo bubo	Eurasian Eagle-Owl
Bubo bengalensis	Indian Eagle-Owl
Bubo cinerascens	Greyish Eagle-Owl
Bubo africanus	Spotted Eagle-Owl
Bubo milesi	Arabian Eagle-Owl
Scotopelia peli	Pel's Fishing Owl
Scotopelia ussheri	Rufous Fishing Owl
Scotopelia bouvieri	Vermiculated Fishing Owl
Ketupa poensis	Fraser's Eagle-Owl
Ketupa leucosticta	Akun Eagle-Owl
Ketupa lactea	Verreaux's Eagle-Owl
Ketupa shelleyi	Shelley's Eagle-Owl
Ketupa blakistoni	Blakiston's Fish Owl
Ketupa ketupu	Buffy Fish Owl
Ketupa zeylonensis	Brown Fish Owl
Ketupa flavipes	Tawny Fish Owl
Ketupa coromanda	Dusky Eagle-Owl
Ketupa nipalensis	Spot-bellied Eagle-Owl
Ketupa sumatrana	Barred Eagle-Owl
Ketupa philippensis	Philippine Eagle-Owl
Psiloscops flammeolus	Flammulated Owl
Gymnasio nudipes	Puerto Rican Owl
Megascops clarkii	Bare-shanked Screech Owl
Megascops trichopsis	Whiskered Screech Owl
Megascops albogularis	White-throated Screech Owl
Megascops choliba	Tropical Screech Owl
Megascops koepckeae	Koepcke's Screech Owl
Megascops ingens	Rufescent Screech Owl
Megascops petersoni	Cinnamon Screech Owl
Megascops marshalli	Cloud-forest Screech Owl
Megascops hoyi	Yungas Screech Owl
Megascops guatemalae	Middle American Screech Owl
Megascops centralis	Choco Screech Owl
Megascops roraimae	Foothill Screech Owl
Megascops sanctaecatarinae	Long-tufted Screech Owl
Megascops barbarus	Bearded Screech Owl
Megascops seductus	Balsas Screech Owl
Megascops cooperi	Pacific Screech Owl
Megascops kennicottii	Western Screech Owl
Megascops asio	Eastern Screech Owl
Megascops gilesi	Santa Marta Screech Owl
Megascops roboratus	West Peruvian Screech Owl
Megascops watsonii	Tawny-bellied Screech Owl
Megascops atricapilla	Black-capped Screech Owl
Lophostrix cristata	Crested Owl
Pulsatrix perspicillata	Spectacled Owl
Pulsatrix koeniswaldiana	Tawny-browed Owl
Pulsatrix melanota	Band-bellied Owl
Strix virgata	Mottled Owl
Strix nigrolineata	Black-and-white Owl
Strix huhula	Black-banded Owl
Strix albitarsis	Rufous-banded Owl
Strix seloputo	Spotted Wood Owl
Strix ocellata	Mottled Wood Owl
Strix leptogrammica	Brown Wood Owl
Strix aluco	Tawny Owl
Strix nivicolum	Himalayan Owl
Strix hadorami	Desert Owl
Strix butleri	Omani Owl
Strix occidentalis	Spotted Owl
Strix varia	Barred Owl
Strix sartorii	Cinereous Owl
Strix fulvescens	Fulvous Owl
Strix hylophila	Rusty-barred Owl
Strix rufipes	Rufous-legged Owl
Strix chacoensis	Chaco Owl
Strix uralensis	Ural Owl
Strix nebulosa	Great Grey Owl
Strix woodfordii	African Wood Owl
Gymnogyps californianus	California Condor
Sarcoramphus papa	King Vulture
Vultur gryphus	Andean Condor
Coragyps atratus	Black Vulture
Cathartes aura	Turkey Vulture
Cathartes burrovianus	Lesser Yellow-headed Vulture
Cathartes melambrotus	Greater Yellow-headed Vulture
Sagittarius serpentarius	Secretarybird
Pandion haliaetus	Osprey
Gampsonyx swainsonii	Pearl Kite
Chelictinia riocourii	Scissor-tailed Kite
Elanus leucurus	White-tailed Kite
Elanus caeruleus	Black-winged Kite
Elanus axillaris	Black-shouldered Kite
Elanus scriptus	Letter-winged Kite
Polyboroides radiatus	Madagascar Harrier-Hawk
Polyboroides typus	African Harrier-Hawk
Gypohierax angolensis	Palm-nut Vulture
Gypaetus barbatus	Bearded Vulture
Neophron percnopterus	Egyptian Vulture
Eutriorchis astur	Madagascar Serpent Eagle
Leptodon forbesi	White-collared Kite
Leptodon cayanensis	Grey-headed Kite
Chondrohierax wilsonii	Cuban Kite
Chondrohierax uncinatus	Hook-billed Kite
Aviceda cuculoides	African Cuckoo-Hawk
Aviceda madagascariensis	Madagascar Cuckoo-Hawk
Aviceda jerdoni	Jerdon's Baza
Aviceda subcristata	Pacific Baza
Aviceda leuphotes	Black Baza
Pernis apivorus	European Honey Buzzard
Pernis ptilorhynchus	Crested Honey Buzzard
Pernis celebensis	Barred Honey Buzzard
Pernis steerei	Philippine Honey Buzzard
Elanoides forficatus	Swallow-tailed Kite
Hamirostra melanosternon	Black-breasted Buzzard
Lophoictinia isura	Square-tailed Kite
Henicopernis longicauda	Long-tailed Honey Buzzard
Henicopernis infuscatus	Black Honey Buzzard
Sarcogyps calvus	Red-headed Vulture
Trigonoceps occipitalis	White-headed Vulture
Aegypius monachus	Cinereous Vulture
Torgos tracheliotos	Lappet-faced Vulture
Necrosyrtes monachus	Hooded Vulture
Gyps bengalensis	White-rumped Vulture
Gyps himalayensis	Himalayan Vulture
Gyps africanus	White-backed Vulture
Gyps indicus	Indian Vulture
Gyps tenuirostris	Slender-billed Vulture
Gyps coprotheres	Cape Vulture
Gyps fulvus	Griffon Vulture
Gyps rueppelli	Rüppell's Vulture
Spilornis klossi	Great Nicobar Serpent Eagle
Spilornis rufipectus	Sulawesi Serpent Eagle
Spilornis kinabaluensis	Mountain Serpent Eagle
Spilornis cheela	Crested Serpent Eagle
Spilornis holospilus	Philippine Serpent Eagle
Spilornis elgini	Andaman Serpent Eagle
Pithecophaga jefferyi	Philippine Eagle
Terathopius ecaudatus	Bateleur
Circaetus fasciolatus	Southern Banded Snake Eagle
Circaetus cinerascens	Western Banded Snake Eagle
Circaetus spectabilis	Congo Serpent Eagle
Circaetus beaudouini	Beaudouin's Snake Eagle
Circaetus pectoralis	Black-chested Snake Eagle
Circaetus cinereus	Brown Snake Eagle
Circaetus gallicus	Short-toed Snake Eagle
Stephanoaetus coronatus	Crowned Eagle
Nisaetus nanus	Wallace's Hawk-Eagle
Nisaetus kelaarti	Legge's Hawk-Eagle
Nisaetus nipalensis	Mountain Hawk-Eagle
Nisaetus alboniger	Blyth's Hawk-Eagle
Nisaetus bartelsi	Javan Hawk-Eagle
Nisaetus lanceolatus	Sulawesi Hawk-Eagle
Nisaetus pinskeri	Pinsker's Hawk-Eagle
Nisaetus philippensis	Philippine Hawk-Eagle
Nisaetus cirrhatus	Changeable Hawk-Eagle
Nisaetus floris	Flores Hawk-Eagle
Spizaetus tyrannus	Black Hawk-Eagle
Spizaetus melanoleucus	Black-and-white Hawk-Eagle
Spizaetus ornatus	Ornate Hawk-Eagle
Spizaetus isidori	Black-and-chestnut Eagle
Lophotriorchis kienerii	Rufous-bellied Eagle
Polemaetus bellicosus	Martial Eagle
Lophaetus occipitalis	Long-crested Eagle
Ictinaetus malaiensis	Black Eagle
Clanga hastata	Indian Spotted Eagle
Clanga clanga	Greater Spotted Eagle
Clanga pomarina	Lesser Spotted Eagle
Hieraaetus wahlbergi	Wahlberg's Eagle
Hieraaetus ayresii	Ayres's Hawk-Eagle
Hieraaetus weiskei	Pygmy Eagle
Hieraaetus pennatus	Booted Eagle
Hieraaetus morphnoides	Little Eagle
Aquila nipalensis	Steppe Eagle
Aquila rapax	Tawny Eagle
Aquila heliaca	Eastern Imperial Eagle
Aquila adalberti	Spanish Imperial Eagle
Aquila africana	Cassin's Hawk-Eagle
Aquila gurneyi	Gurney's Eagle
Aquila audax	Wedge-tailed Eagle
Aquila chrysaetos	Golden Eagle
Aquila verreauxii	Verreaux's Eagle
Aquila spilogaster	African Hawk-Eagle
Aquila fasciata	Bonelli's Eagle
Harpyopsis novaeguineae	Papuan Eagle
Macheiramphus alcinus	Bat Hawk
Harpia harpyja	Harpy Eagle
Morphnus guianensis	Crested Eagle
Lophospiza griseiceps	Sulawesi Goshawk
Lophospiza trivirgata	Crested Goshawk
Micronisus gabar	Gabar Goshawk
Urotriorchis macrourus	Long-tailed Hawk
Melierax metabates	Dark Chanting Goshawk
Melierax poliopterus	Eastern Chanting Goshawk
Melierax canorus	Pale Chanting Goshawk
Kaupifalco monogrammicus	Lizard Buzzard
Aerospiza castanilius	Chestnut-flanked Sparrowhawk
Aerospiza tachiro	African Goshawk
Tachyspiza erythropus	Red-thighed Sparrowhawk
Tachyspiza minulla	Little Sparrowhawk
Tachyspiza virgata	Besra
Tachyspiza nanus	Dwarf Sparrowhawk
Tachyspiza erythrauchen	Rufous-necked Sparrowhawk
Tachyspiza cirrocephala	Collared Sparrowhawk
Tachyspiza brachyura	New Britain Sparrowhawk
Tachyspiza rhodogaster	Vinous-breasted Sparrowhawk
Tachyspiza gularis	Japanese Sparrowhawk
Tachyspiza badia	Shikra
Tachyspiza butleri	Nicobar Sparrowhawk
Tachyspiza brevipes	Levant Sparrowhawk
Tachyspiza soloensis	Chinese Sparrowhawk
Tachyspiza imitator	Imitator Goshawk
Tachyspiza francesiae	Frances's Sparrowhawk
Tachyspiza trinotata	Spot-tailed Sparrowhawk
Tachyspiza poliocephala	Grey-headed Goshawk
Tachyspiza princeps	New Britain Goshawk
Tachyspiza novaehollandiae	Grey Goshawk
Tachyspiza hiogaster	Variable Goshawk
Tachyspiza melanochlamys	Black-mantled Goshawk
Tachyspiza albogularis	Pied Goshawk
Tachyspiza rufitorques	Fiji Goshawk
Tachyspiza henicogramma	Moluccan Goshawk
Tachyspiza luteoschistacea	Slaty-mantled Goshawk
Tachyspiza haplochrous	White-bellied Goshawk
Tachyspiza fasciata	Brown Goshawk
Erythrotriorchis radiatus	Red Goshawk
Erythrotriorchis buergersi	Chestnut-shouldered Goshawk
Accipiter poliogaster	Grey-bellied Hawk
Accipiter madagascariensis	Madagascar Sparrowhawk
Accipiter ovampensis	Ovambo Sparrowhawk
Accipiter striatus	Sharp-shinned Hawk
Accipiter rufiventris	Rufous-breasted Sparrowhawk
Accipiter nisus	Eurasian Sparrowhawk
Astur cooperii	Cooper's Hawk
Astur gundlachi	Gundlach's Hawk
Astur chilensis	Chilean Hawk
Astur bicolor	Bicolored Hawk
Astur atricapillus	American Goshawk
Astur meyerianus	Meyer's Goshawk
Astur gentilis	Eurasian Goshawk
Astur henstii	Henst's Goshawk
Astur melanoleucus	Black Sparrowhawk
Megatriorchis doriae	Doria's Hawk
Circus assimilis	Spotted Harrier
Circus macrourus	Pallid Harrier
Circus maurus	Black Harrier
Circus cyaneus	Hen Harrier
Circus hudsonius	Northern Harrier
Circus cinereus	Cinereous Harrier
Circus buffoni	Long-winged Harrier
Circus pygargus	Montagu's Harrier
Circus melanoleucos	Pied Harrier
Circus ranivorus	African Marsh Harrier
Circus aeruginosus	Western Marsh Harrier
Circus maillardi	Reunion Harrier
Circus macrosceles	Malagasy Harrier
Circus approximans	Swamp Harrier
Circus spilonotus	Eastern Marsh Harrier
Circus spilothorax	Papuan Harrier
Harpagus diodon	Rufous-thighed Kite
Harpagus bidentatus	Double-toothed Kite
Microspizias collaris	Semicollared Hawk
Microspizias superciliosus	Tiny Hawk
Haliastur sphenurus	Whistling Kite
Haliastur indus	Brahminy Kite
Milvus milvus	Red Kite
Milvus migrans	Black Kite
Haliaeetus leucoryphus	Pallas's Fish Eagle
Haliaeetus pelagicus	Steller's Sea Eagle
Haliaeetus albicilla	White-tailed Eagle
Haliaeetus leucocephalus	Bald Eagle
Icthyophaga vocifer	African Fish Eagle
Icthyophaga vociferoides	Madagascar Fish Eagle
Icthyophaga leucogaster	White-bellied Sea Eagle
Icthyophaga sanfordi	Sanford's Sea Eagle
Icthyophaga humilis	Lesser Fish Eagle
Icthyophaga ichthyaetus	Grey-headed Fish Eagle
Butastur liventer	Rufous-winged Buzzard
Butastur rufipennis	Grasshopper Buzzard
Butastur indicus	Grey-faced Buzzard
Butastur teesa	White-eyed Buzzard
Ictinia plumbea	Plumbeous Kite
Ictinia mississippiensis	Mississippi Kite
Geranospiza caerulescens	Crane Hawk
Busarellus nigricollis	Black-collared Hawk
Helicolestes hamatus	Slender-billed Kite
Rostrhamus sociabilis	Snail Kite
Morphnarchus princeps	Barred Hawk
Cryptoleucopteryx plumbea	Plumbeous Hawk
Buteogallus schistaceus	Slate-colored Hawk
Buteogallus anthracinus	Common Black Hawk
Buteogallus gundlachii	Cuban Black Hawk
Buteogallus aequinoctialis	Rufous Crab Hawk
Buteogallus meridionalis	Savanna Hawk
Buteogallus lacernulatus	White-necked Hawk
Buteogallus urubitinga	Great Black Hawk
Buteogallus solitarius	Solitary Eagle
Buteogallus coronatus	Chaco Eagle
Rupornis magnirostris	Roadside Hawk
Parabuteo leucorrhous	White-rumped Hawk
Parabuteo unicinctus	Harris's Hawk
Pseudastur occidentalis	Grey-backed Hawk
Pseudastur albicollis	White Hawk
Pseudastur polionotus	Mantled Hawk
Geranoaetus albicaudatus	White-tailed Hawk
Geranoaetus polyosoma	Variable Hawk
Geranoaetus melanoleucus	Black-chested Buzzard-Eagle
Leucopternis semiplumbeus	Semiplumbeous Hawk
Leucopternis melanops	Black-faced Hawk
Leucopternis kuhli	White-browed Hawk
Bermuteo avivorus	Bermuda Hawk
Buteo plagiatus	Grey Hawk
Buteo nitidus	Grey-lined Hawk
Buteo platypterus	Broad-winged Hawk
Buteo ridgwayi	Ridgway's Hawk
Buteo lineatus	Red-shouldered Hawk
Buteo albonotatus	Zone-tailed Hawk
Buteo solitarius	Hawaiian Hawk
Buteo albigula	White-throated Hawk
Buteo brachyurus	Short-tailed Hawk
Buteo galapagoensis	Galapagos Hawk
Buteo swainsoni	Swainson's Hawk
Buteo ventralis	Rufous-tailed Hawk
Buteo jamaicensis	Red-tailed Hawk
Buteo regalis	Ferruginous Hawk
Buteo lagopus	Rough-legged Buzzard
Buteo auguralis	Red-necked Buzzard
Buteo rufofuscus	Jackal Buzzard
Buteo augur	Augur Buzzard
Buteo oreophilus	Mountain Buzzard
Buteo trizonatus	Forest Buzzard
Buteo buteo	Common Buzzard
Buteo brachypterus	Madagascar Buzzard
Buteo socotraensis	Socotra Buzzard
Buteo hemilasius	Upland Buzzard
Buteo rufinus	Long-legged Buzzard
Buteo refectus	Himalayan Buzzard
Buteo japonicus	Eastern Buzzard
Urocolius indicus	Red-faced Mousebird
Urocolius macrourus	Blue-naped Mousebird
Colius striatus	Speckled Mousebird
Colius leucocephalus	White-headed Mousebird
Colius castanotus	Red-backed Mousebird
Colius colius	White-backed Mousebird
Leptosomus discolor	Cuckoo-roller
Apaloderma narina	Narina Trogon
Apaloderma aequatoriale	Bare-cheeked Trogon
Apaloderma vittatum	Bar-tailed Trogon
Apalharpactes reinwardtii	Javan Trogon
Apalharpactes mackloti	Sumatran Trogon
Harpactes oreskios	Orange-breasted Trogon
Harpactes fasciatus	Malabar Trogon
Harpactes kasumba	Red-naped Trogon
Harpactes diardii	Diard's Trogon
Harpactes ardens	Philippine Trogon
Harpactes whiteheadi	Whitehead's Trogon
Harpactes orrhophaeus	Cinnamon-rumped Trogon
Harpactes duvaucelii	Scarlet-rumped Trogon
Harpactes erythrocephalus	Red-headed Trogon
Harpactes wardi	Ward's Trogon
Euptilotis neoxenus	Eared Quetzal
Pharomachrus pavoninus	Pavonine Quetzal
Pharomachrus auriceps	Golden-headed Quetzal
Pharomachrus mocinno	Resplendent Quetzal
Pharomachrus fulgidus	White-tipped Quetzal
Pharomachrus antisianus	Crested Quetzal
Priotelus roseigaster	Hispaniolan Trogon
Priotelus temnurus	Cuban Trogon
Trogon clathratus	Lattice-tailed Trogon
Trogon massena	Slaty-tailed Trogon
Trogon comptus	Choco Trogon
Trogon mesurus	Ecuadorian Trogon
Trogon melanurus	Black-tailed Trogon
Trogon melanocephalus	Black-headed Trogon
Trogon citreolus	Citreoline Trogon
Trogon chionurus	White-tailed Trogon
Trogon viridis	Green-backed Trogon
Trogon bairdii	Baird's Trogon
Trogon caligatus	Gartered Trogon
Trogon violaceus	Guianan Trogon
Trogon ramonianus	Amazonian Trogon
Trogon curucui	Blue-crowned Trogon
Trogon surrucura	Surucua Trogon
Trogon tenellus	Graceful Black-throated Trogon
Trogon cupreicauda	Choco Black-throated Trogon
Trogon rufus	Amazonian Black-throated Trogon
Trogon chrysochloros	Atlantic Black-throated Trogon
Trogon elegans	Elegant Trogon
Trogon ambiguus	Coppery-tailed Trogon
Trogon mexicanus	Mountain Trogon
Trogon collaris	Collared Trogon
Trogon personatus	Masked Trogon
Upupa epops	Common Hoopoe
Upupa marginata	Madagascar Hoopoe
Upupa antaios	St. Helena Hoopoe
Rhinopomastus castaneiceps	Forest Wood Hoopoe
Rhinopomastus aterrimus	Black Scimitarbill
Rhinopomastus cyanomelas	Common Scimitarbill
Rhinopomastus minor	Abyssinian Scimitarbill
Phoeniculus purpureus	Green Wood Hoopoe
Phoeniculus damarensis	Violet Wood Hoopoe
Phoeniculus somaliensis	Black-billed Wood Hoopoe
Phoeniculus bollei	White-headed Wood Hoopoe
Bucorvus abyssinicus	Abyssinian Ground Hornbill
Bucorvus leadbeateri	Southern Ground Hornbill
Lophoceros camurus	Red-billed Dwarf Hornbill
Lophoceros alboterminatus	Crowned Hornbill
Lophoceros bradfieldi	Bradfield's Hornbill
Lophoceros semifasciatus	West African Pied Hornbill
Lophoceros fasciatus	Congo Pied Hornbill
Lophoceros hemprichii	Hemprich's Hornbill
Lophoceros nasutus	African Grey Hornbill
Lophoceros pallidirostris	Pale-billed Hornbill
Tockus flavirostris	Eastern Yellow-billed Hornbill
Tockus leucomelas	Southern Yellow-billed Hornbill
Tockus jacksoni	Jackson's Hornbill
Tockus deckeni	Von der Decken's Hornbill
Tockus monteiri	Monteiro's Hornbill
Tockus rufirostris	Southern Red-billed Hornbill
Tockus damarensis	Damara Red-billed Hornbill
Tockus ruahae	Tanzanian Red-billed Hornbill
Tockus kempi	Western Red-billed Hornbill
Tockus erythrorhynchus	Northern Red-billed Hornbill
Berenicornis comatus	White-crowned Hornbill
Horizocerus albocristatus	Western Long-tailed Hornbill
Horizocerus cassini	Eastern Long-tailed Hornbill
Horizocerus hartlaubi	Western Dwarf Hornbill
Horizocerus granti	Eastern Dwarf Hornbill
Ceratogymna elata	Yellow-casqued Hornbill
Ceratogymna atrata	Black-casqued Hornbill
Bycanistes brevis	Silvery-cheeked Hornbill
Bycanistes subcylindricus	Black-and-white-casqued Hornbill
Bycanistes cylindricus	Brown-cheeked Hornbill
Bycanistes albotibialis	White-thighed Hornbill
Bycanistes bucinator	Trumpeter Hornbill
Bycanistes fistulator	Piping Hornbill
Rhinoplax vigil	Helmeted Hornbill
Buceros hydrocorax	Rufous Hornbill
Buceros rhinoceros	Rhinoceros Hornbill
Buceros bicornis	Great Hornbill
Anorrhinus galeritus	Bushy-crested Hornbill
Anorrhinus austeni	Austen's Brown Hornbill
Anorrhinus tickelli	Tickell's Brown Hornbill
Ocyceros birostris	Indian Grey Hornbill
Ocyceros griseus	Malabar Grey Hornbill
Ocyceros gingalensis	Sri Lanka Grey Hornbill
Anthracoceros malayanus	Black Hornbill
Anthracoceros montani	Sulu Hornbill
Anthracoceros coronatus	Malabar Pied Hornbill
Anthracoceros albirostris	Oriental Pied Hornbill
Anthracoceros marchei	Palawan Hornbill
Aceros nipalensis	Rufous-necked Hornbill
Rhyticeros cassidix	Knobbed Hornbill
Rhyticeros everetti	Sumba Hornbill
Rhyticeros undulatus	Wreathed Hornbill
Rhyticeros subruficollis	Plain-pouched Hornbill
Rhyticeros narcondami	Narcondam Hornbill
Rhyticeros plicatus	Blyth's Hornbill
Rhabdotorrhinus exarhatus	Sulawesi Hornbill
Rhabdotorrhinus corrugatus	Wrinkled Hornbill
Rhabdotorrhinus waldeni	Walden's Hornbill
Rhabdotorrhinus leucocephalus	Writhed Hornbill
Penelopides panini	Visayan Hornbill
Penelopides manillae	Luzon Hornbill
Penelopides mindorensis	Mindoro Hornbill
Penelopides samarensis	Samar Hornbill
Penelopides affinis	Mindanao Hornbill
Geobiastes squamiger	Scaly Ground Roller
Brachypteracias leptosomus	Short-legged Ground Roller
Uratelornis chimaera	Long-tailed Ground Roller
Atelornis pittoides	Pitta-like Ground Roller
Atelornis crossleyi	Rufous-headed Ground Roller
Eurystomus gularis	Blue-throated Roller
Eurystomus glaucurus	Broad-billed Roller
Eurystomus azureus	Azure Dollarbird
Eurystomus orientalis	Oriental Dollarbird
Coracias cyanogaster	Blue-bellied Roller
Coracias spatulatus	Racket-tailed Roller
Coracias naevius	Purple Roller
Coracias benghalensis	Indian Roller
Coracias temminckii	Purple-winged Roller
Coracias affinis	Indochinese Roller
Coracias caudatus	Lilac-breasted Roller
Coracias abyssinicus	Abyssinian Roller
Coracias garrulus	European Roller
Nyctyornis amictus	Red-bearded Bee-eater
Nyctyornis athertoni	Blue-bearded Bee-eater
Meropogon forsteni	Purple-bearded Bee-eater
Merops breweri	Black-headed Bee-eater
Merops bullockoides	White-fronted Bee-eater
Merops bulocki	Red-throated Bee-eater
Merops revoilii	Somali Bee-eater
Merops boehmi	B?hm's Bee-eater
Merops gularis	Black Bee-eater
Merops muelleri	Blue-headed Bee-eater
Merops mentalis	Blue-moustached Bee-eater
Merops variegatus	Blue-breasted Bee-eater
Merops pusillus	Little Bee-eater
Merops hirundineus	Swallow-tailed Bee-eater
Merops lafresnayii	Ethiopian Bee-eater
Merops oreobates	Cinnamon-chested Bee-eater
Merops albicollis	White-throated Bee-eater
Merops malimbicus	Rosy Bee-eater
Merops nubicus	Northern Carmine Bee-eater
Merops nubicoides	Southern Carmine Bee-eater
Merops leschenaulti	Chestnut-headed Bee-eater
Merops viridis	Blue-throated Bee-eater
Merops americanus	Rufous-crowned Bee-eater
Merops viridissimus	African Green Bee-eater
Merops cyanophrys	Arabian Green Bee-eater
Merops orientalis	Asian Green Bee-eater
Merops apiaster	European Bee-eater
Merops ornatus	Rainbow Bee-eater
Merops philippinus	Blue-tailed Bee-eater
Merops superciliosus	Olive Bee-eater
Merops persicus	Blue-cheeked Bee-eater
Todus multicolor	Cuban Tody
Todus subulatus	Broad-billed Tody
Todus angustirostris	Narrow-billed Tody
Todus todus	Jamaican Tody
Todus mexicanus	Puerto Rican Tody
Hylomanes momotula	Tody Motmot
Eumomota superciliosa	Turquoise-browed Motmot
Electron carinatum	Keel-billed Motmot
Electron platyrhynchum	Broad-billed Motmot
Aspatha gularis	Blue-throated Motmot
Baryphthengus ruficapillus	Rufous-capped Motmot
Baryphthengus martii	Rufous Motmot
Momotus mexicanus	Russet-crowned Motmot
Momotus coeruliceps	Blue-capped Motmot
Momotus lessonii	Lesson's Motmot
Momotus subrufescens	Whooping Motmot
Momotus bahamensis	Trinidad Motmot
Momotus momota	Amazonian Motmot
Momotus aequatorialis	Andean Motmot
Ispidina lecontei	African Dwarf Kingfisher
Ispidina picta	African Pygmy Kingfisher
Corythornis madagascariensis	Madagascar Pygmy Kingfisher
Corythornis leucogaster	White-bellied Kingfisher
Corythornis vintsioides	Malagasy Kingfisher
Corythornis cristatus	Malachite Kingfisher
Alcedo euryzona	Javan Blue-banded Kingfisher
Alcedo peninsulae	Malaysian Blue-banded Kingfisher
Alcedo hercules	Blyth's Kingfisher
Alcedo meninting	Blue-eared Kingfisher
Alcedo semitorquata	Half-collared Kingfisher
Alcedo quadribrachys	Shining-blue Kingfisher
Alcedo coerulescens	Cerulean Kingfisher
Alcedo atthis	Common Kingfisher
Ceyx azureus	Azure Kingfisher
Ceyx websteri	Bismarck Kingfisher
Ceyx cyanopectus	Indigo-banded Kingfisher
Ceyx flumenicola	Northern Silvery Kingfisher
Ceyx argentatus	Southern Silvery Kingfisher
Ceyx pusillus	Little Kingfisher
Ceyx erithaca	Black-backed Dwarf Kingfisher
Ceyx rufidorsa	Rufous-backed Dwarf Kingfisher
Ceyx melanurus	Philippine Dwarf Kingfisher
Ceyx sangirensis	Sangihe Dwarf Kingfisher
Ceyx fallax	Sulawesi Dwarf Kingfisher
Ceyx margarethae	Dimorphic Dwarf Kingfisher
Ceyx wallacii	Sula Dwarf Kingfisher
Ceyx lepidus	Moluccan Dwarf Kingfisher
Ceyx cajeli	Buru Dwarf Kingfisher
Ceyx solitarius	Papuan Dwarf Kingfisher
Ceyx dispar	Manus Dwarf Kingfisher
Ceyx mulcatus	New Ireland Dwarf Kingfisher
Ceyx sacerdotis	New Britain Dwarf Kingfisher
Ceyx collectoris	New Georgia Dwarf Kingfisher
Ceyx meeki	North Solomons Dwarf Kingfisher
Ceyx nigromaxilla	Guadalcanal Dwarf Kingfisher
Ceyx gentianus	Makira Dwarf Kingfisher
Megaceryle alcyon	Belted Kingfisher
Megaceryle torquata	Ringed Kingfisher
Megaceryle maxima	Giant Kingfisher
Megaceryle lugubris	Crested Kingfisher
Ceryle rudis	Pied Kingfisher
Chloroceryle amazona	Amazon Kingfisher
Chloroceryle aenea	American Pygmy Kingfisher
Chloroceryle americana	Green Kingfisher
Chloroceryle inda	Green-and-rufous Kingfisher
Lacedo pulchella	Banded Kingfisher
Pelargopsis amauroptera	Brown-winged Kingfisher
Pelargopsis capensis	Stork-billed Kingfisher
Pelargopsis melanorhyncha	Great-billed Kingfisher
Halcyon coromanda	Ruddy Kingfisher
Halcyon badia	Chocolate-backed Kingfisher
Halcyon malimbica	Blue-breasted Kingfisher
Halcyon senegaloides	Mangrove Kingfisher
Halcyon senegalensis	Woodland Kingfisher
Halcyon chelicuti	Striped Kingfisher
Halcyon albiventris	Brown-hooded Kingfisher
Halcyon leucocephala	Grey-headed Kingfisher
Halcyon pileata	Black-capped Kingfisher
Halcyon cyanoventris	Javan Kingfisher
Halcyon gularis	Brown-breasted Kingfisher
Halcyon smyrnensis	White-throated Kingfisher
Cittura cyanotis	Sulawesi Lilac Kingfisher
Cittura sanghirensis	Sangihe Lilac Kingfisher
Tanysiptera hydrocharis	Little Paradise Kingfisher
Tanysiptera galatea	Common Paradise Kingfisher
Tanysiptera ellioti	Kofiau Paradise Kingfisher
Tanysiptera riedelii	Biak Paradise Kingfisher
Tanysiptera carolinae	Numfor Paradise Kingfisher
Tanysiptera nympha	Red-breasted Paradise Kingfisher
Tanysiptera danae	Brown-headed Paradise Kingfisher
Tanysiptera sylvia	Buff-breasted Paradise Kingfisher
Tanysiptera nigriceps	Black-capped Paradise Kingfisher
Melidora macrorrhina	Hook-billed Kingfisher
Dacelo novaeguineae	Laughing Kookaburra
Dacelo leachii	Blue-winged Kookaburra
Dacelo tyro	Spangled Kookaburra
Dacelo gaudichaud	Rufous-bellied Kookaburra
Dacelo rex	Shovel-billed Kookaburra
Caridonax fulgidus	White-rumped Kingfisher
Actenoides bougainvillei	Moustached Kingfisher
Actenoides concretus	Rufous-collared Kingfisher
Actenoides lindsayi	Spotted Wood Kingfisher
Actenoides hombroni	Blue-capped Kingfisher
Actenoides monachus	Green-backed Kingfisher
Actenoides princeps	Scaly-breasted Kingfisher
Syma megarhyncha	Mountain Kingfisher
Syma torotoro	Yellow-billed Kingfisher
Todiramphus nigrocyaneus	Blue-black Kingfisher
Todiramphus winchelli	Rufous-lored Kingfisher
Todiramphus diops	Blue-and-white Kingfisher
Todiramphus lazuli	Lazuli Kingfisher
Todiramphus pyrrhopygius	Red-backed Kingfisher
Todiramphus macleayii	Forest Kingfisher
Todiramphus albonotatus	White-mantled Kingfisher
Todiramphus leucopygius	Ultramarine Kingfisher
Todiramphus farquhari	Vanuatu Kingfisher
Todiramphus godeffroyi	Marquesan Kingfisher
Todiramphus ruficollaris	Mewing Kingfisher
Todiramphus veneratus	Society Kingfisher
Todiramphus gambieri	Tuamotu Kingfisher
Todiramphus tutus	Chattering Kingfisher
Todiramphus sacer	Pacific Kingfisher
Todiramphus pelewensis	Rusty-capped Kingfisher
Todiramphus cinnamominus	Guam Kingfisher
Todiramphus reichenbachii	Pohnpei Kingfisher
Todiramphus recurvirostris	Flat-billed Kingfisher
Todiramphus colonus	Islet Kingfisher
Todiramphus sordidus	Torresian Kingfisher
Todiramphus sanctus	Sacred Kingfisher
Todiramphus chloris	Collared Kingfisher
Todiramphus saurophagus	Beach Kingfisher
Todiramphus albicilla	Mariana Kingfisher
Todiramphus tristrami	Melanesian Kingfisher
Todiramphus funebris	Sombre Kingfisher
Todiramphus enigma	Talaud Kingfisher
Todiramphus australasia	Cinnamon-banded Kingfisher
Jacamaralcyon tridactyla	Three-toed Jacamar
Brachygalba albogularis	White-throated Jacamar
Brachygalba lugubris	Brown Jacamar
Brachygalba goeringi	Pale-headed Jacamar
Brachygalba salmoni	Dusky-backed Jacamar
Jacamerops aureus	Great Jacamar
Galbalcyrhynchus leucotis	White-eared Jacamar
Galbalcyrhynchus purusianus	Purus Jacamar
Galbula albirostris	Yellow-billed Jacamar
Galbula cyanicollis	Blue-necked Jacamar
Galbula ruficauda	Rufous-tailed Jacamar
Galbula galbula	Green-tailed Jacamar
Galbula tombacea	White-chinned Jacamar
Galbula cyanescens	Bluish-fronted Jacamar
Galbula pastazae	Coppery-chested Jacamar
Galbula chalcothorax	Purplish Jacamar
Galbula leucogastra	Bronzy Jacamar
Galbula dea	Paradise Jacamar
Bucco macrodactylus	Chestnut-capped Puffbird
Bucco tamatia	Spotted Puffbird
Bucco noanamae	Sooty-capped Puffbird
Bucco capensis	Collared Puffbird
Nystalus radiatus	Barred Puffbird
Nystalus obamai	Western Striolated Puffbird
Nystalus striolatus	Eastern Striolated Puffbird
Nystalus chacuru	White-eared Puffbird
Nystalus maculatus	Spot-backed Puffbird
Chelidoptera tenebrosa	Swallow-winged Puffbird
Monasa atra	Black Nunbird
Monasa nigrifrons	Black-fronted Nunbird
Monasa morphoeus	White-fronted Nunbird
Monasa flavirostris	Yellow-billed Nunbird
Nonnula rubecula	Rusty-breasted Nunlet
Nonnula sclateri	Fulvous-chinned Nunlet
Nonnula brunnea	Brown Nunlet
Nonnula frontalis	Grey-cheeked Nunlet
Nonnula ruficapilla	Rufous-capped Nunlet
Nonnula amaurocephala	Chestnut-headed Nunlet
Malacoptila fusca	White-chested Puffbird
Malacoptila semicincta	Semicollared Puffbird
Malacoptila striata	Crescent-chested Puffbird
Malacoptila rufa	Rufous-necked Puffbird
Malacoptila panamensis	White-whiskered Puffbird
Malacoptila fulvogularis	Black-streaked Puffbird
Malacoptila mystacalis	Moustached Puffbird
Hapaloptila castanea	White-faced Nunbird
Micromonacha lanceolata	Lanceolated Monklet
Hypnelus bicinctus	Two-banded Puffbird
Hypnelus ruficollis	Russet-throated Puffbird
Notharchus hyperrhynchus	White-necked Puffbird
Notharchus macrorhynchos	Guianan Puffbird
Notharchus swainsoni	Buff-bellied Puffbird
Notharchus pectoralis	Black-breasted Puffbird
Notharchus ordii	Brown-banded Puffbird
Notharchus tectus	Pied Puffbird
Caloramphus hayii	Sooty Barbet
Caloramphus fuliginosus	Brown Barbet
Psilopogon malabaricus	Malabar Barbet
Psilopogon rubricapillus	Crimson-fronted Barbet
Psilopogon haemacephalus	Coppersmith Barbet
Psilopogon cyanotis	Blue-eared Barbet
Psilopogon duvaucelii	Black-eared Barbet
Psilopogon australis	Yellow-eared Barbet
Psilopogon eximius	Bornean Barbet
Psilopogon pyrolophus	Fire-tufted Barbet
Psilopogon virens	Great Barbet
Psilopogon lagrandieri	Red-vented Barbet
Psilopogon rafflesii	Red-crowned Barbet
Psilopogon mystacophanos	Red-throated Barbet
Psilopogon javensis	Black-banded Barbet
Psilopogon pulcherrimus	Golden-naped Barbet
Psilopogon henricii	Yellow-crowned Barbet
Psilopogon armillaris	Flame-fronted Barbet
Psilopogon faiostrictus	Green-eared Barbet
Psilopogon lineatus	Lineated Barbet
Psilopogon zeylanicus	Brown-headed Barbet
Psilopogon viridis	White-cheeked Barbet
Psilopogon flavifrons	Yellow-fronted Barbet
Psilopogon franklinii	Golden-throated Barbet
Psilopogon auricularis	Necklaced Barbet
Psilopogon monticola	Mountain Barbet
Psilopogon corvinus	Brown-throated Barbet
Psilopogon chrysopogon	Golden-whiskered Barbet
Psilopogon incognitus	Moustached Barbet
Psilopogon nuchalis	Taiwan Barbet
Psilopogon faber	Chinese Barbet
Psilopogon asiaticus	Blue-throated Barbet
Psilopogon annamensis	Indochinese Barbet
Psilopogon oorti	Black-browed Barbet
Psilopogon chersonesus	Turquoise-throated Barbet
Trachylaemus purpuratus	Eastern Yellow-billed Barbet
Trachylaemus goffinii	Western Yellow-billed Barbet
Trachyphonus vaillantii	Crested Barbet
Trachyphonus erythrocephalus	Red-and-yellow Barbet
Trachyphonus margaritatus	Yellow-breasted Barbet
Trachyphonus darnaudii	D'Arnaud's Barbet
Cryptolybia olivacea	Green Barbet
Buccanodon duchaillui	Yellow-spotted Barbet
Stactolaema leucotis	White-eared Barbet
Stactolaema whytii	Whyte's Barbet
Stactolaema anchietae	Anchieta's Barbet
Gymnobucco bonapartei	Grey-throated Barbet
Gymnobucco sladeni	Sladen's Barbet
Gymnobucco peli	Bristle-nosed Barbet
Gymnobucco calvus	Naked-faced Barbet
Pogoniulus scolopaceus	Speckled Tinkerbird
Pogoniulus simplex	Green Tinkerbird
Pogoniulus leucomystax	Moustached Tinkerbird
Pogoniulus coryphaea	Western Tinkerbird
Pogoniulus atroflavus	Red-rumped Tinkerbird
Pogoniulus subsulphureus	Yellow-throated Tinkerbird
Pogoniulus bilineatus	Yellow-rumped Tinkerbird
Pogoniulus uropygialis	Northern Red-fronted Tinkerbird
Pogoniulus pusillus	Southern Red-fronted Tinkerbird
Pogoniulus chrysoconus	Yellow-fronted Tinkerbird
Tricholaema hirsuta	Hairy-breasted Barbet
Tricholaema diademata	Red-fronted Barbet
Tricholaema frontata	Miombo Pied Barbet
Tricholaema leucomelas	Acacia Pied Barbet
Tricholaema lacrymosa	Spot-flanked Barbet
Tricholaema melanocephala	Black-throated Barbet
Pogonornis melanopterus	Brown-breasted Barbet
Pogonornis minor	Black-backed Barbet
Pogonornis bidentatus	Double-toothed Barbet
Pogonornis dubius	Bearded Barbet
Pogonornis rolleti	Black-breasted Barbet
Lybius undatus	Banded Barbet
Lybius vieilloti	Vieillot's Barbet
Lybius leucocephalus	White-headed Barbet
Lybius chaplini	Chaplin's Barbet
Lybius rubrifacies	Red-faced Barbet
Lybius guifsobalito	Black-billed Barbet
Lybius torquatus	Black-collared Barbet
Eubucco richardsoni	Lemon-throated Barbet
Eubucco tucinkae	Scarlet-hooded Barbet
Eubucco bourcierii	Red-headed Barbet
Eubucco versicolor	Versicolored Barbet
Capito aurovirens	Scarlet-crowned Barbet
Capito dayi	Black-girdled Barbet
Capito maculicoronatus	Spot-crowned Barbet
Capito squamatus	Orange-fronted Barbet
Capito hypoleucus	White-mantled Barbet
Capito wallacei	Scarlet-banded Barbet
Capito fitzpatricki	Sira Barbet
Capito quinticolor	Five-colored Barbet
Capito brunneipectus	Brown-chested Barbet
Capito niger	Black-spotted Barbet
Capito auratus	Gilded Barbet
Semnornis frantzii	Prong-billed Barbet
Semnornis ramphastinus	Toucan Barbet
Ramphastos toco	Toco Toucan
Ramphastos ambiguus	Yellow-throated Toucan
Ramphastos tucanus	White-throated Toucan
Ramphastos sulfuratus	Keel-billed Toucan
Ramphastos brevis	Choco Toucan
Ramphastos vitellinus	Channel-billed Toucan
Ramphastos dicolorus	Red-breasted Toucan
Pteroglossus bailloni	Saffron Toucanet
Pteroglossus viridis	Green Aracari
Pteroglossus inscriptus	Lettered Aracari
Pteroglossus torquatus	Collared Aracari
Pteroglossus erythropygius	Pale-mandibled Aracari
Pteroglossus frantzii	Fiery-billed Aracari
Pteroglossus aracari	Black-necked Aracari
Pteroglossus castanotis	Chestnut-eared Aracari
Pteroglossus pluricinctus	Many-banded Aracari
Pteroglossus azara	Ivory-billed Aracari
Pteroglossus beauharnaisii	Curl-crested Aracari
Pteroglossus bitorquatus	Red-necked Aracari
Aulacorhynchus prasinus	Northern Emerald Toucanet
Aulacorhynchus albivitta	Southern Emerald Toucanet
Aulacorhynchus sulcatus	Groove-billed Toucanet
Aulacorhynchus derbianus	Chestnut-tipped Toucanet
Aulacorhynchus whitelianus	Tepui Toucanet
Aulacorhynchus haematopygus	Crimson-rumped Toucanet
Aulacorhynchus huallagae	Yellow-browed Toucanet
Aulacorhynchus coeruleicinctis	Blue-banded Toucanet
Andigena hypoglauca	Grey-breasted Mountain Toucan
Andigena laminirostris	Plate-billed Mountain Toucan
Andigena cucullata	Hooded Mountain Toucan
Andigena nigrirostris	Black-billed Mountain Toucan
Selenidera spectabilis	Yellow-eared Toucanet
Selenidera piperivora	Guianan Toucanet
Selenidera reinwardtii	Golden-collared Toucanet
Selenidera nattereri	Tawny-tufted Toucanet
Selenidera gouldii	Gould's Toucanet
Selenidera maculirostris	Spot-billed Toucanet
Prodotiscus insignis	Cassin's Honeybird
Prodotiscus zambesiae	Green-backed Honeybird
Prodotiscus regulus	Brown-backed Honeybird
Melichneutes robustus	Lyre-tailed Honeyguide
Melignomon zenkeri	Zenker's Honeyguide
Melignomon eisentrauti	Yellow-footed Honeyguide
Indicator pumilio	Dwarf Honeyguide
Indicator willcocksi	Willcocks's Honeyguide
Indicator meliphilus	Pallid Honeyguide
Indicator exilis	Least Honeyguide
Indicator minor	Lesser Honeyguide
Indicator maculatus	Spotted Honeyguide
Indicator variegatus	Scaly-throated Honeyguide
Indicator xanthonotus	Yellow-rumped Honeyguide
Indicator archipelagicus	Malaysian Honeyguide
Indicator indicator	Greater Honeyguide
Jynx ruficollis	Red-throated Wryneck
Jynx torquilla	Eurasian Wryneck
Picumnus innominatus	Speckled Piculet
Picumnus aurifrons	Bar-breasted Piculet
Picumnus pumilus	Orinoco Piculet
Picumnus lafresnayi	Lafresnaye's Piculet
Picumnus exilis	Golden-spangled Piculet
Picumnus sclateri	Ecuadorian Piculet
Picumnus squamulatus	Scaled Piculet
Picumnus spilogaster	White-bellied Piculet
Picumnus minutissimus	Arrowhead Piculet
Picumnus pygmaeus	Spotted Piculet
Picumnus steindachneri	Speckle-chested Piculet
Picumnus varzeae	Varzea Piculet
Picumnus cirratus	White-barred Piculet
Picumnus dorbignyanus	Ocellated Piculet
Picumnus temminckii	Ochre-collared Piculet
Picumnus albosquamatus	White-wedged Piculet
Picumnus fuscus	Rusty-necked Piculet
Picumnus rufiventris	Rufous-breasted Piculet
Picumnus limae	Ochraceous Piculet
Picumnus nebulosus	Mottled Piculet
Picumnus castelnau	Plain-breasted Piculet
Picumnus subtilis	Fine-barred Piculet
Picumnus olivaceus	Olivaceous Piculet
Picumnus granadensis	Greyish Piculet
Picumnus cinnamomeus	Chestnut Piculet
Verreauxia africana	African Piculet
Sasia abnormis	Rufous Piculet
Sasia ochracea	White-browed Piculet
Nesoctites micromegas	Antillean Piculet
Hemicircus canente	Heart-spotted Woodpecker
Hemicircus concretus	Grey-and-buff Woodpecker
Micropternus brachyurus	Rufous Woodpecker
Meiglyptes tukki	Buff-necked Woodpecker
Meiglyptes grammithorax	Buff-rumped Woodpecker
Meiglyptes tristis	Zebra Woodpecker
Meiglyptes jugularis	Black-and-buff Woodpecker
Gecinulus grantia	Pale-headed Woodpecker
Gecinulus viridis	Bamboo Woodpecker
Gecinulus rafflesii	Olive-backed Woodpecker
Dinopium shorii	Himalayan Flameback
Dinopium javanense	Common Flameback
Dinopium everetti	Spot-throated Flameback
Dinopium benghalense	Black-rumped Flameback
Dinopium psarodes	Red-backed Flameback
Picus puniceus	Crimson-winged Woodpecker
Picus chlorolophus	Lesser Yellownape
Picus squamatus	Scaly-bellied Woodpecker
Picus xanthopygaeus	Streak-throated Woodpecker
Picus rabieri	Red-collared Woodpecker
Picus vittatus	Laced Woodpecker
Picus viridanus	Streak-breasted Woodpecker
Picus awokera	Japanese Green Woodpecker
Picus canus	Grey-headed Woodpecker
Picus erythropygius	Black-headed Woodpecker
Picus vaillantii	Levaillant's Woodpecker
Picus sharpei	Iberian Green Woodpecker
Picus viridis	European Green Woodpecker
Chrysophlegma miniaceum	Banded Woodpecker
Chrysophlegma flavinucha	Greater Yellownape
Chrysophlegma mentale	Checker-throated Woodpecker
Pardipicus caroli	Brown-eared Woodpecker
Pardipicus nivosus	Buff-spotted Woodpecker
Geocolaptes olivaceus	Ground Woodpecker
Campethera tullbergi	Tullberg's Woodpecker
Campethera taeniolaema	Fine-banded Woodpecker
Campethera maculosa	Green-backed Woodpecker
Campethera nubica	Nubian Woodpecker
Campethera punctuligera	Fine-spotted Woodpecker
Campethera bennettii	Bennett's Woodpecker
Campethera scriptoricauda	Speckle-throated Woodpecker
Campethera notata	Knysna Woodpecker
Campethera abingoni	Golden-tailed Woodpecker
Campethera mombassica	Mombasa Woodpecker
Mulleripicus fulvus	Ashy Woodpecker
Mulleripicus funebris	Northern Sooty Woodpecker
Mulleripicus fuliginosus	Southern Sooty Woodpecker
Mulleripicus pulverulentus	Great Slaty Woodpecker
Dryocopus pileatus	Pileated Woodpecker
Dryocopus schulzii	Black-bodied Woodpecker
Dryocopus lineatus	Lineated Woodpecker
Dryocopus martius	Black Woodpecker
Dryocopus hodgei	Andaman Woodpecker
Dryocopus javensis	White-bellied Woodpecker
Celeus loricatus	Cinnamon Woodpecker
Celeus torquatus	Ringed Woodpecker
Celeus galeatus	Helmeted Woodpecker
Celeus castaneus	Chestnut-colored Woodpecker
Celeus undatus	Variable Woodpecker
Celeus flavus	Cream-colored Woodpecker
Celeus spectabilis	Rufous-headed Woodpecker
Celeus obrieni	Kaempfer's Woodpecker
Celeus ochraceus	Ochre-backed Woodpecker
Celeus elegans	Chestnut Woodpecker
Celeus lugubris	Pale-crested Woodpecker
Celeus flavescens	Blond-crested Woodpecker
Piculus simplex	Rufous-winged Woodpecker
Piculus callopterus	Stripe-cheeked Woodpecker
Piculus leucolaemus	White-throated Woodpecker
Piculus litae	Lita Woodpecker
Piculus flavigula	Yellow-throated Woodpecker
Piculus chrysochloros	Golden-green Woodpecker
Piculus aurulentus	Yellow-browed Woodpecker
Colaptes rubiginosus	Golden-olive Woodpecker
Colaptes auricularis	Grey-crowned Woodpecker
Colaptes rivolii	Crimson-mantled Woodpecker
Colaptes atricollis	Black-necked Woodpecker
Colaptes punctigula	Spot-breasted Woodpecker
Colaptes melanochloros	Green-barred Woodpecker
Colaptes auratus	Northern Flicker
Colaptes mexicanoides	Guatemalan Flicker
Colaptes chrysoides	Gilded Flicker
Colaptes oceanicus	Bermuda Flicker
Colaptes fernandinae	Fernandina's Flicker
Colaptes pitius	Chilean Flicker
Colaptes rupicola	Andean Flicker
Colaptes campestris	Campo Flicker
Campephilus pollens	Powerful Woodpecker
Campephilus haematogaster	Crimson-bellied Woodpecker
Campephilus splendens	Splendid Woodpecker
Campephilus rubricollis	Red-necked Woodpecker
Campephilus robustus	Robust Woodpecker
Campephilus melanoleucos	Crimson-crested Woodpecker
Campephilus guatemalensis	Pale-billed Woodpecker
Campephilus gayaquilensis	Guayaquil Woodpecker
Campephilus leucopogon	Cream-backed Woodpecker
Campephilus magellanicus	Magellanic Woodpecker
Campephilus principalis	Ivory-billed Woodpecker
Campephilus imperialis	Imperial Woodpecker
Blythipicus rubiginosus	Maroon Woodpecker
Blythipicus pyrrhotis	Bay Woodpecker
Chrysocolaptes validus	Orange-backed Woodpecker
Chrysocolaptes guttacristatus	Greater Flameback
Chrysocolaptes socialis	Malabar Flameback
Chrysocolaptes strictus	Javan Flameback
Chrysocolaptes haematribon	Luzon Flameback
Chrysocolaptes xanthocephalus	Yellow-faced Flameback
Chrysocolaptes lucidus	Buff-spotted Flameback
Chrysocolaptes erythrocephalus	Red-headed Flameback
Chrysocolaptes stricklandi	Crimson-backed Flameback
Chrysocolaptes festivus	White-naped Woodpecker
Sphyrapicus thyroideus	Williamson's Sapsucker
Sphyrapicus varius	Yellow-bellied Sapsucker
Sphyrapicus nuchalis	Red-naped Sapsucker
Sphyrapicus ruber	Red-breasted Sapsucker
Xiphidiopicus percussus	Cuban Green Woodpecker
Melanerpes candidus	White Woodpecker
Melanerpes lewis	Lewis's Woodpecker
Melanerpes herminieri	Guadeloupe Woodpecker
Melanerpes portoricensis	Puerto Rican Woodpecker
Melanerpes erythrocephalus	Red-headed Woodpecker
Melanerpes formicivorus	Acorn Woodpecker
Melanerpes chrysauchen	Golden-naped Woodpecker
Melanerpes cruentatus	Yellow-tufted Woodpecker
Melanerpes flavifrons	Yellow-fronted Woodpecker
Melanerpes pulcher	Beautiful Woodpecker
Melanerpes pucherani	Black-cheeked Woodpecker
Melanerpes cactorum	White-fronted Woodpecker
Melanerpes striatus	Hispaniolan Woodpecker
Melanerpes radiolatus	Jamaican Woodpecker
Melanerpes chrysogenys	Golden-cheeked Woodpecker
Melanerpes hypopolius	Grey-breasted Woodpecker
Melanerpes pygmaeus	Yucatan Woodpecker
Melanerpes rubricapillus	Red-crowned Woodpecker
Melanerpes uropygialis	Gila Woodpecker
Melanerpes hoffmannii	Hoffmann's Woodpecker
Melanerpes aurifrons	Golden-fronted Woodpecker
Melanerpes carolinus	Red-bellied Woodpecker
Melanerpes superciliaris	West Indian Woodpecker
Picoides arcticus	Black-backed Woodpecker
Picoides dorsalis	American Three-toed Woodpecker
Picoides tridactylus	Eurasian Three-toed Woodpecker
Yungipicus temminckii	Sulawesi Pygmy Woodpecker
Yungipicus maculatus	Philippine Pygmy Woodpecker
Yungipicus ramsayi	Sulu Pygmy Woodpecker
Yungipicus nanus	Brown-capped Pygmy Woodpecker
Yungipicus moluccensis	Sunda Pygmy Woodpecker
Yungipicus canicapillus	Grey-capped Pygmy Woodpecker
Yungipicus kizuki	Japanese Pygmy Woodpecker
Leiopicus mahrattensis	Yellow-crowned Woodpecker
Dendrocoptes medius	Middle Spotted Woodpecker
Dendrocoptes auriceps	Brown-fronted Woodpecker
Dendrocoptes dorae	Arabian Woodpecker
Chloropicus pyrrhogaster	Fire-bellied Woodpecker
Chloropicus xantholophus	Yellow-crested Woodpecker
Chloropicus namaquus	Bearded Woodpecker
Dendropicos stierlingi	Stierling's Woodpecker
Dendropicos obsoletus	Brown-backed Woodpecker
Dendropicos goertae	African Grey Woodpecker
Dendropicos spodocephalus	Eastern Grey Woodpecker
Dendropicos griseocephalus	Olive Woodpecker
Dendropicos abyssinicus	Abyssinian Woodpecker
Dendropicos lugubris	Melancholy Woodpecker
Dendropicos gabonensis	Gabon Woodpecker
Dendropicos elliotii	Elliot's Woodpecker
Dendropicos elachus	Little Grey Woodpecker
Dendropicos poecilolaemus	Speckle-breasted Woodpecker
Dendropicos fuscescens	Cardinal Woodpecker
Dendrocopos hyperythrus	Rufous-bellied Woodpecker
Dendrocopos atratus	Stripe-breasted Woodpecker
Dendrocopos macei	Fulvous-breasted Woodpecker
Dendrocopos analis	Freckle-breasted Woodpecker
Dendrocopos noguchii	Okinawa Woodpecker
Dendrocopos leucotos	White-backed Woodpecker
Dendrocopos darjellensis	Darjeeling Woodpecker
Dendrocopos leucopterus	White-winged Woodpecker
Dendrocopos major	Great Spotted Woodpecker
Dendrocopos himalayensis	Himalayan Woodpecker
Dendrocopos assimilis	Sind Woodpecker
Dendrocopos syriacus	Syrian Woodpecker
Dryobates minor	Lesser Spotted Woodpecker
Dryobates cathpharius	Crimson-naped Woodpecker
Dryobates pernyii	Necklaced Woodpecker
Dryobates pubescens	Downy Woodpecker
Dryobates nuttallii	Nuttall's Woodpecker
Dryobates scalaris	Ladder-backed Woodpecker
Leuconotopicus borealis	Red-cockaded Woodpecker
Leuconotopicus villosus	Hairy Woodpecker
Leuconotopicus albolarvatus	White-headed Woodpecker
Leuconotopicus fumigatus	Smoky-brown Woodpecker
Leuconotopicus stricklandi	Strickland's Woodpecker
Leuconotopicus arizonae	Arizona Woodpecker
Veniliornis kirkii	Red-rumped Woodpecker
Veniliornis cassini	Golden-collared Woodpecker
Veniliornis spilogaster	White-spotted Woodpecker
Veniliornis mixtus	Checkered Woodpecker
Veniliornis lignarius	Striped Woodpecker
Veniliornis sanguineus	Blood-colored Woodpecker
Veniliornis passerinus	Little Woodpecker
Veniliornis frontalis	Dot-fronted Woodpecker
Veniliornis callonotus	Scarlet-backed Woodpecker
Veniliornis dignus	Yellow-vented Woodpecker
Veniliornis nigriceps	Bar-bellied Woodpecker
Veniliornis affinis	Red-stained Woodpecker
Veniliornis chocoensis	Choco Woodpecker
Veniliornis maculifrons	Yellow-eared Woodpecker
Cariama cristata	Red-legged Seriema
Chunga burmeisteri	Black-legged Seriema
Herpetotheres cachinnans	Laughing Falcon
Micrastur buckleyi	Buckley's Forest Falcon
Micrastur semitorquatus	Collared Forest Falcon
Micrastur mirandollei	Slaty-backed Forest Falcon
Micrastur ruficollis	Barred Forest Falcon
Micrastur mintoni	Cryptic Forest Falcon
Micrastur plumbeus	Plumbeous Forest Falcon
Micrastur gilvicollis	Lined Forest Falcon
Spiziapteryx circumcincta	Spot-winged Falconet
Caracara lutosa	Guadalupe Caracara
Caracara plancus	Crested Caracara
Ibycter americanus	Red-throated Caracara
Daptrius chimachima	Yellow-headed Caracara
Daptrius ater	Black Caracara
Daptrius chimango	Chimango Caracara
Daptrius carunculatus	Carunculated Caracara
Daptrius megalopterus	Mountain Caracara
Daptrius albogularis	White-throated Caracara
Daptrius australis	Striated Caracara
Polihierax semitorquatus	Pygmy Falcon
Microhierax erythrogenys	Philippine Falconet
Microhierax melanoleucos	Pied Falconet
Microhierax caerulescens	Collared Falconet
Microhierax fringillarius	Black-thighed Falconet
Microhierax latifrons	White-fronted Falconet
Neohierax insignis	White-rumped Falcon
Falco zoniventris	Banded Kestrel
Falco naumanni	Lesser Kestrel
Falco alopex	Fox Kestrel
Falco rupicoloides	Greater Kestrel
Falco punctatus	Mauritius Kestrel
Falco duboisi	Reunion Kestrel
Falco araeus	Seychelles Kestrel
Falco newtoni	Malagasy Kestrel
Falco rupicolus	Rock Kestrel
Falco cenchroides	Nankeen Kestrel
Falco moluccensis	Spotted Kestrel
Falco tinnunculus	Common Kestrel
Falco sparverius	American Kestrel
Falco vespertinus	Red-footed Falcon
Falco amurensis	Amur Falcon
Falco columbarius	Merlin
Falco ardosiaceus	Grey Kestrel
Falco dickinsoni	Dickinson's Kestrel
Falco berigora	Brown Falcon
Falco deiroleucus	Orange-breasted Falcon
Falco rufigularis	Bat Falcon
Falco longipennis	Australian Hobby
Falco severus	Oriental Hobby
Falco eleonorae	Eleonora's Falcon
Falco concolor	Sooty Falcon
Falco cuvierii	African Hobby
Falco subbuteo	Eurasian Hobby
Falco novaeseelandiae	New Zealand Falcon
Falco femoralis	Aplomado Falcon
Falco chicquera	Red-necked Falcon
Falco mexicanus	Prairie Falcon
Falco hypoleucos	Grey Falcon
Falco fasciinucha	Taita Falcon
Falco peregrinus	Peregrine Falcon
Falco biarmicus	Lanner Falcon
Falco jugger	Laggar Falcon
Falco subniger	Black Falcon
Falco rusticolus	Gyrfalcon
Falco cherrug	Saker Falcon
Strigops habroptilus	Kakapo
Nestor notabilis	Kea
Nestor productus	Norfolk Kaka
Nestor meridionalis	New Zealand Kaka
Calyptorhynchus lathami	Glossy Black Cockatoo
Calyptorhynchus banksii	Red-tailed Black Cockatoo
Zanda funerea	Yellow-tailed Black Cockatoo
Zanda latirostris	Carnaby's Black Cockatoo
Zanda baudinii	Baudin's Black Cockatoo
Nymphicus hollandicus	Cockatiel
Probosciger aterrimus	Palm Cockatoo
Callocephalon fimbriatum	Gang-gang Cockatoo
Eolophus roseicapilla	Galah
Cacatua leadbeateri	Pink Cockatoo
Cacatua haematuropygia	Red-vented Cockatoo
Cacatua goffiniana	Tanimbar Corella
Cacatua ducorpsii	Solomons Corella
Cacatua pastinator	Western Corella
Cacatua sanguinea	Little Corella
Cacatua tenuirostris	Long-billed Corella
Cacatua alba	White Cockatoo
Cacatua ophthalmica	Blue-eyed Cockatoo
Cacatua moluccensis	Salmon-crested Cockatoo
Cacatua sulphurea	Yellow-crested Cockatoo
Cacatua citrinocristata	Citron-crested Cockatoo
Cacatua galerita	Sulphur-crested Cockatoo
Psittacus timneh	Timneh Parrot
Psittacus erithacus	Grey Parrot
Poicephalus fuscicollis	Brown-necked Parrot
Poicephalus robustus	Cape Parrot
Poicephalus gulielmi	Red-fronted Parrot
Poicephalus meyeri	Meyer's Parrot
Poicephalus rueppellii	Rüppell's Parrot
Poicephalus cryptoxanthus	Brown-headed Parrot
Poicephalus crassus	Niam-niam Parrot
Poicephalus rufiventris	Red-bellied Parrot
Poicephalus senegalus	Senegal Parrot
Poicephalus flavifrons	Yellow-fronted Parrot
Psilopsiagon aymara	Grey-hooded Parakeet
Psilopsiagon aurifrons	Mountain Parakeet
Nannopsittaca panychlora	Tepui Parrotlet
Nannopsittaca dachilleae	Manu Parrotlet
Bolborhynchus lineola	Barred Parakeet
Bolborhynchus ferrugineifrons	Rufous-fronted Parakeet
Bolborhynchus orbygnesius	Andean Parakeet
Touit batavicus	Lilac-tailed Parrotlet
Touit huetii	Scarlet-shouldered Parrotlet
Touit costaricensis	Red-fronted Parrotlet
Touit dilectissimus	Blue-fronted Parrotlet
Touit purpuratus	Sapphire-rumped Parrotlet
Touit melanonotus	Brown-backed Parrotlet
Touit surdus	Golden-tailed Parrotlet
Touit stictopterus	Spot-winged Parrotlet
Forpus modestus	Dusky-billed Parrotlet
Forpus cyanopygius	Mexican Parrotlet
Forpus spengeli	Turquoise-winged Parrotlet
Forpus crassirostris	Riparian Parrotlet
Forpus xanthopterygius	Cobalt-rumped Parrotlet
Forpus passerinus	Green-rumped Parrotlet
Forpus conspicillatus	Spectacled Parrotlet
Forpus coelestis	Pacific Parrotlet
Forpus xanthops	Yellow-faced Parrotlet
Myiopsitta luchsi	Cliff Parakeet
Myiopsitta monachus	Monk Parakeet
Brotogeris sanctithomae	Tui Parakeet
Brotogeris tirica	Plain Parakeet
Brotogeris versicolurus	White-winged Parakeet
Brotogeris chiriri	Yellow-chevroned Parakeet
Brotogeris pyrrhoptera	Grey-cheeked Parakeet
Brotogeris jugularis	Orange-chinned Parakeet
Brotogeris cyanoptera	Cobalt-winged Parakeet
Brotogeris chrysoptera	Golden-winged Parakeet
Pionopsitta pileata	Pileated Parrot
Triclaria malachitacea	Blue-bellied Parrot
Hapalopsittaca amazonina	Rusty-faced Parrot
Hapalopsittaca fuertesi	Fuertes's Parrot
Hapalopsittaca pyrrhops	Red-faced Parrot
Hapalopsittaca melanotis	Black-winged Parrot
Pyrilia haematotis	Brown-hooded Parrot
Pyrilia pulchra	Rose-faced Parrot
Pyrilia pyrilia	Saffron-headed Parrot
Pyrilia barrabandi	Orange-cheeked Parrot
Pyrilia caica	Caica Parrot
Pyrilia aurantiocephala	Bald Parrot
Pyrilia vulturina	Vulturine Parrot
Graydidascalus brachyurus	Short-tailed Parrot
Alipiopsitta xanthops	Yellow-faced Parrot
Pionus fuscus	Dusky Parrot
Pionus sordidus	Red-billed Parrot
Pionus maximiliani	Scaly-headed Parrot
Pionus tumultuosus	Speckle-faced Parrot
Pionus menstruus	Blue-headed Parrot
Pionus senilis	White-crowned Parrot
Pionus chalcopterus	Bronze-winged Parrot
Amazona festiva	Festive Amazon
Amazona vinacea	Vinaceous-breasted Amazon
Amazona tucumana	Tucuman Amazon
Amazona pretrei	Red-spectacled Amazon
Amazona viridigenalis	Red-crowned Amazon
Amazona finschi	Lilac-crowned Amazon
Amazona autumnalis	Red-lored Amazon
Amazona lilacina	Lilacine Amazon
Amazona diadema	Diademed Amazon
Amazona dufresniana	Blue-cheeked Amazon
Amazona rhodocorytha	Red-browed Amazon
Amazona arausiaca	Red-necked Amazon
Amazona versicolor	St. Lucia Amazon
Amazona auropalliata	Yellow-naped Amazon
Amazona oratrix	Yellow-headed Amazon
Amazona ochrocephala	Yellow-crowned Amazon
Amazona barbadensis	Yellow-shouldered Amazon
Amazona aestiva	Turquoise-fronted Amazon
Amazona agilis	Black-billed Amazon
Amazona albifrons	White-fronted Amazon
Amazona xantholora	Yucatan Amazon
Amazona collaria	Yellow-billed Amazon
Amazona leucocephala	Cuban Amazon
Amazona ventralis	Hispaniolan Amazon
Amazona vittata	Puerto Rican Amazon
Amazona farinosa	Mealy Amazon
Amazona kawalli	Kawall's Amazon
Amazona imperialis	Imperial Amazon
Amazona brasiliensis	Red-tailed Amazon
Amazona guildingii	St. Vincent Amazon
Amazona amazonica	Orange-winged Amazon
Amazona mercenarius	Scaly-naped Amazon
Deroptyus accipitrinus	Red-fan Parrot
Pionites melanocephalus	Black-headed Parrot
Pionites leucogaster	White-bellied Parrot
Rhynchopsitta pachyrhyncha	Thick-billed Parrot
Rhynchopsitta terrisi	Maroon-fronted Parrot
Pyrrhura cruentata	Ochre-marked Parakeet
Pyrrhura devillei	Blaze-winged Parakeet
Pyrrhura frontalis	Maroon-bellied Parakeet
Pyrrhura lepida	Pearly Parakeet
Pyrrhura perlata	Crimson-bellied Parakeet
Pyrrhura molinae	Green-cheeked Parakeet
Pyrrhura pfrimeri	Pfrimer's Parakeet
Pyrrhura griseipectus	Grey-breasted Parakeet
Pyrrhura leucotis	White-eared Parakeet
Pyrrhura picta	Painted Parakeet
Pyrrhura subandina	Subandean Parakeet
Pyrrhura caeruleiceps	Perija Parakeet
Pyrrhura emma	Venezuelan Parakeet
Pyrrhura amazonum	Santarem Parakeet
Pyrrhura lucianii	Bonaparte's Parakeet
Pyrrhura roseifrons	Rose-fronted Parakeet
Pyrrhura viridicata	Santa Marta Parakeet
Pyrrhura egregia	Fiery-shouldered Parakeet
Pyrrhura melanura	Maroon-tailed Parakeet
Pyrrhura orcesi	El Oro Parakeet
Pyrrhura rupicola	Black-capped Parakeet
Pyrrhura albipectus	White-breasted Parakeet
Pyrrhura calliptera	Flame-winged Parakeet
Pyrrhura hoematotis	Blood-eared Parakeet
Pyrrhura rhodocephala	Rose-crowned Parakeet
Pyrrhura hoffmanni	Sulphur-winged Parakeet
Enicognathus leptorhynchus	Slender-billed Parakeet
Enicognathus ferrugineus	Austral Parakeet
Cyanoliseus patagonus	Burrowing Parrot
Anodorhynchus hyacinthinus	Hyacinth Macaw
Anodorhynchus glaucus	Glaucous Macaw
Anodorhynchus leari	Lear's Macaw
Conuropsis carolinensis	Carolina Parakeet
Aratinga weddellii	Dusky-headed Parakeet
Aratinga nenday	Nanday Parakeet
Aratinga solstitialis	Sun Parakeet
Aratinga maculata	Sulphur-breasted Parakeet
Aratinga jandaya	Jandaya Parakeet
Aratinga auricapillus	Golden-capped Parakeet
Cyanopsitta spixii	Spix's Macaw
Orthopsittaca manilatus	Red-bellied Macaw
Primolius maracana	Blue-winged Macaw
Primolius couloni	Blue-headed Macaw
Primolius auricollis	Golden-collared Macaw
Ara ararauna	Blue-and-yellow Macaw
Ara glaucogularis	Blue-throated Macaw
Ara severus	Chestnut-fronted Macaw
Ara tricolor	Cuban Macaw
Ara rubrogenys	Red-fronted Macaw
Ara militaris	Military Macaw
Ara ambiguus	Great Green Macaw
Ara macao	Scarlet Macaw
Ara chloropterus	Red-and-green Macaw
Eupsittula nana	Olive-throated Parakeet
Eupsittula canicularis	Orange-fronted Parakeet
Eupsittula aurea	Peach-fronted Parakeet
Eupsittula pertinax	Brown-throated Parakeet
Eupsittula cactorum	Caatinga Parakeet
Ognorhynchus icterotis	Yellow-eared Parrot
Leptosittaca branickii	Golden-plumed Parakeet
Thectocercus acuticaudatus	Blue-crowned Parakeet
Guaruba guarouba	Golden Parakeet
Diopsittaca nobilis	Red-shouldered Macaw
Psittacara leucophthalmus	White-eyed Parakeet
Psittacara wagleri	Scarlet-fronted Parakeet
Psittacara frontatus	Cordilleran Parakeet
Psittacara mitratus	Mitred Parakeet
Psittacara euops	Cuban Parakeet
Psittacara chloropterus	Hispaniolan Parakeet
Psittacara maugei	Puerto Rican Parakeet
Psittacara erythrogenys	Red-masked Parakeet
Psittacara holochlorus	Green Parakeet
Psittacara brevipes	Socorro Parakeet
Psittacara strenuus	Pacific Parakeet
Psittacara finschi	Finsch's Parakeet
Psittrichas fulgidus	Pesquet's Parrot
Coracopsis vasa	Greater Vasa Parrot
Coracopsis nigra	Lesser Vasa Parrot
Coracopsis sibilans	Comoro Black Parrot
Coracopsis barklyi	Seychelles Black Parrot
Micropsitta keiensis	Yellow-capped Pygmy Parrot
Micropsitta geelvinkiana	Geelvink Pygmy Parrot
Micropsitta pusio	Buff-faced Pygmy Parrot
Micropsitta bruijnii	Red-breasted Pygmy Parrot
Micropsitta meeki	Meek's Pygmy Parrot
Micropsitta finschii	Finsch's Pygmy Parrot
Alisterus scapularis	Australian King Parrot
Alisterus amboinensis	Moluccan King Parrot
Alisterus chloropterus	Papuan King Parrot
Aprosmictus erythropterus	Red-winged Parrot
Aprosmictus jonquillaceus	Jonquil Parrot
Polytelis swainsonii	Superb Parrot
Polytelis anthopeplus	Regent Parrot
Polytelis alexandrae	Princess Parrot
Prioniturus mada	Buru Racket-tail
Prioniturus platurus	Golden-mantled Racket-tail
Prioniturus waterstradti	Mindanao Racket-tail
Prioniturus montanus	Montane Racket-tail
Prioniturus platenae	Blue-headed Racket-tail
Prioniturus mindorensis	Mindoro Racket-tail
Prioniturus verticalis	Blue-winged Racket-tail
Prioniturus flavicans	Yellow-breasted Racket-tail
Prioniturus luconensis	Green Racket-tail
Prioniturus discurus	Blue-crowned Racket-tail
Eclectus roratus	Moluccan Eclectus
Eclectus cornelia	Sumba Eclectus
Eclectus riedeli	Tanimbar Eclectus
Eclectus polychloros	Papuan Eclectus
Eclectus infectus	Oceanic Eclectus
Geoffroyus geoffroyi	Red-cheeked Parrot
Geoffroyus simplex	Blue-collared Parrot
Geoffroyus heteroclitus	Song Parrot
Psittinus abbotti	Simeulue Parrot
Psittinus cyanurus	Blue-rumped Parrot
Mascarinus mascarinus	Mascarene Parrot
Lophopsittacus mauritianus	Broad-billed Parrot
Necropsittacus rodricanus	Rodrigues Parrot
Tanygnathus gramineus	Black-lored Parrot
Tanygnathus megalorynchos	Great-billed Parrot
Tanygnathus lucionensis	Blue-naped Parrot
Tanygnathus everetti	Blue-backed Parrot
Tanygnathus sumatranus	Azure-rumped Parrot
Psittacula eupatria	Alexandrine Parakeet
Psittacula wardi	Seychelles Parakeet
Psittacula krameri	Rose-ringed Parakeet
Psittacula eques	Echo Parakeet
Psittacula himalayana	Slaty-headed Parakeet
Psittacula finschii	Grey-headed Parakeet
Psittacula cyanocephala	Plum-headed Parakeet
Psittacula roseata	Blossom-headed Parakeet
Psittacula columboides	Blue-winged Parakeet
Psittacula calthrapae	Layard's Parakeet
Psittacula derbiana	Lord Derby's Parakeet
Psittacula alexandri	Red-breasted Parakeet
Psittacula caniceps	Nicobar Parakeet
Psittacula exsul	Newton's Parakeet
Psittacula longicauda	Long-tailed Parakeet
Psittacula bensoni	Mascarene Grey Parakeet
Psittacella picta	Painted Tiger Parrot
Psittacella brehmii	Brehm's Tiger Parrot
Psittacella modesta	Modest Tiger Parrot
Psittacella madaraszi	Madarasz's Tiger Parrot
Pezoporus occidentalis	Night Parrot
Pezoporus wallicus	Ground Parrot
Neopsephotus bourkii	Bourke's Parrot
Neophema chrysostoma	Blue-winged Parrot
Neophema elegans	Elegant Parrot
Neophema petrophila	Rock Parrot
Neophema chrysogaster	Orange-bellied Parrot
Neophema pulchella	Turquoise Parrot
Neophema splendida	Scarlet-chested Parrot
Lathamus discolor	Swift Parrot
Prosopeia splendens	Crimson Shining Parrot
Prosopeia tabuensis	Maroon Shining Parrot
Prosopeia personata	Masked Shining Parrot
Eunymphicus cornutus	Horned Parakeet
Eunymphicus uvaeensis	Ouvea Parakeet
Cyanoramphus ulietanus	Raiatea Parakeet
Cyanoramphus zealandicus	Black-fronted Parakeet
Cyanoramphus unicolor	Antipodes Parakeet
Cyanoramphus novaezelandiae	Red-crowned Parakeet
Cyanoramphus saisseti	New Caledonian Parakeet
Cyanoramphus cookii	Norfolk Parakeet
Cyanoramphus auriceps	Yellow-crowned Parakeet
Cyanoramphus forbesi	Chatham Islands Parakeet
Cyanoramphus malherbi	Malherbe's Parakeet
Barnardius zonarius	Australian Ringneck
Platycercus caledonicus	Green Rosella
Platycercus elegans	Crimson Rosella
Platycercus venustus	Northern Rosella
Platycercus eximius	Eastern Rosella
Platycercus adscitus	Pale-headed Rosella
Platycercus icterotis	Western Rosella
Psephotus haematonotus	Red-rumped Parrot
Northiella narethae	Naretha Bluebonnet
Northiella haematogaster	Eastern Bluebonnet
Purpureicephalus spurius	Red-capped Parrot
Psephotellus varius	Mulga Parrot
Psephotellus dissimilis	Hooded Parrot
Psephotellus chrysopterygius	Golden-shouldered Parrot
Psephotellus pulcherrimus	Paradise Parrot
Bolbopsittacus lunulatus	Guaiabero
Agapornis swindernianus	Black-collared Lovebird
Agapornis canus	Grey-headed Lovebird
Agapornis pullarius	Red-headed Lovebird
Agapornis taranta	Black-winged Lovebird
Agapornis roseicollis	Rosy-faced Lovebird
Agapornis fischeri	Fischer's Lovebird
Agapornis personatus	Yellow-collared Lovebird
Agapornis lilianae	Lilian's Lovebird
Agapornis nigrigenis	Black-cheeked Lovebird
Loriculus vernalis	Vernal Hanging Parrot
Loriculus beryllinus	Sri Lanka Hanging Parrot
Loriculus philippensis	Philippine Hanging Parrot
Loriculus camiguinensis	Camiguin Hanging Parrot
Loriculus bonapartei	Black-billed Hanging Parrot
Loriculus galgulus	Blue-crowned Hanging Parrot
Loriculus stigmatus	Great Hanging Parrot
Loriculus sclateri	Sula Hanging Parrot
Loriculus amabilis	Moluccan Hanging Parrot
Loriculus catamene	Sangihe Hanging Parrot
Loriculus aurantiifrons	Orange-fronted Hanging Parrot
Loriculus tener	Bismarck Hanging Parrot
Loriculus exilis	Pygmy Hanging Parrot
Loriculus pusillus	Yellow-throated Hanging Parrot
Loriculus flosculus	Wallace's Hanging Parrot
Nannopsittacus melanogenia	Dusky-cheeked Fig Parrot
Nannopsittacus gulielmitertii	Blue-fronted Fig Parrot
Nannopsittacus nigrifrons	Black-fronted Fig Parrot
Cyclopsitta diophthalma	Double-eyed Fig Parrot
Cyclopsitta desmarestii	Large Fig Parrot
Cyclopsitta edwardsii	Edwards's Fig Parrot
Cyclopsitta salvadorii	Salvadori's Fig Parrot
Melopsittacus undulatus	Budgerigar
Oreopsittacus arfaki	Plum-faced Lorikeet
Charminetta wilhelminae	Pygmy Lorikeet
Hypocharmosyna rubronotata	Red-fronted Lorikeet
Hypocharmosyna placentis	Red-flanked Lorikeet
Charmosynopsis toxopei	Blue-fronted Lorikeet
Charmosynopsis pulchella	Fairy Lorikeet
Charmosyna multistriata	Striated Lorikeet
Charmosyna josefinae	Josephine's Lorikeet
Charmosyna papou	West Papuan Lorikeet
Charmosyna stellae	Stella's Lorikeet
Vini margarethae	Duchess Lorikeet
Vini meeki	Meek's Lorikeet
Vini diadema	New Caledonian Lorikeet
Vini rubrigularis	Red-chinned Lorikeet
Vini palmarum	Palm Lorikeet
Vini amabilis	Red-throated Lorikeet
Vini solitaria	Collared Lory
Vini australis	Blue-crowned Lorikeet
Vini ultramarina	Ultramarine Lorikeet
Vini stepheni	Stephen's Lorikeet
Vini kuhlii	Kuhl's Lorikeet
Vini peruviana	Blue Lorikeet
Neopsittacus musschenbroekii	Yellow-billed Lorikeet
Neopsittacus pullicauda	Orange-billed Lorikeet
Lorius albidinucha	White-naped Lory
Lorius chlorocercus	Yellow-bibbed Lory
Lorius garrulus	Chattering Lory
Lorius domicella	Purple-naped Lory
Lorius hypoinochrous	Purple-bellied Lory
Lorius lory	Black-capped Lory
Psitteuteles versicolor	Varied Lorikeet
Parvipsitta pusilla	Little Lorikeet
Parvipsitta porphyrocephala	Purple-crowned Lorikeet
Chalcopsitta fuscata	Dusky Lory
Chalcopsitta cardinalis	Cardinal Lory
Chalcopsitta duivenbodei	Brown Lory
Chalcopsitta atra	Black Lory
Chalcopsitta scintillata	Yellow-streaked Lory
Glossoptilus goldiei	Goldie's Lorikeet
Trichoglossus concinnus	Musk Lorikeet
Trichoglossus johnstoniae	Mindanao Lorikeet
Trichoglossus iris	Iris Lorikeet
Trichoglossus ornatus	Ornate Lorikeet
Trichoglossus meyeri	Yellow-cheeked Lorikeet
Trichoglossus flavoviridis	Sula Lorikeet
Trichoglossus reticulatus	Blue-streaked Lory
Trichoglossus semilarvatus	Blue-eared Lory
Trichoglossus borneus	Red Lory
Trichoglossus cyanogenius	Black-winged Lory
Trichoglossus histrio	Red-and-blue Lory
Trichoglossus squamatus	Violet-necked Lory
Trichoglossus rubiginosus	Pohnpei Lorikeet
Trichoglossus chlorolepidotus	Scaly-breasted Lorikeet
Trichoglossus haematodus	Coconut Lorikeet
Trichoglossus rosenbergii	Biak Lorikeet
Trichoglossus moluccanus	Rainbow Lorikeet
Trichoglossus rubritorquis	Red-collared Lorikeet
Trichoglossus euteles	Olive-headed Lorikeet
Trichoglossus capistratus	Marigold Lorikeet
Trichoglossus weberi	Leaf Lorikeet
Trichoglossus forsteni	Sunset Lorikeet
Traversia lyalli	Lyall's Wren
Acanthisitta chloris	Rifleman
Xenicus gilviventris	New Zealand Rockwren
Xenicus longipes	Bushwren
Philepitta castanea	Velvet Asity
Philepitta schlegeli	Schlegel's Asity
Neodrepanis coruscans	Common Sunbird-Asity
Neodrepanis hypoxantha	Yellow-bellied Sunbird-Asity
Pseudocalyptomena graueri	Grauer's Broadbill
Corydon sumatranus	Dusky Broadbill
Psarisomus dalhousiae	Long-tailed Broadbill
Sarcophanops steerii	Wattled Broadbill
Sarcophanops samarensis	Visayan Broadbill
Eurylaimus ochromalus	Black-and-yellow Broadbill
Eurylaimus javanicus	Banded Broadbill
Cymbirhynchus macrorhynchos	Black-and-red Broadbill
Serilophus rubropygius	Grey-lored Broadbill
Serilophus lunatus	Silver-breasted Broadbill
Calyptomena viridis	Green Broadbill
Calyptomena hosii	Hose's Broadbill
Calyptomena whiteheadi	Whitehead's Broadbill
Smithornis capensis	African Broadbill
Smithornis sharpei	Grey-headed Broadbill
Smithornis rufolateralis	Rufous-sided Broadbill
Sapayoa aenigma	Sapayoa
Erythropitta kochi	Whiskered Pitta
Erythropitta erythrogaster	Philippine Pitta
Erythropitta dohertyi	Sula Pitta
Erythropitta celebensis	Sulawesi Pitta
Erythropitta rufiventris	North Moluccan Pitta
Erythropitta rubrinucha	South Moluccan Pitta
Erythropitta macklotii	Papuan Pitta
Erythropitta novaehibernicae	Bismarck Pitta
Erythropitta meeki	Louisiade Pitta
Erythropitta venusta	Graceful Pitta
Erythropitta ussheri	Black-crowned Pitta
Erythropitta arquata	Blue-banded Pitta
Erythropitta granatina	Garnet Pitta
Hydrornis phayrei	Eared Pitta
Hydrornis oatesi	Rusty-naped Pitta
Hydrornis nipalensis	Blue-naped Pitta
Hydrornis soror	Blue-rumped Pitta
Hydrornis caeruleus	Giant Pitta
Hydrornis schneideri	Schneider's Pitta
Hydrornis irena	Malayan Banded Pitta
Hydrornis guajanus	Javan Banded Pitta
Hydrornis schwaneri	Bornean Banded Pitta
Hydrornis baudii	Blue-headed Pitta
Hydrornis cyaneus	Blue Pitta
Hydrornis elliotii	Bar-bellied Pitta
Hydrornis gurneyi	Gurney's Pitta
Pitta angolensis	African Pitta
Pitta reichenowi	Green-breasted Pitta
Pitta brachyura	Indian Pitta
Pitta moluccensis	Blue-winged Pitta
Pitta nympha	Fairy Pitta
Pitta abbotti	Nicobar Hooded Pitta
Pitta sordida	Western Hooded Pitta
Pitta forsteni	Minahasa Hooded Pitta
Pitta novaeguineae	Eastern Hooded Pitta
Pitta rosenbergii	Biak Hooded Pitta
Pitta steerii	Azure-breasted Pitta
Pitta versicolor	Noisy Pitta
Pitta maxima	Ivory-breasted Pitta
Pitta concinna	Ornate Pitta
Pitta elegans	Elegant Pitta
Pitta vigorsii	Banda Sea Pitta
Pitta anerythra	Black-faced Pitta
Pitta megarhyncha	Mangrove Pitta
Pitta superba	Superb Pitta
Pitta iris	Rainbow Pitta
Tyranneutes virescens	Tiny Tyrant-Manakin
Tyranneutes stolzmanni	Dwarf Tyrant-Manakin
Neopelma pallescens	Pale-bellied Tyrant-Manakin
Neopelma chrysocephalum	Saffron-crested Tyrant-Manakin
Neopelma aurifrons	Wied's Tyrant-Manakin
Neopelma chrysolophum	Serra do Mar Tyrant-Manakin
Neopelma sulphureiventer	Sulphur-bellied Tyrant-Manakin
Ilicura militaris	Pin-tailed Manakin
Masius chrysopterus	Golden-winged Manakin
Corapipo altera	White-ruffed Manakin
Corapipo leucorrhoa	White-bibbed Manakin
Corapipo gutturalis	White-throated Manakin
Chiroxiphia bokermanni	Araripe Manakin
Chiroxiphia galeata	Helmeted Manakin
Chiroxiphia lanceolata	Lance-tailed Manakin
Chiroxiphia linearis	Long-tailed Manakin
Chiroxiphia pareola	Blue-backed Manakin
Chiroxiphia boliviana	Yungas Manakin
Chiroxiphia caudata	Blue Manakin
Xenopipo atronitens	Black Manakin
Xenopipo uniformis	Olive Manakin
Chloropipo flavicapilla	Yellow-headed Manakin
Chloropipo unicolor	Jet Manakin
Cryptopipo holochlora	Green Manakin
Cryptopipo litae	Choco Manakin
Lepidothrix velutina	Velvety Manakin
Lepidothrix coronata	Blue-capped Manakin
Lepidothrix nattereri	Snow-capped Manakin
Lepidothrix vilasboasi	Golden-crowned Manakin
Lepidothrix iris	Opal-crowned Manakin
Lepidothrix suavissima	Orange-bellied Manakin
Lepidothrix serena	White-fronted Manakin
Lepidothrix isidorei	Blue-rumped Manakin
Lepidothrix coeruleocapilla	Cerulean-capped Manakin
Heterocercus aurantiivertex	Orange-crested Manakin
Heterocercus flavivertex	Yellow-crested Manakin
Heterocercus linteatus	Flame-crested Manakin
Manacus candei	White-collared Manakin
Manacus aurantiacus	Orange-collared Manakin
Manacus vitellinus	Golden-collared Manakin
Manacus manacus	White-bearded Manakin
Pipra aureola	Crimson-hooded Manakin
Pipra filicauda	Wire-tailed Manakin
Pipra fasciicauda	Band-tailed Manakin
Machaeropterus deliciosus	Club-winged Manakin
Machaeropterus striolatus	Striolated Manakin
Machaeropterus eckelberryi	Painted Manakin
Machaeropterus regulus	Kinglet Manakin
Machaeropterus pyrocephalus	Fiery-capped Manakin
Pseudopipra pipra	White-crowned Manakin
Ceratopipra cornuta	Scarlet-horned Manakin
Ceratopipra mentalis	Red-capped Manakin
Ceratopipra erythrocephala	Golden-headed Manakin
Ceratopipra rubrocapilla	Red-headed Manakin
Ceratopipra chloromeros	Round-tailed Manakin
Ampelioides tschudii	Scaled Fruiteater
Pipreola riefferii	Green-and-black Fruiteater
Pipreola intermedia	Band-tailed Fruiteater
Pipreola arcuata	Barred Fruiteater
Pipreola aureopectus	Golden-breasted Fruiteater
Pipreola jucunda	Orange-breasted Fruiteater
Pipreola lubomirskii	Black-chested Fruiteater
Pipreola pulchra	Masked Fruiteater
Pipreola frontalis	Scarlet-breasted Fruiteater
Pipreola chlorolepidota	Fiery-throated Fruiteater
Pipreola formosa	Handsome Fruiteater
Pipreola whitelyi	Red-banded Fruiteater
Carpornis melanocephala	Black-headed Berryeater
Carpornis cucullata	Hooded Berryeater
Snowornis subalaris	Grey-tailed Piha
Snowornis cryptolophus	Olivaceous Piha
Phoenicircus carnifex	Guianan Red Cotinga
Phoenicircus nigricollis	Black-necked Red Cotinga
Rupicola rupicola	Guianan Cock-of-the-rock
Rupicola peruvianus	Andean Cock-of-the-rock
Zaratornis stresemanni	White-cheeked Cotinga
Phibalura flavirostris	Swallow-tailed Cotinga
Phytotoma raimondii	Peruvian Plantcutter
Phytotoma rutila	White-tipped Plantcutter
Phytotoma rara	Rufous-tailed Plantcutter
Doliornis sclateri	Bay-vented Cotinga
Doliornis remseni	Chestnut-bellied Cotinga
Ampelion rubrocristatus	Red-crested Cotinga
Ampelion rufaxilla	Chestnut-crested Cotinga
Haematoderus militaris	Crimson Fruitcrow
Querula purpurata	Purple-throated Fruitcrow
Pyroderus scutatus	Red-ruffed Fruitcrow
Perissocephalus tricolor	Capuchinbird
Cephalopterus glabricollis	Bare-necked Umbrellabird
Cephalopterus ornatus	Amazonian Umbrellabird
Cephalopterus penduliger	Long-wattled Umbrellabird
Porphyrolaema porphyrolaema	Purple-throated Cotinga
Gymnoderus foetidus	Bare-necked Fruitcrow
Conioptilon mcilhennyi	Black-faced Cotinga
Xipholena punicea	Pompadour Cotinga
Xipholena lamellipennis	White-tailed Cotinga
Xipholena atropurpurea	White-winged Cotinga
Carpodectes hopkei	Black-tipped Cotinga
Carpodectes antoniae	Yellow-billed Cotinga
Carpodectes nitidus	Snowy Cotinga
Cotinga amabilis	Lovely Cotinga
Cotinga ridgwayi	Turquoise Cotinga
Cotinga nattererii	Blue Cotinga
Cotinga maynana	Plum-throated Cotinga
Cotinga cotinga	Purple-breasted Cotinga
Cotinga maculata	Banded Cotinga
Cotinga cayana	Spangled Cotinga
Procnias tricarunculatus	Three-wattled Bellbird
Procnias albus	White Bellbird
Procnias averano	Bearded Bellbird
Procnias nudicollis	Bare-throated Bellbird
Lipaugus unirufus	Rufous Piha
Lipaugus streptophorus	Rose-collared Piha
Lipaugus vociferans	Screaming Piha
Lipaugus lanioides	Cinnamon-vented Piha
Lipaugus ater	Black-and-gold Cotinga
Lipaugus conditus	Grey-winged Cotinga
Lipaugus weberi	Chestnut-capped Piha
Lipaugus fuscocinereus	Dusky Piha
Lipaugus uropygialis	Scimitar-winged Piha
Laniisoma elegans	Brazilian Laniisoma
Laniisoma buckleyi	Andean Laniisoma
Laniocera hypopyrra	Cinereous Mourner
Laniocera rufescens	Speckled Mourner
Schiffornis major	Varzea Schiffornis
Schiffornis olivacea	Guianan Schiffornis
Schiffornis veraepacis	Northern Schiffornis
Schiffornis aenea	Foothill Schiffornis
Schiffornis stenorhyncha	Russet-winged Schiffornis
Schiffornis turdina	Brown-winged Schiffornis
Schiffornis virescens	Greenish Schiffornis
Iodopleura isabellae	White-browed Purpletuft
Iodopleura fusca	Dusky Purpletuft
Iodopleura pipra	Buff-throated Purpletuft
Tityra cayana	Black-tailed Tityra
Tityra inquisitor	Black-crowned Tityra
Tityra leucura	White-tailed Tityra
Tityra semifasciata	Masked Tityra
Xenopsaris albinucha	White-naped Xenopsaris
Pachyramphus viridis	Green-backed Becard
Pachyramphus versicolor	Barred Becard
Pachyramphus spodiurus	Slaty Becard
Pachyramphus rufus	Cinereous Becard
Pachyramphus cinnamomeus	Cinnamon Becard
Pachyramphus castaneus	Chestnut-crowned Becard
Pachyramphus polychopterus	White-winged Becard
Pachyramphus albogriseus	Black-and-white Becard
Pachyramphus salvini	Cryptic Becard
Pachyramphus major	Grey-collared Becard
Pachyramphus marginatus	Black-capped Becard
Pachyramphus surinamus	Glossy-backed Becard
Pachyramphus aglaiae	Rose-throated Becard
Pachyramphus niger	Jamaican Becard
Pachyramphus homochrous	One-colored Becard
Pachyramphus minor	Pink-throated Becard
Pachyramphus validus	Crested Becard
Oxyruncus cristatus	Sharpbill
Onychorhynchus swainsoni	Atlantic Royal Flycatcher
Onychorhynchus coronatus	Tropical Royal Flycatcher
Terenotriccus erythrurus	Ruddy-tailed Flycatcher
Myiobius villosus	Tawny-breasted Myiobius
Myiobius sulphureipygius	Sulphur-rumped Myiobius
Myiobius barbatus	Whiskered Myiobius
Myiobius atricaudus	Black-tailed Myiobius
Piprites chloris	Wing-barred Piprites
Piprites griseiceps	Grey-headed Piprites
Piprites pileata	Black-capped Piprites
Neopipo cinnamomea	Cinnamon Neopipo
Calyptura cristata	Kinglet Calyptura
Platyrinchus saturatus	Cinnamon-crested Spadebill
Platyrinchus cancrominus	Stub-tailed Spadebill
Platyrinchus mystaceus	White-throated Spadebill
Platyrinchus coronatus	Golden-crowned Spadebill
Platyrinchus flavigularis	Yellow-throated Spadebill
Platyrinchus platyrhynchos	White-crested Spadebill
Platyrinchus leucoryphus	Russet-winged Spadebill
Tachuris rubrigastra	Many-colored Rush Tyrant
Corythopis delalandi	Southern Antpipit
Corythopis torquatus	Ringed Antpipit
Pseudotriccus pelzelni	Bronze-olive Pygmy Tyrant
Pseudotriccus simplex	Hazel-fronted Pygmy Tyrant
Pseudotriccus ruficeps	Rufous-headed Pygmy Tyrant
Leptopogon amaurocephalus	Sepia-capped Flycatcher
Leptopogon superciliaris	Slaty-capped Flycatcher
Leptopogon rufipectus	Rufous-breasted Flycatcher
Leptopogon taczanowskii	Inca Flycatcher
Mionectes striaticollis	Streak-necked Flycatcher
Mionectes olivaceus	Olive-striped Flycatcher
Mionectes oleagineus	Ochre-bellied Flycatcher
Mionectes macconnelli	McConnell's Flycatcher
Mionectes roraimae	Sierra de Lema Flycatcher
Mionectes rufiventris	Grey-hooded Flycatcher
Pogonotriccus difficilis	Serra do Mar Bristle Tyrant
Pogonotriccus eximius	Southern Bristle Tyrant
Pogonotriccus ophthalmicus	Marble-faced Bristle Tyrant
Pogonotriccus lanyoni	Antioquia Bristle Tyrant
Pogonotriccus paulista	Sao Paulo Bristle Tyrant
Pogonotriccus poecilotis	Variegated Bristle Tyrant
Pogonotriccus venezuelanus	Venezuelan Bristle Tyrant
Pogonotriccus orbitalis	Spectacled Bristle Tyrant
Pogonotriccus chapmani	Chapman's Bristle Tyrant
Phylloscartes oustaleti	Oustalet's Tyrannulet
Phylloscartes flavovirens	Panama Tyrannulet
Phylloscartes virescens	Olive-green Tyrannulet
Phylloscartes ventralis	Mottle-cheeked Tyrannulet
Phylloscartes beckeri	Bahia Tyrannulet
Phylloscartes kronei	Restinga Tyrannulet
Phylloscartes sylviolus	Bay-ringed Tyrannulet
Phylloscartes ceciliae	Alagoas Tyrannulet
Phylloscartes roquettei	Minas Gerais Tyrannulet
Phylloscartes superciliaris	Rufous-browed Tyrannulet
Phylloscartes nigrifrons	Black-fronted Tyrannulet
Phylloscartes flaviventris	Rufous-lored Tyrannulet
Phylloscartes gualaquizae	Ecuadorian Tyrannulet
Phylloscartes parkeri	Cinnamon-faced Tyrannulet
Rhynchocyclus brevirostris	Eye-ringed Flatbill
Rhynchocyclus aequinoctialis	Western Olivaceous Flatbill
Rhynchocyclus olivaceus	Eastern Olivaceous Flatbill
Rhynchocyclus pacificus	Pacific Flatbill
Rhynchocyclus fulvipectus	Fulvous-breasted Flatbill
Tolmomyias sulphurescens	Yellow-olive Flatbill
Tolmomyias traylori	Orange-eyed Flatbill
Tolmomyias flavotectus	Yellow-winged Flatbill
Tolmomyias assimilis	Yellow-margined Flatbill
Tolmomyias poliocephalus	Grey-crowned Flatbill
Tolmomyias viridiceps	Olive-faced Flatbill
Tolmomyias flaviventris	Ochre-lored Flatbill
Taeniotriccus andrei	Black-chested Tyrant
Cnipodectes superrufus	Rufous Twistwing
Cnipodectes subbrunneus	Brownish Twistwing
Todirostrum maculatum	Spotted Tody-Flycatcher
Todirostrum poliocephalum	Yellow-lored Tody-Flycatcher
Todirostrum cinereum	Common Tody-Flycatcher
Todirostrum viridanum	Maracaibo Tody-Flycatcher
Todirostrum nigriceps	Black-headed Tody-Flycatcher
Todirostrum pictum	Painted Tody-Flycatcher
Todirostrum chrysocrotaphum	Yellow-browed Tody-Flycatcher
Poecilotriccus ruficeps	Rufous-crowned Tody-Flycatcher
Poecilotriccus luluae	Lulu's Tody-Flycatcher
Poecilotriccus albifacies	White-cheeked Tody-Flycatcher
Poecilotriccus capitalis	Black-and-white Tody-Flycatcher
Poecilotriccus senex	Buff-cheeked Tody-Flycatcher
Poecilotriccus russatus	Ruddy Tody-Flycatcher
Poecilotriccus plumbeiceps	Ochre-faced Tody-Flycatcher
Poecilotriccus fumifrons	Smoky-fronted Tody-Flycatcher
Poecilotriccus latirostris	Rusty-fronted Tody-Flycatcher
Poecilotriccus sylvia	Slaty-headed Tody-Flycatcher
Poecilotriccus calopterus	Golden-winged Tody-Flycatcher
Poecilotriccus pulchellus	Black-backed Tody-Flycatcher
Hemitriccus minor	Snethlage's Tody-Tyrant
Hemitriccus spodiops	Yungas Tody-Tyrant
Hemitriccus cohnhafti	Acre Tody-Tyrant
Hemitriccus flammulatus	Flammulated Bamboo Tyrant
Hemitriccus diops	Drab-breasted Bamboo Tyrant
Hemitriccus obsoletus	Brown-breasted Bamboo Tyrant
Hemitriccus josephinae	Boat-billed Tody-Tyrant
Hemitriccus zosterops	White-eyed Tody-Tyrant
Hemitriccus griseipectus	White-bellied Tody-Tyrant
Hemitriccus orbitatus	Eye-ringed Tody-Tyrant
Hemitriccus iohannis	Johannes's Tody-Tyrant
Hemitriccus striaticollis	Stripe-necked Tody-Tyrant
Hemitriccus nidipendulus	Hangnest Tody-Tyrant
Hemitriccus margaritaceiventer	Pearly-vented Tody-Tyrant
Hemitriccus inornatus	Pelzeln's Tody-Tyrant
Hemitriccus minimus	Zimmer's Tody-Tyrant
Hemitriccus granadensis	Black-throated Tody-Tyrant
Hemitriccus cinnamomeipectus	Cinnamon-breasted Tody-Tyrant
Hemitriccus mirandae	Buff-breasted Tody-Tyrant
Hemitriccus kaempferi	Kaempfer's Tody-Tyrant
Hemitriccus rufigularis	Buff-throated Tody-Tyrant
Hemitriccus furcatus	Fork-tailed Tody-Tyrant
Myiornis auricularis	Eared Pygmy Tyrant
Myiornis albiventris	White-bellied Pygmy Tyrant
Myiornis atricapillus	Black-capped Pygmy Tyrant
Myiornis ecaudatus	Short-tailed Pygmy Tyrant
Atalotriccus pilaris	Pale-eyed Pygmy Tyrant
Lophotriccus pileatus	Scale-crested Pygmy Tyrant
Lophotriccus vitiosus	Double-banded Pygmy Tyrant
Lophotriccus eulophotes	Long-crested Pygmy Tyrant
Lophotriccus galeatus	Helmeted Pygmy Tyrant
Oncostoma cinereigulare	Northern Bentbill
Oncostoma olivaceum	Southern Bentbill
Hirundinea ferruginea	Cliff Flycatcher
Pyrrhomyias cinnamomeus	Cinnamon Flycatcher
Myiotriccus ornatus	Ornate Flycatcher
Nephelomyias pulcher	Handsome Flycatcher
Nephelomyias lintoni	Orange-banded Flycatcher
Nephelomyias ochraceiventris	Ochraceous-breasted Flycatcher
Zimmerius cinereicapilla	Red-billed Tyrannulet
Zimmerius villarejoi	Mishana Tyrannulet
Zimmerius chicomendesi	Chico's Tyrannulet
Zimmerius acer	Guianan Tyrannulet
Zimmerius vilissimus	Guatemalan Tyrannulet
Zimmerius parvus	Mistletoe Tyrannulet
Zimmerius albigularis	Choco Tyrannulet
Zimmerius improbus	Spectacled Tyrannulet
Zimmerius chrysops	Golden-faced Tyrannulet
Zimmerius viridiflavus	Peruvian Tyrannulet
Zimmerius bolivianus	Bolivian Tyrannulet
Zimmerius petersi	Venezuelan Tyrannulet
Zimmerius gracilipes	Slender-footed Tyrannulet
Stigmatura napensis	Lesser Wagtail-Tyrant
Stigmatura bahiae	Bahia Wagtail-Tyrant
Stigmatura budytoides	Greater Wagtail-Tyrant
Euscarthmus fulviceps	Fulvous-faced Scrub Tyrant
Euscarthmus meloryphus	Fulvous-crowned Scrub Tyrant
Euscarthmus rufomarginatus	Rufous-sided Scrub Tyrant
Inezia tenuirostris	Slender-billed Inezia
Inezia inornata	Plain Inezia
Inezia subflava	Amazonian Inezia
Inezia caudata	Pale-tipped Inezia
Acrochordopus burmeisteri	Rough-legged Tyrannulet
Acrochordopus zeledoni	White-fronted Tyrannulet
Tyranniscus nigrocapillus	Black-capped Tyrannulet
Tyranniscus cinereiceps	Ashy-headed Tyrannulet
Tyranniscus uropygialis	Tawny-rumped Tyrannulet
Ornithion semiflavum	Yellow-bellied Tyrannulet
Ornithion brunneicapillus	Brown-capped Tyrannulet
Ornithion inerme	White-lored Tyrannulet
Camptostoma imberbe	Northern Beardless Tyrannulet
Camptostoma obsoletum	Southern Beardless Tyrannulet
Tyrannulus elatus	Yellow-crowned Tyrannulet
Myiopagis gaimardii	Forest Elaenia
Myiopagis parambae	Choco Elaenia
Myiopagis cinerea	Amazonian Elaenia
Myiopagis olallai	Foothill Elaenia
Myiopagis caniceps	Grey-headed Elaenia
Myiopagis subplacens	Pacific Elaenia
Myiopagis flavivertex	Yellow-crowned Elaenia
Myiopagis cotta	Jamaican Elaenia
Myiopagis viridicata	Greenish Elaenia
Elaenia cristata	Plain-crested Elaenia
Elaenia ruficeps	Rufous-crowned Elaenia
Elaenia strepera	Slaty Elaenia
Elaenia gigas	Mottle-backed Elaenia
Elaenia sordida	Small-headed Elaenia
Elaenia dayi	Great Elaenia
Elaenia obscura	Highland Elaenia
Elaenia flavogaster	Yellow-bellied Elaenia
Elaenia parvirostris	Small-billed Elaenia
Elaenia pelzelni	Brownish Elaenia
Elaenia spectabilis	Large Elaenia
Elaenia ridleyana	Noronha Elaenia
Elaenia mesoleuca	Olivaceous Elaenia
Elaenia chiriquensis	Lesser Elaenia
Elaenia brachyptera	Coopmans's Elaenia
Elaenia albiceps	White-crested Elaenia
Elaenia pallatangae	Sierran Elaenia
Elaenia frantzii	Mountain Elaenia
Elaenia olivina	Tepui Elaenia
Elaenia martinica	Caribbean Elaenia
Elaenia fallax	Blue Mountain Elaenia
Elaenia cherriei	Hispaniolan Elaenia
Suiriri suiriri	Suiriri Flycatcher
Pseudelaenia leucospodia	Grey-and-white Tyrannulet
Capsiempis flaveola	Yellow Tyrannulet
Phyllomyias virescens	Greenish Tyrannulet
Phyllomyias reiseri	Reiser's Tyrannulet
Phyllomyias urichi	Urich's Tyrannulet
Phyllomyias sclateri	Sclater's Tyrannulet
Phyllomyias fasciatus	Planalto Tyrannulet
Phyllomyias weedeni	Yungas Tyrannulet
Phyllomyias griseiceps	Sooty-headed Tyrannulet
Phyllomyias plumbeiceps	Plumbeous-crowned Tyrannulet
Phyllomyias griseocapilla	Grey-capped Tyrannulet
Nesotriccus tumbezanus	Tumbesian Tyrannulet
Nesotriccus maranonicus	Maranon Tyrannulet
Nesotriccus ridgwayi	Cocos Tyrannulet
Nesotriccus murinus	Mouse-colored Tyrannulet
Mecocerculus poecilocercus	White-tailed Tyrannulet
Mecocerculus hellmayri	Buff-banded Tyrannulet
Mecocerculus stictopterus	White-banded Tyrannulet
Mecocerculus leucophrys	White-throated Tyrannulet
Mecocerculus calopterus	Rufous-winged Tyrannulet
Mecocerculus minor	Sulphur-bellied Tyrannulet
Culicivora caudacuta	Sharp-tailed Grass Tyrant
Pseudocolopteryx sclateri	Crested Doradito
Pseudocolopteryx acutipennis	Subtropical Doradito
Pseudocolopteryx dinelliana	Dinelli's Doradito
Pseudocolopteryx flaviventris	Warbling Doradito
Pseudocolopteryx citreola	Ticking Doradito
Polystictus superciliaris	Grey-backed Tachuri
Polystictus pectoralis	Bearded Tachuri
Serpophaga cinerea	Torrent Tyrannulet
Serpophaga hypoleuca	River Tyrannulet
Serpophaga nigricans	Sooty Tyrannulet
Serpophaga subcristata	White-crested Tyrannulet
Serpophaga griseicapilla	Straneck's Tyrannulet
Uromyias agilis	Agile Tit-Tyrant
Uromyias agraphia	Unstreaked Tit-Tyrant
Anairetes nigrocristatus	Black-crested Tit-Tyrant
Anairetes reguloides	Pied-crested Tit-Tyrant
Anairetes alpinus	Ash-breasted Tit-Tyrant
Anairetes flavirostris	Yellow-billed Tit-Tyrant
Anairetes parulus	Tufted Tit-Tyrant
Anairetes fernandezianus	Juan Fernandez Tit-Tyrant
Ramphotrigon megacephalum	Large-headed Flatbill
Ramphotrigon ruficauda	Rufous-tailed Flatbill
Ramphotrigon flammulatum	Flammulated Flycatcher
Ramphotrigon fuscicauda	Dusky-tailed Flatbill
Sirystes albogriseus	Choco Sirystes
Sirystes albocinereus	White-rumped Sirystes
Sirystes subcanescens	Todd's Sirystes
Sirystes sibilator	Sibilant Sirystes
Casiornis rufus	Rufous Casiornis
Casiornis fuscus	Ash-throated Casiornis
Rhytipterna holerythra	Rufous Mourner
Rhytipterna simplex	Greyish Mourner
Rhytipterna immunda	Pale-bellied Mourner
Myiarchus semirufus	Rufous Flycatcher
Myiarchus yucatanensis	Yucatan Flycatcher
Myiarchus barbirostris	Sad Flycatcher
Myiarchus tuberculifer	Dusky-capped Flycatcher
Myiarchus swainsoni	Swainson's Flycatcher
Myiarchus venezuelensis	Venezuelan Flycatcher
Myiarchus panamensis	Panama Flycatcher
Myiarchus ferox	Short-crested Flycatcher
Myiarchus apicalis	Apical Flycatcher
Myiarchus phaeocephalus	Sooty-crowned Flycatcher
Myiarchus cephalotes	Pale-edged Flycatcher
Myiarchus cinerascens	Ash-throated Flycatcher
Myiarchus nuttingi	Nutting's Flycatcher
Myiarchus crinitus	Great Crested Flycatcher
Myiarchus tyrannulus	Brown-crested Flycatcher
Myiarchus magnirostris	Galapagos Flycatcher
Myiarchus nugator	Grenada Flycatcher
Myiarchus validus	Rufous-tailed Flycatcher
Myiarchus sagrae	La Sagra's Flycatcher
Myiarchus stolidus	Stolid Flycatcher
Myiarchus antillarum	Puerto Rican Flycatcher
Myiarchus oberi	Lesser Antillean Flycatcher
Legatus leucophaius	Piratic Flycatcher
Attila phoenicurus	Rufous-tailed Attila
Attila cinnamomeus	Cinnamon Attila
Attila torridus	Ochraceous Attila
Attila citriniventris	Citron-bellied Attila
Attila bolivianus	White-eyed Attila
Attila rufus	Grey-hooded Attila
Attila spadiceus	Bright-rumped Attila
Machetornis rixosa	Cattle Tyrant
Philohydor lictor	Lesser Kiskadee
Pitangus sulphuratus	Great Kiskadee
Myiozetetes cayanensis	Rusty-margined Flycatcher
Myiozetetes similis	Social Flycatcher
Myiozetetes granadensis	Grey-capped Flycatcher
Myiozetetes luteiventris	Dusky-chested Flycatcher
Myiodynastes hemichrysus	Golden-bellied Flycatcher
Myiodynastes chrysocephalus	Golden-crowned Flycatcher
Myiodynastes bairdii	Baird's Flycatcher
Myiodynastes maculatus	Streaked Flycatcher
Myiodynastes luteiventris	Sulphur-bellied Flycatcher
Tyrannopsis sulphurea	Sulphury Flycatcher
Megarynchus pitangua	Boat-billed Flycatcher
Conopias albovittatus	White-ringed Flycatcher
Conopias parvus	Yellow-throated Flycatcher
Conopias trivirgatus	Three-striped Flycatcher
Conopias cinchoneti	Lemon-browed Flycatcher
Empidonomus varius	Variegated Flycatcher
Empidonomus aurantioatrocristatus	Crowned Slaty Flycatcher
Tyrannus savana	Fork-tailed Flycatcher
Tyrannus albogularis	White-throated Kingbird
Tyrannus melancholicus	Tropical Kingbird
Tyrannus cubensis	Giant Kingbird
Tyrannus dominicensis	Grey Kingbird
Tyrannus niveigularis	Snowy-throated Kingbird
Tyrannus caudifasciatus	Loggerhead Kingbird
Tyrannus couchii	Couch's Kingbird
Tyrannus crassirostris	Thick-billed Kingbird
Tyrannus tyrannus	Eastern Kingbird
Tyrannus vociferans	Cassin's Kingbird
Tyrannus forficatus	Scissor-tailed Flycatcher
Tyrannus verticalis	Western Kingbird
Muscigralla brevicauda	Short-tailed Field Tyrant
Myiophobus flavicans	Flavescent Flycatcher
Myiophobus phoenicomitra	Orange-crested Flycatcher
Myiophobus inornatus	Unadorned Flycatcher
Myiophobus roraimae	Roraiman Flycatcher
Myiophobus cryptoxanthus	Olive-chested Flycatcher
Myiophobus fasciatus	Bran-colored Flycatcher
Myiophobus crypterythrus	Mouse-grey Flycatcher
Myiophobus rufescens	Rufescent Flycatcher
Silvicultrix frontalis	Crowned Chat-Tyrant
Silvicultrix spodionota	Kalinowski's Chat-Tyrant
Silvicultrix jelskii	Jelski's Chat-Tyrant
Silvicultrix pulchella	Golden-browed Chat-Tyrant
Silvicultrix diadema	Yellow-bellied Chat-Tyrant
Colorhamphus parvirostris	Patagonian Tyrant
Ochthoeca salvini	Tumbes Tyrant
Ochthoeca cinnamomeiventris	Slaty-backed Chat-Tyrant
Ochthoeca nigrita	Blackish Chat-Tyrant
Ochthoeca thoracica	Maroon-belted Chat-Tyrant
Ochthoeca rufipectoralis	Rufous-breasted Chat-Tyrant
Ochthoeca fumicolor	Brown-backed Chat-Tyrant
Ochthoeca superciliosa	Rufous-browed Chat-Tyrant
Ochthoeca oenanthoides	D'Orbigny's Chat-Tyrant
Ochthoeca piurae	Piura Chat-Tyrant
Ochthoeca leucophrys	White-browed Chat-Tyrant
Phelpsia inornata	White-bearded Flycatcher
Guyramemua affine	Chapada Flycatcher
Sublegatus arenarum	Northern Scrub Flycatcher
Sublegatus obscurior	Amazonian Scrub Flycatcher
Sublegatus modestus	Southern Scrub Flycatcher
Colonia colonus	Long-tailed Tyrant
Arundinicola leucocephala	White-headed Marsh Tyrant
Fluvicola pica	Pied Water Tyrant
Fluvicola albiventer	Black-backed Water Tyrant
Fluvicola nengeta	Masked Water Tyrant
Pyrocephalus nanus	Brujo Flycatcher
Pyrocephalus rubinus	Vermilion Flycatcher
Muscipipra vetula	Shear-tailed Grey Tyrant
Gubernetes yetapa	Streamer-tailed Tyrant
Heteroxolmis dominicana	Black-and-white Monjita
Alectrurus tricolor	Cock-tailed Tyrant
Alectrurus risora	Strange-tailed Tyrant
Ochthornis littoralis	Drab Water Tyrant
Cnemotriccus fuscatus	Fuscous Flycatcher
Aphanotriccus capitalis	Tawny-chested Flycatcher
Aphanotriccus audax	Black-billed Flycatcher
Lathrotriccus griseipectus	Grey-breasted Flycatcher
Lathrotriccus euleri	Euler's Flycatcher
Xenotriccus callizonus	Belted Flycatcher
Xenotriccus mexicanus	Pileated Flycatcher
Sayornis saya	Say's Phoebe
Sayornis phoebe	Eastern Phoebe
Sayornis nigricans	Black Phoebe
Empidonax virescens	Acadian Flycatcher
Empidonax albigularis	White-throated Flycatcher
Empidonax alnorum	Alder Flycatcher
Empidonax traillii	Willow Flycatcher
Empidonax flaviventris	Yellow-bellied Flycatcher
Empidonax flavescens	Yellowish Flycatcher
Empidonax difficilis	Western Flycatcher
Empidonax hammondii	Hammond's Flycatcher
Empidonax oberholseri	American Dusky Flycatcher
Empidonax affinis	Pine Flycatcher
Empidonax minimus	Least Flycatcher
Empidonax wrightii	American Grey Flycatcher
Empidonax atriceps	Black-capped Flycatcher
Empidonax fulvifrons	Buff-breasted Flycatcher
Mitrephanes olivaceus	Olive Tufted Flycatcher
Mitrephanes phaeocercus	Northern Tufted Flycatcher
Contopus cooperi	Olive-sided Flycatcher
Contopus ochraceus	Ochraceous Pewee
Contopus pertinax	Greater Pewee
Contopus lugubris	Dark Pewee
Contopus fumigatus	Smoke-colored Pewee
Contopus pallidus	Jamaican Pewee
Contopus punensis	Tumbes Pewee
Contopus albogularis	White-throated Pewee
Contopus nigrescens	Blackish Pewee
Contopus cinereus	Southern Tropical Pewee
Contopus sordidulus	Western Wood Pewee
Contopus bogotensis	Northern Tropical Pewee
Contopus virens	Eastern Wood Pewee
Contopus caribaeus	Cuban Pewee
Contopus hispaniolensis	Hispaniolan Pewee
Contopus latirostris	Lesser Antillean Pewee
Satrapa icterophrys	Yellow-browed Tyrant
Syrtidicola fluviatilis	Little Ground Tyrant
Muscisaxicola maculirostris	Spot-billed Ground Tyrant
Muscisaxicola griseus	Taczanowski's Ground Tyrant
Muscisaxicola juninensis	Puna Ground Tyrant
Muscisaxicola cinereus	Cinereous Ground Tyrant
Muscisaxicola albifrons	White-fronted Ground Tyrant
Muscisaxicola flavinucha	Ochre-naped Ground Tyrant
Muscisaxicola rufivertex	Rufous-naped Ground Tyrant
Muscisaxicola maclovianus	Dark-faced Ground Tyrant
Muscisaxicola albilora	White-browed Ground Tyrant
Muscisaxicola alpinus	Paramo Ground Tyrant
Muscisaxicola capistratus	Cinnamon-bellied Ground Tyrant
Muscisaxicola frontalis	Black-fronted Ground Tyrant
Lessonia rufa	Austral Negrito
Lessonia oreas	Andean Negrito
Hymenops perspicillatus	Spectacled Tyrant
Knipolegus orenocensis	Riverside Tyrant
Knipolegus poecilurus	Rufous-tailed Tyrant
Knipolegus poecilocercus	Amazonian Black Tyrant
Knipolegus franciscanus	Sao Francisco Black Tyrant
Knipolegus lophotes	Crested Black Tyrant
Knipolegus nigerrimus	Velvety Black Tyrant
Knipolegus signatus	Jelski's Black Tyrant
Knipolegus cabanisi	Plumbeous Tyrant
Knipolegus cyanirostris	Blue-billed Black Tyrant
Knipolegus striaticeps	Cinereous Tyrant
Knipolegus aterrimus	White-winged Black Tyrant
Knipolegus hudsoni	Hudson's Black Tyrant
Cnemarchus erythropygius	Red-rumped Bush Tyrant
Cnemarchus rufipennis	Rufous-webbed Bush Tyrant
Xolmis velatus	White-rumped Monjita
Xolmis irupero	White Monjita
Pyrope pyrope	Fire-eyed Diucon
Nengetus cinereus	Grey Monjita
Neoxolmis coronatus	Black-crowned Monjita
Neoxolmis salinarum	Salinas Monjita
Neoxolmis rubetra	Rusty-backed Monjita
Neoxolmis rufiventris	Chocolate-vented Tyrant
Myiotheretes striaticollis	Streak-throated Bush Tyrant
Myiotheretes pernix	Santa Marta Bush Tyrant
Myiotheretes fumigatus	Smoky Bush Tyrant
Myiotheretes fuscorufus	Rufous-bellied Bush Tyrant
Agriornis montanus	Black-billed Shrike-Tyrant
Agriornis albicauda	White-tailed Shrike-Tyrant
Agriornis lividus	Great Shrike-Tyrant
Agriornis micropterus	Grey-bellied Shrike-Tyrant
Agriornis murinus	Lesser Shrike-Tyrant
Melanopareia torquata	Collared Crescentchest
Melanopareia maximiliani	Olive-crowned Crescentchest
Melanopareia maranonica	Maranon Crescentchest
Melanopareia elegans	Elegant Crescentchest
Pittasoma michleri	Black-crowned Antpitta
Pittasoma rufopileatum	Rufous-crowned Antpitta
Conopophaga melanogaster	Black-bellied Gnateater
Conopophaga melanops	Black-cheeked Gnateater
Conopophaga aurita	Chestnut-belted Gnateater
Conopophaga snethlageae	Black-breasted Gnateater
Conopophaga peruviana	Ash-throated Gnateater
Conopophaga cearae	Ceara Gnateater
Conopophaga roberti	Hooded Gnateater
Conopophaga lineata	Rufous Gnateater
Conopophaga castaneiceps	Chestnut-crowned Gnateater
Conopophaga ardesiaca	Slaty Gnateater
Myrmornis torquata	Wing-banded Antbird
Pygiptila stellaris	Spot-winged Antshrike
Thamnistes rufescens	Rufescent Antshrike
Thamnistes anabatinus	Russet Antshrike
Euchrepomis callinota	Rufous-rumped Antwren
Euchrepomis humeralis	Chestnut-shouldered Antwren
Euchrepomis sharpei	Yellow-rumped Antwren
Euchrepomis spodioptila	Ash-winged Antwren
Myrmorchilus strigilatus	Stripe-backed Antbird
Microrhopias quixensis	Dot-winged Antwren
Aprositornis disjuncta	Yapacana Antbird
Ammonastes pelzelni	Grey-bellied Antbird
Myrmophylax atrothorax	Black-throated Antbird
Neoctantes niger	Black Bushbird
Clytoctantes alixii	Recurve-billed Bushbird
Clytoctantes atrogularis	Rondonia Bushbird
Epinecrophylla fulviventris	Checker-throated Stipplethroat
Epinecrophylla gutturalis	Brown-bellied Stipplethroat
Epinecrophylla leucophthalma	White-eyed Stipplethroat
Epinecrophylla haematonota	Rufous-backed Stipplethroat
Epinecrophylla amazonica	Rio Madeira Stipplethroat
Epinecrophylla spodionota	Foothill Stipplethroat
Epinecrophylla ornata	Ornate Stipplethroat
Epinecrophylla erythrura	Rufous-tailed Stipplethroat
Terenura maculata	Streak-capped Antwren
Terenura sicki	Orange-bellied Antwren
Myrmochanes hemileucus	Black-and-white Antbird
Myrmotherula brachyura	Pygmy Antwren
Myrmotherula ignota	Moustached Antwren
Myrmotherula ambigua	Yellow-throated Antwren
Myrmotherula sclateri	Sclater's Antwren
Myrmotherula surinamensis	Guianan Streaked Antwren
Myrmotherula multostriata	Amazonian Streaked Antwren
Myrmotherula pacifica	Pacific Antwren
Myrmotherula cherriei	Cherrie's Antwren
Myrmotherula klagesi	Klages's Antwren
Myrmotherula longicauda	Stripe-chested Antwren
Myrmotherula axillaris	White-flanked Antwren
Myrmotherula schisticolor	Slaty Antwren
Myrmotherula sunensis	Rio Suno Antwren
Myrmotherula minor	Salvadori's Antwren
Myrmotherula longipennis	Long-winged Antwren
Myrmotherula urosticta	Band-tailed Antwren
Myrmotherula iheringi	Ihering's Antwren
Myrmotherula fluminensis	Rio de Janeiro Antwren
Myrmotherula grisea	Yungas Antwren
Myrmotherula unicolor	Unicolored Antwren
Myrmotherula snowi	Alagoas Antwren
Myrmotherula behni	Plain-winged Antwren
Myrmotherula menetriesii	Grey Antwren
Myrmotherula assimilis	Leaden Antwren
Formicivora iheringi	Narrow-billed Antwren
Formicivora erythronotos	Black-hooded Antwren
Formicivora intermedia	Northern White-fringed Antwren
Formicivora grisea	Southern White-fringed Antwren
Formicivora serrana	Serra Antwren
Formicivora melanogaster	Black-bellied Antwren
Formicivora rufa	Rusty-backed Antwren
Formicivora grantsaui	Sincora Antwren
Formicivora acutirostris	Marsh Antwren
Isleria guttata	Rufous-bellied Antwren
Isleria hauxwelli	Plain-throated Antwren
Xenornis setifrons	Speckled Antshrike
Thamnomanes ardesiacus	Dusky-throated Antshrike
Thamnomanes saturninus	Saturnine Antshrike
Thamnomanes caesius	Cinereous Antshrike
Thamnomanes schistogynus	Bluish-slate Antshrike
Megastictus margaritatus	Pearly Antshrike
Rhopias gularis	Star-throated Antwren
Dichrozona cincta	Banded Antbird
Cymbilaimus sanctaemariae	Bamboo Antshrike
Cymbilaimus lineatus	Fasciated Antshrike
Taraba major	Great Antshrike
Hypoedaleus guttatus	Spot-backed Antshrike
Batara cinerea	Giant Antshrike
Mackenziaena severa	Tufted Antshrike
Mackenziaena leachii	Large-tailed Antshrike
Frederickena viridis	Black-throated Antshrike
Frederickena unduliger	Undulated Antshrike
Frederickena fulva	Fulvous Antshrike
Sakesphoroides cristatus	Silvery-cheeked Antshrike
Biatas nigropectus	White-bearded Antshrike
Radinopsyche sellowi	Caatinga Antwren
Dysithamnus stictothorax	Spot-breasted Antvireo
Dysithamnus mentalis	Plain Antvireo
Dysithamnus striaticeps	Streak-crowned Antvireo
Dysithamnus puncticeps	Spot-crowned Antvireo
Dysithamnus xanthopterus	Rufous-backed Antvireo
Dysithamnus occidentalis	Bicolored Antvireo
Dysithamnus plumbeus	Plumbeous Antvireo
Dysithamnus leucostictus	White-streaked Antvireo
Herpsilochmus pileatus	Bahia Antwren
Herpsilochmus atricapillus	Black-capped Antwren
Herpsilochmus praedictus	Predicted Antwren
Herpsilochmus stotzi	Aripuana Antwren
Herpsilochmus motacilloides	Creamy-bellied Antwren
Herpsilochmus parkeri	Ash-throated Antwren
Herpsilochmus sticturus	Spot-tailed Antwren
Herpsilochmus dugandi	Dugand's Antwren
Herpsilochmus stictocephalus	Todd's Antwren
Herpsilochmus gentryi	Ancient Antwren
Herpsilochmus dorsimaculatus	Spot-backed Antwren
Herpsilochmus roraimae	Roraiman Antwren
Herpsilochmus pectoralis	Pectoral Antwren
Herpsilochmus longirostris	Large-billed Antwren
Herpsilochmus axillaris	Yellow-breasted Antwren
Herpsilochmus frater	Rusty-winged Antwren
Herpsilochmus rufimarginatus	Rufous-margined Antwren
Sakesphorus canadensis	Black-crested Antshrike
Sakesphorus pulchellus	Streak-fronted Antshrike
Sakesphorus luctuosus	Glossy Antshrike
Thamnophilus doliatus	Barred Antshrike
Thamnophilus ruficapillus	Rufous-capped Antshrike
Thamnophilus torquatus	Rufous-winged Antshrike
Thamnophilus zarumae	Chapman's Antshrike
Thamnophilus multistriatus	Bar-crested Antshrike
Thamnophilus tenuepunctatus	Lined Antshrike
Thamnophilus palliatus	Chestnut-backed Antshrike
Thamnophilus bernardi	Collared Antshrike
Thamnophilus shumbae	Maranon Antshrike
Thamnophilus atrinucha	Black-crowned Antshrike
Thamnophilus bridgesi	Black-hooded Antshrike
Thamnophilus schistaceus	Plain-winged Antshrike
Thamnophilus murinus	Mouse-colored Antshrike
Thamnophilus nigriceps	Black Antshrike
Thamnophilus praecox	Cocha Antshrike
Thamnophilus cryptoleucus	Castelnau's Antshrike
Thamnophilus nigrocinereus	Blackish-grey Antshrike
Thamnophilus punctatus	Northern Slaty Antshrike
Thamnophilus stictocephalus	Natterer's Slaty Antshrike
Thamnophilus sticturus	Bolivian Slaty Antshrike
Thamnophilus pelzelni	Planalto Slaty Antshrike
Thamnophilus ambiguus	Sooretama Slaty Antshrike
Thamnophilus caerulescens	Variable Antshrike
Thamnophilus unicolor	Uniform Antshrike
Thamnophilus aethiops	White-shouldered Antshrike
Thamnophilus aroyae	Upland Antshrike
Thamnophilus melanonotus	Black-backed Antshrike
Thamnophilus melanothorax	Band-tailed Antshrike
Thamnophilus amazonicus	Amazonian Antshrike
Thamnophilus insignis	Streak-backed Antshrike
Thamnophilus divisorius	Acre Antshrike
Phaenostictus mcleannani	Ocellated Antbird
Pithys castaneus	White-masked Antbird
Pithys albifrons	White-plumed Antbird
Willisornis vidua	Xingu Scale-backed Antbird
Willisornis poecilinotus	Common Scale-backed Antbird
Phlegopsis nigromaculata	Black-spotted Bare-eye
Phlegopsis erythroptera	Reddish-winged Bare-eye
Phlegopsis borbae	Pale-faced Bare-eye
Oneillornis lunulatus	Lunulated Antbird
Oneillornis salvini	White-throated Antbird
Gymnopithys bicolor	Bicolored Antbird
Gymnopithys leucaspis	White-cheeked Antbird
Gymnopithys rufigula	Rufous-throated Antbird
Rhegmatorhina gymnops	Bare-eyed Antbird
Rhegmatorhina berlepschi	Harlequin Antbird
Rhegmatorhina hoffmannsi	White-breasted Antbird
Rhegmatorhina cristata	Chestnut-crested Antbird
Rhegmatorhina melanosticta	Hairy-crested Antbird
Cercomacra manu	Manu Antbird
Cercomacra cinerascens	Grey Antbird
Cercomacra brasiliana	Rio de Janeiro Antbird
Cercomacra melanaria	Mato Grosso Antbird
Cercomacra ferdinandi	Bananal Antbird
Cercomacra nigricans	Jet Antbird
Cercomacra carbonaria	Rio Branco Antbird
Cercomacroides laeta	Willis's Antbird
Cercomacroides parkeri	Parker's Antbird
Cercomacroides tyrannina	Dusky Antbird
Cercomacroides serva	Black Antbird
Cercomacroides nigrescens	Blackish Antbird
Cercomacroides fuscicauda	Riparian Antbird
Sciaphylax hemimelaena	Southern Chestnut-tailed Antbird
Sciaphylax castanea	Northern Chestnut-tailed Antbird
Hypocnemis cantator	Guianan Warbling Antbird
Hypocnemis flavescens	Imeri Warbling Antbird
Hypocnemis peruviana	Peruvian Warbling Antbird
Hypocnemis subflava	Yellow-breasted Warbling Antbird
Hypocnemis ochrogyna	Rondonia Warbling Antbird
Hypocnemis striata	Spix's Warbling Antbird
Hypocnemis rondoni	Manicore Warbling Antbird
Hypocnemis hypoxantha	Yellow-browed Antbird
Drymophila ferruginea	Ferruginous Antbird
Drymophila rubricollis	Bertoni's Antbird
Drymophila genei	Rufous-tailed Antbird
Drymophila ochropyga	Ochre-rumped Antbird
Drymophila malura	Dusky-tailed Antbird
Drymophila squamata	Scaled Antbird
Drymophila devillei	Striated Antbird
Drymophila caudata	East Andean Antbird
Drymophila klagesi	Klages's Antbird
Drymophila hellmayri	Santa Marta Antbird
Drymophila striaticeps	Streak-headed Antbird
Poliocrania exsul	Chestnut-backed Antbird
Ampelornis griseiceps	Grey-headed Antbird
Sipia laemosticta	Dull-mantled Antbird
Sipia palliata	Magdalena Antbird
Sipia nigricauda	Esmeraldas Antbird
Sipia berlepschi	Stub-tailed Antbird
Myrmoderus ferrugineus	Ferruginous-backed Antbird
Myrmoderus eowilsoni	Cordillera Azul Antbird
Myrmoderus ruficauda	Scalloped Antbird
Myrmoderus loricatus	White-bibbed Antbird
Myrmoderus squamosus	Squamate Antbird
Hypocnemoides maculicauda	Band-tailed Antbird
Hypocnemoides melanopogon	Black-chinned Antbird
Hylophylax naevioides	Spotted Antbird
Hylophylax naevius	Spot-backed Antbird
Hylophylax punctulatus	Dot-backed Antbird
Sclateria naevia	Silvered Antbird
Myrmelastes schistaceus	Slate-colored Antbird
Myrmelastes saturatus	Roraiman Antbird
Myrmelastes hyperythrus	Plumbeous Antbird
Myrmelastes leucostigma	Spot-winged Antbird
Myrmelastes humaythae	Humaita Antbird
Myrmelastes brunneiceps	Brownish-headed Antbird
Myrmelastes rufifacies	Rufous-faced Antbird
Myrmelastes caurensis	Caura Antbird
Myrmeciza longipes	White-bellied Antbird
Rhopornis ardesiacus	Slender Antbird
Myrmoborus leucophrys	White-browed Antbird
Myrmoborus lugubris	Ash-breasted Antbird
Myrmoborus myotherinus	Black-faced Antbird
Myrmoborus melanurus	Black-tailed Antbird
Myrmoborus lophotes	White-lined Antbird
Pyriglena maura	Western Fire-eye
Pyriglena similis	Tapajos Fire-eye
Pyriglena leuconota	East Amazonian Fire-eye
Pyriglena atra	Fringe-backed Fire-eye
Pyriglena leucoptera	White-shouldered Fire-eye
Gymnocichla nudiceps	Bare-crowned Antbird
Akletos melanoceps	White-shouldered Antbird
Akletos goeldii	Goeldi's Antbird
Percnostola arenarum	Allpahuayo Antbird
Percnostola rufifrons	Black-headed Antbird
Hafferia fortis	Sooty Antbird
Hafferia zeledoni	Zeledon's Antbird
Hafferia immaculata	Blue-lored Antbird
Cryptopezus nattereri	Speckle-breasted Antpitta
Grallaricula flavirostris	Ochre-breasted Antpitta
Grallaricula loricata	Scallop-breasted Antpitta
Grallaricula cucullata	Hooded Antpitta
Grallaricula peruviana	Peruvian Antpitta
Grallaricula ochraceifrons	Ochre-fronted Antpitta
Grallaricula ferrugineipectus	Rusty-breasted Antpitta
Grallaricula leymebambae	Rufous-breasted Antpitta
Grallaricula nana	Slaty-crowned Antpitta
Grallaricula cumanensis	Sucre Antpitta
Grallaricula lineifrons	Crescent-faced Antpitta
Hylopezus perspicillatus	Streak-chested Antpitta
Hylopezus macularius	Spotted Antpitta
Hylopezus paraensis	Snethlage's Antpitta
Hylopezus whittakeri	Alta Floresta Antpitta
Hylopezus auricularis	Masked Antpitta
Hylopezus ochroleucus	White-browed Antpitta
Myrmothera fulviventris	White-lored Antpitta
Myrmothera berlepschi	Amazonian Antpitta
Myrmothera dives	Thicket Antpitta
Myrmothera campanisona	Thrush-like Antpitta
Myrmothera subcanescens	Tapajos Antpitta
Myrmothera simplex	Tepui Antpitta
Grallaria squamigera	Undulated Antpitta
Grallaria gigantea	Giant Antpitta
Grallaria excelsa	Great Antpitta
Grallaria varia	Variegated Antpitta
Grallaria alleni	Moustached Antpitta
Grallaria guatimalensis	Scaled Antpitta
Grallaria chthonia	Tachira Antpitta
Grallaria haplonota	Plain-backed Antpitta
Grallaria dignissima	Ochre-striped Antpitta
Grallaria eludens	Elusive Antpitta
Grallaria ruficapilla	Chestnut-crowned Antpitta
Grallaria watkinsi	Watkins's Antpitta
Grallaria bangsi	Santa Marta Antpitta
Grallaria kaestneri	Cundinamarca Antpitta
Grallaria andicolus	Stripe-headed Antpitta
Grallaria griseonucha	Grey-naped Antpitta
Grallaria ridgelyi	Jocotoco Antpitta
Grallaria nuchalis	Chestnut-naped Antpitta
Grallaria carrikeri	Pale-billed Antpitta
Grallaria albigula	White-throated Antpitta
Grallaria flavotincta	Yellow-breasted Antpitta
Grallaria hypoleuca	White-bellied Antpitta
Grallaria przewalskii	Rusty-tinged Antpitta
Grallaria capitalis	Bay Antpitta
Grallaria erythroleuca	Red-and-white Antpitta
Grallaria spatiator	Sierra Nevada Antpitta
Grallaria saltuensis	Perija Antpitta
Grallaria rufocinerea	Bicolored Antpitta
Grallaria rufula	Muisca Antpitta
Grallaria centralis	Oxapampa Antpitta
Grallaria ayacuchensis	Ayacucho Antpitta
Grallaria occabambae	Urubamba Antpitta
Grallaria sinaensis	Puno Antpitta
Grallaria cochabambae	Bolivian Antpitta
Grallaria alvarezi	Chami Antpitta
Grallaria saturata	Equatorial Antpitta
Grallaria cajamarcae	Cajamarca Antpitta
Grallaria blakei	Chestnut Antpitta
Grallaria gravesi	Chachapoyas Antpitta
Grallaria oneilli	Panao Antpitta
Grallaria obscura	Junin Antpitta
Grallaria alticola	Boyaca Antpitta
Grallaria quitensis	Tawny Antpitta
Grallaria atuensis	Atuen Antpitta
Grallaria urraoensis	Urrao Antpitta
Grallaria milleri	Brown-banded Antpitta
Grallaria erythrotis	Rufous-faced Antpitta
Scelorchilus albicollis	White-throated Tapaculo
Scelorchilus rubecula	Chucao Tapaculo
Pteroptochos castaneus	Chestnut-throated Huet-huet
Pteroptochos tarnii	Black-throated Huet-huet
Pteroptochos megapodius	Moustached Turca
Psilorhamphus guttatus	Spotted Bamboowren
Liosceles thoracicus	Rusty-belted Tapaculo
Acropternis orthonyx	Ocellated Tapaculo
Teledromas fuscus	Sandy Gallito
Rhinocrypta lanceolata	Crested Gallito
Merulaxis ater	Slaty Bristlefront
Merulaxis stresemanni	Stresemann's Bristlefront
Eleoscytalopus indigoticus	White-breasted Tapaculo
Eleoscytalopus psychopompus	Bahia Tapaculo
Myornis senilis	Ash-colored Tapaculo
Eugralla paradoxa	Ochre-flanked Tapaculo
Scytalopus iraiensis	Marsh Tapaculo
Scytalopus diamantinensis	Diamantina Tapaculo
Scytalopus novacapitalis	Brasilia Tapaculo
Scytalopus petrophilus	Rock Tapaculo
Scytalopus pachecoi	Planalto Tapaculo
Scytalopus gonzagai	Boa Nova Tapaculo
Scytalopus speluncae	Mouse-colored Tapaculo
Scytalopus fuscus	Dusky Tapaculo
Scytalopus magellanicus	Magellanic Tapaculo
Scytalopus affinis	Ancash Tapaculo
Scytalopus krabbei	White-winged Tapaculo
Scytalopus androstictus	Loja Tapaculo
Scytalopus opacus	Paramo Tapaculo
Scytalopus canus	Paramillo Tapaculo
Scytalopus superciliaris	White-browed Tapaculo
Scytalopus zimmeri	Zimmer's Tapaculo
Scytalopus simonsi	Puna Tapaculo
Scytalopus schulenbergi	Diademed Tapaculo
Scytalopus urubambae	Vilcabamba Tapaculo
Scytalopus whitneyi	Ampay Tapaculo
Scytalopus frankeae	Jalca Tapaculo
Scytalopus altirostris	Neblina Tapaculo
Scytalopus parvirostris	Trilling Tapaculo
Scytalopus bolivianus	Bolivian Tapaculo
Scytalopus atratus	White-crowned Tapaculo
Scytalopus sanctaemartae	Santa Marta Tapaculo
Scytalopus micropterus	Long-tailed Tapaculo
Scytalopus femoralis	Rufous-vented Tapaculo
Scytalopus intermedius	Utcubamba Tapaculo
Scytalopus macropus	Large-footed Tapaculo
Scytalopus gettyae	Junin Tapaculo
Scytalopus unicolor	Unicolored Tapaculo
Scytalopus acutirostris	Tschudi's Tapaculo
Scytalopus latrans	Blackish Tapaculo
Scytalopus argentifrons	Silvery-fronted Tapaculo
Scytalopus vicinior	Narino Tapaculo
Scytalopus panamensis	Tacarcuna Tapaculo
Scytalopus chocoensis	Choco Tapaculo
Scytalopus rodriguezi	Magdalena Tapaculo
Scytalopus stilesi	Stiles's Tapaculo
Scytalopus alvarezlopezi	Tatama Tapaculo
Scytalopus robbinsi	El Oro Tapaculo
Scytalopus caracae	Caracas Tapaculo
Scytalopus griseicollis	Pale-bellied Tapaculo
Scytalopus latebricola	Brown-rumped Tapaculo
Scytalopus perijanus	Perija Tapaculo
Scytalopus meridanus	Merida Tapaculo
Scytalopus parkeri	Chusquea Tapaculo
Scytalopus spillmanni	Spillmann's Tapaculo
Chamaeza campanisona	Short-tailed Antthrush
Chamaeza nobilis	Striated Antthrush
Chamaeza meruloides	Cryptic Antthrush
Chamaeza turdina	Schwartz's Antthrush
Chamaeza ruficauda	Rufous-tailed Antthrush
Chamaeza mollissima	Barred Antthrush
Formicarius colma	Rufous-capped Antthrush
Formicarius moniliger	Mayan Antthrush
Formicarius analis	Black-faced Antthrush
Formicarius rufifrons	Rufous-fronted Antthrush
Formicarius nigricapillus	Black-headed Antthrush
Formicarius rufipectus	Rufous-breasted Antthrush
Sclerurus mexicanus	Tawny-throated Leaftosser
Sclerurus obscurior	Dusky Leaftosser
Sclerurus rufigularis	Short-billed Leaftosser
Sclerurus guatemalensis	Scaly-throated Leaftosser
Sclerurus caudacutus	Black-tailed Leaftosser
Sclerurus albigularis	Grey-throated Leaftosser
Sclerurus scansor	Rufous-breasted Leaftosser
Geositta peruviana	Coastal Miner
Geositta tenuirostris	Slender-billed Miner
Geositta cunicularia	Common Miner
Geositta punensis	Puna Miner
Geositta poeciloptera	Campo Miner
Geositta crassirostris	Thick-billed Miner
Geositta rufipennis	Rufous-banded Miner
Geositta maritima	Greyish Miner
Geositta antarctica	Short-billed Miner
Geositta saxicolina	Dark-winged Miner
Geositta isabellina	Creamy-rumped Miner
Glyphorynchus spirurus	Wedge-billed Woodcreeper
Certhiasomus stictolaemus	Spot-throated Woodcreeper
Sittasomus griseicapillus	Olivaceous Woodcreeper
Deconychura typica	Piping Long-tailed Woodcreeper
Deconychura longicauda	Whistling Long-tailed Woodcreeper
Deconychura pallida	Mournful Long-tailed Woodcreeper
Dendrocincla tyrannina	Tyrannine Woodcreeper
Dendrocincla merula	White-chinned Woodcreeper
Dendrocincla homochroa	Ruddy Woodcreeper
Dendrocincla anabatina	Tawny-winged Woodcreeper
Dendrocincla fuliginosa	Plain-brown Woodcreeper
Dendrocincla turdina	Plain-winged Woodcreeper
Nasica longirostris	Long-billed Woodcreeper
Dendrexetastes rufigula	Cinnamon-throated Woodcreeper
Dendrocolaptes sanctithomae	Northern Barred Woodcreeper
Dendrocolaptes certhia	Amazonian Barred Woodcreeper
Dendrocolaptes picumnus	Black-banded Woodcreeper
Dendrocolaptes hoffmannsi	Hoffmanns's Woodcreeper
Dendrocolaptes platyrostris	Planalto Woodcreeper
Hylexetastes stresemanni	Bar-bellied Woodcreeper
Hylexetastes perrotii	Red-billed Woodcreeper
Hylexetastes uniformis	Uniform Woodcreeper
Xiphocolaptes promeropirhynchus	Strong-billed Woodcreeper
Xiphocolaptes falcirostris	Moustached Woodcreeper
Xiphocolaptes albicollis	White-throated Woodcreeper
Xiphocolaptes major	Great Rufous Woodcreeper
Xiphorhynchus obsoletus	Striped Woodcreeper
Xiphorhynchus atlanticus	Ceara Woodcreeper
Xiphorhynchus fuscus	Lesser Woodcreeper
Xiphorhynchus pardalotus	Chestnut-rumped Woodcreeper
Xiphorhynchus ocellatus	Ocellated Woodcreeper
Xiphorhynchus elegans	Elegant Woodcreeper
Xiphorhynchus spixii	Spix's Woodcreeper
Xiphorhynchus susurrans	Cocoa Woodcreeper
Xiphorhynchus guttatus	Buff-throated Woodcreeper
Xiphorhynchus flavigaster	Ivory-billed Woodcreeper
Xiphorhynchus lachrymosus	Black-striped Woodcreeper
Xiphorhynchus erythropygius	Spotted Woodcreeper
Xiphorhynchus triangularis	Olive-backed Woodcreeper
Dendroplex kienerii	Zimmer's Woodcreeper
Dendroplex picus	Straight-billed Woodcreeper
Campylorhamphus trochilirostris	Red-billed Scythebill
Campylorhamphus falcularius	Black-billed Scythebill
Campylorhamphus procurvoides	Curve-billed Scythebill
Campylorhamphus probatus	Tapajos Scythebill
Campylorhamphus multostriatus	Xingu Scythebill
Campylorhamphus pusillus	Brown-billed Scythebill
Drymornis bridgesii	Scimitar-billed Woodcreeper
Drymotoxeres pucheranii	Greater Scythebill
Lepidocolaptes souleyetii	Streak-headed Woodcreeper
Lepidocolaptes angustirostris	Narrow-billed Woodcreeper
Lepidocolaptes leucogaster	White-striped Woodcreeper
Lepidocolaptes affinis	Spot-crowned Woodcreeper
Lepidocolaptes lacrymiger	Montane Woodcreeper
Lepidocolaptes squamatus	Scaled Woodcreeper
Lepidocolaptes falcinellus	Scalloped Woodcreeper
Lepidocolaptes duidae	Duida Woodcreeper
Lepidocolaptes albolineatus	Guianan Woodcreeper
Lepidocolaptes fatimalimae	Inambari Woodcreeper
Lepidocolaptes fuscicapillus	Dusky-capped Woodcreeper
Xenops tenuirostris	Slender-billed Xenops
Xenops mexicanus	Northern Plain Xenops
Xenops genibarbis	Amazonian Plain Xenops
Xenops minutus	Atlantic Plain Xenops
Xenops rutilans	Streaked Xenops
Berlepschia rikeri	Point-tailed Palmcreeper
Microxenops milleri	Rufous-tailed Xenops
Pygarrhichas albogularis	White-throated Treerunner
Ochetorhynchus andaecola	Rock Earthcreeper
Ochetorhynchus ruficaudus	Straight-billed Earthcreeper
Ochetorhynchus phoenicurus	Band-tailed Earthcreeper
Ochetorhynchus melanurus	Crag Chilia
Premnoplex tatei	White-throated Barbtail
Premnoplex brunnescens	Spotted Barbtail
Margarornis bellulus	Beautiful Treerunner
Margarornis rubiginosus	Ruddy Treerunner
Margarornis stellatus	Star-chested Treerunner
Margarornis squamiger	Pearled Treerunner
Cichlocolaptes mazarbarnetti	Cryptic Treehunter
Cichlocolaptes leucophrus	Pale-browed Treehunter
Heliobletus contaminatus	Sharp-billed Treehunter
Philydor novaesi	Alagoas Foliage-gleaner
Philydor atricapillus	Black-capped Foliage-gleaner
Philydor pyrrhodes	Cinnamon-rumped Foliage-gleaner
Anabazenops fuscus	White-collared Foliage-gleaner
Anabazenops dorsalis	Bamboo Foliage-gleaner
Neophilydor fuscipenne	Slaty-winged Foliage-gleaner
Neophilydor erythrocercum	Rufous-rumped Foliage-gleaner
Megaxenops parnaguae	Great Xenops
Anabacerthia variegaticeps	Scaly-throated Foliage-gleaner
Anabacerthia striaticollis	Montane Foliage-gleaner
Anabacerthia ruficaudata	Rufous-tailed Foliage-gleaner
Anabacerthia amaurotis	White-browed Foliage-gleaner
Anabacerthia lichtensteini	Ochre-breasted Foliage-gleaner
Syndactyla guttulata	Guttulate Foliage-gleaner
Syndactyla subalaris	Lineated Foliage-gleaner
Syndactyla rufosuperciliata	Buff-browed Foliage-gleaner
Syndactyla ruficollis	Rufous-necked Foliage-gleaner
Syndactyla dimidiata	Planalto Foliage-gleaner
Syndactyla roraimae	Tepui Foliage-gleaner
Syndactyla ucayalae	Peruvian Recurvebill
Syndactyla striata	Bolivian Recurvebill
Ancistrops strigilatus	Chestnut-winged Hookbill
Dendroma erythroptera	Chestnut-winged Foliage-gleaner
Dendroma rufa	Buff-fronted Foliage-gleaner
Clibanornis rectirostris	Henna-capped Foliage-gleaner
Clibanornis dendrocolaptoides	Canebrake Groundcreeper
Clibanornis erythrocephalus	Henna-hooded Foliage-gleaner
Clibanornis rubiginosus	Ruddy Foliage-gleaner
Clibanornis rufipectus	Santa Marta Foliage-gleaner
Thripadectes ignobilis	Uniform Treehunter
Thripadectes flammulatus	Flammulated Treehunter
Thripadectes scrutator	Peruvian Treehunter
Thripadectes holostictus	Striped Treehunter
Thripadectes virgaticeps	Streak-capped Treehunter
Thripadectes rufobrunneus	Streak-breasted Treehunter
Thripadectes melanorhynchus	Black-billed Treehunter
Automolus rufipileatus	Chestnut-crowned Foliage-gleaner
Automolus melanopezus	Brown-rumped Foliage-gleaner
Automolus cervinigularis	Fawn-throated Foliage-gleaner
Automolus exsertus	Chiriqui Foliage-gleaner
Automolus ochrolaemus	Ochre-throated Foliage-gleaner
Automolus virgatus	Western Woodhaunter
Automolus subulatus	Eastern Woodhaunter
Automolus infuscatus	Olive-backed Foliage-gleaner
Automolus paraensis	Para Foliage-gleaner
Automolus lammi	Pernambuco Foliage-gleaner
Automolus leucophthalmus	White-eyed Foliage-gleaner
Tarphonomus harterti	Bolivian Earthcreeper
Tarphonomus certhioides	Chaco Earthcreeper
Premnornis guttuliger	Rusty-winged Barbtail
Pseudocolaptes lawrencii	Buffy Tuftedcheek
Pseudocolaptes johnsoni	Pacific Tuftedcheek
Pseudocolaptes boissonneautii	Streaked Tuftedcheek
Lochmias nematura	Sharp-tailed Streamcreeper
Limnornis curvirostris	Curve-billed Reedhaunter
Phleocryptes melanops	Wren-like Rushbird
Furnarius figulus	Band-tailed Hornero
Furnarius cinnamomeus	Pacific Hornero
Furnarius longirostris	Caribbean Hornero
Furnarius leucopus	Pale-legged Hornero
Furnarius torridus	Bay Hornero
Furnarius minor	Lesser Hornero
Furnarius rufus	Rufous Hornero
Furnarius cristatus	Crested Hornero
Geocerthia serrana	Striated Earthcreeper
Upucerthia saturatior	Patagonian Forest Earthcreeper
Upucerthia dumetaria	Scale-throated Earthcreeper
Upucerthia albigula	White-throated Earthcreeper
Upucerthia validirostris	Buff-breasted Earthcreeper
Cinclodes pabsti	Long-tailed Cinclodes
Cinclodes fuscus	Buff-winged Cinclodes
Cinclodes antarcticus	Blackish Cinclodes
Cinclodes comechingonus	Cordoba Cinclodes
Cinclodes albidiventris	Chestnut-winged Cinclodes
Cinclodes olrogi	Olrog's Cinclodes
Cinclodes albiventris	Cream-winged Cinclodes
Cinclodes oustaleti	Grey-flanked Cinclodes
Cinclodes excelsior	Stout-billed Cinclodes
Cinclodes aricomae	Royal Cinclodes
Cinclodes palliatus	White-bellied Cinclodes
Cinclodes atacamensis	White-winged Cinclodes
Cinclodes patagonicus	Dark-bellied Cinclodes
Cinclodes taczanowskii	Peruvian Seaside Cinclodes
Cinclodes nigrofumosus	Chilean Seaside Cinclodes
Aphrastura masafuerae	Masafuera Rayadito
Aphrastura spinicauda	Thorn-tailed Rayadito
Sylviorthorhynchus desmurii	Des Murs's Wiretail
Sylviorthorhynchus yanacensis	Tawny Tit-Spinetail
Leptasthenura fuliginiceps	Brown-capped Tit-Spinetail
Leptasthenura platensis	Tufted Tit-Spinetail
Leptasthenura aegithaloides	Plain-mantled Tit-Spinetail
Leptasthenura striolata	Striolated Tit-Spinetail
Leptasthenura pileata	Rusty-crowned Tit-Spinetail
Leptasthenura xenothorax	White-browed Tit-Spinetail
Leptasthenura striata	Streak-backed Tit-Spinetail
Leptasthenura andicola	Andean Tit-Spinetail
Leptasthenura setaria	Araucaria Tit-Spinetail
Anumbius annumbi	Firewood-gatherer
Coryphistera alaudina	Lark-like Brushrunner
Phacellodomus inornatus	Plain Thornbird
Phacellodomus rufifrons	Rufous-fronted Thornbird
Phacellodomus striaticeps	Streak-fronted Thornbird
Phacellodomus sibilatrix	Little Thornbird
Phacellodomus dorsalis	Chestnut-backed Thornbird
Phacellodomus maculipectus	Spot-breasted Thornbird
Phacellodomus striaticollis	Freckle-breasted Thornbird
Phacellodomus ruber	Greater Thornbird
Phacellodomus erythrophthalmus	Orange-eyed Thornbird
Phacellodomus ferrugineigula	Orange-breasted Thornbird
Hellmayrea gularis	White-browed Spinetail
Asthenes dorbignyi	Rusty-vented Canastero
Asthenes arequipae	Dark-winged Canastero
Asthenes huancavelicae	Pale-tailed Canastero
Asthenes berlepschi	Berlepsch's Canastero
Asthenes baeri	Short-billed Canastero
Asthenes luizae	Cipo Canastero
Asthenes hudsoni	Hudson's Canastero
Asthenes anthoides	Austral Canastero
Asthenes urubambensis	Line-fronted Canastero
Asthenes flammulata	Many-striped Canastero
Asthenes virgata	Junin Canastero
Asthenes maculicauda	Scribble-tailed Canastero
Asthenes wyatti	Streak-backed Canastero
Asthenes humilis	Streak-throated Canastero
Asthenes modesta	Cordilleran Canastero
Asthenes moreirae	Itatiaia Spinetail
Asthenes pyrrholeuca	Sharp-billed Canastero
Asthenes harterti	Black-throated Thistletail
Asthenes helleri	Puna Thistletail
Asthenes ayacuchensis	Ayacucho Thistletail
Asthenes vilcabambae	Vilcabamba Thistletail
Asthenes pudibunda	Canyon Canastero
Asthenes ottonis	Rusty-fronted Canastero
Asthenes heterura	Maquis Canastero
Asthenes palpebralis	Eye-ringed Thistletail
Asthenes coryi	Ochre-browed Thistletail
Asthenes perijana	Perija Thistletail
Asthenes fuliginosa	White-chinned Thistletail
Asthenes griseomurina	Mouse-colored Thistletail
Spartonoica maluroides	Bay-capped Wren-Spinetail
Pseudoseisura cristata	Caatinga Cacholote
Pseudoseisura unirufa	Grey-crested Cacholote
Pseudoseisura lophotes	Brown Cacholote
Pseudoseisura gutturalis	White-throated Cacholote
Acrobatornis fonsecai	Pink-legged Graveteiro
Metopothrix aurantiaca	Orange-fronted Plushcrown
Xenerpestes singularis	Equatorial Greytail
Xenerpestes minlosi	Double-banded Greytail
Siptornis striaticollis	Spectacled Prickletail
Roraimia adusta	Roraiman Barbtail
Thripophaga gutturata	Speckled Spinetail
Thripophaga macroura	Striated Softtail
Thripophaga cherriei	Orinoco Softtail
Thripophaga amacurensis	Delta Amacuro Softtail
Thripophaga fusciceps	Plain Softtail
Limnoctites rectirostris	Straight-billed Reedhaunter
Limnoctites sulphuriferus	Sulphur-bearded Reedhaunter
Cranioleuca berlepschi	Russet-mantled Softtail
Cranioleuca marcapatae	Marcapata Spinetail
Cranioleuca weskei	Vilcabamba Spinetail
Cranioleuca albiceps	Light-crowned Spinetail
Cranioleuca vulpina	Rusty-backed Spinetail
Cranioleuca dissita	Coiba Spinetail
Cranioleuca vulpecula	Parker's Spinetail
Cranioleuca subcristata	Crested Spinetail
Cranioleuca pyrrhophia	Stripe-crowned Spinetail
Cranioleuca henricae	Bolivian Spinetail
Cranioleuca obsoleta	Olive Spinetail
Cranioleuca pallida	Pallid Spinetail
Cranioleuca semicinerea	Grey-headed Spinetail
Cranioleuca albicapilla	Creamy-crested Spinetail
Cranioleuca erythrops	Red-faced Spinetail
Cranioleuca demissa	Tepui Spinetail
Cranioleuca hellmayri	Streak-capped Spinetail
Cranioleuca curtata	Ash-browed Spinetail
Cranioleuca antisiensis	Line-cheeked Spinetail
Cranioleuca muelleri	Scaled Spinetail
Pseudasthenes humicola	Dusky-tailed Canastero
Pseudasthenes patagonica	Patagonian Canastero
Pseudasthenes steinbachi	Steinbach's Canastero
Pseudasthenes cactorum	Cactus Canastero
Mazaria propinqua	White-bellied Spinetail
Schoeniophylax phryganophilus	Chotoy Spinetail
Certhiaxis mustelinus	Red-and-white Spinetail
Certhiaxis cinnamomeus	Yellow-chinned Spinetail
Synallaxis scutata	Ochre-cheeked Spinetail
Synallaxis cinerascens	Grey-bellied Spinetail
Synallaxis gujanensis	Plain-crowned Spinetail
Synallaxis albilora	White-lored Spinetail
Synallaxis simoni	Araguaia Spinetail
Synallaxis maranonica	Maranon Spinetail
Synallaxis hypochondriaca	Great Spinetail
Synallaxis stictothorax	Necklaced Spinetail
Synallaxis chinchipensis	Chinchipe Spinetail
Synallaxis zimmeri	Russet-bellied Spinetail
Synallaxis brachyura	Slaty Spinetail
Synallaxis subpudica	Silvery-throated Spinetail
Synallaxis hellmayri	Red-shouldered Spinetail
Synallaxis ruficapilla	Rufous-capped Spinetail
Synallaxis cinerea	Bahia Spinetail
Synallaxis infuscata	Pinto's Spinetail
Synallaxis moesta	Dusky Spinetail
Synallaxis macconnelli	McConnell's Spinetail
Synallaxis cabanisi	Cabanis's Spinetail
Synallaxis hypospodia	Cinereous-breasted Spinetail
Synallaxis spixi	Spix's Spinetail
Synallaxis albigularis	Dark-breasted Spinetail
Synallaxis beverlyae	Rio Orinoco Spinetail
Synallaxis albescens	Pale-breasted Spinetail
Synallaxis frontalis	Sooty-fronted Spinetail
Synallaxis azarae	Azara's Spinetail
Synallaxis courseni	Apurimac Spinetail
Synallaxis kollari	Hoary-throated Spinetail
Synallaxis erythrothorax	Rufous-breasted Spinetail
Synallaxis candei	White-whiskered Spinetail
Synallaxis tithys	Blackish-headed Spinetail
Synallaxis fuscorufa	Rusty-headed Spinetail
Synallaxis unirufa	Rufous Spinetail
Synallaxis castanea	Black-throated Spinetail
Synallaxis cinnamomea	Stripe-breasted Spinetail
Synallaxis rutilans	Ruddy Spinetail
Synallaxis cherriei	Chestnut-throated Spinetail
Menura alberti	Albert's Lyrebird
Menura novaehollandiae	Superb Lyrebird
Atrichornis clamosus	Noisy Scrubbird
Atrichornis rufescens	Rufous Scrubbird
Cormobates placens	Papuan Treecreeper
Cormobates leucophaea	White-throated Treecreeper
Climacteris affinis	White-browed Treecreeper
Climacteris erythrops	Red-browed Treecreeper
Climacteris picumnus	Brown Treecreeper
Climacteris melanurus	Black-tailed Treecreeper
Climacteris rufus	Rufous Treecreeper
Sericulus aureus	Masked Bowerbird
Sericulus ardens	Flame Bowerbird
Sericulus bakeri	Fire-maned Bowerbird
Sericulus chrysocephalus	Regent Bowerbird
Ptilonorhynchus violaceus	Satin Bowerbird
Chlamydera guttata	Western Bowerbird
Chlamydera maculata	Spotted Bowerbird
Chlamydera nuchalis	Great Bowerbird
Chlamydera lauterbachi	Yellow-breasted Bowerbird
Chlamydera cerviniventris	Fawn-breasted Bowerbird
Ailuroedus buccoides	White-eared Catbird
Ailuroedus stonii	Ochre-breasted Catbird
Ailuroedus geislerorum	Tan-capped Catbird
Ailuroedus maculosus	Spotted Catbird
Ailuroedus melanotis	Black-eared Catbird
Ailuroedus crassirostris	Green Catbird
Scenopoeetes dentirostris	Tooth-billed Bowerbird
Prionodura newtoniana	Golden Bowerbird
Amblyornis inornata	Vogelkop Bowerbird
Amblyornis macgregoriae	MacGregor's Bowerbird
Amblyornis subalaris	Streaked Bowerbird
Amblyornis flavifrons	Golden-fronted Bowerbird
Archboldia papuensis	Archbold's Bowerbird
Amytornis barbatus	Grey Grasswren
Amytornis whitei	Pilbara Grasswren
Amytornis oweni	Sandhill Grasswren
Amytornis rowleyi	Opalton Grasswren
Amytornis striatus	Striated Grasswren
Amytornis woodwardi	White-throated Grasswren
Amytornis dorotheae	Carpentarian Grasswren
Amytornis merrotsyi	Short-tailed Grasswren
Amytornis textilis	Western Grasswren
Amytornis modestus	Thick-billed Grasswren
Amytornis housei	Black Grasswren
Amytornis goyderi	Eyrean Grasswren
Amytornis purnelli	Dusky Grasswren
Amytornis ballarae	Kalkadoon Grasswren
Stipiturus malachurus	Southern Emu-wren
Stipiturus ruficeps	Rufous-crowned Emu-wren
Stipiturus mallee	Mallee Emu-wren
Sipodotus wallacii	Wallace's Fairywren
Clytomyias insignis	Orange-crowned Fairywren
Chenorhamphus grayi	Broad-billed Fairywren
Chenorhamphus campbelli	Campbell's Fairywren
Malurus cyanocephalus	Emperor Fairywren
Malurus coronatus	Purple-crowned Fairywren
Malurus elegans	Red-winged Fairywren
Malurus pulcherrimus	Blue-breasted Fairywren
Malurus assimilis	Purple-backed Fairywren
Malurus lamberti	Variegated Fairywren
Malurus amabilis	Lovely Fairywren
Malurus splendens	Splendid Fairywren
Malurus cyaneus	Superb Fairywren
Malurus leucopterus	White-winged Fairywren
Malurus melanocephalus	Red-backed Fairywren
Malurus alboscapulatus	White-shouldered Fairywren
Dasyornis longirostris	Western Bristlebird
Dasyornis brachypterus	Eastern Bristlebird
Dasyornis broadbenti	Rufous Bristlebird
Pardalotus punctatus	Spotted Pardalote
Pardalotus quadragintus	Forty-spotted Pardalote
Pardalotus rubricatus	Red-browed Pardalote
Pardalotus striatus	Striated Pardalote
Oreoscopus gutturalis	Fernwren
Pachycare flavogriseum	Goldenface
Gerygone chrysogaster	Yellow-bellied Gerygone
Gerygone mouki	Brown Gerygone
Gerygone chloronota	Green-backed Gerygone
Gerygone palpebrosa	Fairy Gerygone
Gerygone magnirostris	Large-billed Gerygone
Gerygone hypoxantha	Biak Gerygone
Gerygone inornata	Plain Gerygone
Gerygone dorsalis	Rufous-sided Gerygone
Gerygone olivacea	White-throated Gerygone
Gerygone sulphurea	Golden-bellied Gerygone
Gerygone tenebrosa	Dusky Gerygone
Gerygone flavolateralis	Fan-tailed Gerygone
Gerygone citrina	Rennell Gerygone
Gerygone levigaster	Mangrove Gerygone
Gerygone fusca	Western Gerygone
Gerygone ruficollis	Brown-breasted Gerygone
Gerygone insularis	Lord Howe Gerygone
Gerygone modesta	Norfolk Gerygone
Gerygone igata	Grey Gerygone
Gerygone albofrontata	Chatham Islands Gerygone
Acanthornis magna	Scrubtit
Aphelocephala leucopsis	Southern Whiteface
Aphelocephala nigricincta	Banded Whiteface
Aphelocephala pectoralis	Chestnut-breasted Whiteface
Acanthiza chrysorrhoa	Yellow-rumped Thornbill
Acanthiza cinerea	Grey Thornbill
Acanthiza murina	New Guinea Thornbill
Acanthiza nana	Yellow Thornbill
Acanthiza lineata	Striated Thornbill
Acanthiza apicalis	Inland Thornbill
Acanthiza ewingii	Tasmanian Thornbill
Acanthiza katherina	Mountain Thornbill
Acanthiza pusilla	Brown Thornbill
Acanthiza robustirostris	Slaty-backed Thornbill
Acanthiza iredalei	Slender-billed Thornbill
Acanthiza uropygialis	Chestnut-rumped Thornbill
Acanthiza inornata	Western Thornbill
Acanthiza reguloides	Buff-rumped Thornbill
Smicrornis brevirostris	Weebill
Pycnoptilus floccosus	Pilotbird
Pyrrholaemus sagittatus	Speckled Warbler
Pyrrholaemus brunneus	Redthroat
Hylacola pyrrhopygia	Chestnut-rumped Heathwren
Hylacola cauta	Shy Heathwren
Calamanthus fuliginosus	Striated Fieldwren
Calamanthus campestris	Rufous Fieldwren
Calamanthus montanellus	Western Fieldwren
Origma robusta	Mountain Mouse-warbler
Origma murina	Rusty Mouse-warbler
Origma solitaria	Rockwarbler
Neosericornis citreogularis	Yellow-throated Scrubwren
Aethomyias spilodera	Pale-billed Scrubwren
Aethomyias nigrorufus	Bicolored Scrubwren
Aethomyias rufescens	Vogelkop Scrubwren
Aethomyias perspicillatus	Buff-faced Scrubwren
Aethomyias arfakianus	Grey-green Scrubwren
Aethomyias papuensis	Papuan Scrubwren
Sericornis humilis	Tasmanian Scrubwren
Sericornis frontalis	White-browed Scrubwren
Sericornis maculatus	Spotted Scrubwren
Sericornis keri	Atherton Scrubwren
Sericornis beccarii	Tropical Scrubwren
Sericornis magnirostra	Large-billed Scrubwren
Sericornis nouhuysi	Large Scrubwren
Myza celebensis	Dark-eared Myza
Myza sarasinorum	White-eared Myza
Acanthorhynchus superciliosus	Western Spinebill
Acanthorhynchus tenuirostris	Eastern Spinebill
Glycichaera fallax	Green-backed Honeyeater
Melionyx fuscus	Sooty Honeyeater
Melionyx nouhuysi	Short-bearded Honeyeater
Melionyx princeps	Long-bearded Honeyeater
Ptiloprora plumbea	Leaden Honeyeater
Ptiloprora meekiana	Yellowish-streaked Honeyeater
Ptiloprora erythropleura	Rufous-sided Honeyeater
Ptiloprora mayri	Mayr's Honeyeater
Ptiloprora guisei	Rufous-backed Honeyeater
Ptiloprora perstriata	Grey-streaked Honeyeater
Ashbyia lovensis	Gibberbird
Epthianura crocea	Yellow Chat
Epthianura tricolor	Crimson Chat
Epthianura aurifrons	Orange Chat
Epthianura albifrons	White-fronted Chat
Stresemannia bougainvillei	Bougainville Honeyeater
Ramsayornis fasciatus	Bar-breasted Honeyeater
Ramsayornis modestus	Brown-backed Honeyeater
Conopophila albogularis	Rufous-banded Honeyeater
Conopophila rufogularis	Rufous-throated Honeyeater
Conopophila whitei	Grey Honeyeater
Melilestes megarhynchus	Long-billed Honeyeater
Timeliopsis griseigula	Tawny Straightbill
Timeliopsis fulvigula	Olive Straightbill
Macgregoria pulchra	MacGregor's Honeyeater
Melipotes gymnops	Arfak Honeyeater
Melipotes fumigatus	Common Smoky Honeyeater
Melipotes carolae	Wattled Smoky Honeyeater
Melipotes ater	Spangled Honeyeater
Gliciphila undulata	Barred Honeyeater
Gliciphila melanops	Tawny-crowned Honeyeater
Gliciphila notabilis	White-bellied Honeyeater
Prosthemadera novaeseelandiae	Tui
Anthornis melanocephala	Chatham Islands Bellbird
Anthornis melanura	New Zealand Bellbird
Certhionyx variegatus	Pied Honeyeater
Pycnopygius ixoides	Plain Honeyeater
Pycnopygius cinereus	Marbled Honeyeater
Pycnopygius stictocephalus	Streak-headed Honeyeater
Sugomel nigrum	Black Honeyeater
Melitograis gilolensis	White-streaked Friarbird
Vosea whitemanensis	Gilliard's Honeyeater
Myzomela blasii	Drab Myzomela
Myzomela albigula	White-chinned Myzomela
Myzomela eques	Ruby-throated Myzomela
Myzomela cineracea	Ashy Myzomela
Myzomela simplex	Moluccan Myzomela
Myzomela rubrotincta	Red-tinged Myzomela
Myzomela rubrobrunnea	Biak Myzomela
Myzomela obscura	Dusky Myzomela
Myzomela cruentata	Red Myzomela
Myzomela erythrina	Reddish Myzomela
Myzomela nigrita	Papuan Black Myzomela
Myzomela pulchella	New Ireland Myzomela
Myzomela prawiradilagae	Alor Myzomela
Myzomela kuehni	Wetar Myzomela
Myzomela erythrocephala	Red-headed Myzomela
Myzomela dammermani	Sumba Myzomela
Myzomela irianawidodoae	Rote Myzomela
Myzomela adolphinae	Mountain Myzomela
Myzomela chloroptera	Sulawesi Myzomela
Myzomela batjanensis	Bacan Myzomela
Myzomela wahe	Taliabu Myzomela
Myzomela wakoloensis	Wakolo Myzomela
Myzomela boiei	Banda Myzomela
Myzomela caledonica	New Caledonian Myzomela
Myzomela sanguinolenta	Scarlet Myzomela
Myzomela rubratra	Micronesian Myzomela
Myzomela cardinalis	Cardinal Myzomela
Myzomela nigriventris	Samoan Myzomela
Myzomela chermesina	Rotuma Myzomela
Myzomela sclateri	Sclater's Myzomela
Myzomela pammelaena	Bismarck Black Myzomela
Myzomela lafargei	Red-capped Myzomela
Myzomela eichhorni	Crimson-rumped Myzomela
Myzomela malaitae	Red-vested Myzomela
Myzomela melanocephala	Black-headed Myzomela
Myzomela tristrami	Sooty Myzomela
Myzomela jugularis	Sulphur-breasted Myzomela
Myzomela erythromelas	Black-bellied Myzomela
Myzomela vulnerata	Black-breasted Myzomela
Myzomela rosenbergii	Red-collared Myzomela
Myzomela longirostris	Long-billed Myzomela
Gymnomyza viridis	Yellow-billed Giant Honeyeater
Gymnomyza brunneirostris	Duetting Giant Honeyeater
Gymnomyza samoensis	Mao
Gymnomyza aubryana	Crow Honeyeater
Plectorhyncha lanceolata	Striped Honeyeater
Grantiella picta	Painted Honeyeater
Xanthotis flaviventer	Tawny-breasted Honeyeater
Xanthotis polygrammus	Spotted Honeyeater
Xanthotis macleayanus	Macleay's Honeyeater
Philemon citreogularis	Little Friarbird
Philemon meyeri	Meyer's Friarbird
Philemon inornatus	Timor Friarbird
Philemon kisserensis	Grey Friarbird
Philemon brassi	Brass's Friarbird
Philemon fuscicapillus	Morotai Friarbird
Philemon moluccensis	Buru Friarbird
Philemon plumigenis	Tanimbar Friarbird
Philemon subcorniculatus	Seram Friarbird
Philemon eichhorni	New Ireland Friarbird
Philemon buceroides	Helmeted Friarbird
Philemon albitorques	Manus Friarbird
Philemon cockerelli	New Britain Friarbird
Philemon argenticeps	Silver-crowned Friarbird
Philemon corniculatus	Noisy Friarbird
Philemon diemenensis	New Caledonian Friarbird
Meliarchus sclateri	Makira Honeyeater
Guadalcanaria inexpectata	Guadalcanal Honeyeater
Meliphacator provocator	Kadavu Honeyeater
Foulehaio procerior	Kikau
Foulehaio carunculatus	Polynesian Wattled Honeyeater
Foulehaio taviunensis	Fiji Wattled Honeyeater
Trichodere cockerelli	White-streaked Honeyeater
Phylidonyris pyrrhopterus	Crescent Honeyeater
Phylidonyris novaehollandiae	New Holland Honeyeater
Phylidonyris niger	White-cheeked Honeyeater
Cissomela pectoralis	Banded Honeyeater
Lichmera lombokia	Scaly-crowned Honeyeater
Lichmera argentauris	Olive Honeyeater
Lichmera indistincta	Brown Honeyeater
Lichmera incana	Grey-eared Honeyeater
Lichmera squamata	Scaly-breasted Honeyeater
Lichmera alboauricularis	Silver-eared Honeyeater
Lichmera deningeri	Buru Honeyeater
Lichmera monticola	Seram Honeyeater
Lichmera flavicans	Flame-eared Honeyeater
Lichmera notabilis	Black-necklaced Honeyeater
Nesoptilotis flavicollis	Yellow-throated Honeyeater
Nesoptilotis leucotis	White-eared Honeyeater
Entomyzon cyanotis	Blue-faced Honeyeater
Melithreptus albogularis	White-throated Honeyeater
Melithreptus chloropsis	Gilbert's Honeyeater
Melithreptus lunatus	White-naped Honeyeater
Melithreptus affinis	Black-headed Honeyeater
Melithreptus brevirostris	Brown-headed Honeyeater
Melithreptus gularis	Black-chinned Honeyeater
Melithreptus validirostris	Strong-billed Honeyeater
Stomiopera unicolor	White-gaped Honeyeater
Stomiopera flava	Yellow Honeyeater
Meliphaga aruensis	Puff-backed Honeyeater
Meliphaga notata	Yellow-spotted Honeyeater
Meliphaga lewinii	Lewin's Honeyeater
Meliphaga reticulata	Streak-breasted Honeyeater
Meliphaga fordiana	Kimberley Honeyeater
Meliphaga albilineata	White-lined Honeyeater
Meliphaga chrysogenys	Orange-cheeked Honeyeater
Meliphaga montana	Forest Honeyeater
Meliphaga mimikae	Mottle-breasted Honeyeater
Meliphaga flavirictus	Yellow-gaped Honeyeater
Meliphaga orientalis	Mountain Honeyeater
Meliphaga albonotata	Scrub Honeyeater
Meliphaga analoga	Mimic Honeyeater
Meliphaga vicina	Tagula Honeyeater
Meliphaga gracilis	Graceful Honeyeater
Meliphaga imitatrix	Cryptic Honeyeater
Meliphaga cinereifrons	Elegant Honeyeater
Purnella albifrons	White-fronted Honeyeater
Lichenostomus cratitius	Purple-gaped Honeyeater
Lichenostomus melanops	Yellow-tufted Honeyeater
Gavicalis versicolor	Varied Honeyeater
Gavicalis fasciogularis	Mangrove Honeyeater
Gavicalis virescens	Singing Honeyeater
Ptilotula ornata	Yellow-plumed Honeyeater
Ptilotula penicillata	White-plumed Honeyeater
Ptilotula flavescens	Yellow-tinted Honeyeater
Ptilotula fusca	Fuscous Honeyeater
Ptilotula keartlandi	Grey-headed Honeyeater
Ptilotula plumula	Grey-fronted Honeyeater
Caligavis chrysops	Yellow-faced Honeyeater
Caligavis subfrenata	Black-throated Honeyeater
Caligavis obscura	Obscure Honeyeater
Acanthagenys rufogularis	Spiny-cheeked Honeyeater
Anthochaera chrysoptera	Little Wattlebird
Anthochaera lunulata	Western Wattlebird
Anthochaera phrygia	Regent Honeyeater
Anthochaera carunculata	Red Wattlebird
Anthochaera paradoxa	Yellow Wattlebird
Bolemoreus frenatus	Bridled Honeyeater
Bolemoreus hindwoodi	Eungella Honeyeater
Manorina melanophrys	Bell Miner
Manorina melanocephala	Noisy Miner
Manorina flavigula	Yellow-throated Miner
Manorina melanotis	Black-eared Miner
Melidectes torquatus	Ornate Melidectes
Melidectes ochromelas	Cinnamon-browed Melidectes
Melidectes leucostephes	Vogelkop Melidectes
Melidectes foersteri	Huon Melidectes
Melidectes belfordi	Belford's Melidectes
Melidectes rufocrissalis	Yellow-browed Melidectes
Orthonyx novaeguineae	Papuan Logrunner
Orthonyx temminckii	Australian Logrunner
Orthonyx spaldingii	Chowchilla
Garritornis isidorei	Papuan Babbler
Pomatostomus temporalis	Grey-crowned Babbler
Pomatostomus superciliosus	White-browed Babbler
Pomatostomus halli	Hall's Babbler
Pomatostomus ruficeps	Chestnut-crowned Babbler
Ptilorrhoa leucosticta	Spotted Jewel-babbler
Ptilorrhoa caerulescens	Blue Jewel-babbler
Ptilorrhoa geislerorum	Brown-headed Jewel-babbler
Ptilorrhoa castanonota	Chestnut-backed Jewel-babbler
Cinclosoma punctatum	Spotted Quail-thrush
Cinclosoma castanotum	Chestnut Quail-thrush
Cinclosoma clarum	Copperback Quail-thrush
Cinclosoma castaneothorax	Chestnut-breasted Quail-thrush
Cinclosoma marginatum	Western Quail-thrush
Cinclosoma cinnamomeum	Cinnamon Quail-thrush
Cinclosoma alisteri	Nullarbor Quail-thrush
Cinclosoma ajax	Painted Quail-thrush
Pericrocotus erythropygius	White-bellied Minivet
Pericrocotus albifrons	Jerdon's Minivet
Pericrocotus igneus	Fiery Minivet
Pericrocotus cinnamomeus	Small Minivet
Pericrocotus solaris	Grey-chinned Minivet
Pericrocotus miniatus	Sunda Minivet
Pericrocotus brevirostris	Short-billed Minivet
Pericrocotus lansbergei	Little Minivet
Pericrocotus ethologus	Long-tailed Minivet
Pericrocotus flammeus	Scarlet Minivet
Pericrocotus tegimae	Ryukyu Minivet
Pericrocotus divaricatus	Ashy Minivet
Pericrocotus cantonensis	Swinhoe's Minivet
Pericrocotus roseus	Rosy Minivet
Ceblepyris cucullatus	Comoro Cuckooshrike
Ceblepyris cinereus	Madagascar Cuckooshrike
Ceblepyris graueri	Grauer's Cuckooshrike
Ceblepyris caesius	Grey Cuckooshrike
Ceblepyris pectoralis	White-breasted Cuckooshrike
Coracina caeruleogrisea	Stout-billed Cuckooshrike
Coracina longicauda	Hooded Cuckooshrike
Coracina bicolor	Pied Cuckooshrike
Coracina temminckii	Cerulean Cuckooshrike
Coracina maxima	Ground Cuckooshrike
Coracina lineata	Barred Cuckooshrike
Coracina boyeri	Boyer's Cuckooshrike
Coracina novaehollandiae	Black-faced Cuckooshrike
Coracina welchmani	North Melanesian Cuckooshrike
Coracina papuensis	White-bellied Cuckooshrike
Coracina atriceps	Moluccan Cuckooshrike
Coracina caledonica	South Melanesian Cuckooshrike
Coracina macei	Indian Cuckooshrike
Coracina javensis	Oriental Cuckooshrike
Coracina larutensis	Malayan Cuckooshrike
Coracina striata	Bar-bellied Cuckooshrike
Coracina mindorensis	Mindoro Cuckooshrike
Coracina panayensis	Visayan Cuckooshrike
Coracina kochii	Mindanao Cuckooshrike
Coracina guillemardi	Sulu Cuckooshrike
Coracina dobsoni	Andaman Cuckooshrike
Coracina larvata	Sunda Cuckooshrike
Coracina personata	Wallacean Cuckooshrike
Coracina parvula	Halmahera Cuckooshrike
Coracina fortis	Buru Cuckooshrike
Coracina leucopygia	White-rumped Cuckooshrike
Coracina schistacea	Slaty Cuckooshrike
Lobotos lobatus	Western Wattled Cuckooshrike
Lobotos oriolinus	Eastern Wattled Cuckooshrike
Campephaga flava	Black Cuckooshrike
Campephaga petiti	Petit's Cuckooshrike
Campephaga phoenicea	Red-shouldered Cuckooshrike
Campephaga quiscalina	Purple-throated Cuckooshrike
Campochaera sloetii	Golden Cuckooshrike
Malindangia mcgregori	McGregor's Cuckooshrike
Lalage maculosa	Polynesian Triller
Lalage sharpei	Samoan Triller
Lalage leucopyga	Long-tailed Triller
Lalage sueurii	White-shouldered Triller
Lalage tricolor	White-winged Triller
Lalage atrovirens	Black-browed Triller
Lalage leucoptera	Biak Triller
Lalage moesta	White-browed Triller
Lalage leucomela	Varied Triller
Lalage conjuncta	Mussau Triller
Lalage melanoleuca	Black-and-white Triller
Lalage leucopygialis	White-rumped Triller
Lalage nigra	Pied Triller
Lalage aurea	Rufous-bellied Triller
Lalage newtoni	Reunion Cuckooshrike
Lalage typica	Mauritius Cuckooshrike
Lalage melaschistos	Black-winged Cuckooshrike
Lalage melanoptera	Black-headed Cuckooshrike
Lalage fimbriata	Lesser Cuckooshrike
Lalage polioptera	Indochinese Cuckooshrike
Cyanograucalus azureus	Blue Cuckooshrike
Celebesica abbotti	Pygmy Cuckooshrike
Edolisoma anale	New Caledonian Cuckooshrike
Edolisoma coerulescens	Blackish Cuckooshrike
Edolisoma ostentum	White-winged Cuckooshrike
Edolisoma montanum	Black-bellied Cuckooshrike
Edolisoma dohertyi	Pale-shouldered Cicadabird
Edolisoma dispar	Kai Cicadabird
Edolisoma timoriense	Timor Cicadabird
Edolisoma ceramense	Pale Cicadabird
Edolisoma insperatum	Pohnpei Cicadabird
Edolisoma mindanense	Black-bibbed Cicadabird
Edolisoma schisticeps	Grey-headed Cuckooshrike
Edolisoma melas	Black Cicadabird
Edolisoma holopolium	Solomons Cicadabird
Edolisoma tricolor	Malaita Cicadabird
Edolisoma salomonis	Makira Cicadabird
Edolisoma admiralitatis	Admiralty Cicadabird
Edolisoma salvadorii	Sangihe Cicadabird
Edolisoma monacha	Palau Cicadabird
Edolisoma nesiotis	Yap Cicadabird
Edolisoma erythropygium	Central Melanesian Cicadabird
Edolisoma morio	Sulawesi Cicadabird
Edolisoma meyerii	Geelvink Cicadabird
Edolisoma pelingi	Banggai Cicadabird
Edolisoma obiense	Obi Cicadabird
Edolisoma sula	Sula Cicadabird
Edolisoma grayi	North Moluccan Cicadabird
Edolisoma incertum	Black-shouldered Cicadabird
Edolisoma remotum	Bismarck Cicadabird
Edolisoma rostratum	Rossel Cicadabird
Edolisoma amboinense	South Moluccan Cicadabird
Edolisoma tenuirostre	Sahul Cicadabird
Mohoua albicilla	Whitehead
Mohoua ochrocephala	Yellowhead
Mohoua novaeseelandiae	Pipipi
Machaerirhynchus nigripectus	Black-breasted Boatbill
Machaerirhynchus flaviventer	Yellow-breasted Boatbill
Artamus fuscus	Ashy Woodswallow
Artamus mentalis	Fiji Woodswallow
Artamus monachus	Ivory-backed Woodswallow
Artamus maximus	Great Woodswallow
Artamus leucorynchus	White-breasted Woodswallow
Artamus insignis	White-backed Woodswallow
Artamus personatus	Masked Woodswallow
Artamus superciliosus	White-browed Woodswallow
Artamus cinereus	Black-faced Woodswallow
Artamus cyanopterus	Dusky Woodswallow
Artamus minor	Little Woodswallow
Peltops blainvillii	Lowland Peltops
Peltops montanus	Mountain Peltops
Strepera graculina	Pied Currawong
Strepera fuliginosa	Black Currawong
Strepera versicolor	Grey Currawong
Melloria quoyi	Black Butcherbird
Gymnorhina tibicen	Australian Magpie
Cracticus mentalis	Black-backed Butcherbird
Cracticus torquatus	Grey Butcherbird
Cracticus argenteus	Silver-backed Butcherbird
Cracticus cassicus	Hooded Butcherbird
Cracticus louisiadensis	Tagula Butcherbird
Cracticus nigrogularis	Pied Butcherbird
Rhagologus leucostigma	Mottled Berryhunter
Pityriasis gymnocephala	Bornean Bristlehead
Aegithina tiphia	Common Iora
Aegithina nigrolutea	Marshall's Iora
Aegithina viridissima	Green Iora
Aegithina lafresnayei	Great Iora
Nilaus afer	Brubru
Bocagia minuta	Marsh Tchagra
Tchagra senegalus	Black-crowned Tchagra
Tchagra australis	Brown-crowned Tchagra
Tchagra jamesi	Three-streaked Tchagra
Tchagra tchagra	Southern Tchagra
Malaconotus cruentus	Fiery-breasted Bushshrike
Malaconotus lagdeni	Lagden's Bushshrike
Malaconotus gladiator	Green-breasted Bushshrike
Malaconotus blanchoti	Grey-headed Bushshrike
Malaconotus monteiri	Monteiro's Bushshrike
Malaconotus alius	Uluguru Bushshrike
Dryoscopus gambensis	Northern Puffback
Dryoscopus pringlii	Pringle's Puffback
Dryoscopus cubla	Black-backed Puffback
Dryoscopus senegalensis	Red-eyed Puffback
Dryoscopus angolensis	Pink-footed Puffback
Dryoscopus sabini	Sabine's Puffback
Rhodophoneus cruentus	Rosy-patched Bushshrike
Telophorus zeylonus	Bokmakierie
Telophorus viridis	Gorgeous Bushshrike
Telophorus dohertyi	Doherty's Bushshrike
Chlorophoneus bocagei	Bocage's Bushshrike
Chlorophoneus sulfureopectus	Orange-breasted Bushshrike
Chlorophoneus olivaceus	Olive Bushshrike
Chlorophoneus multicolor	Many-colored Bushshrike
Chlorophoneus nigrifrons	Black-fronted Bushshrike
Chlorophoneus kupeensis	Mount Kupe Bushshrike
Laniarius ruficeps	Red-naped Bushshrike
Laniarius nigerrimus	Black Boubou
Laniarius luehderi	Lühder's Bushshrike
Laniarius brauni	Braun's Bushshrike
Laniarius amboimensis	Gabela Bushshrike
Laniarius turatii	Turati's Boubou
Laniarius aethiopicus	Ethiopian Boubou
Laniarius major	Tropical Boubou
Laniarius sublacteus	East Coast Boubou
Laniarius bicolor	Swamp Boubou
Laniarius ferrugineus	Southern Boubou
Laniarius barbarus	Yellow-crowned Gonolek
Laniarius erythrogaster	Black-headed Gonolek
Laniarius atrococcineus	Crimson-breasted Shrike
Laniarius mufumbiri	Papyrus Gonolek
Laniarius atroflavus	Yellow-breasted Boubou
Laniarius funebris	Slate-colored Boubou
Laniarius leucorhynchus	Lowland Sooty Boubou
Laniarius willardi	Willard's Sooty Boubou
Laniarius poensis	Mountain Sooty Boubou
Laniarius holomelas	Albertine Sooty Boubou
Laniarius fuelleborni	Fülleborn's Boubou
Lanioturdus torquatus	White-tailed Shrike
Dyaphorophyia castanea	Chestnut Wattle-eye
Dyaphorophyia hormophora	West African Wattle-eye
Dyaphorophyia tonsa	White-spotted Wattle-eye
Platysteira cyanea	Brown-throated Wattle-eye
Platysteira albifrons	White-fronted Wattle-eye
Platysteira peltata	Black-throated Wattle-eye
Platysteira laticincta	Banded Wattle-eye
Platysteira blissetti	Red-cheeked Wattle-eye
Platysteira chalybea	Black-necked Wattle-eye
Platysteira jamesoni	Jameson's Wattle-eye
Platysteira concreta	Yellow-bellied Wattle-eye
Batis margaritae	Margaret's Batis
Batis mixta	Short-tailed Batis
Batis crypta	Dark Batis
Batis diops	Rwenzori Batis
Batis capensis	Cape Batis
Batis dimorpha	Malawi Batis
Batis fratrum	Woodwards' Batis
Batis molitor	Chinspot Batis
Batis soror	Pale Batis
Batis pririt	Pririt Batis
Batis senegalensis	Senegal Batis
Batis orientalis	Grey-headed Batis
Batis erlangeri	Western Black-headed Batis
Batis minor	Eastern Black-headed Batis
Batis perkeo	Pygmy Batis
Batis minima	Gabon Batis
Batis ituriensis	Ituri Batis
Batis poensis	Fernando Po Batis
Batis occulta	West African Batis
Batis minulla	Angola Batis
Philentoma velata	Maroon-breasted Philentoma
Philentoma pyrhoptera	Rufous-winged Philentoma
Prionops plumatus	White-crested Helmetshrike
Prionops poliolophus	Grey-crested Helmetshrike
Prionops alberti	Yellow-crested Helmetshrike
Prionops caniceps	Red-billed Helmetshrike
Prionops rufiventris	Rufous-bellied Helmetshrike
Prionops retzii	Retz's Helmetshrike
Prionops gabela	Gabela Helmetshrike
Prionops scopifrons	Chestnut-fronted Helmetshrike
Megabyas flammulatus	African Shrike-flycatcher
Bias musicus	Black-and-white Shrike-flycatcher
Hemipus hirundinaceus	Black-winged Flycatcher-shrike
Hemipus picatus	Bar-winged Flycatcher-shrike
Tephrodornis sylvicola	Malabar Woodshrike
Tephrodornis virgatus	Large Woodshrike
Tephrodornis pondicerianus	Common Woodshrike
Tephrodornis affinis	Sri Lanka Woodshrike
Tylas eduardi	Tylas Vanga
Calicalicus madagascariensis	Red-tailed Vanga
Calicalicus rufocarpalis	Red-shouldered Vanga
Newtonia archboldi	Archbold's Newtonia
Newtonia brunneicauda	Common Newtonia
Newtonia amphichroa	Dark Newtonia
Newtonia fanovanae	Red-tailed Newtonia
Hypositta corallirostris	Nuthatch Vanga
Leptopterus chabert	Chabert Vanga
Mystacornis crossleyi	Crossley's Vanga
Cyanolanius madagascarinus	Madagascar Blue Vanga
Cyanolanius comorensis	Comoro Blue Vanga
Vanga curvirostris	Hook-billed Vanga
Pseudobias wardi	Ward's Vanga
Euryceros prevostii	Helmet Vanga
Schetba rufa	Rufous Vanga
Xenopirostris polleni	Pollen's Vanga
Xenopirostris xenopirostris	Lafresnaye's Vanga
Xenopirostris damii	Van Dam's Vanga
Oriolia bernieri	Bernier's Vanga
Falculea palliata	Sickle-billed Vanga
Artamella viridis	White-headed Vanga
Daphoenositta miranda	Black Sittella
Daphoenositta papuensis	Papuan Sittella
Daphoenositta chrysoptera	Varied Sittella
Androphobus viridis	Papuan Whipbird
Psophodes olivaceus	Eastern Whipbird
Psophodes nigrogularis	Western Whipbird
Psophodes occidentalis	Chiming Wedgebill
Psophodes cristatus	Chirruping Wedgebill
Eulacestoma nigropectus	Wattled Ploughbill
Oreoica gutturalis	Crested Bellbird
Ornorectes cristatus	Piping Bellbird
Aleadryas rufinucha	Rufous-naped Bellbird
Falcunculus frontatus	Eastern Shriketit
Falcunculus leucogaster	Western Shriketit
Falcunculus whitei	Northern Shriketit
Oreocharis arfaki	Tit Berrypecker
Paramythia montium	Eastern Crested Berrypecker
Paramythia olivacea	Western Crested Berrypecker
Pteruthius rufiventer	Black-headed Shrike-babbler
Pteruthius flaviscapis	Pied Shrike-babbler
Pteruthius aeralatus	White-browed Shrike-babbler
Pteruthius xanthochlorus	Green Shrike-babbler
Pteruthius melanotis	Black-eared Shrike-babbler
Pteruthius aenobarbus	Trilling Shrike-babbler
Pteruthius intermedius	Clicking Shrike-babbler
Erpornis zantholeuca	White-bellied Erpornis
Cyclarhis nigrirostris	Black-billed Peppershrike
Cyclarhis gujanensis	Rufous-browed Peppershrike
Hylophilus amaurocephalus	Grey-eyed Greenlet
Hylophilus poicilotis	Rufous-crowned Greenlet
Hylophilus olivaceus	Olivaceous Greenlet
Hylophilus pectoralis	Ashy-headed Greenlet
Hylophilus flavipes	Scrub Greenlet
Hylophilus semicinereus	Grey-chested Greenlet
Hylophilus brunneiceps	Brown-headed Greenlet
Hylophilus thoracicus	Lemon-chested Greenlet
Vireolanius melitophrys	Chestnut-sided Shrike-Vireo
Vireolanius pulchellus	Green Shrike-Vireo
Vireolanius eximius	Yellow-browed Shrike-Vireo
Vireolanius leucotis	Slaty-capped Shrike-Vireo
Tunchiornis ochraceiceps	Ochre-crowned Greenlet
Tunchiornis ferrugineifrons	Rufous-fronted Greenlet
Tunchiornis luteifrons	Guianan Greenlet
Tunchiornis rubrifrons	Para Greenlet
Pachysylvia decurtata	Lesser Greenlet
Pachysylvia hypoxantha	Dusky-capped Greenlet
Pachysylvia muscicapina	Buff-cheeked Greenlet
Pachysylvia aurantiifrons	Golden-fronted Greenlet
Pachysylvia semibrunnea	Rufous-naped Greenlet
Vireo hypochryseus	Golden Vireo
Vireo sclateri	Tepui Vireo
Vireo philadelphicus	Philadelphia Vireo
Vireo gilvus	Warbling Vireo
Vireo leucophrys	Brown-capped Vireo
Vireo flavoviridis	Yellow-green Vireo
Vireo olivaceus	Red-eyed Vireo
Vireo magister	Yucatan Vireo
Vireo altiloquus	Black-whiskered Vireo
Vireo gracilirostris	Noronha Vireo
Vireo chivi	Chivi Vireo
Vireo vicinior	Grey Vireo
Vireo huttoni	Hutton's Vireo
Vireo flavifrons	Yellow-throated Vireo
Vireo carmioli	Yellow-winged Vireo
Vireo masteri	Choco Vireo
Vireo solitarius	Blue-headed Vireo
Vireo cassinii	Cassin's Vireo
Vireo plumbeus	Plumbeous Vireo
Vireo osburni	Blue Mountain Vireo
Vireo nanus	Flat-billed Vireo
Vireo pallens	Mangrove Vireo
Vireo bairdi	Cozumel Vireo
Vireo crassirostris	Thick-billed Vireo
Vireo gundlachii	Cuban Vireo
Vireo griseus	White-eyed Vireo
Vireo caribaeus	San Andres Vireo
Vireo modestus	Jamaican Vireo
Vireo bellii	Bell's Vireo
Vireo latimeri	Puerto Rican Vireo
Vireo brevipennis	Slaty Vireo
Vireo atricapilla	Black-capped Vireo
Vireo nelsoni	Dwarf Vireo
Pitohui dichrous	Hooded Pitohui
Pitohui cerviniventris	Raja Ampat Pitohui
Pitohui kirhocephalus	Northern Variable Pitohui
Pitohui uropygialis	Southern Variable Pitohui
Turnagra tanagra	North Island Piopio
Turnagra capensis	South Island Piopio
Sphecotheres hypoleucus	Wetar Figbird
Sphecotheres viridis	Green Figbird
Sphecotheres vieilloti	Australasian Figbird
Oriolus phaeochromus	Dusky-brown Oriole
Oriolus bouroensis	Black-eared Oriole
Oriolus forsteni	Grey-collared Oriole
Oriolus sagittatus	Olive-backed Oriole
Oriolus decipiens	Tanimbar Oriole
Oriolus flavocinctus	Green Oriole
Oriolus melanotis	Timor Oriole
Oriolus szalayi	Brown Oriole
Oriolus finschi	Wetar Oriole
Oriolus xanthonotus	Dark-throated Oriole
Oriolus consobrinus	Ventriloquial Oriole
Oriolus steerii	Philippine Oriole
Oriolus albiloris	White-lored Oriole
Oriolus isabellae	Isabela Oriole
Oriolus traillii	Maroon Oriole
Oriolus mellianus	Silver Oriole
Oriolus hosii	Black Oriole
Oriolus cruentus	Javan Oriole
Oriolus consanguineus	Black-and-crimson Oriole
Oriolus xanthornus	Black-hooded Oriole
Oriolus chlorocephalus	Green-headed Oriole
Oriolus crassirostris	Sao Tome Oriole
Oriolus brachyrynchus	Western Oriole
Oriolus monacha	Ethiopian Oriole
Oriolus larvatus	Black-headed Oriole
Oriolus nigripennis	Black-winged Oriole
Oriolus percivali	Mountain Oriole
Oriolus auratus	African Golden Oriole
Oriolus kundoo	Indian Golden Oriole
Oriolus oriolus	Eurasian Golden Oriole
Oriolus tenuirostris	Slender-billed Oriole
Oriolus chinensis	Black-naped Oriole
Pseudorectes incertus	White-bellied Pitohui
Pseudorectes ferrugineus	Rusty Pitohui
Colluricincla woodwardi	Sandstone Shrikethrush
Colluricincla boweri	Bower's Shrikethrush
Colluricincla harmonica	Grey Shrikethrush
Colluricincla tenebrosa	Sooty Shrikethrush
Colluricincla megarhyncha	Little Shrikethrush
Melanorectes nigrescens	Black Pitohui
Coracornis sanghirensis	Sangihe Whistler
Coracornis raveni	Maroon-backed Whistler
Pachycephala olivacea	Olive Whistler
Pachycephala rufogularis	Red-lored Whistler
Pachycephala inornata	Gilbert's Whistler
Pachycephala nudigula	Bare-throated Whistler
Pachycephala orpheus	Fawn-breasted Whistler
Pachycephala schlegelii	Regent Whistler
Pachycephala chlorura	Melanesian Whistler
Pachycephala meyeri	Vogelkop Whistler
Pachycephala soror	Sclater's Whistler
Pachycephala vitiensis	White-throated Fiji Whistler
Pachycephala graeffii	Yellow-throated Fiji Whistler
Pachycephala flavifrons	Samoan Whistler
Pachycephala jacquinoti	Tongan Whistler
Pachycephala caledonica	New Caledonian Whistler
Pachycephala implicata	Hooded Whistler
Pachycephala richardsi	Bougainville Whistler
Pachycephala citreogaster	Bismarck Whistler
Pachycephala collaris	Louisiade Whistler
Pachycephala ornata	Nendo Whistler
Pachycephala utupuae	Utupua Whistler
Pachycephala vanikorensis	Vanikoro Whistler
Pachycephala orioloides	Oriole Whistler
Pachycephala feminina	Rennell Whistler
Pachycephala calliope	Tenggara Whistler
Pachycephala teysmanni	Selayar Whistler
Pachycephala macrorhyncha	Yellow-throated Whistler
Pachycephala sharpei	Babar Whistler
Pachycephala mentalis	Black-chinned Whistler
Pachycephala balim	Baliem Whistler
Pachycephala pectoralis	Australian Golden Whistler
Pachycephala melanura	Mangrove Golden Whistler
Pachycephala tenebrosa	Morningbird
Pachycephala modesta	Brown-backed Whistler
Pachycephala lorentzi	Lorentz's Whistler
Pachycephala aurea	Golden-backed Whistler
Pachycephala philippinensis	Yellow-bellied Whistler
Pachycephala hypoxantha	Bornean Whistler
Pachycephala sulfuriventer	Sulphur-vented Whistler
Pachycephala cinerea	Mangrove Whistler
Pachycephala albiventris	Green-backed Whistler
Pachycephala homeyeri	White-vented Whistler
Pachycephala phaionota	Island Whistler
Pachycephala melanorhyncha	Biak Whistler
Pachycephala hyperythra	Rusty Whistler
Pachycephala simplex	Grey Whistler
Pachycephala arctitorquis	Wallacean Whistler
Pachycephala griseonota	Drab Whistler
Pachycephala leucogastra	White-bellied Whistler
Pachycephala monacha	Black-headed Whistler
Pachycephala rufiventris	Rufous Whistler
Pachycephala lanioides	White-breasted Whistler
Chaetorhynchus papuensis	Drongo Fantail
Eutrichomyias rowleyi	Cerulean Flycatcher
Lamprolia victoriae	Taveuni Silktail
Lamprolia klinesmithi	Natewa Silktail
Rhipidura atra	Black Fantail
Rhipidura nigrocinnamomea	Black-and-cinnamon Fantail
Rhipidura superciliaris	Mindanao Blue Fantail
Rhipidura samarensis	Visayan Blue Fantail
Rhipidura sauli	Tablas Fantail
Rhipidura albiventris	Visayan Fantail
Rhipidura cyaniceps	Blue-headed Fantail
Rhipidura perlata	Spotted Fantail
Rhipidura fuscorufa	Cinnamon-tailed Fantail
Rhipidura cockerelli	White-winged Fantail
Rhipidura coultasi	White-gorgeted Fantail
Rhipidura rufiventris	Northern Fantail
Rhipidura diluta	Brown-capped Fantail
Rhipidura threnothorax	Sooty Thicket Fantail
Rhipidura maculipectus	Black Thicket Fantail
Rhipidura leucothorax	White-bellied Thicket Fantail
Rhipidura leucophrys	Willie Wagtail
Rhipidura javanica	Sunda Pied Fantail
Rhipidura nigritorquis	Philippine Pied Fantail
Rhipidura albicollis	White-throated Fantail
Rhipidura albogularis	White-spotted Fantail
Rhipidura phoenicura	Rufous-tailed Fantail
Rhipidura euryura	White-bellied Fantail
Rhipidura aureola	White-browed Fantail
Rhipidura rufidorsa	Rufous-backed Fantail
Rhipidura brachyrhyncha	Dimorphic Fantail
Rhipidura dahli	Bismarck Fantail
Rhipidura matthiae	Mussau Fantail
Rhipidura malaitae	Malaita Fantail
Rhipidura teysmanni	Sulawesi Fantail
Rhipidura habibiei	Peleng Fantail
Rhipidura sulaensis	Taliabu Fantail
Rhipidura superflua	Tawny-backed Fantail
Rhipidura dedemi	Streak-breasted Fantail
Rhipidura opistherythra	Long-tailed Fantail
Rhipidura lepida	Palau Fantail
Rhipidura semirubra	Manus Fantail
Rhipidura semicollaris	Supertramp Fantail
Rhipidura dryas	Arafura Fantail
Rhipidura torrida	Gilolo Fantail
Rhipidura rufifrons	Australian Rufous Fantail
Rhipidura louisiadensis	Louisiade Fantail
Rhipidura melanolaema	Santa Cruz Fantail
Rhipidura versicolor	Micronesian Rufous Fantail
Rhipidura rufofronta	Solomons Rufous Fantail
Rhipidura kubaryi	Pohnpei Fantail
Rhipidura albolimbata	Friendly Fantail
Rhipidura hyperythra	Chestnut-bellied Fantail
Rhipidura drownei	Bougainville Fantail
Rhipidura ocularis	Guadalcanal Fantail
Rhipidura spilodera	Vanuatu Streaked Fantail
Rhipidura layardi	Fiji Streaked Fantail
Rhipidura verreauxi	New Caledonian Streaked Fantail
Rhipidura tenebrosa	Makira Fantail
Rhipidura rennelliana	Rennell Fantail
Rhipidura personata	Kadavu Fantail
Rhipidura nebulosa	Samoan Fantail
Rhipidura albiscapa	Grey Fantail
Rhipidura phasiana	Mangrove Fantail
Rhipidura fuliginosa	New Zealand Fantail
Dicrurus aeneus	Bronzed Drongo
Dicrurus remifer	Lesser Racket-tailed Drongo
Dicrurus annectens	Crow-billed Drongo
Dicrurus lophorinus	Sri Lanka Drongo
Dicrurus andamanensis	Andaman Drongo
Dicrurus paradiseus	Greater Racket-tailed Drongo
Dicrurus sumatranus	Sumatran Drongo
Dicrurus densus	Wallacean Drongo
Dicrurus hottentottus	Hair-crested Drongo
Dicrurus megarhynchus	Paradise Drongo
Dicrurus montanus	Sulawesi Drongo
Dicrurus bracteatus	Spangled Drongo
Dicrurus menagei	Tablas Drongo
Dicrurus palawanensis	Palawan Drongo
Dicrurus striatus	Short-tailed Drongo
Dicrurus balicassius	Balicassiao
Dicrurus ludwigii	Square-tailed Drongo
Dicrurus atripennis	Shining Drongo
Dicrurus sharpei	Sharpe's Drongo
Dicrurus caerulescens	White-bellied Drongo
Dicrurus leucophaeus	Ashy Drongo
Dicrurus adsimilis	Fork-tailed Drongo
Dicrurus fuscipennis	Grande Comore Drongo
Dicrurus macrocercus	Black Drongo
Dicrurus modestus	Velvet-mantled Drongo
Dicrurus waldenii	Mayotte Drongo
Dicrurus aldabranus	Aldabra Drongo
Dicrurus forficatus	Crested Drongo
Trochocercus nitens	Blue-headed Crested Flycatcher
Trochocercus cyanomelas	Blue-mantled Crested Flycatcher
Hypothymis coelestis	Celestial Monarch
Hypothymis helenae	Short-crested Monarch
Hypothymis puella	Pale-blue Monarch
Hypothymis azurea	Black-naped Monarch
Terpsiphone cinnamomea	Rufous Paradise Flycatcher
Terpsiphone cyanescens	Blue Paradise Flycatcher
Terpsiphone floris	Tenggara Paradise Flycatcher
Terpsiphone affinis	Blyth's Paradise Flycatcher
Terpsiphone incei	Amur Paradise Flycatcher
Terpsiphone atrocaudata	Black Paradise Flycatcher
Terpsiphone bourbonnensis	Mascarene Paradise Flycatcher
Terpsiphone paradisi	Indian Paradise Flycatcher
Terpsiphone atrochalybeia	Sao Tome Paradise Flycatcher
Terpsiphone mutata	Malagasy Paradise Flycatcher
Terpsiphone corvina	Seychelles Paradise Flycatcher
Terpsiphone rufiventer	Red-bellied Paradise Flycatcher
Terpsiphone rufocinerea	Rufous-vented Paradise Flycatcher
Terpsiphone viridis	African Paradise Flycatcher
Terpsiphone bedfordi	Bedford's Paradise Flycatcher
Terpsiphone batesi	Bates's Paradise Flycatcher
Grallina bruijnii	Torrent-lark
Grallina cyanoleuca	Magpie-lark
Arses telescopthalmus	Frilled Monarch
Arses lorealis	Frill-necked Monarch
Arses insularis	Ochre-collared Monarch
Arses kaupi	Pied Monarch
Myiagra erythrops	Palau Flycatcher
Myiagra freycineti	Guam Flycatcher
Myiagra pluto	Pohnpei Flycatcher
Myiagra oceanica	Chuuk Flycatcher
Myiagra atra	Biak Black Flycatcher
Myiagra galeata	Moluccan Flycatcher
Myiagra rubecula	Leaden Flycatcher
Myiagra ferrocyanea	Steel-blue Flycatcher
Myiagra cervinicauda	Makira Flycatcher
Myiagra caledonica	Melanesian Flycatcher
Myiagra vanikorensis	Vanikoro Flycatcher
Myiagra albiventris	Samoan Flycatcher
Myiagra azureocapilla	Azure-crested Flycatcher
Myiagra castaneigularis	Chestnut-throated Flycatcher
Myiagra ruficollis	Broad-billed Flycatcher
Myiagra cyanoleuca	Satin Flycatcher
Myiagra inquieta	Restless Flycatcher
Myiagra nana	Paperbark Flycatcher
Myiagra alecto	Shining Flycatcher
Myiagra hebetior	Mussau Flycatcher
Myiagra eichhorni	Velvet Flycatcher
Symposiachrus axillaris	Black Monarch
Symposiachrus rubiensis	Rufous Monarch
Symposiachrus sacerdotum	Flores Monarch
Symposiachrus boanensis	Boano Monarch
Symposiachrus bimaculatus	Moluccan Monarch
Symposiachrus trivirgatus	Spectacled Monarch
Symposiachrus melanopterus	Louisiade Monarch
Symposiachrus leucurus	Kai Monarch
Symposiachrus everetti	Tanahjampea Monarch
Symposiachrus loricatus	Buru Monarch
Symposiachrus julianae	Kofiau Monarch
Symposiachrus brehmii	Biak Monarch
Symposiachrus manadensis	Hooded Monarch
Symposiachrus infelix	Manus Monarch
Symposiachrus menckei	Mussau Monarch
Symposiachrus verticalis	Bismarck Monarch
Symposiachrus barbatus	Solomons Monarch
Symposiachrus malaitae	Malaita Monarch
Symposiachrus browni	Kolombangara Monarch
Symposiachrus nigrotectus	Vella Lavella Monarch
Symposiachrus mundus	Banda Sea Monarch
Symposiachrus vidua	White-collared Monarch
Symposiachrus guttula	Spot-winged Monarch
Carterornis pileatus	White-naped Monarch
Carterornis castus	Tanimbar Monarch
Carterornis leucotis	White-eared Monarch
Carterornis chrysomela	Golden Monarch
Metabolus rugensis	Chuuk Monarch
Monarcha godeffroyi	Yap Monarch
Monarcha takatsukasae	Tinian Monarch
Monarcha cinerascens	Island Monarch
Monarcha richardsii	White-capped Monarch
Monarcha castaneiventris	Chestnut-bellied Monarch
Monarcha melanopsis	Black-faced Monarch
Monarcha frater	Black-winged Monarch
Pomarea nigra	Tahiti Monarch
Pomarea maupitiensis	Maupiti Monarch
Pomarea dimidiata	Rarotonga Monarch
Pomarea fluxa	Eiao Monarch
Pomarea nukuhivae	Nuku Hiva Monarch
Pomarea iphis	Iphis Monarch
Pomarea mira	Ua Pou Monarch
Pomarea mendozae	Marquesan Monarch
Pomarea whitneyi	Fatu Hiva Monarch
Chasiempis sandwichensis	Hawaii Elepaio
Chasiempis sclateri	Kauai Elepaio
Chasiempis ibidis	Oahu Elepaio
Neolalage banksiana	Buff-bellied Monarch
Mayrornis versicolor	Ogea Monarch
Mayrornis lessoni	Slaty Monarch
Mayrornis schistaceus	Vanikoro Monarch
Clytorhynchus pachycephaloides	Southern Shrikebill
Clytorhynchus hamlini	Rennell Shrikebill
Clytorhynchus vitiensis	Fiji Shrikebill
Clytorhynchus nigrogularis	Black-throated Shrikebill
Clytorhynchus sanctaecrucis	Santa Cruz Shrikebill
Corcorax melanorhamphos	White-winged Chough
Struthidea cinerea	Apostlebird
Ifrita kowaldi	Blue-capped Ifrit
Lycocorax obiensis	Obi Paradise-crow
Lycocorax pyrrhopterus	Halmahera Paradise-crow
Phonygammus keraudrenii	Trumpet Manucode
Manucodia comrii	Curl-crested Manucode
Manucodia chalybatus	Crinkle-collared Manucode
Manucodia jobiensis	Jobi Manucode
Manucodia ater	Glossy-mantled Manucode
Pteridophora alberti	King of Saxony Bird-of-paradise
Parotia carolae	Queen Carola's Parotia
Parotia berlepschi	Bronze Parotia
Parotia sefilata	Western Parotia
Parotia wahnesi	Wahnes's Parotia
Parotia lawesii	Lawes's Parotia
Parotia helenae	Eastern Parotia
Seleucidis melanoleucus	Twelve-wired Bird-of-paradise
Drepanornis bruijnii	Pale-billed Sicklebill
Drepanornis albertisi	Black-billed Sicklebill
Semioptera wallacii	Standardwing
Lophorina superba	Vogelkop Lophorina
Lophorina latipennis	Greater Lophorina
Lophorina minor	Lesser Lophorina
Ptiloris paradiseus	Paradise Riflebird
Ptiloris victoriae	Victoria's Riflebird
Ptiloris magnificus	Magnificent Riflebird
Ptiloris intercedens	Growling Riflebird
Epimachus fastosus	Black Sicklebill
Epimachus meyeri	Brown Sicklebill
Paradigalla carunculata	Long-tailed Paradigalla
Paradigalla brevicauda	Short-tailed Paradigalla
Astrapia splendidissima	Splendid Astrapia
Astrapia nigra	Arfak Astrapia
Astrapia rothschildi	Huon Astrapia
Astrapia stephaniae	Princess Stephanie's Astrapia
Astrapia mayeri	Ribbon-tailed Astrapia
Cicinnurus regius	King Bird-of-paradise
Diphyllodes respublica	Wilson's Bird-of-paradise
Diphyllodes magnificus	Magnificent Bird-of-paradise
Paradisornis rudolphi	Blue Bird-of-paradise
Paradisaea guilielmi	Emperor Bird-of-paradise
Paradisaea rubra	Red Bird-of-paradise
Paradisaea decora	Goldie's Bird-of-paradise
Paradisaea minor	Lesser Bird-of-paradise
Paradisaea raggiana	Raggiana Bird-of-paradise
Paradisaea apoda	Greater Bird-of-paradise
Melampitta lugubris	Lesser Melampitta
Megalampitta gigantea	Greater Melampitta
Platylophus galericulatus	Crested Jayshrike
Corvinella corvina	Yellow-billed Shrike
Urolestes melanoleucus	Magpie Shrike
Lanius cabanisi	Long-tailed Fiscal
Lanius excubitoroides	Grey-backed Fiscal
Lanius dorsalis	Taita Fiscal
Lanius somalicus	Somali Fiscal
Lanius excubitor	Great Grey Shrike
Lanius ludovicianus	Loggerhead Shrike
Lanius sphenocercus	Chinese Grey Shrike
Lanius giganteus	Giant Grey Shrike
Lanius meridionalis	Iberian Grey Shrike
Lanius borealis	Northern Shrike
Lanius nubicus	Masked Shrike
Lanius minor	Lesser Grey Shrike
Lanius senator	Woodchat Shrike
Lanius gubernator	Emin's Shrike
Lanius mackinnoni	Mackinnon's Shrike
Lanius newtoni	Sao Tome Fiscal
Lanius humeralis	Northern Fiscal
Lanius souzae	Souza's Shrike
Lanius collaris	Southern Fiscal
Lanius tigrinus	Tiger Shrike
Lanius vittatus	Bay-backed Shrike
Lanius collurioides	Burmese Shrike
Lanius isabellinus	Isabelline Shrike
Lanius collurio	Red-backed Shrike
Lanius phoenicuroides	Red-tailed Shrike
Lanius schach	Long-tailed Shrike
Lanius cristatus	Brown Shrike
Lanius tephronotus	Grey-backed Shrike
Lanius validirostris	Mountain Shrike
Lanius bucephalus	Bull-headed Shrike
Eurocephalus ruppelli	Northern White-crowned Shrike
Eurocephalus anguitimens	Southern White-crowned Shrike
Pyrrhocorax graculus	Alpine Chough
Pyrrhocorax pyrrhocorax	Red-billed Chough
Crypsirina temia	Racket-tailed Treepie
Crypsirina cucullata	Hooded Treepie
Temnurus temnurus	Ratchet-tailed Treepie
Platysmurus leucopterus	Malayan Black Magpie
Platysmurus aterrimus	Bornean Black Magpie
Dendrocitta vagabunda	Rufous Treepie
Dendrocitta formosae	Grey Treepie
Dendrocitta occipitalis	Sumatran Treepie
Dendrocitta cinerascens	Bornean Treepie
Dendrocitta leucogastra	White-bellied Treepie
Dendrocitta frontalis	Collared Treepie
Dendrocitta bayleii	Andaman Treepie
Cissa chinensis	Common Green Magpie
Cissa hypoleuca	Indochinese Green Magpie
Cissa thalassina	Javan Green Magpie
Cissa jefferyi	Bornean Green Magpie
Urocissa ornata	Sri Lanka Blue Magpie
Urocissa caerulea	Taiwan Blue Magpie
Urocissa flavirostris	Yellow-billed Blue Magpie
Urocissa erythroryncha	Red-billed Blue Magpie
Urocissa whiteheadi	White-winged Magpie
Cyanopica cooki	Iberian Magpie
Cyanopica cyanus	Azure-winged Magpie
Perisoreus infaustus	Siberian Jay
Perisoreus internigrans	Sichuan Jay
Perisoreus canadensis	Canada Jay
Cyanolyca mirabilis	White-throated Jay
Cyanolyca nanus	Dwarf Jay
Cyanolyca pumilo	Black-throated Jay
Cyanolyca argentigula	Silvery-throated Jay
Cyanolyca cucullata	Azure-hooded Jay
Cyanolyca pulchra	Beautiful Jay
Cyanolyca armillata	Black-collared Jay
Cyanolyca turcosa	Turquoise Jay
Cyanolyca viridicyanus	White-collared Jay
Gymnorhinus cyanocephalus	Pinyon Jay
Cyanocitta cristata	Blue Jay
Cyanocitta stelleri	Steller's Jay
Aphelocoma coerulescens	Florida Scrub Jay
Aphelocoma insularis	Island Scrub Jay
Aphelocoma californica	California Scrub Jay
Aphelocoma woodhouseii	Woodhouse's Scrub Jay
Aphelocoma wollweberi	Mexican Jay
Aphelocoma ultramarina	Transvolcanic Jay
Aphelocoma unicolor	Unicolored Jay
Cyanocorax colliei	Black-throated Magpie-Jay
Cyanocorax formosus	White-throated Magpie-Jay
Cyanocorax morio	Brown Jay
Cyanocorax coeruleus	Azure Jay
Cyanocorax violaceus	Violaceous Jay
Cyanocorax cyanomelas	Purplish Jay
Cyanocorax cristatellus	Curl-crested Jay
Cyanocorax yncas	Green Jay
Cyanocorax mystacalis	White-tailed Jay
Cyanocorax melanocyaneus	Bushy-crested Jay
Cyanocorax yucatanicus	Yucatan Jay
Cyanocorax beecheii	Purplish-backed Jay
Cyanocorax sanblasianus	San Blas Jay
Cyanocorax dickeyi	Tufted Jay
Cyanocorax affinis	Black-chested Jay
Cyanocorax heilprini	Azure-naped Jay
Cyanocorax cayanus	Cayenne Jay
Cyanocorax chrysops	Plush-crested Jay
Cyanocorax cyanopogon	White-naped Jay
Garrulus glandarius	Eurasian Jay
Garrulus lanceolatus	Black-headed Jay
Garrulus lidthi	Lidth's Jay
Zavattariornis stresemanni	Ethiopian Bushcrow
Pica mauritanica	Maghreb Magpie
Pica serica	Oriental Magpie
Pica bottanensis	Black-rumped Magpie
Pica asirensis	Asir Magpie
Pica pica	Eurasian Magpie
Pica hudsonia	Black-billed Magpie
Pica nuttallii	Yellow-billed Magpie
Ptilostomus afer	Piapiac
Podoces hendersoni	Mongolian Ground Jay
Podoces biddulphi	Xinjiang Ground Jay
Podoces panderi	Turkestan Ground Jay
Podoces pleskei	Iranian Ground Jay
Nucifraga columbiana	Clark's Nutcracker
Nucifraga caryocatactes	Northern Nutcracker
Nucifraga hemispila	Southern Nutcracker
Nucifraga multipunctata	Kashmir Nutcracker
Coloeus dauuricus	Daurian Jackdaw
Coloeus monedula	Western Jackdaw
Corvus nasicus	Cuban Crow
Corvus jamaicensis	Jamaican Crow
Corvus leucognaphalus	White-necked Crow
Corvus palmarum	Hispaniolan Palm Crow
Corvus minutus	Cuban Palm Crow
Corvus ossifragus	Fish Crow
Corvus imparatus	Tamaulipas Crow
Corvus sinaloae	Sinaloa Crow
Corvus capensis	Cape Crow
Corvus hawaiiensis	Hawaiian Crow
Corvus frugilegus	Rook
Corvus albicollis	White-necked Raven
Corvus crassirostris	Thick-billed Raven
Corvus ruficollis	Brown-necked Raven
Corvus albus	Pied Crow
Corvus edithae	Somali Crow
Corvus cryptoleucus	Chihuahuan Raven
Corvus rhipidurus	Fan-tailed Raven
Corvus corax	Northern Raven
Corvus brachyrhynchos	American Crow
Corvus torquatus	Collared Crow
Corvus corone	Carrion Crow
Corvus florensis	Flores Crow
Corvus splendens	House Crow
Corvus kubaryi	Mariana Crow
Corvus philippinus	Philippine Jungle Crow
Corvus macrorhynchos	Large-billed Crow
Corvus typicus	Piping Crow
Corvus unicolor	Banggai Crow
Corvus enca	Sunda Crow
Corvus sierramadrensis	Sierra Madre Crow
Corvus samarensis	Samar Crow
Corvus celebensis	Sulawesi Crow
Corvus pusillus	Palawan Crow
Corvus validus	Long-billed Crow
Corvus moneduloides	New Caledonian Crow
Corvus woodfordi	White-billed Crow
Corvus meeki	Bougainville Crow
Corvus violaceus	Violet Crow
Corvus fuscicapillus	Brown-headed Crow
Corvus tristis	Grey Crow
Corvus coronoides	Australian Raven
Corvus mellori	Little Raven
Corvus tasmanicus	Forest Raven
Corvus insularis	Bismarck Crow
Corvus bennetti	Little Crow
Corvus orru	Torresian Crow
Loboparadisea sericea	Yellow-breasted Satinbird
Cnemophilus loriae	Loria's Satinbird
Cnemophilus macgregorii	Crested Satinbird
Toxorhamphus poliopterus	Slaty-headed Longbill
Toxorhamphus novaeguineae	Yellow-bellied Longbill
Oedistoma pygmaeum	Pygmy Longbill
Oedistoma iliolophus	Spectacled Longbill
Melanocharis arfakiana	Obscure Berrypecker
Melanocharis nigra	Black Berrypecker
Melanocharis longicauda	Mid-mountain Berrypecker
Melanocharis versteri	Fan-tailed Berrypecker
Melanocharis citreola	Satin Berrypecker
Melanocharis striativentris	Streaked Berrypecker
Melanocharis crassirostris	Thick-billed Berrypecker
Melanocharis piperata	Spotted Berrypecker
Notiomystis cincta	Stitchbird
Callaeas cinereus	South Island Kokako
Callaeas wilsoni	North Island Kokako
Heteralocha acutirostris	Huia
Philesturnus carunculatus	South Island Saddleback
Philesturnus rufusater	North Island Saddleback
Eupetes macrocerus	Rail-babbler
Chaetops frenatus	Cape Rockjumper
Chaetops aurantius	Drakensberg Rockjumper
Picathartes gymnocephalus	White-necked Rockfowl
Picathartes oreas	Grey-necked Rockfowl
Amalocichla incerta	Lesser Ground Robin
Amalocichla sclateriana	Greater Ground Robin
Pachycephalopsis poliosoma	White-eyed Robin
Pachycephalopsis hattamensis	Green-backed Robin
Eugerygone rubra	Garnet Robin
Petroica macrocephala	Tomtit
Petroica traversi	Black Robin
Petroica longipes	North Island Robin
Petroica australis	South Island Robin
Petroica bivittata	Mountain Robin
Petroica archboldi	Snow Mountain Robin
Petroica multicolor	Norfolk Robin
Petroica goodenovii	Red-capped Robin
Petroica polymorpha	Solomons Robin
Petroica pusilla	Pacific Robin
Petroica rosea	Rose Robin
Petroica rodinogaster	Pink Robin
Petroica phoenicea	Flame Robin
Petroica boodang	Scarlet Robin
Devioeca papuana	Canary Flyrobin
Kempiella flavovirescens	Olive Flyrobin
Kempiella griseoceps	Yellow-legged Flyrobin
Cryptomicroeca flaviventris	Yellow-bellied Flyrobin
Monachella muelleriana	Torrent Flyrobin
Microeca hemixantha	Golden-bellied Flyrobin
Microeca flavigaster	Lemon-bellied Flyrobin
Microeca fascinans	Jacky Winter
Drymodes brunneopygia	Southern Scrub Robin
Drymodes superciliaris	Northern Scrub Robin
Drymodes beccarii	Papuan Scrub Robin
Heteromyias cinereifrons	Grey-headed Robin
Heteromyias armiti	Black-capped Robin
Heteromyias albispecularis	Ashy Robin
Plesiodryas albonotata	Black-throated Robin
Leucophantes brachyurus	Black-chinned Robin
Poecilodryas hypoleuca	Black-sided Robin
Poecilodryas superciliosa	White-browed Robin
Poecilodryas cerviniventris	Buff-sided Robin
Eopsaltria placens	Banded Yellow Robin
Eopsaltria australis	Eastern Yellow Robin
Eopsaltria griseogularis	Western Yellow Robin
Eopsaltria georgiana	White-breasted Robin
Eopsaltria capito	Pale-yellow Robin
Eopsaltria leucops	White-faced Robin
Melanodryas vittata	Dusky Robin
Melanodryas cucullata	Hooded Robin
Melanodryas bimaculata	White-rumped Robin
Melanodryas pulverulenta	Mangrove Robin
Melanodryas sigillata	White-winged Robin
Melanodryas cyanus	Slaty Robin
Melanodryas cryptoleuca	Smoky Robin
Chelidorhynx hypoxanthus	Yellow-bellied Fantail
Stenostira scita	Fairy Flycatcher
Culicicapa ceylonensis	Grey-headed Canary-flycatcher
Culicicapa helianthea	Citrine Canary-flycatcher
Elminia longicauda	African Blue Flycatcher
Elminia albicauda	White-tailed Blue Flycatcher
Elminia nigromitrata	Dusky Crested Flycatcher
Elminia albiventris	White-bellied Crested Flycatcher
Elminia albonotata	White-tailed Crested Flycatcher
Hyliota flavigaster	Yellow-bellied Hyliota
Hyliota australis	Southern Hyliota
Hyliota usambara	Usambara Hyliota
Hyliota violacea	Violet-backed Hyliota
Auriparus flaviceps	Verdin
Remiz consobrinus	Chinese Penduline Tit
Remiz coronatus	White-crowned Penduline Tit
Remiz pendulinus	Eurasian Penduline Tit
Remiz macronyx	Black-headed Penduline Tit
Anthoscopus punctifrons	Sennar Penduline Tit
Anthoscopus musculus	Mouse-colored Penduline Tit
Anthoscopus parvulus	Yellow Penduline Tit
Anthoscopus flavifrons	Forest Penduline Tit
Anthoscopus caroli	Grey Penduline Tit
Anthoscopus minutus	Cape Penduline Tit
Cephalopyrus flammiceps	Fire-capped Tit
Sylviparus modestus	Yellow-browed Tit
Melanochlora sultanea	Sultan Tit
Cyanistes teneriffae	African Blue Tit
Cyanistes cyanus	Azure Tit
Cyanistes caeruleus	Eurasian Blue Tit
Pseudopodoces humilis	Ground Tit
Parus monticolus	Green-backed Tit
Parus major	Great Tit
Parus cinereus	Cinereous Tit
Machlolophus nuchalis	White-naped Tit
Machlolophus holsti	Yellow Tit
Machlolophus xanthogenys	Himalayan Black-lored Tit
Machlolophus aplonotus	Indian Black-lored Tit
Machlolophus spilonotus	Yellow-cheeked Tit
Melaniparus guineensis	White-shouldered Black Tit
Melaniparus leucomelas	White-winged Black Tit
Melaniparus rufiventris	Rufous-bellied Tit
Melaniparus albiventris	White-bellied Tit
Melaniparus niger	Southern Black Tit
Melaniparus carpi	Carp's Tit
Melaniparus funereus	Dusky Tit
Melaniparus griseiventris	Miombo Tit
Melaniparus fasciiventer	Stripe-breasted Tit
Melaniparus thruppi	Acacia Tit
Melaniparus fringillinus	Red-throated Tit
Melaniparus leuconotus	White-backed Black Tit
Melaniparus cinerascens	Ashy Tit
Melaniparus afer	Grey Tit
Periparus venustulus	Yellow-bellied Tit
Periparus amabilis	Palawan Tit
Periparus elegans	Elegant Tit
Periparus ater	Coal Tit
Periparus rufonuchalis	Rufous-naped Tit
Periparus rubidiventris	Rufous-vented Tit
Lophophanes dichrous	Grey-crested Tit
Lophophanes cristatus	Crested Tit
Baeolophus wollweberi	Bridled Titmouse
Baeolophus inornatus	Oak Titmouse
Baeolophus ridgwayi	Juniper Titmouse
Baeolophus bicolor	Tufted Titmouse
Baeolophus atricristatus	Black-crested Titmouse
Sittiparus castaneoventris	Chestnut-bellied Tit
Sittiparus olivaceus	Iriomote Tit
Sittiparus varius	Varied Tit
Sittiparus owstoni	Owston's Tit
Sittiparus semilarvatus	White-fronted Tit
Poecile superciliosus	White-browed Tit
Poecile lugubris	Sombre Tit
Poecile davidi	Pere David's Tit
Poecile palustris	Marsh Tit
Poecile hyrcanus	Caspian Tit
Poecile hypermelaenus	Black-bibbed Tit
Poecile weigoldicus	Sichuan Tit
Poecile montanus	Willow Tit
Poecile cinctus	Grey-headed Chickadee
Poecile rufescens	Chestnut-backed Chickadee
Poecile hudsonicus	Boreal Chickadee
Poecile gambeli	Mountain Chickadee
Poecile sclateri	Mexican Chickadee
Poecile carolinensis	Carolina Chickadee
Poecile atricapillus	Black-capped Chickadee
Panurus biarmicus	Bearded Reedling
Alaemon hamertoni	Lesser Hoopoe-Lark
Alaemon alaudipes	Greater Hoopoe-Lark
Ammomanopsis grayi	Gray's Lark
Chersomanes beesleyi	Beesley's Lark
Chersomanes albofasciata	Spike-heeled Lark
Certhilauda chuana	Short-clawed Lark
Certhilauda subcoronata	Karoo Long-billed Lark
Certhilauda semitorquata	Eastern Long-billed Lark
Certhilauda curvirostris	Cape Long-billed Lark
Pinarocorys erythropygia	Rufous-rumped Lark
Pinarocorys nigricans	Dusky Lark
Ramphocoris clotbey	Thick-billed Lark
Ammomanes cinctura	Bar-tailed Lark
Ammomanes phoenicura	Rufous-tailed Lark
Ammomanes deserti	Desert Lark
Eremopterix australis	Black-eared Sparrow-Lark
Eremopterix hova	Madagascar Lark
Eremopterix verticalis	Grey-backed Sparrow-Lark
Eremopterix leucopareia	Fischer's Sparrow-Lark
Eremopterix signatus	Chestnut-headed Sparrow-Lark
Eremopterix nigriceps	Black-crowned Sparrow-Lark
Eremopterix griseus	Ashy-crowned Sparrow-Lark
Eremopterix leucotis	Chestnut-backed Sparrow-Lark
Calendulauda rufa	Rusty Bush Lark
Calendulauda sabota	Sabota Lark
Calendulauda gilletti	Gillett's Lark
Calendulauda poecilosterna	Pink-breasted Lark
Calendulauda africanoides	Fawn-colored Lark
Calendulauda albescens	Karoo Lark
Calendulauda burra	Red Lark
Calendulauda erythrochlamys	Dune Lark
Heteromirafra ruddi	Rudd's Lark
Heteromirafra archeri	Archer's Lark
Plocealauda microptera	Burmese Bush Lark
Plocealauda erythrocephala	Indochinese Bush Lark
Plocealauda affinis	Jerdon's Bush Lark
Plocealauda erythroptera	Indian Bush Lark
Plocealauda assamica	Bengal Bush Lark
Mirafra passerina	Monotonous Lark
Mirafra cordofanica	Kordofan Lark
Mirafra williamsi	Williams's Lark
Mirafra pulpa	Friedmann's Lark
Mirafra albicauda	White-tailed Lark
Mirafra cheniana	Melodious Lark
Mirafra javanica	Singing Bush Lark
Amirafra collaris	Collared Lark
Amirafra rufocinnamomea	Flappet Lark
Amirafra angolensis	Angola Lark
Corypha kurrae	Highland Lark
Corypha apiata	Cape Clapper Lark
Corypha fasciolata	Eastern Clapper Lark
Corypha kabalii	Plains Lark
Corypha nigrescens	Plateau Lark
Corypha africana	Rufous-naped Lark
Corypha athi	Sentinel Lark
Corypha somalica	Somali Lark
Corypha hypermetra	Red-winged Lark
Corypha sharpii	Russet Lark
Corypha kidepoensis	Kidepo Lark
Lullula arborea	Woodlark
Spizocorys starki	Stark's Lark
Spizocorys personata	Masked Lark
Spizocorys conirostris	Pink-billed Lark
Spizocorys fringillaris	Botha's Lark
Spizocorys fremantlii	Short-tailed Lark
Spizocorys obbiensis	Obbia Lark
Spizocorys sclateri	Sclater's Lark
Alauda leucoptera	White-winged Lark
Alauda razae	Raso Lark
Alauda gulgula	Oriental Skylark
Alauda arvensis	Eurasian Skylark
Galerida magnirostris	Large-billed Lark
Galerida modesta	Sun Lark
Galerida deva	Sykes's Lark
Galerida theklae	Thekla's Lark
Galerida malabarica	Malabar Lark
Galerida cristata	Crested Lark
Eremophila bilopha	Temminck's Lark
Eremophila alpestris	Horned Lark
Calandrella blanfordi	Blanford's Lark
Calandrella eremica	Rufous-capped Lark
Calandrella brachydactyla	Greater Short-toed Lark
Calandrella cinerea	Red-capped Lark
Calandrella dukhunensis	Mongolian Short-toed Lark
Calandrella acutirostris	Hume's Short-toed Lark
Melanocorypha bimaculata	Bimaculated Lark
Melanocorypha mongolica	Mongolian Lark
Melanocorypha maxima	Tibetan Lark
Melanocorypha yeltoniensis	Black Lark
Melanocorypha calandra	Calandra Lark
Chersophilus duponti	Dupont's Lark
Eremalauda dunni	Dunn's Lark
Eremalauda eremodites	Arabian Lark
Alaudala somalica	Somali Short-toed Lark
Alaudala cheleensis	Asian Short-toed Lark
Alaudala rufescens	Mediterranean Short-toed Lark
Alaudala raytal	Sand Lark
Alaudala heinei	Turkestan Short-toed Lark
Nicator chloris	Western Nicator
Nicator gularis	Eastern Nicator
Nicator vireo	Yellow-throated Nicator
Macrosphenus kempi	Kemp's Longbill
Macrosphenus flavicans	Yellow Longbill
Macrosphenus concolor	Grey Longbill
Macrosphenus pulitzeri	Pulitzer's Longbill
Macrosphenus kretschmeri	Kretschmer's Longbill
Achaetops pycnopygius	Rockrunner
Sphenoeacus afer	Cape Grassbird
Melocichla mentalis	Moustached Grass Warbler
Cryptillas victorini	Victorin's Warbler
Sylvietta virens	Green Crombec
Sylvietta denti	Lemon-bellied Crombec
Sylvietta leucophrys	White-browed Crombec
Sylvietta brachyura	Northern Crombec
Sylvietta philippae	Philippa's Crombec
Sylvietta ruficapilla	Red-capped Crombec
Sylvietta whytii	Red-faced Crombec
Sylvietta isabellina	Somali Crombec
Sylvietta rufescens	Long-billed Crombec
Neomixis tenella	Common Jery
Neomixis viridis	Green Jery
Neomixis striatigula	Stripe-throated Jery
Micromacronus leytensis	Visayan Miniature Babbler
Micromacronus sordidus	Mindanao Miniature Babbler
Eremomela flavicrissalis	Yellow-vented Eremomela
Eremomela icteropygialis	Yellow-bellied Eremomela
Eremomela pusilla	Senegal Eremomela
Eremomela canescens	Green-backed Eremomela
Eremomela scotops	Green-capped Eremomela
Eremomela gregalis	Karoo Eremomela
Eremomela badiceps	Rufous-crowned Eremomela
Eremomela turneri	Turner's Eremomela
Eremomela atricollis	Black-necked Eremomela
Eremomela usticollis	Burnt-necked Eremomela
Drymocichla incana	Red-winged Grey Warbler
Schistolais leontica	Sierra Leone Prinia
Schistolais leucopogon	White-chinned Prinia
Oreophilais robertsi	Roberts's Warbler
Phragmacia substriata	Namaqua Warbler
Urolais epichlorus	Green Longtail
Oreolais ruwenzorii	Rwenzori Apalis
Oreolais pulcher	Black-collared Apalis
Artisornis metopias	Red-capped Forest Warbler
Artisornis moreaui	Long-billed Forest Warbler
Poliolais lopezi	White-tailed Warbler
Calamonastes undosus	Miombo Wren-Warbler
Calamonastes stierlingi	Stierling's Wren-Warbler
Calamonastes simplex	Grey Wren-Warbler
Calamonastes fasciolatus	Barred Wren-Warbler
Camaroptera brachyura	Bleating Camaroptera
Camaroptera harterti	Hartert's Camaroptera
Camaroptera superciliaris	Yellow-browed Camaroptera
Camaroptera chloronota	Olive-green Camaroptera
Spiloptila clamans	Cricket Warbler
Phyllolais pulchella	Buff-bellied Warbler
Apalis thoracica	Bar-throated Apalis
Apalis fuscigularis	Taita Apalis
Apalis flavigularis	Yellow-throated Apalis
Apalis lynesi	Namuli Apalis
Apalis nigriceps	Black-capped Apalis
Apalis jacksoni	Black-throated Apalis
Apalis chariessa	White-winged Apalis
Apalis binotata	Lowland Masked Apalis
Apalis personata	Mountain Masked Apalis
Apalis flavida	Yellow-breasted Apalis
Apalis ruddi	Rudd's Apalis
Apalis sharpii	Sharpe's Apalis
Apalis rufogularis	Buff-throated Apalis
Apalis argentea	Kungwe Apalis
Apalis bamendae	Bamenda Apalis
Apalis goslingi	Gosling's Apalis
Apalis kaboboensis	Kabobo Apalis
Apalis porphyrolaema	Chestnut-throated Apalis
Apalis chapini	Chapin's Apalis
Apalis melanocephala	Black-headed Apalis
Apalis chirindensis	Chirinda Apalis
Apalis cinerea	Grey Apalis
Apalis alticola	Brown-headed Apalis
Apalis karamojae	Karamoja Apalis
Apalis stronachi	Maasai Apalis
Orthotomus sutorius	Common Tailorbird
Orthotomus frontalis	Rufous-fronted Tailorbird
Orthotomus atrogularis	Dark-necked Tailorbird
Orthotomus chaktomuk	Cambodian Tailorbird
Orthotomus ruficeps	Ashy Tailorbird
Orthotomus sepium	Olive-backed Tailorbird
Orthotomus sericeus	Rufous-tailed Tailorbird
Orthotomus castaneiceps	Visayan Tailorbird
Orthotomus derbianus	Grey-backed Tailorbird
Orthotomus chloronotus	Green-backed Tailorbird
Orthotomus samarensis	Yellow-breasted Tailorbird
Orthotomus nigriceps	Black-headed Tailorbird
Orthotomus cinereiceps	White-eared Tailorbird
Prinia crinigera	Himalayan Prinia
Prinia striata	Striped Prinia
Prinia cooki	Burmese Prinia
Prinia rocki	Annam Prinia
Prinia polychroa	Brown Prinia
Prinia atrogularis	Black-throated Prinia
Prinia khasiana	Rufous-crowned Prinia
Prinia superciliaris	Hill Prinia
Prinia cinereocapilla	Grey-crowned Prinia
Prinia buchanani	Rufous-fronted Prinia
Prinia rufescens	Rufescent Prinia
Prinia hodgsonii	Grey-breasted Prinia
Prinia familiaris	Bar-winged Prinia
Prinia gracilis	Graceful Prinia
Prinia lepida	Delicate Prinia
Prinia sylvatica	Jungle Prinia
Prinia flaviventris	Yellow-bellied Prinia
Prinia socialis	Ashy Prinia
Prinia subflava	Tawny-flanked Prinia
Prinia inornata	Plain Prinia
Prinia somalica	Pale Prinia
Prinia fluviatilis	River Prinia
Prinia flavicans	Black-chested Prinia
Prinia maculosa	Karoo Prinia
Prinia hypoxantha	Drakensberg Prinia
Prinia molleri	Sao Tome Prinia
Prinia bairdii	Banded Prinia
Prinia erythroptera	Red-winged Prinia
Prinia rufifrons	Red-fronted Prinia
Euryptila subcinnamomea	Cinnamon-breasted Warbler
Scepomycter winifredae	Winifred's Warbler
Incana incana	Socotra Warbler
Malcorus pectoralis	Rufous-eared Warbler
Hypergerus atriceps	Oriole Warbler
Eminia lepida	Grey-capped Warbler
Bathmocercus cerviniventris	Black-headed Rufous Warbler
Bathmocercus rufus	Black-faced Rufous Warbler
Cisticola erythrops	Red-faced Cisticola
Cisticola cantans	Singing Cisticola
Cisticola lateralis	Whistling Cisticola
Cisticola anonymus	Chattering Cisticola
Cisticola woosnami	Trilling Cisticola
Cisticola bulliens	Bubbling Cisticola
Cisticola chubbi	Chubb's Cisticola
Cisticola hunteri	Hunter's Cisticola
Cisticola nigriloris	Black-lored Cisticola
Cisticola bakerorum	Kilombero Cisticola
Cisticola aberrans	Rock-loving Cisticola
Cisticola bailunduensis	Huambo Cisticola
Cisticola bodessa	Boran Cisticola
Cisticola chiniana	Rattling Cisticola
Cisticola cinereolus	Ashy Cisticola
Cisticola ruficeps	Red-pate Cisticola
Cisticola guinea	Dorst's Cisticola
Cisticola rufilatus	Tinkling Cisticola
Cisticola subruficapilla	Grey-backed Cisticola
Cisticola distinctus	Lynes's Cisticola
Cisticola lais	Wailing Cisticola
Cisticola restrictus	Tana River Cisticola
Cisticola njombe	Churring Cisticola
Cisticola haematocephalus	Coastal Cisticola
Cisticola anderseni	White-tailed Cisticola
Cisticola luapula	Luapula Cisticola
Cisticola pipiens	Chirping Cisticola
Cisticola lugubris	Ethiopian Cisticola
Cisticola marginatus	Winding Cisticola
Cisticola galactotes	Rufous-winged Cisticola
Cisticola carruthersi	Carruthers's Cisticola
Cisticola tinniens	Levaillant's Cisticola
Cisticola robustus	Stout Cisticola
Cisticola natalensis	Croaking Cisticola
Cisticola fulvicapilla	Neddicky
Cisticola aberdare	Aberdare Cisticola
Cisticola angusticauda	Long-tailed Cisticola
Cisticola melanurus	Black-tailed Cisticola
Cisticola brachypterus	Short-winged Cisticola
Cisticola rufus	Rufous Cisticola
Cisticola troglodytes	Foxy Cisticola
Cisticola nana	Tiny Cisticola
Cisticola juncidis	Zitting Cisticola
Cisticola haesitatus	Socotra Cisticola
Cisticola cherina	Madagascar Cisticola
Cisticola aridulus	Desert Cisticola
Cisticola textrix	Cloud Cisticola
Cisticola eximius	Black-backed Cisticola
Cisticola dambo	Dambo Cisticola
Cisticola brunnescens	Pectoral-patch Cisticola
Cisticola cinnamomeus	Pale-crowned Cisticola
Cisticola ayresii	Wing-snapping Cisticola
Cisticola exilis	Golden-headed Cisticola
Graueria vittata	Grauer's Warbler
Nesillas aldabrana	Aldabra Brush Warbler
Nesillas typica	Malagasy Brush Warbler
Nesillas lantzii	Subdesert Brush Warbler
Nesillas brevicaudata	Grande Comore Brush Warbler
Nesillas mariae	Moheli Brush Warbler
Hippolais icterina	Icterine Warbler
Hippolais polyglotta	Melodious Warbler
Hippolais languida	Upcher's Warbler
Hippolais olivetorum	Olive-tree Warbler
Arundinax aedon	Thick-billed Warbler
Iduna caligata	Booted Warbler
Iduna rama	Sykes's Warbler
Iduna pallida	Eastern Olivaceous Warbler
Iduna opaca	Western Olivaceous Warbler
Iduna similis	Mountain Yellow Warbler
Iduna natalensis	African Yellow Warbler
Calamonastides gracilirostris	Papyrus Yellow Warbler
Acrocephalus schoenobaenus	Sedge Warbler
Acrocephalus bistrigiceps	Black-browed Reed Warbler
Acrocephalus sorghophilus	Speckled Reed Warbler
Acrocephalus paludicola	Aquatic Warbler
Acrocephalus melanopogon	Moustached Warbler
Acrocephalus agricola	Paddyfield Warbler
Acrocephalus tangorum	Manchurian Reed Warbler
Acrocephalus concinens	Blunt-winged Warbler
Acrocephalus dumetorum	Blyth's Reed Warbler
Acrocephalus orinus	Large-billed Reed Warbler
Acrocephalus palustris	Marsh Warbler
Acrocephalus scirpaceus	Common Reed Warbler
Acrocephalus griseldis	Basra Reed Warbler
Acrocephalus sechellensis	Seychelles Warbler
Acrocephalus newtoni	Madagascar Swamp Warbler
Acrocephalus rodericanus	Rodrigues Warbler
Acrocephalus gracilirostris	Lesser Swamp Warbler
Acrocephalus brevipennis	Cape Verde Warbler
Acrocephalus rufescens	Greater Swamp Warbler
Acrocephalus arundinaceus	Great Reed Warbler
Acrocephalus orientalis	Oriental Reed Warbler
Acrocephalus stentoreus	Clamorous Reed Warbler
Acrocephalus luscinius	Nightingale Reed Warbler
Acrocephalus hiwae	Saipan Reed Warbler
Acrocephalus australis	Australian Reed Warbler
Acrocephalus syrinx	Caroline Reed Warbler
Acrocephalus nijoi	Aguiguan Reed Warbler
Acrocephalus aequinoctialis	Bokikokiko
Acrocephalus mendanae	Southern Marquesan Reed Warbler
Acrocephalus yamashinae	Pagan Reed Warbler
Acrocephalus rehsei	Nauru Reed Warbler
Acrocephalus familiaris	Millerbird
Acrocephalus vaughani	Pitcairn Reed Warbler
Acrocephalus taiti	Henderson Reed Warbler
Acrocephalus rimitarae	Rimatara Reed Warbler
Acrocephalus kerearako	Cook Reed Warbler
Acrocephalus musae	Garrett's Reed Warbler
Acrocephalus caffer	Tahiti Reed Warbler
Acrocephalus longirostris	Moorea Reed Warbler
Acrocephalus percernis	Northern Marquesan Reed Warbler
Acrocephalus astrolabii	Mangareva Reed Warbler
Acrocephalus atyphus	Tuamotu Reed Warbler
Donacobius atricapilla	Black-capped Donacobius
Crossleyia xanthophrys	Madagascar Yellowbrow
Crossleyia tenebrosa	Dusky Tetraka
Xanthomixis zosterops	Spectacled Tetraka
Xanthomixis apperti	Appert's Tetraka
Xanthomixis cinereiceps	Grey-crowned Tetraka
Hartertula flavoviridis	Wedge-tailed Jery
Thamnornis chloropetoides	Thamnornis
Randia pseudozosterops	Rand's Warbler
Cryptosylvicola randrianasoloi	Cryptic Warbler
Oxylabes madagascariensis	White-throated Oxylabes
Bernieria madagascariensis	Long-billed Bernieria
Robsonius rabori	Cordillera Ground Warbler
Robsonius thompsoni	Sierra Madre Ground Warbler
Robsonius sorsogonensis	Bicol Ground Warbler
Helopsaltes fasciolatus	Gray's Grasshopper Warbler
Helopsaltes amnicola	Sakhalin Grasshopper Warbler
Helopsaltes pryeri	Marsh Grassbird
Helopsaltes pleskei	Styan's Grasshopper Warbler
Helopsaltes ochotensis	Middendorff's Grasshopper Warbler
Helopsaltes certhiola	Pallas's Grasshopper Warbler
Locustella lanceolata	Lanceolated Warbler
Locustella alfredi	Bamboo Warbler
Locustella fluviatilis	River Warbler
Locustella luscinioides	Savi's Warbler
Locustella luteoventris	Brown Bush Warbler
Locustella tacsanowskia	Chinese Bush Warbler
Locustella major	Long-billed Bush Warbler
Locustella naevia	Common Grasshopper Warbler
Locustella accentor	Friendly Bush Warbler
Locustella caudata	Long-tailed Bush Warbler
Locustella castanea	Sulawesi Bush Warbler
Locustella musculus	Seram Bush Warbler
Locustella disturbans	Buru Bush Warbler
Locustella portenta	Taliabu Bush Warbler
Locustella davidi	Baikal Bush Warbler
Locustella thoracica	Spotted Bush Warbler
Locustella kashmirensis	West Himalayan Bush Warbler
Locustella alishanensis	Taiwan Bush Warbler
Locustella seebohmi	Benguet Bush Warbler
Locustella montis	Javan Bush Warbler
Locustella chengi	Sichuan Bush Warbler
Locustella idonea	Dalat Bush Warbler
Locustella mandelli	Russet Bush Warbler
Elaphrornis palliseri	Sri Lanka Bush Warbler
Schoenicola striatus	Bristled Grassbird
Schoenicola platyurus	Broad-tailed Grassbird
Catriscus brevirostris	Fan-tailed Grassbird
Megalurus palustris	Striated Grassbird
Bradypterus sylvaticus	Knysna Warbler
Bradypterus bangwaensis	Bangwa Forest Warbler
Bradypterus barratti	Barratt's Warbler
Bradypterus lopezi	Evergreen Forest Warbler
Bradypterus cinnamomeus	Cinnamon Bracken Warbler
Bradypterus seebohmi	Grey Emutail
Bradypterus brunneus	Brown Emutail
Bradypterus grandis	Dja River Scrub Warbler
Bradypterus baboecala	Little Rush Warbler
Bradypterus carpalis	White-winged Swamp Warbler
Bradypterus graueri	Grauer's Swamp Warbler
Bradypterus centralis	Highland Rush Warbler
Poodytes albolimbatus	Fly River Grassbird
Poodytes carteri	Spinifexbird
Poodytes gramineus	Little Grassbird
Poodytes punctatus	New Zealand Fernbird
Poodytes rufescens	Chatham Islands Fernbird
Malia grata	Malia
Cincloramphus cruralis	Brown Songlark
Cincloramphus grosvenori	New Britain Thicketbird
Cincloramphus rubiginosus	Rusty Thicketbird
Cincloramphus bivittatus	Buff-banded Thicketbird
Cincloramphus mathewsi	Rufous Songlark
Cincloramphus timoriensis	Tawny Grassbird
Cincloramphus macrurus	Papuan Grassbird
Cincloramphus whitneyi	Santo Thicketbird
Cincloramphus turipavae	Guadalcanal Thicketbird
Cincloramphus mariae	New Caledonian Thicketbird
Cincloramphus rufus	Long-legged Thicketbird
Cincloramphus llaneae	Bougainville Thicketbird
Pnoepyga albiventer	Scaly-breasted Cupwing
Pnoepyga formosana	Taiwan Cupwing
Pnoepyga immaculata	Nepal Cupwing
Pnoepyga pusilla	Pygmy Cupwing
Pseudochelidon eurystomina	African River Martin
Pseudochelidon sirintarae	White-eyed River Martin
Psalidoprocne obscura	Fanti Saw-wing
Psalidoprocne nitens	Square-tailed Saw-wing
Psalidoprocne fuliginosa	Mountain Saw-wing
Psalidoprocne albiceps	White-headed Saw-wing
Psalidoprocne pristoptera	Black Saw-wing
Cheramoeca leucosterna	White-backed Swallow
Pseudhirundo griseopyga	Grey-rumped Swallow
Phedina borbonica	Mascarene Martin
Phedinopsis brazzae	Brazza's Martin
Neophedina cincta	Banded Martin
Riparia congica	Congo Martin
Riparia riparia	Sand Martin
Riparia diluta	Pale Martin
Riparia chinensis	Grey-throated Martin
Riparia cowani	Madagascar Martin
Riparia paludicola	Brown-throated Martin
Tachycineta bicolor	Tree Swallow
Tachycineta stolzmanni	Tumbes Swallow
Tachycineta albiventer	White-winged Swallow
Tachycineta leucorrhoa	White-rumped Swallow
Tachycineta leucopyga	Chilean Swallow
Tachycineta albilinea	Mangrove Swallow
Tachycineta euchrysea	Golden Swallow
Tachycineta thalassina	Violet-green Swallow
Tachycineta cyaneoviridis	Bahama Swallow
Progne subis	Purple Martin
Progne cryptoleuca	Cuban Martin
Progne dominicensis	Caribbean Martin
Progne sinaloae	Sinaloa Martin
Progne chalybea	Grey-breasted Martin
Progne elegans	Southern Martin
Progne murphyi	Peruvian Martin
Progne modesta	Galapagos Martin
Progne tapera	Brown-chested Martin
Stelgidopteryx ruficollis	Southern Rough-winged Swallow
Stelgidopteryx serripennis	Northern Rough-winged Swallow
Atticora pileata	Black-capped Swallow
Atticora tibialis	White-thighed Swallow
Atticora fasciata	White-banded Swallow
Pygochelidon melanoleuca	Black-collared Swallow
Pygochelidon cyanoleuca	Blue-and-white Swallow
Alopochelidon fucata	Tawny-headed Swallow
Orochelidon flavipes	Pale-footed Swallow
Orochelidon murina	Brown-bellied Swallow
Orochelidon andecola	Andean Swallow
Ptyonoprogne fuligula	Large Rock Martin
Ptyonoprogne concolor	Dusky Crag Martin
Ptyonoprogne rupestris	Eurasian Crag Martin
Ptyonoprogne rufigula	Red-throated Rock Martin
Ptyonoprogne obsoleta	Pale Crag Martin
Hirundo atrocaerulea	Blue Swallow
Hirundo nigrorufa	Black-and-rufous Swallow
Hirundo leucosoma	Pied-winged Swallow
Hirundo megaensis	White-tailed Swallow
Hirundo dimidiata	Pearl-breasted Swallow
Hirundo neoxena	Welcome Swallow
Hirundo domicola	Hill Swallow
Hirundo javanica	Pacific Swallow
Hirundo tahitica	Tahiti Swallow
Hirundo smithii	Wire-tailed Swallow
Hirundo nigrita	White-bibbed Swallow
Hirundo albigularis	White-throated Swallow
Hirundo rustica	Barn Swallow
Hirundo aethiopica	Ethiopian Swallow
Hirundo angolensis	Angola Swallow
Hirundo lucida	Red-chested Swallow
Atronanus fuliginosus	Forest Swallow
Delichon urbicum	Western House Martin
Delichon nipalense	Nepal House Martin
Delichon lagopodum	Siberian House Martin
Delichon dasypus	Asian House Martin
Cecropis abyssinica	Lesser Striped Swallow
Cecropis semirufa	Red-breasted Swallow
Cecropis cucullata	Greater Striped Swallow
Cecropis senegalensis	Mosque Swallow
Cecropis melanocrissus	African Red-rumped Swallow
Cecropis rufula	European Red-rumped Swallow
Cecropis hyperythra	Sri Lanka Swallow
Cecropis badia	Rufous-bellied Swallow
Cecropis daurica	Eastern Red-rumped Swallow
Petrochelidon perdita	Red Sea Cliff Swallow
Petrochelidon spilodera	South African Cliff Swallow
Petrochelidon rufigula	Red-throated Cliff Swallow
Petrochelidon preussi	Preuss's Cliff Swallow
Petrochelidon nigricans	Tree Martin
Petrochelidon ariel	Fairy Martin
Petrochelidon fluvicola	Streak-throated Swallow
Petrochelidon pyrrhonota	American Cliff Swallow
Petrochelidon rufocollaris	Chestnut-collared Swallow
Petrochelidon fulva	Cave Swallow
Hylia prasina	Green Hylia
Pholidornis rushiae	Tit Hylia
Leptopoecile elegans	Crested Tit-warbler
Leptopoecile sophiae	White-browed Tit-warbler
Psaltriparus minimus	American Bushtit
Aegithalos caudatus	Long-tailed Tit
Aegithalos glaucogularis	Silver-throated Bushtit
Aegithalos leucogenys	White-cheeked Bushtit
Aegithalos exilis	Pygmy Bushtit
Aegithalos concinnus	Black-throated Bushtit
Aegithalos niveogularis	White-throated Bushtit
Aegithalos iouschistos	Black-browed Bushtit
Aegithalos fuliginosus	Sooty Bushtit
Erythrocercus mccallii	Chestnut-capped Flycatcher
Erythrocercus holochlorus	Little Yellow Flycatcher
Erythrocercus livingstonei	Livingstone's Flycatcher
Scotocerca inquieta	Streaked Scrub Warbler
Hemitesia neumanni	Neumann's Warbler
Hemitesia pallidipes	Pale-footed Bush Warbler
Urosphena subulata	Timor Stubtail
Urosphena whiteheadi	Bornean Stubtail
Urosphena squameiceps	Asian Stubtail
Tesia cyaniventer	Grey-bellied Tesia
Tesia olivea	Slaty-bellied Tesia
Tesia superciliaris	Javan Tesia
Tesia everetti	Russet-capped Tesia
Cettia major	Chestnut-crowned Bush Warbler
Cettia brunnifrons	Grey-sided Bush Warbler
Cettia castaneocoronata	Chestnut-headed Tesia
Cettia cetti	Cetti's Warbler
Abroscopus superciliaris	Yellow-bellied Warbler
Abroscopus albogularis	Rufous-faced Warbler
Abroscopus schisticeps	Black-faced Warbler
Phyllergates heterolaemus	Rufous-headed Tailorbird
Phyllergates cucullatus	Mountain Tailorbird
Tickellia hodgsoni	Broad-billed Warbler
Horornis seebohmi	Philippine Bush Warbler
Horornis diphone	Japanese Bush Warbler
Horornis canturians	Manchurian Bush Warbler
Horornis annae	Palau Bush Warbler
Horornis carolinae	Tanimbar Bush Warbler
Horornis parens	Shade Bush Warbler
Horornis haddeni	Bougainville Bush Warbler
Horornis ruficapilla	Fiji Bush Warbler
Horornis fortipes	Brown-flanked Bush Warbler
Horornis brunnescens	Hume's Bush Warbler
Horornis acanthizoides	Yellow-bellied Bush Warbler
Horornis flavolivaceus	Aberrant Bush Warbler
Phylloscopus sibilatrix	Wood Warbler
Phylloscopus bonelli	Western Bonelli's Warbler
Phylloscopus orientalis	Eastern Bonelli's Warbler
Phylloscopus pulcher	Buff-barred Warbler
Phylloscopus maculipennis	Ashy-throated Warbler
Phylloscopus inornatus	Yellow-browed Warbler
Phylloscopus humei	Hume's Leaf Warbler
Phylloscopus subviridis	Brooks's Leaf Warbler
Phylloscopus yunnanensis	Chinese Leaf Warbler
Phylloscopus proregulus	Pallas's Leaf Warbler
Phylloscopus kansuensis	Gansu Leaf Warbler
Phylloscopus forresti	Sichuan Leaf Warbler
Phylloscopus chloronotus	Lemon-rumped Warbler
Phylloscopus tytleri	Tytler's Leaf Warbler
Phylloscopus schwarzi	Radde's Warbler
Phylloscopus armandii	Yellow-streaked Warbler
Phylloscopus griseolus	Sulphur-bellied Warbler
Phylloscopus affinis	Tickell's Leaf Warbler
Phylloscopus fuscatus	Dusky Warbler
Phylloscopus fuligiventer	Smoky Warbler
Phylloscopus neglectus	Plain Leaf Warbler
Phylloscopus subaffinis	Buff-throated Warbler
Phylloscopus trochilus	Willow Warbler
Phylloscopus sindianus	Mountain Chiffchaff
Phylloscopus canariensis	Canary Islands Chiffchaff
Phylloscopus ibericus	Iberian Chiffchaff
Phylloscopus collybita	Common Chiffchaff
Phylloscopus coronatus	Eastern Crowned Warbler
Phylloscopus ijimae	Ijima's Leaf Warbler
Phylloscopus olivaceus	Philippine Leaf Warbler
Phylloscopus cebuensis	Lemon-throated Leaf Warbler
Phylloscopus ruficapilla	Yellow-throated Woodland Warbler
Phylloscopus umbrovirens	Brown Woodland Warbler
Phylloscopus budongoensis	Uganda Woodland Warbler
Phylloscopus herberti	Black-capped Woodland Warbler
Phylloscopus laetus	Red-faced Woodland Warbler
Phylloscopus laurae	Laura's Woodland Warbler
Phylloscopus burkii	Green-crowned Warbler
Phylloscopus tephrocephalus	Grey-crowned Warbler
Phylloscopus poliogenys	Grey-cheeked Warbler
Phylloscopus intermedius	White-spectacled Warbler
Phylloscopus omeiensis	Martens's Warbler
Phylloscopus soror	Alstr?m's Warbler
Phylloscopus valentini	Bianchi's Warbler
Phylloscopus whistleri	Whistler's Warbler
Phylloscopus emeiensis	Emei Leaf Warbler
Phylloscopus nitidus	Green Warbler
Phylloscopus plumbeitarsus	Two-barred Warbler
Phylloscopus trochiloides	Greenish Warbler
Phylloscopus magnirostris	Large-billed Leaf Warbler
Phylloscopus tenellipes	Pale-legged Leaf Warbler
Phylloscopus borealoides	Sakhalin Leaf Warbler
Phylloscopus xanthodryas	Japanese Leaf Warbler
Phylloscopus borealis	Arctic Warbler
Phylloscopus examinandus	Kamchatka Leaf Warbler
Phylloscopus castaniceps	Chestnut-crowned Warbler
Phylloscopus grammiceps	Sunda Warbler
Phylloscopus montis	Yellow-breasted Warbler
Phylloscopus calciatilis	Limestone Leaf Warbler
Phylloscopus ricketti	Sulphur-breasted Warbler
Phylloscopus cantator	Yellow-vented Warbler
Phylloscopus occipitalis	Western Crowned Warbler
Phylloscopus reguloides	Blyth's Leaf Warbler
Phylloscopus claudiae	Claudia's Leaf Warbler
Phylloscopus goodsoni	Hartert's Leaf Warbler
Phylloscopus hainanus	Hainan Leaf Warbler
Phylloscopus ogilviegranti	Kloss's Leaf Warbler
Phylloscopus intensior	Davison's Leaf Warbler
Phylloscopus xanthoschistos	Grey-hooded Warbler
Phylloscopus rotiensis	Rote Leaf Warbler
Phylloscopus trivirgatus	Mountain Leaf Warbler
Phylloscopus presbytes	Timor Leaf Warbler
Phylloscopus nigrorum	Negros Leaf Warbler
Phylloscopus sarasinorum	Lompobattang Leaf Warbler
Phylloscopus nesophilus	Sulawesi Leaf Warbler
Phylloscopus amoenus	Kolombangara Leaf Warbler
Phylloscopus maforensis	Numfor Leaf Warbler
Phylloscopus misoriensis	Biak Leaf Warbler
Phylloscopus makirensis	Makira Leaf Warbler
Phylloscopus poliocephalus	Island Leaf Warbler
Andropadus importunus	Sombre Greenbul
Calyptocichla serinus	Golden Greenbul
Stelgidillas gracilirostris	Slender-billed Greenbul
Neolestes torquatus	Black-collared Bulbul
Bleda syndactylus	Red-tailed Bristlebill
Bleda eximius	Green-tailed Bristlebill
Bleda notatus	Yellow-lored Bristlebill
Bleda ugandae	Yellow-eyed Bristlebill
Bleda canicapillus	Grey-headed Bristlebill
Arizelocichla montana	Cameroon Mountain Greenbul
Arizelocichla masukuensis	Shelley's Greenbul
Arizelocichla tephrolaema	Western Mountain Greenbul
Arizelocichla kikuyuensis	Kikuyu Mountain Greenbul
Arizelocichla nigriceps	Black-headed Mountain Greenbul
Arizelocichla neumanni	Uluguru Mountain Greenbul
Arizelocichla fusciceps	Black-browed Mountain Greenbul
Arizelocichla striifacies	Olive-headed Greenbul
Arizelocichla milanjensis	Stripe-cheeked Greenbul
Arizelocichla chlorigula	Yellow-throated Mountain Greenbul
Ixonotus guttatus	Spotted Greenbul
Thescelocichla leucopleura	Swamp Palm Bulbul
Atimastillas flavicollis	Yellow-gorgeted Greenbul
Atimastillas flavigula	Pale-throated Greenbul
Baeopogon clamans	Sj?stedt's Greenbul
Baeopogon indicator	Honeyguide Greenbul
Chlorocichla laetissima	Joyful Greenbul
Chlorocichla prigoginei	Prigogine's Greenbul
Chlorocichla falkensteini	Falkenstein's Greenbul
Chlorocichla flaviventris	Yellow-bellied Greenbul
Chlorocichla simplex	Simple Greenbul
Criniger barbatus	Western Bearded Greenbul
Criniger chloronotus	Eastern Bearded Greenbul
Criniger calurus	Red-tailed Greenbul
Criniger ndussumensis	White-bearded Greenbul
Criniger olivaceus	Yellow-bearded Greenbul
Eurillas virens	Little Greenbul
Eurillas latirostris	Yellow-whiskered Greenbul
Eurillas curvirostris	Plain Greenbul
Eurillas gracilis	Little Grey Greenbul
Eurillas ansorgei	Ansorge's Greenbul
Phyllastrephus debilis	Lowland Tiny Greenbul
Phyllastrephus albigula	Montane Tiny Greenbul
Phyllastrephus albigularis	White-throated Greenbul
Phyllastrephus viridiceps	Angola Greenbul
Phyllastrephus flavostriatus	Yellow-streaked Greenbul
Phyllastrephus xavieri	Xavier's Greenbul
Phyllastrephus icterinus	Icterine Greenbul
Phyllastrephus terrestris	Terrestrial Brownbul
Phyllastrephus poensis	Cameroon Olive Greenbul
Phyllastrephus strepitans	Northern Brownbul
Phyllastrephus cerviniventris	Grey-olive Greenbul
Phyllastrephus fischeri	Fischer's Greenbul
Phyllastrephus cabanisi	Cabanis's Greenbul
Phyllastrephus scandens	Leaf-love
Phyllastrephus lorenzi	Sassi's Olive Greenbul
Phyllastrephus poliocephalus	Grey-headed Greenbul
Phyllastrephus hypochloris	Toro Olive Greenbul
Phyllastrephus baumanni	Baumann's Olive Greenbul
Phyllastrephus fulviventris	Pale-olive Greenbul
Microtarsus eutilotus	Puff-backed Bulbul
Microtarsus melanoleucos	Black-and-white Bulbul
Microtarsus urostictus	Yellow-wattled Bulbul
Microtarsus priocephalus	Grey-headed Bulbul
Microtarsus melanocephalos	Black-headed Bulbul
Microtarsus fuscoflavescens	Andaman Bulbul
Microtarsus nieuwenhuisii	Blue-wattled Bulbul
Rubigula erythropthalmos	Spectacled Bulbul
Rubigula cyaniventris	Grey-bellied Bulbul
Rubigula squamata	Scaly-breasted Bulbul
Rubigula flaviventris	Black-crested Bulbul
Rubigula gularis	Flame-throated Bulbul
Rubigula melanictera	Black-capped Bulbul
Rubigula dispar	Ruby-throated Bulbul
Rubigula montis	Bornean Bulbul
Nok hualon	Bare-faced Bulbul
Spizixos semitorques	Collared Finchbill
Spizixos canifrons	Crested Finchbill
Pycnonotus tympanistrigus	Spot-necked Bulbul
Pycnonotus brunneus	Asian Red-eyed Bulbul
Pycnonotus plumosus	Olive-winged Bulbul
Pycnonotus simplex	Cream-vented Bulbul
Pycnonotus cinereifrons	Ashy-fronted Bulbul
Pycnonotus pseudosimplex	Cream-eyed Bulbul
Pycnonotus luteolus	White-browed Bulbul
Pycnonotus davisoni	Pale-eyed Bulbul
Pycnonotus finlaysoni	Stripe-throated Bulbul
Pycnonotus zeylanicus	Straw-headed Bulbul
Pycnonotus blanfordi	Ayeyarwady Bulbul
Pycnonotus conradi	Streak-eared Bulbul
Pycnonotus xantholaemus	Yellow-throated Bulbul
Pycnonotus flavescens	Flavescent Bulbul
Pycnonotus leucops	Pale-faced Bulbul
Pycnonotus snouckaerti	Aceh Bulbul
Pycnonotus bimaculatus	Orange-spotted Bulbul
Pycnonotus penicillatus	Yellow-eared Bulbul
Pycnonotus xanthorrhous	Brown-breasted Bulbul
Pycnonotus taivanus	Styan's Bulbul
Pycnonotus sinensis	Light-vented Bulbul
Pycnonotus goiavier	Yellow-vented Bulbul
Pycnonotus jocosus	Red-whiskered Bulbul
Pycnonotus cafer	Red-vented Bulbul
Pycnonotus aurigaster	Sooty-headed Bulbul
Pycnonotus leucogenys	Himalayan Bulbul
Pycnonotus leucotis	White-eared Bulbul
Pycnonotus xanthopygos	White-spectacled Bulbul
Pycnonotus nigricans	African Red-eyed Bulbul
Pycnonotus capensis	Cape Bulbul
Pycnonotus barbatus	Common Bulbul
Tricholestes criniger	Hairy-backed Bulbul
Setornis criniger	Hook-billed Bulbul
Alophoixus phaeocephalus	Yellow-bellied Bulbul
Alophoixus frater	Palawan Bulbul
Alophoixus tephrogenys	Grey-cheeked Bulbul
Alophoixus ruficrissus	Penan Bulbul
Alophoixus bres	Brown-cheeked Bulbul
Alophoixus flaveolus	White-throated Bulbul
Alophoixus ochraceus	Ochraceous Bulbul
Alophoixus pallidus	Puff-throated Bulbul
Alcurus striatus	Striated Bulbul
Iole finschii	Finsch's Bulbul
Iole palawanensis	Sulphur-bellied Bulbul
Iole viridescens	Olive Bulbul
Iole crypta	Buff-vented Bulbul
Iole charlottae	Charlotte's Bulbul
Iole cacharensis	Cachar Bulbul
Iole propinqua	Grey-eyed Bulbul
Acritillas indica	Yellow-browed Bulbul
Hemixos flavala	Ashy Bulbul
Hemixos cinereus	Cinereous Bulbul
Hemixos castanonotus	Chestnut Bulbul
Ixos leucogrammicus	Cream-striped Bulbul
Ixos sumatranus	Sumatran Bulbul
Ixos virescens	Javan Bulbul
Ixos malaccensis	Streaked Bulbul
Ixos mcclellandii	Mountain Bulbul
Hypsipetes nicobariensis	Nicobar Bulbul
Hypsipetes philippinus	Philippine Bulbul
Hypsipetes mindorensis	Mindoro Bulbul
Hypsipetes siquijorensis	Streak-breasted Bulbul
Hypsipetes affinis	Seram Golden Bulbul
Hypsipetes platenae	Sangihe Golden Bulbul
Hypsipetes aureus	Togian Golden Bulbul
Hypsipetes harterti	Banggai Golden Bulbul
Hypsipetes longirostris	Sula Golden Bulbul
Hypsipetes chloris	Halmahera Golden Bulbul
Hypsipetes lucasi	Obi Golden Bulbul
Hypsipetes mysticalis	Buru Golden Bulbul
Hypsipetes guimarasensis	Visayan Bulbul
Hypsipetes everetti	Yellowish Bulbul
Hypsipetes catarmanensis	Camiguin Bulbul
Hypsipetes rufigularis	Zamboanga Bulbul
Hypsipetes amaurotis	Brown-eared Bulbul
Hypsipetes borbonicus	Reunion Bulbul
Hypsipetes madagascariensis	Malagasy Bulbul
Hypsipetes olivaceus	Mauritius Bulbul
Hypsipetes thompsoni	White-headed Bulbul
Hypsipetes leucocephalus	Black Bulbul
Hypsipetes ganeesa	Square-tailed Bulbul
Hypsipetes parvirostris	Grande Comore Bulbul
Hypsipetes moheliensis	Moheli Bulbul
Hypsipetes crassirostris	Seychelles Bulbul
Sylvia borin	Garden Warbler
Sylvia atricapilla	Eurasian Blackcap
Sylvia dohrni	Dohrn's Warbler
Sylvia galinieri	Abyssinian Catbird
Sylvia nigricapillus	Bush Blackcap
Sylvia atriceps	Rwenzori Hill Babbler
Sylvia abyssinica	African Hill Babbler
Curruca nisoria	Barred Warbler
Curruca layardi	Layard's Warbler
Curruca boehmi	Banded Parisoma
Curruca subcoerulea	Chestnut-vented Warbler
Curruca curruca	Lesser Whitethroat
Curruca buryi	Yemen Warbler
Curruca lugens	Brown Parisoma
Curruca leucomelaena	Arabian Warbler
Curruca hortensis	Western Orphean Warbler
Curruca crassirostris	Eastern Orphean Warbler
Curruca nana	Asian Desert Warbler
Curruca deserti	African Desert Warbler
Curruca deserticola	Tristram's Warbler
Curruca mystacea	Menetries's Warbler
Curruca communis	Common Whitethroat
Curruca conspicillata	Spectacled Warbler
Curruca sarda	Marmora's Warbler
Curruca balearica	Balearic Warbler
Curruca undata	Dartford Warbler
Curruca ruppeli	Rüppell's Warbler
Curruca melanothorax	Cyprus Warbler
Curruca melanocephala	Sardinian Warbler
Curruca subalpina	Moltoni's Warbler
Curruca iberiae	Western Subalpine Warbler
Curruca cantillans	Eastern Subalpine Warbler
Myzornis pyrrhoura	Fire-tailed Myzornis
Moupinia poecilotis	Rufous-tailed Babbler
Lioparus chrysotis	Golden-breasted Fulvetta
Chrysomma sinense	Yellow-eyed Babbler
Chrysomma altirostre	Jerdon's Babbler
Rhopophilus pekinensis	Beijing Babbler
Rhopophilus albosuperciliaris	Tarim Babbler
Fulvetta ruficapilla	Spectacled Fulvetta
Fulvetta danisi	Indochinese Fulvetta
Fulvetta striaticollis	Chinese Fulvetta
Fulvetta ludlowi	Brown-throated Fulvetta
Fulvetta vinipectus	White-browed Fulvetta
Fulvetta manipurensis	Manipur Fulvetta
Fulvetta cinereiceps	Grey-hooded Fulvetta
Fulvetta formosana	Taiwan Fulvetta
Chamaea fasciata	Wrentit
Paradoxornis heudei	Reed Parrotbill
Paradoxornis flavirostris	Black-breasted Parrotbill
Paradoxornis guttaticollis	Spot-breasted Parrotbill
Paradoxornis aemodius	Great Parrotbill
Paradoxornis unicolor	Brown Parrotbill
Paradoxornis paradoxus	Three-toed Parrotbill
Paradoxornis gularis	Grey-headed Parrotbill
Paradoxornis margaritae	Black-headed Parrotbill
Paradoxornis ruficeps	White-breasted Parrotbill
Paradoxornis bakeri	Rufous-headed Parrotbill
Suthora przewalskii	Przevalski's Parrotbill
Suthora davidiana	Short-tailed Parrotbill
Suthora fulvifrons	Fulvous Parrotbill
Suthora verreauxi	Golden Parrotbill
Suthora nipalensis	Black-throated Parrotbill
Suthora atrosuperciliaris	Pale-billed Parrotbill
Suthora conspicillata	Spectacled Parrotbill
Suthora zappeyi	Grey-hooded Parrotbill
Suthora ricketti	Eye-ringed Parrotbill
Suthora brunnea	Brown-winged Parrotbill
Suthora alphonsiana	Ashy-throated Parrotbill
Suthora webbiana	Vinous-throated Parrotbill
Parayuhina diademata	White-collared Yuhina
Staphida everetti	Chestnut-crested Yuhina
Staphida castaniceps	Striated Yuhina
Staphida torqueola	Indochinese Yuhina
Yuhina nigrimenta	Black-chinned Yuhina
Yuhina brunneiceps	Taiwan Yuhina
Yuhina flavicollis	Whiskered Yuhina
Yuhina humilis	Burmese Yuhina
Yuhina bakeri	White-naped Yuhina
Yuhina gularis	Stripe-throated Yuhina
Yuhina occipitalis	Rufous-vented Yuhina
Cleptornis marchei	Golden White-eye
Apalopteron familiare	Bonin White-eye
Dasycrotapha speciosa	Flame-templed Babbler
Dasycrotapha pygmaea	Visayan Pygmy Babbler
Dasycrotapha plateni	Mindanao Pygmy Babbler
Sterrhoptilus capitalis	Rusty-crowned Babbler
Sterrhoptilus dennistouni	Golden-crowned Babbler
Sterrhoptilus affinis	Calabarzon Babbler
Sterrhoptilus nigrocapitatus	Visayan Babbler
Zosterornis hypogrammicus	Palawan Striped Babbler
Zosterornis striatus	Luzon Striped Babbler
Zosterornis whiteheadi	Chestnut-faced Babbler
Zosterornis latistriatus	Panay Striped Babbler
Zosterornis nigrorum	Negros Striped Babbler
Megazosterops palauensis	Giant White-eye
Heleia javanica	Javan Heleia
Heleia pinaiae	Grey-hooded Heleia
Heleia squamifrons	Pygmy Heleia
Heleia goodfellowi	Mindanao Heleia
Heleia squamiceps	Sulawesi Heleia
Heleia superciliaris	Eyebrowed Heleia
Heleia dohertyi	Crested Heleia
Heleia muelleri	Timor Heleia
Heleia crassirostris	Thick-billed Heleia
Heleia wallacei	Yellow-spectacled Heleia
Tephrozosterops stalkeri	Rufescent Darkeye
Rukia ruki	Teardrop White-eye
Rukia longirostra	Long-billed White-eye
Zosterops ceylonensis	Sri Lanka White-eye
Zosterops nigrorum	Yellowish White-eye
Zosterops atricapilla	Black-capped White-eye
Zosterops flavilateralis	Pale White-eye
Zosterops mbuluensis	Mbulu White-eye
Zosterops erythropleurus	Chestnut-flanked White-eye
Zosterops simplex	Swinhoe's White-eye
Zosterops emiliae	Mountain Blackeye
Zosterops japonicus	Warbling White-eye
Zosterops palpebrosus	Indian White-eye
Zosterops meyeni	Lowland White-eye
Zosterops semiflavus	Marianne White-eye
Zosterops mouroniensis	Karthala White-eye
Zosterops olivaceus	Reunion Olive White-eye
Zosterops chloronothos	Mauritius Olive White-eye
Zosterops borbonicus	Reunion Grey White-eye
Zosterops mauritianus	Mauritius Grey White-eye
Zosterops abyssinicus	Abyssinian White-eye
Zosterops socotranus	Socotra White-eye
Zosterops melanocephalus	Mount Cameroon Speirops
Zosterops stenocricotus	Forest White-eye
Zosterops stuhlmanni	Green White-eye
Zosterops eurycricotus	Broad-ringed White-eye
Zosterops brunneus	Fernando Po Speirops
Zosterops poliogastrus	Ethiopian White-eye
Zosterops kaffensis	Kafa White-eye
Zosterops kikuyuensis	Kikuyu White-eye
Zosterops ficedulinus	Principe White-eye
Zosterops griseovirescens	Annobon White-eye
Zosterops feae	Sao Tome White-eye
Zosterops lugubris	Black-capped Speirops
Zosterops leucophaeus	Principe Speirops
Zosterops silvanus	Taita White-eye
Zosterops senegalensis	Northern Yellow White-eye
Zosterops kasaicus	Angola White-eye
Zosterops pallidus	Orange River White-eye
Zosterops winifredae	South Pare White-eye
Zosterops virens	Cape White-eye
Zosterops anderssoni	Southern Yellow White-eye
Zosterops vaughani	Pemba White-eye
Zosterops modestus	Seychelles White-eye
Zosterops maderaspatanus	Malagasy White-eye
Zosterops kirki	Kirk's White-eye
Zosterops mayottensis	Mayotte White-eye
Zosterops chloris	Lemon-bellied White-eye
Zosterops meratusensis	Meratus White-eye
Zosterops flavissimus	Wakatobi White-eye
Zosterops atrifrons	Black-crowned White-eye
Zosterops nehrkorni	Sangihe White-eye
Zosterops somadikartai	Togian White-eye
Zosterops consobrinorum	Pale-bellied White-eye
Zosterops anomalus	Black-ringed White-eye
Zosterops minor	Black-fronted White-eye
Zosterops meeki	Tagula White-eye
Zosterops dehaani	Morotai White-eye
Zosterops atriceps	Cream-throated White-eye
Zosterops buruensis	Buru White-eye
Zosterops stalkeri	Seram White-eye
Zosterops flavus	Javan White-eye
Zosterops citrinella	Ashy-bellied White-eye
Zosterops luteus	Canary White-eye
Zosterops lateralis	Silvereye
Zosterops paruhbesar	Wangi-wangi White-eye
Zosterops auriventer	Hume's White-eye
Zosterops melanurus	Sangkar White-eye
Zosterops everetti	Everett's White-eye
Zosterops vellalavella	Vella Lavella White-eye
Zosterops sanctaecrucis	Santa Cruz White-eye
Zosterops fuscicapilla	Capped White-eye
Zosterops flavifrons	Vanuatu White-eye
Zosterops superciliosus	Bare-eyed White-eye
Zosterops lacertosus	Sanford's White-eye
Zosterops gibbsi	Vanikoro White-eye
Zosterops explorator	Fiji White-eye
Zosterops hypoxanthus	Bismarck White-eye
Zosterops mysorensis	Biak White-eye
Zosterops hamlini	Bougainville White-eye
Zosterops oblitus	Guadalcanal White-eye
Zosterops rendovae	Makira White-eye
Zosterops oleagineus	Olive-colored White-eye
Zosterops finschii	Dusky White-eye
Zosterops ponapensis	Grey-brown White-eye
Zosterops cinereus	Kosrae White-eye
Zosterops rotensis	Rota White-eye
Zosterops metcalfii	Yellow-throated White-eye
Zosterops stresemanni	Malaita White-eye
Zosterops novaeguineae	Papuan White-eye
Zosterops kuehni	Ambon White-eye
Zosterops grayi	Kai Besar White-eye
Zosterops luteirostris	Gizo White-eye
Zosterops uropygialis	Kai Kecil White-eye
Zosterops splendidus	Ranongga White-eye
Zosterops kulambangrae	Solomons White-eye
Zosterops tetiparius	Dark-eyed White-eye
Zosterops natalis	Christmas White-eye
Zosterops conspicillatus	Bridled White-eye
Zosterops semperi	Citrine White-eye
Zosterops hypolais	Plain White-eye
Zosterops griseotinctus	Louisiade White-eye
Zosterops murphyi	Kolombangara White-eye
Zosterops inornatus	Large Lifou White-eye
Zosterops albogularis	White-chested White-eye
Zosterops samoensis	Samoan White-eye
Zosterops strenuus	Robust White-eye
Zosterops tenuirostris	Slender-billed White-eye
Zosterops minutus	Small Lifou White-eye
Zosterops xanthochroa	Green-backed White-eye
Zosterops rennellianus	Rennell White-eye
Timalia pileata	Chestnut-capped Babbler
Dumetia hyperythra	Tawny-bellied Babbler
Dumetia atriceps	Dark-fronted Babbler
Mixornis kelleyi	Grey-faced Tit-Babbler
Mixornis flavicollis	Grey-cheeked Tit-Babbler
Mixornis prillwitzi	Kangean Tit-Babbler
Mixornis gularis	Pin-striped Tit-Babbler
Mixornis bornensis	Bold-striped Tit-Babbler
Macronus ptilosus	Fluffy-backed Tit-Babbler
Macronus striaticeps	Brown Tit-Babbler
Cyanoderma chrysaeum	Golden Babbler
Cyanoderma erythropterum	Chestnut-winged Babbler
Cyanoderma bicolor	Bicolored Babbler
Cyanoderma melanothorax	Crescent-chested Babbler
Cyanoderma rufifrons	Rufous-fronted Babbler
Cyanoderma pyrrhops	Black-chinned Babbler
Cyanoderma ruficeps	Rufous-capped Babbler
Spelaeornis caudatus	Rufous-throated Wren-Babbler
Spelaeornis badeigularis	Mishmi Wren-Babbler
Spelaeornis troglodytoides	Bar-winged Wren-Babbler
Spelaeornis kinneari	Pale-throated Wren-Babbler
Spelaeornis chocolatinus	Naga Wren-Babbler
Spelaeornis oatesi	Chin Hills Wren-Babbler
Spelaeornis longicaudatus	Tawny-breasted Wren-Babbler
Spelaeornis reptatus	Grey-bellied Wren-Babbler
Melanocichla lugubris	Black Laughingthrush
Melanocichla calva	Bare-headed Laughingthrush
Pomatorhinus ferruginosus	Black-crowned Scimitar Babbler
Pomatorhinus phayrei	Brown-crowned Scimitar Babbler
Pomatorhinus ochraceiceps	Red-billed Scimitar Babbler
Pomatorhinus superciliaris	Slender-billed Scimitar Babbler
Pomatorhinus ruficollis	Streak-breasted Scimitar Babbler
Pomatorhinus musicus	Taiwan Scimitar Babbler
Pomatorhinus schisticeps	White-browed Scimitar Babbler
Pomatorhinus horsfieldii	Indian Scimitar Babbler
Pomatorhinus melanurus	Sri Lanka Scimitar Babbler
Pomatorhinus bornensis	Sunda Scimitar Babbler
Pomatorhinus montanus	Javan Scimitar Babbler
Erythrogenys hypoleucos	Large Scimitar Babbler
Erythrogenys erythrogenys	Rusty-cheeked Scimitar Babbler
Erythrogenys imberbis	Red-eyed Scimitar Babbler
Erythrogenys mcclellandi	Spot-breasted Scimitar Babbler
Erythrogenys gravivox	Black-streaked Scimitar Babbler
Erythrogenys swinhoei	Grey-sided Scimitar Babbler
Erythrogenys erythrocnemis	Black-necklaced Scimitar Babbler
Stachyris nigricollis	Black-throated Babbler
Stachyris grammiceps	White-breasted Babbler
Stachyris maculata	Chestnut-rumped Babbler
Stachyris nigriceps	Grey-throated Babbler
Stachyris poliocephala	Grey-headed Babbler
Stachyris nonggangensis	Nonggang Babbler
Stachyris herberti	Sooty Babbler
Stachyris humei	Sikkim Wedge-billed Babbler
Stachyris roberti	Cachar Wedge-billed Babbler
Stachyris leucotis	White-necked Babbler
Stachyris thoracica	White-bibbed Babbler
Stachyris oglei	Snowy-throated Babbler
Stachyris strialata	Spot-necked Babbler
Graminicola bengalensis	Indian Grassbird
Graminicola striatus	Chinese Grassbird
Turdinus macrodactylus	Large Wren-Babbler
Turdinus marmoratus	Marbled Wren-Babbler
Turdinus atrigularis	Black-throated Wren-Babbler
Malacopteron affine	Sooty-capped Babbler
Malacopteron albogulare	Grey-breasted Babbler
Malacopteron cinereum	Scaly-crowned Babbler
Malacopteron magnum	Rufous-crowned Babbler
Malacopteron magnirostre	Moustached Babbler
Malacopteron palawanense	Melodious Babbler
Gampsorhynchus rufulus	White-hooded Babbler
Gampsorhynchus torquatus	Collared Babbler
Schoeniparus cinereus	Yellow-throated Fulvetta
Schoeniparus castaneceps	Rufous-winged Fulvetta
Schoeniparus klossi	Black-crowned Fulvetta
Schoeniparus variegaticeps	Golden-fronted Fulvetta
Schoeniparus rufogularis	Rufous-throated Fulvetta
Schoeniparus dubius	Rusty-capped Fulvetta
Schoeniparus brunneus	Dusky Fulvetta
Pellorneum ruficeps	Puff-throated Babbler
Pellorneum fuscocapillus	Brown-capped Babbler
Pellorneum palustre	Marsh Babbler
Pellorneum nigrocapitatum	Malayan Black-capped Babbler
Pellorneum capistratoides	Bornean Black-capped Babbler
Pellorneum capistratum	Javan Black-capped Babbler
Pellorneum malaccense	Short-tailed Babbler
Pellorneum cinereiceps	Ashy-headed Babbler
Pellorneum albiventre	Spot-throated Babbler
Pellorneum tickelli	Buff-breasted Babbler
Pellorneum buettikoferi	Sumatran Babbler
Pellorneum pyrrogenys	Temminck's Babbler
Pellorneum rostratum	White-chested Babbler
Pellorneum bicolor	Ferruginous Babbler
Pellorneum celebense	Sulawesi Babbler
Laticilla cinerascens	Swamp Grass Babbler
Laticilla burnesii	Rufous-vented Grass Babbler
Illadopsis fulvescens	Brown Illadopsis
Illadopsis rufipennis	Pale-breasted Illadopsis
Illadopsis distans	Tanzanian Illadopsis
Illadopsis pyrrhoptera	Mountain Illadopsis
Illadopsis cleaveri	Blackcap Illadopsis
Illadopsis albipectus	Scaly-breasted Illadopsis
Illadopsis turdina	Spotted Thrush-Babbler
Illadopsis puveli	Puvel's Illadopsis
Illadopsis rufescens	Rufous-winged Illadopsis
Kenopia striata	Striped Wren-Babbler
Ptilocichla mindanensis	Striated Wren-Babbler
Ptilocichla leucogrammica	Bornean Wren-Babbler
Ptilocichla falcata	Falcated Wren-Babbler
Napothera epilepidota	Eyebrowed Wren-Babbler
Napothera malacoptila	Long-billed Wren-Babbler
Napothera albostriata	Sumatran Wren-Babbler
Napothera pasquieri	White-throated Wren-Babbler
Napothera naungmungensis	Naung Mung Scimitar Babbler
Napothera danjoui	Short-tailed Scimitar Babbler
Malacocincla abbotti	Abbott's Babbler
Malacocincla sepiaria	Horsfield's Babbler
Malacocincla perspicillata	Black-browed Babbler
Gypsophila crassa	Mountain Wren-Babbler
Gypsophila brevicaudata	Streaked Wren-Babbler
Gypsophila annamensis	Annam Limestone Babbler
Gypsophila calcicola	Rufous Limestone Babbler
Gypsophila crispifrons	Variable Limestone Babbler
Gypsophila rufipectus	Rusty-breasted Wren-Babbler
Alcippe poioicephala	Brown-cheeked Fulvetta
Alcippe grotei	Black-browed Fulvetta
Alcippe brunneicauda	Brown Fulvetta
Alcippe pyrrhoptera	Javan Fulvetta
Alcippe nipalensis	Nepal Fulvetta
Alcippe davidi	David's Fulvetta
Alcippe hueti	Huet's Fulvetta
Alcippe morrisonia	Grey-cheeked Fulvetta
Alcippe fratercula	Yunnan Fulvetta
Alcippe peracensis	Mountain Fulvetta
Grammatoptila striata	Striated Laughingthrush
Laniellus albonotatus	Spotted Crocias
Laniellus langbianis	Grey-crowned Crocias
Cutia legalleni	Vietnamese Cutia
Cutia nipalensis	Himalayan Cutia
Trochalopteron subunicolor	Scaly Laughingthrush
Trochalopteron austeni	Brown-capped Laughingthrush
Trochalopteron squamatum	Blue-winged Laughingthrush
Trochalopteron lineatum	Streaked Laughingthrush
Trochalopteron imbricatum	Bhutan Laughingthrush
Trochalopteron virgatum	Striped Laughingthrush
Trochalopteron variegatum	Variegated Laughingthrush
Trochalopteron affine	Black-faced Laughingthrush
Trochalopteron morrisonianum	White-whiskered Laughingthrush
Trochalopteron henrici	Brown-cheeked Laughingthrush
Trochalopteron elliotii	Elliot's Laughingthrush
Trochalopteron milnei	Red-tailed Laughingthrush
Trochalopteron yersini	Collared Laughingthrush
Trochalopteron erythrocephalum	Chestnut-crowned Laughingthrush
Trochalopteron chrysopterum	Assam Laughingthrush
Trochalopteron formosum	Red-winged Laughingthrush
Trochalopteron melanostigma	Silver-eared Laughingthrush
Trochalopteron ngoclinhense	Golden-winged Laughingthrush
Trochalopteron peninsulae	Malayan Laughingthrush
Montecincla jerdoni	Banasura Laughingthrush
Montecincla cachinnans	Nilgiri Laughingthrush
Montecincla fairbanki	Palani Laughingthrush
Montecincla meridionalis	Ashambu Laughingthrush
Heterophasia picaoides	Long-tailed Sibia
Heterophasia auricularis	White-eared Sibia
Heterophasia capistrata	Rufous Sibia
Heterophasia pulchella	Beautiful Sibia
Heterophasia gracilis	Grey Sibia
Heterophasia melanoleuca	Dark-backed Sibia
Heterophasia desgodinsi	Black-headed Sibia
Actinodura nipalensis	Hoary-throated Barwing
Actinodura morrisoniana	Taiwan Barwing
Actinodura waldeni	Streak-throated Barwing
Actinodura souliei	Streaked Barwing
Actinodura cyanouroptera	Blue-winged Minla
Actinodura strigula	Bar-throated Minla
Actinodura egertoni	Rusty-fronted Barwing
Actinodura ramsayi	Spectacled Barwing
Actinodura sodangorum	Black-crowned Barwing
Leiothrix lutea	Red-billed Leiothrix
Leiothrix argentauris	Silver-eared Mesia
Minla ignotincta	Red-tailed Minla
Leioptila annectens	Rufous-backed Sibia
Liocichla bugunorum	Bugun Liocichla
Liocichla omeiensis	Emei Shan Liocichla
Liocichla steerii	Taiwan Liocichla
Liocichla phoenicea	Red-faced Liocichla
Liocichla ripponi	Scarlet-faced Liocichla
Argya malcolmi	Large Grey Babbler
Argya cinereifrons	Ashy-headed Laughingthrush
Argya longirostris	Slender-billed Babbler
Argya subrufa	Rufous Babbler
Argya rufescens	Orange-billed Babbler
Argya affinis	Yellow-billed Babbler
Argya striata	Jungle Babbler
Argya rubiginosa	Rufous Chatterer
Argya aylmeri	Scaly Chatterer
Argya altirostris	Iraq Babbler
Argya caudata	Common Babbler
Argya huttoni	Afghan Babbler
Argya gularis	White-throated Babbler
Argya earlei	Striated Babbler
Argya squamiceps	Arabian Babbler
Argya fulva	Fulvous Babbler
Turdoides nipalensis	Spiny Babbler
Turdoides atripennis	Capuchin Babbler
Turdoides gilberti	White-throated Mountain Babbler
Turdoides chapini	Chapin's Babbler
Turdoides rufocinctus	Red-collared Babbler
Turdoides plebejus	Brown Babbler
Turdoides leucopygia	White-rumped Babbler
Turdoides hindei	Hinde's Babbler
Turdoides squamulata	Scaly Babbler
Turdoides jardineii	Arrow-marked Babbler
Turdoides gymnogenys	Bare-cheeked Babbler
Turdoides leucocephala	White-headed Babbler
Turdoides reinwardtii	Blackcap Babbler
Turdoides tenebrosa	Dusky Babbler
Turdoides bicolor	Southern Pied Babbler
Turdoides hartlaubii	Hartlaub's Babbler
Turdoides sharpei	Black-lored Babbler
Turdoides melanops	Black-faced Babbler
Turdoides hypoleuca	Northern Pied Babbler
Garrulax merulinus	Spot-breasted Laughingthrush
Garrulax annamensis	Orange-breasted Laughingthrush
Garrulax canorus	Chinese Hwamei
Garrulax taewanus	Taiwan Hwamei
Garrulax monileger	Lesser Necklaced Laughingthrush
Garrulax rufifrons	Rufous-fronted Laughingthrush
Garrulax palliatus	Sunda Laughingthrush
Garrulax leucolophus	White-crested Laughingthrush
Garrulax bicolor	Sumatran Laughingthrush
Garrulax milleti	Black-hooded Laughingthrush
Garrulax strepitans	White-necked Laughingthrush
Garrulax ferrarius	Cambodian Laughingthrush
Garrulax maesi	Grey Laughingthrush
Garrulax castanotis	Rufous-cheeked Laughingthrush
Ianthocincla sukatschewi	Snowy-cheeked Laughingthrush
Ianthocincla rufogularis	Rufous-chinned Laughingthrush
Ianthocincla konkakinhensis	Chestnut-eared Laughingthrush
Ianthocincla cineracea	Moustached Laughingthrush
Ianthocincla ocellata	Spotted Laughingthrush
Ianthocincla maxima	Giant Laughingthrush
Ianthocincla bieti	White-speckled Laughingthrush
Ianthocincla lunulata	Barred Laughingthrush
Pterorhinus delesserti	Wayanad Laughingthrush
Pterorhinus gularis	Rufous-vented Laughingthrush
Pterorhinus vassali	White-cheeked Laughingthrush
Pterorhinus galbanus	Yellow-throated Laughingthrush
Pterorhinus courtoisi	Blue-crowned Laughingthrush
Pterorhinus mitratus	Chestnut-capped Laughingthrush
Pterorhinus treacheri	Chestnut-hooded Laughingthrush
Pterorhinus ruficollis	Rufous-necked Laughingthrush
Pterorhinus nuchalis	Chestnut-backed Laughingthrush
Pterorhinus chinensis	Black-throated Laughingthrush
Pterorhinus sannio	White-browed Laughingthrush
Pterorhinus perspicillatus	Masked Laughingthrush
Pterorhinus pectoralis	Greater Necklaced Laughingthrush
Pterorhinus davidi	Plain Laughingthrush
Pterorhinus woodi	Mount Victoria Babax
Pterorhinus lanceolatus	Chinese Babax
Pterorhinus waddelli	Giant Babax
Pterorhinus koslowi	Tibetan Babax
Pterorhinus albogularis	White-throated Laughingthrush
Pterorhinus ruficeps	Rufous-crowned Laughingthrush
Pterorhinus caerulatus	Grey-sided Laughingthrush
Pterorhinus berthemyi	Buffy Laughingthrush
Pterorhinus poecilorhynchus	Rusty Laughingthrush
Dulus dominicus	Palmchat
Bombycilla cedrorum	Cedar Waxwing
Bombycilla japonica	Japanese Waxwing
Bombycilla garrulus	Bohemian Waxwing
Phainoptila melanoxantha	Black-and-yellow Phainoptila
Phainopepla nitens	Phainopepla
Ptiliogonys caudatus	Long-tailed Silky-flycatcher
Ptiliogonys cinereus	Grey Silky-flycatcher
Hylocitrea bonensis	Hylocitrea
Hypocolius ampelinus	Grey Hypocolius
Chaetoptila angustipluma	Kioea
Moho braccatus	Kauai Oo
Moho apicalis	Oahu Oo
Moho bishopi	Bishop's Oo
Moho nobilis	Hawaii Oo
Corthylio calendula	Ruby-crowned Kinglet
Regulus madeirensis	Madeira Firecrest
Regulus ignicapilla	Common Firecrest
Regulus satrapa	Golden-crowned Kinglet
Regulus goodfellowi	Flamecrest
Regulus regulus	Goldcrest
Tichodroma muraria	Wallcreeper
Sitta leucopsis	White-cheeked Nuthatch
Sitta przewalskii	Przevalski's Nuthatch
Sitta magna	Giant Nuthatch
Sitta carolinensis	White-breasted Nuthatch
Sitta formosa	Beautiful Nuthatch
Sitta azurea	Blue Nuthatch
Sitta frontalis	Velvet-fronted Nuthatch
Sitta solangiae	Yellow-billed Nuthatch
Sitta oenochlamys	Sulphur-billed Nuthatch
Sitta pygmaea	Pygmy Nuthatch
Sitta pusilla	Brown-headed Nuthatch
Sitta insularis	Bahama Nuthatch
Sitta yunnanensis	Yunnan Nuthatch
Sitta krueperi	Krüper's Nuthatch
Sitta ledanti	Algerian Nuthatch
Sitta canadensis	Red-breasted Nuthatch
Sitta whiteheadi	Corsican Nuthatch
Sitta villosa	Chinese Nuthatch
Sitta neumayer	Western Rock Nuthatch
Sitta tephronota	Eastern Rock Nuthatch
Sitta arctica	Siberian Nuthatch
Sitta himalayensis	White-tailed Nuthatch
Sitta victoriae	White-browed Nuthatch
Sitta europaea	Eurasian Nuthatch
Sitta nagaensis	Chestnut-vented Nuthatch
Sitta cashmirensis	Kashmir Nuthatch
Sitta castanea	Indian Nuthatch
Sitta neglecta	Burmese Nuthatch
Sitta cinnamoventris	Chestnut-bellied Nuthatch
Salpornis spilonota	Indian Spotted Creeper
Salpornis salvadori	African Spotted Creeper
Certhia hodgsoni	Hodgson's Treecreeper
Certhia familiaris	Eurasian Treecreeper
Certhia brachydactyla	Short-toed Treecreeper
Certhia americana	Brown Creeper
Certhia himalayana	Bar-tailed Treecreeper
Certhia nipalensis	Rusty-flanked Treecreeper
Certhia tianquanensis	Sichuan Treecreeper
Certhia discolor	Sikkim Treecreeper
Certhia manipurensis	Hume's Treecreeper
Microbates collaris	Collared Gnatwren
Microbates cinereiventris	Tawny-faced Gnatwren
Ramphocaenus sticturus	Chattering Gnatwren
Ramphocaenus melanurus	Trilling Gnatwren
Polioptila guianensis	Guianan Gnatcatcher
Polioptila schistaceigula	Slate-throated Gnatcatcher
Polioptila clementsi	Iquitos Gnatcatcher
Polioptila paraensis	Para Gnatcatcher
Polioptila dumicola	Masked Gnatcatcher
Polioptila lactea	Creamy-bellied Gnatcatcher
Polioptila lembeyei	Cuban Gnatcatcher
Polioptila plumbea	Tropical Gnatcatcher
Polioptila maior	Maranon Gnatcatcher
Polioptila albiventris	Yucatan Gnatcatcher
Polioptila bilineata	White-browed Gnatcatcher
Polioptila caerulea	Blue-grey Gnatcatcher
Polioptila melanura	Black-tailed Gnatcatcher
Polioptila californica	California Gnatcatcher
Polioptila nigriceps	Black-capped Gnatcatcher
Polioptila albiloris	White-lored Gnatcatcher
Salpinctes obsoletus	Rock Wren
Catherpes mexicanus	Canyon Wren
Hylorchilus sumichrasti	Sumichrast's Wren
Hylorchilus navai	Nava's Wren
Microcerculus philomela	Northern Nightingale-Wren
Microcerculus marginatus	Southern Nightingale-Wren
Microcerculus ustulatus	Flutist Wren
Microcerculus bambla	Wing-banded Wren
Thryothorus ludovicianus	Carolina Wren
Thryomanes bewickii	Bewick's Wren
Campylorhynchus albobrunneus	White-headed Wren
Campylorhynchus zonatus	Band-backed Wren
Campylorhynchus megalopterus	Grey-barred Wren
Campylorhynchus chiapensis	Giant Wren
Campylorhynchus humilis	Russet-naped Wren
Campylorhynchus rufinucha	Veracruz Wren
Campylorhynchus capistratus	Rufous-backed Wren
Campylorhynchus gularis	Spotted Wren
Campylorhynchus jocosus	Boucard's Wren
Campylorhynchus yucatanicus	Yucatan Wren
Campylorhynchus brunneicapillus	Cactus Wren
Campylorhynchus nuchalis	Stripe-backed Wren
Campylorhynchus fasciatus	Fasciated Wren
Campylorhynchus griseus	Bicolored Wren
Campylorhynchus turdinus	Thrush-like Wren
Cistothorus stellaris	Sedge Wren
Cistothorus platensis	Grass Wren
Cistothorus meridae	Merida Wren
Cistothorus apolinari	Apolinar's Wren
Cistothorus palustris	Marsh Wren
Ferminia cerverai	Zapata Wren
Thryorchilus browni	Timberline Wren
Troglodytes aedon	Northern House Wren
Troglodytes beani	Cozumel Wren
Troglodytes martinicensis	Kalinago Wren
Troglodytes mesoleucus	St. Lucia Wren
Troglodytes musicus	St. Vincent Wren
Troglodytes grenadensis	Grenada Wren
Troglodytes musculus	Southern House Wren
Troglodytes cobbi	Cobb's Wren
Troglodytes sissonii	Socorro Wren
Troglodytes tanneri	Clarion Wren
Troglodytes rufociliatus	Rufous-browed Wren
Troglodytes ochraceus	Ochraceous Wren
Troglodytes solstitialis	Mountain Wren
Troglodytes monticola	Santa Marta Wren
Troglodytes rufulus	Tepui Wren
Troglodytes troglodytes	Eurasian Wren
Troglodytes pacificus	Pacific Wren
Troglodytes hiemalis	Winter Wren
Odontorchilus cinereus	Tooth-billed Wren
Odontorchilus branickii	Grey-mantled Wren
Uropsila leucogastra	White-bellied Wren
Pheugopedius spadix	Sooty-headed Wren
Pheugopedius fasciatoventris	Black-bellied Wren
Pheugopedius euophrys	Plain-tailed Wren
Pheugopedius schulenbergi	Grey-browed Wren
Pheugopedius eisenmanni	Inca Wren
Pheugopedius mystacalis	Whiskered Wren
Pheugopedius genibarbis	Moustached Wren
Pheugopedius coraya	Coraya Wren
Pheugopedius rutilus	Rufous-breasted Wren
Pheugopedius maculipectus	Spot-breasted Wren
Pheugopedius sclateri	Speckle-breasted Wren
Pheugopedius felix	Happy Wren
Pheugopedius atrogularis	Black-throated Wren
Cinnycerthia unirufa	Rufous Wren
Cinnycerthia olivascens	Sepia-brown Wren
Cinnycerthia peruana	Peruvian Wren
Cinnycerthia fulva	Fulvous Wren
Cantorchilus thoracicus	Stripe-breasted Wren
Cantorchilus leucopogon	Stripe-throated Wren
Cantorchilus modestus	Cabanis's Wren
Cantorchilus zeledoni	Canebrake Wren
Cantorchilus elutus	Isthmian Wren
Cantorchilus semibadius	Riverside Wren
Cantorchilus nigricapillus	Bay Wren
Cantorchilus superciliaris	Superciliated Wren
Cantorchilus leucotis	Buff-breasted Wren
Cantorchilus longirostris	Long-billed Wren
Cantorchilus guarayanus	Fawn-breasted Wren
Cantorchilus griseus	Grey Wren
Henicorhina leucosticta	White-breasted Wood Wren
Henicorhina leucoptera	Bar-winged Wood Wren
Henicorhina leucophrys	Grey-breasted Wood Wren
Henicorhina anachoreta	Hermit Wood Wren
Henicorhina negreti	Munchique Wood Wren
Cyphorhinus dichrous	Northern Chestnut-breasted Wren
Cyphorhinus thoracicus	Southern Chestnut-breasted Wren
Cyphorhinus phaeocephalus	Song Wren
Cyphorhinus arada	Musician Wren
Thryophilus sinaloa	Sinaloa Wren
Thryophilus pleurostictus	Banded Wren
Thryophilus rufalbus	Rufous-and-white Wren
Thryophilus sernai	Antioquia Wren
Thryophilus nicefori	Niceforo's Wren
Elachura formosa	Spotted Elachura
Buphagus erythroryncha	Red-billed Oxpecker
Buphagus africanus	Yellow-billed Oxpecker
Melanotis hypoleucus	Blue-and-white Mockingbird
Melanotis caerulescens	Blue Mockingbird
Melanoptila glabrirostris	Black Catbird
Dumetella carolinensis	Grey Catbird
Ramphocinclus brachyurus	Martinique Thrasher
Ramphocinclus sanctaeluciae	St. Lucia Thrasher
Allenia fusca	Scaly-breasted Thrasher
Margarops fuscatus	Pearly-eyed Thrasher
Cinclocerthia gutturalis	Grey Trembler
Cinclocerthia ruficauda	Brown Trembler
Toxostoma curvirostre	Curve-billed Thrasher
Toxostoma ocellatum	Ocellated Thrasher
Toxostoma rufum	Brown Thrasher
Toxostoma longirostre	Long-billed Thrasher
Toxostoma guttatum	Cozumel Thrasher
Toxostoma bendirei	Bendire's Thrasher
Toxostoma cinereum	Grey Thrasher
Toxostoma redivivum	California Thrasher
Toxostoma lecontei	LeConte's Thrasher
Toxostoma crissale	Crissal Thrasher
Oreoscoptes montanus	Sage Thrasher
Mimus thenca	Chilean Mockingbird
Mimus patagonicus	Patagonian Mockingbird
Mimus saturninus	Chalk-browed Mockingbird
Mimus triurus	White-banded Mockingbird
Mimus dorsalis	Brown-backed Mockingbird
Mimus gundlachii	Bahama Mockingbird
Mimus parvulus	Galapagos Mockingbird
Mimus trifasciatus	Floreana Mockingbird
Mimus macdonaldi	Espanola Mockingbird
Mimus melanotis	San Cristobal Mockingbird
Mimus longicaudatus	Long-tailed Mockingbird
Mimus graysoni	Socorro Mockingbird
Mimus gilvus	Tropical Mockingbird
Mimus polyglottos	Northern Mockingbird
Rhabdornis mystacalis	Stripe-headed Rhabdornis
Rhabdornis grandis	Grand Rhabdornis
Rhabdornis inornatus	Stripe-breasted Rhabdornis
Rhabdornis rabori	Visayan Rhabdornis
Enodes erythrophris	Fiery-browed Starling
Scissirostrum dubium	Grosbeak Starling
Basilornis celebensis	Sulawesi Myna
Basilornis galeatus	Helmeted Myna
Basilornis corythaix	Long-crested Myna
Goodfellowia miranda	Apo Myna
Sarcops calvus	Coleto
Streptocitta albertinae	Bare-eyed Myna
Streptocitta albicollis	White-necked Myna
Mino dumontii	Yellow-faced Myna
Mino anais	Golden Myna
Mino kreffti	Long-tailed Myna
Ampeliceps coronatus	Golden-crested Myna
Gracula ptilogenys	Sri Lanka Hill Myna
Gracula religiosa	Common Hill Myna
Gracula venerata	Tenggara Hill Myna
Gracula indica	Southern Hill Myna
Aplonis metallica	Metallic Starling
Aplonis mystacea	Yellow-eyed Starling
Aplonis crassa	Tanimbar Starling
Aplonis feadensis	Atoll Starling
Aplonis insularis	Rennell Starling
Aplonis magna	Long-tailed Starling
Aplonis brunneicapillus	White-eyed Starling
Aplonis grandis	Brown-winged Starling
Aplonis dichroa	Makira Starling
Aplonis zelandica	Rusty-winged Starling
Aplonis striata	Striated Starling
Aplonis pelzelni	Pohnpei Starling
Aplonis cantoroides	Singing Starling
Aplonis santovestris	Mountain Starling
Aplonis panayensis	Asian Glossy Starling
Aplonis mysolensis	Moluccan Starling
Aplonis minor	Short-tailed Starling
Aplonis opaca	Micronesian Starling
Aplonis tabuensis	Polynesian Starling
Aplonis atrifusca	Samoan Starling
Aplonis corvina	Kosrae Starling
Aplonis cinerascens	Rarotonga Starling
Aplonis mavornata	Mauke Starling
Aplonis fusca	Tasman Starling
Sturnus unicolor	Spotless Starling
Sturnus vulgaris	Common Starling
Creatophora cinerea	Wattled Starling
Pastor roseus	Rosy Starling
Agropsar sturninus	Daurian Starling
Agropsar philippensis	Chestnut-cheeked Starling
Gracupica nigricollis	Black-collared Starling
Gracupica contra	Indian Pied Myna
Gracupica floweri	Siamese Pied Myna
Gracupica jalla	Javan Pied Myna
Necropsar rodericanus	Rodrigues Starling
Leucopsar rothschildi	Bali Starling
Fregilupus varius	Hoopoe Starling
Sturnornis albofrontatus	White-faced Starling
Sturnia sinensis	White-shouldered Starling
Sturnia pagodarum	Brahminy Starling
Sturnia malabarica	Chestnut-tailed Starling
Sturnia erythropygia	White-headed Starling
Spodiopsar sericeus	Red-billed Starling
Spodiopsar cineraceus	White-cheeked Starling
Acridotheres ginginianus	Bank Myna
Acridotheres tristis	Common Myna
Acridotheres melanopterus	Black-winged Myna
Acridotheres burmannicus	Burmese Myna
Acridotheres leucocephalus	Vinous-breasted Myna
Acridotheres albocinctus	Collared Myna
Acridotheres grandis	Great Myna
Acridotheres cristatellus	Crested Myna
Acridotheres cinereus	Pale-bellied Myna
Acridotheres javanicus	Javan Myna
Acridotheres fuscus	Jungle Myna
Hartlaubius auratus	Madagascar Starling
Cinnyricinclus leucogaster	Violet-backed Starling
Onychognathus tenuirostris	Slender-billed Starling
Onychognathus nabouroup	Pale-winged Starling
Onychognathus morio	Red-winged Starling
Onychognathus neumanni	Neumann's Starling
Onychognathus fulgidus	Chestnut-winged Starling
Onychognathus walleri	Waller's Starling
Onychognathus albirostris	White-billed Starling
Onychognathus tristramii	Tristram's Starling
Onychognathus salvadorii	Bristle-crowned Starling
Onychognathus blythii	Somali Starling
Onychognathus frater	Socotra Starling
Notopholia corusca	Black-bellied Starling
Hylopsar purpureiceps	Purple-headed Starling
Hylopsar cupreocauda	Copper-tailed Starling
Saroglossa spilopterus	Spot-winged Starling
Neocichla gutturalis	Babbling Starling
Speculipastor bicolor	Magpie Starling
Grafisia torquata	White-collared Starling
Pholia sharpii	Sharpe's Starling
Arizelopsar femoralis	Abbott's Starling
Poeoptera lugubris	Narrow-tailed Starling
Poeoptera stuhlmanni	Stuhlmann's Starling
Poeoptera kenricki	Kenrick's Starling
Lamprotornis hildebrandti	Hildebrandt's Starling
Lamprotornis shelleyi	Shelley's Starling
Lamprotornis australis	Burchell's Starling
Lamprotornis caudatus	Long-tailed Glossy Starling
Lamprotornis purpuroptera	Rüppell's Starling
Lamprotornis unicolor	Ashy Starling
Lamprotornis mevesii	Meves's Starling
Lamprotornis chloropterus	Lesser Blue-eared Starling
Lamprotornis acuticaudus	Sharp-tailed Starling
Lamprotornis iris	Emerald Starling
Lamprotornis chalybaeus	Greater Blue-eared Starling
Lamprotornis purpureus	Purple Starling
Lamprotornis nitens	Cape Starling
Lamprotornis chalcurus	Bronze-tailed Starling
Lamprotornis regius	Golden-breasted Starling
Lamprotornis ornatus	Principe Starling
Lamprotornis splendidus	Splendid Starling
Lamprotornis bicolor	Pied Starling
Lamprotornis pulcher	Chestnut-bellied Starling
Lamprotornis superbus	Superb Starling
Lamprotornis fischeri	Fischer's Starling
Lamprotornis albicapillus	White-crowned Starling
Cinclus cinclus	White-throated Dipper
Cinclus pallasii	Brown Dipper
Cinclus mexicanus	American Dipper
Cinclus leucocephalus	White-capped Dipper
Cinclus schulzii	Rufous-throated Dipper
Grandala coelicolor	Grandala
Sialia sialis	Eastern Bluebird
Sialia mexicana	Western Bluebird
Sialia currucoides	Mountain Bluebird
Pinarornis plumosus	Boulder Chat
Stizorhina finschi	Finsch's Rufous Thrush
Stizorhina fraseri	Fraser's Rufous Thrush
Neocossyphus poensis	White-tailed Ant Thrush
Neocossyphus rufus	Red-tailed Ant Thrush
Myadestes townsendi	Townsend's Solitaire
Myadestes occidentalis	Brown-backed Solitaire
Myadestes elisabeth	Cuban Solitaire
Myadestes genibarbis	Rufous-throated Solitaire
Myadestes melanops	Black-faced Solitaire
Myadestes coloratus	Varied Solitaire
Myadestes unicolor	Slate-colored Solitaire
Myadestes ralloides	Andean Solitaire
Myadestes myadestinus	Kamao
Myadestes woahensis	Amaui
Myadestes lanaiensis	Olomao
Myadestes obscurus	Omao
Myadestes palmeri	Puaiohi
Zoothera dixoni	Long-tailed Thrush
Zoothera mollissima	Alpine Thrush
Zoothera salimalii	Himalayan Thrush
Zoothera griseiceps	Sichuan Thrush
Zoothera heinrichi	Geomalia
Zoothera marginata	Dark-sided Thrush
Zoothera monticola	Long-billed Thrush
Zoothera everetti	Everett's Thrush
Zoothera andromedae	Sunda Thrush
Zoothera aurea	White's Thrush
Zoothera dauma	Scaly Thrush
Zoothera major	Amami Thrush
Zoothera neilgherriensis	Nilgiri Thrush
Zoothera imbricata	Sri Lanka Thrush
Zoothera terrestris	Bonin Thrush
Zoothera margaretae	Makira Thrush
Zoothera turipavae	Guadalcanal Thrush
Zoothera lunulata	Bassian Thrush
Zoothera talaseae	New Britain Thrush
Zoothera atrigena	Bougainville Thrush
Zoothera heinei	Russet-tailed Thrush
Zoothera machiki	Fawn-breasted Thrush
Chlamydochaera jefferyi	Fruithunter
Cochoa purpurea	Purple Cochoa
Cochoa viridis	Green Cochoa
Cochoa beccarii	Sumatran Cochoa
Cochoa azurea	Javan Cochoa
Ixoreus naevius	Varied Thrush
Cichlopsis leucogenys	Rufous-brown Solitaire
Entomodestes leucotis	White-eared Solitaire
Entomodestes coracinus	Black Solitaire
Hylocichla mustelina	Wood Thrush
Ridgwayia pinicola	Aztec Thrush
Catharus mexicanus	Black-headed Nightingale-Thrush
Catharus aurantiirostris	Orange-billed Nightingale-Thrush
Catharus maculatus	Speckled Nightingale-Thrush
Catharus dryas	Yellow-throated Nightingale-Thrush
Catharus fuscater	Slaty-backed Nightingale-Thrush
Catharus ustulatus	Swainson's Thrush
Catharus fuscescens	Veery
Catharus bicknelli	Bicknell's Thrush
Catharus minimus	Grey-cheeked Thrush
Catharus gracilirostris	Black-billed Nightingale-Thrush
Catharus frantzii	Ruddy-capped Nightingale-Thrush
Catharus occidentalis	Russet Nightingale-Thrush
Catharus guttatus	Hermit Thrush
Geokichla sibirica	Siberian Thrush
Geokichla wardii	Pied Thrush
Geokichla guttata	Spotted Ground Thrush
Geokichla camaronensis	Black-eared Ground Thrush
Geokichla princei	Grey Ground Thrush
Geokichla crossleyi	Crossley's Ground Thrush
Geokichla oberlaenderi	Oberl?nder's Ground Thrush
Geokichla piaggiae	Abyssinian Ground Thrush
Geokichla gurneyi	Orange Ground Thrush
Geokichla spiloptera	Spot-winged Thrush
Geokichla cinerea	Ashy Thrush
Geokichla dumasi	Buru Thrush
Geokichla joiceyi	Seram Thrush
Geokichla interpres	Chestnut-capped Thrush
Geokichla leucolaema	Enggano Thrush
Geokichla dohertyi	Chestnut-backed Thrush
Geokichla peronii	Orange-sided Thrush
Geokichla schistacea	Slaty-backed Thrush
Geokichla erythronota	Red-backed Thrush
Geokichla mendeni	Red-and-black Thrush
Geokichla citrina	Orange-headed Thrush
Turdus mupinensis	Chinese Thrush
Turdus simensis	Ethiopian Thrush
Turdus litsitsirupa	Groundscraper Thrush
Turdus viscivorus	Mistle Thrush
Turdus philomelos	Song Thrush
Turdus pelios	African Thrush
Turdus olivaceofuscus	Sao Tome Thrush
Turdus xanthorhynchus	Principe Thrush
Turdus abyssinicus	Abyssinian Thrush
Turdus roehli	Usambara Thrush
Turdus helleri	Taita Thrush
Turdus ludoviciae	Somali Thrush
Turdus tephronotus	Bare-eyed Thrush
Turdus smithi	Karoo Thrush
Turdus olivaceus	Olive Thrush
Turdus bewsheri	Comoro Thrush
Turdus libonyana	Kurrichane Thrush
Turdus turdoides	Sulawesi Thrush
Turdus mandarinus	Chinese Blackbird
Turdus menachensis	Yemen Thrush
Turdus iliacus	Redwing
Turdus merula	Common Blackbird
Turdus kessleri	White-backed Thrush
Turdus maximus	Tibetan Blackbird
Turdus pilaris	Fieldfare
Turdus albocinctus	White-collared Blackbird
Turdus rubrocanus	Chestnut Thrush
Turdus torquatus	Ring Ouzel
Turdus ruficollis	Red-throated Thrush
Turdus atrogularis	Black-throated Thrush
Turdus naumanni	Naumann's Thrush
Turdus eunomus	Dusky Thrush
Turdus niveiceps	Taiwan Thrush
Turdus boulboul	Grey-winged Blackbird
Turdus simillimus	Indian Blackbird
Turdus cardis	Japanese Thrush
Turdus hortulorum	Grey-backed Thrush
Turdus unicolor	Tickell's Thrush
Turdus dissimilis	Black-breasted Thrush
Turdus celaenops	Izu Thrush
Turdus chrysolaus	Brown-headed Thrush
Turdus obscurus	Eyebrowed Thrush
Turdus pallidus	Pale Thrush
Turdus feae	Grey-sided Thrush
Turdus mindorensis	Mindoro Island Thrush
Turdus thomassoni	Luzon Island Thrush
Turdus nigrorum	Negros Island Thrush
Turdus erythropleurus	Christmas Island Thrush
Turdus schlegelii	Sulawesi Island Thrush
Turdus javanicus	Sunda Island Thrush
Turdus deningeri	Sula Island Thrush
Turdus papuensis	Papuan Island Thrush
Turdus heinrothi	Bismarck Island Thrush
Turdus bougainvillei	Bougainville Island Thrush
Turdus kulambangrae	Guadalcanal Island Thrush
Turdus vanikorensis	Vanuatu Island Thrush
Turdus pritzbueri	Loyalty Island Thrush
Turdus xanthopus	New Caledonian Island Thrush
Turdus poliocephalus	Tasman Sea Island Thrush
Turdus samoensis	Samoan Island Thrush
Turdus ruficeps	Fiji Island Thrush
Turdus aurantius	White-chinned Thrush
Turdus ravidus	Grand Cayman Thrush
Turdus ardosiaceus	Eastern Red-legged Thrush
Turdus plumbeus	Western Red-legged Thrush
Turdus rufitorques	Rufous-collared Thrush
Turdus migratorius	American Robin
Turdus infuscatus	Black Thrush
Turdus nigrescens	Sooty Thrush
Turdus plebejus	Mountain Thrush
Turdus jamaicensis	White-eyed Thrush
Turdus swalesi	La Selle Thrush
Turdus lherminieri	Forest Thrush
Turdus leucops	Pale-eyed Thrush
Turdus fulviventris	Chestnut-bellied Thrush
Turdus reevei	Plumbeous-backed Thrush
Turdus nigriceps	Andean Slaty Thrush
Turdus chiguanco	Chiguanco Thrush
Turdus serranus	Glossy-black Thrush
Turdus fuscater	Great Thrush
Turdus olivater	Black-hooded Thrush
Turdus subalaris	Blacksmith Thrush
Turdus falcklandii	Austral Thrush
Turdus eremita	Tristan Thrush
Turdus amaurochalinus	Creamy-bellied Thrush
Turdus arthuri	Campina Thrush
Turdus maranonicus	Maranon Thrush
Turdus ignobilis	Black-billed Thrush
Turdus flavipes	Yellow-legged Thrush
Turdus albicollis	White-necked Thrush
Turdus obsoletus	Pale-vented Thrush
Turdus daguae	Dagua Thrush
Turdus murinus	Pantepui Thrush
Turdus lawrencii	Lawrence's Thrush
Turdus assimilis	White-throated Thrush
Turdus rufopalliatus	Rufous-backed Thrush
Turdus leucomelas	Pale-breasted Thrush
Turdus hauxwelli	Hauxwell's Thrush
Turdus fumigatus	Cocoa Thrush
Turdus rufiventris	Rufous-bellied Thrush
Turdus nudigenis	Spectacled Thrush
Turdus haplochrous	Unicolored Thrush
Turdus sanchezorum	Varzea Thrush
Turdus maculirostris	Ecuadorian Thrush
Turdus grayi	Clay-colored Thrush
Alethe diademata	White-tailed Alethe
Alethe castanea	Fire-crested Alethe
Tychaedon coryphoeus	Karoo Scrub Robin
Tychaedon leucosticta	Forest Scrub Robin
Tychaedon signata	Brown Scrub Robin
Tychaedon quadrivirgata	Bearded Scrub Robin
Tychaedon barbata	Miombo Scrub Robin
Cercotrichas podobe	Black Scrub Robin
Cercotrichas galactotes	Rufous-tailed Scrub Robin
Cercotrichas paena	Kalahari Scrub Robin
Cercotrichas hartlaubi	Brown-backed Scrub Robin
Cercotrichas leucophrys	White-browed Scrub Robin
Copsychus fulicatus	Indian Robin
Copsychus saularis	Oriental Magpie-Robin
Copsychus pyrropygus	Rufous-tailed Shama
Copsychus albospecularis	Madagascar Magpie-Robin
Copsychus sechellarum	Seychelles Magpie-Robin
Copsychus mindanensis	Philippine Magpie-Robin
Copsychus malabaricus	White-rumped Shama
Copsychus leggei	Sri Lanka Shama
Copsychus stricklandii	White-crowned Shama
Copsychus barbouri	Maratua Shama
Copsychus nigricauda	Kangean Shama
Copsychus albiventris	Andaman Shama
Copsychus omissus	Larwo Shama
Copsychus luzoniensis	White-browed Shama
Copsychus superciliaris	Visayan Shama
Copsychus niger	White-vented Shama
Copsychus cebuensis	Black Shama
Agricola infuscatus	Chat Flycatcher
Agricola pallidus	Pale Flycatcher
Fraseria cinerascens	White-browed Forest Flycatcher
Fraseria ocreata	Fraser's Forest Flycatcher
Fraseria griseigularis	Grey-throated Tit-Flycatcher
Fraseria plumbea	Grey Tit-Flycatcher
Fraseria olivascens	Olivaceous Flycatcher
Fraseria lendu	Chapin's Flycatcher
Fraseria tessmanni	Tessmann's Flycatcher
Fraseria caerulescens	Ashy Flycatcher
Namibornis herero	Herero Chat
Empidornis semipartitus	Silverbird
Sigelus silens	Fiscal Flycatcher
Melaenornis ardesiacus	Yellow-eyed Black Flycatcher
Melaenornis annamarulae	Nimba Flycatcher
Melaenornis edolioides	Northern Black Flycatcher
Melaenornis pammelaina	Southern Black Flycatcher
Melaenornis fischeri	White-eyed Slaty Flycatcher
Melaenornis brunneus	Angola Slaty Flycatcher
Melaenornis chocolatinus	Abyssinian Slaty Flycatcher
Myopornis boehmi	B?hm's Flycatcher
Artomyias ussheri	Ussher's Flycatcher
Artomyias fuliginosa	Sooty Flycatcher
Bradornis comitatus	Dusky-blue Flycatcher
Bradornis mariquensis	Marico Flycatcher
Bradornis microrhynchus	African Grey Flycatcher
Humblotia flavirostris	Humblot's Flycatcher
Muscicapa griseisticta	Grey-streaked Flycatcher
Muscicapa ferruginea	Ferruginous Flycatcher
Muscicapa sibirica	Dark-sided Flycatcher
Muscicapa dauurica	Asian Brown Flycatcher
Muscicapa randi	Ashy-breasted Flycatcher
Muscicapa segregata	Sumba Brown Flycatcher
Muscicapa muttui	Brown-breasted Flycatcher
Muscicapa sodhii	Sulawesi Streaked Flycatcher
Muscicapa williamsoni	Brown-streaked Flycatcher
Muscicapa adusta	African Dusky Flycatcher
Muscicapa epulata	Little Grey Flycatcher
Muscicapa sethsmithi	Yellow-footed Flycatcher
Muscicapa striata	Spotted Flycatcher
Muscicapa gambagae	Gambaga Flycatcher
Muscicapa cassini	Cassin's Flycatcher
Muscicapa aquatica	Swamp Flycatcher
Leucoptilon concretum	White-tailed Flycatcher
Sholicola major	Nilgiri Blue Robin
Sholicola albiventris	White-bellied Blue Robin
Niltava grandis	Large Niltava
Niltava macgrigoriae	Small Niltava
Niltava davidi	Fujian Niltava
Niltava sundara	Rufous-bellied Niltava
Niltava sumatrana	Rufous-vented Niltava
Niltava oatesi	Chinese Vivid Niltava
Niltava vivida	Taiwan Vivid Niltava
Cyanoptila cumatilis	Zappey's Flycatcher
Cyanoptila cyanomelana	Blue-and-white Flycatcher
Eumyias sanfordi	Matinan Blue Flycatcher
Eumyias hoevelli	Blue-fronted Blue Flycatcher
Eumyias hyacinthinus	Timor Blue Flycatcher
Eumyias oscillans	Flores Jungle Flycatcher
Eumyias stresemanni	Sumba Jungle Flycatcher
Eumyias sordidus	Dull-blue Flycatcher
Eumyias albicaudatus	Nilgiri Flycatcher
Eumyias indigo	Indigo Flycatcher
Eumyias thalassinus	Verditer Flycatcher
Eumyias additus	Buru Jungle Flycatcher
Eumyias panayensis	Turquoise Flycatcher
Anthipes solitaris	Rufous-browed Flycatcher
Anthipes monileger	White-gorgeted Flycatcher
Cyornis ruckii	Rück's Blue Flycatcher
Cyornis herioti	Blue-breasted Blue Flycatcher
Cyornis camarinensis	Rufous-breasted Blue Flycatcher
Cyornis hainanus	Hainan Blue Flycatcher
Cyornis pallidipes	White-bellied Blue Flycatcher
Cyornis poliogenys	Pale-chinned Flycatcher
Cyornis unicolor	Pale Blue Flycatcher
Cyornis rubeculoides	Blue-throated Blue Flycatcher
Cyornis glaucicomans	Chinese Blue Flycatcher
Cyornis magnirostris	Large Blue Flycatcher
Cyornis whitei	Hill Blue Flycatcher
Cyornis banyumas	Javan Blue Flycatcher
Cyornis montanus	Dayak Blue Flycatcher
Cyornis kadayangensis	Meratus Blue Flycatcher
Cyornis caerulatus	Sunda Blue Flycatcher
Cyornis turcosus	Malaysian Blue Flycatcher
Cyornis lemprieri	Palawan Blue Flycatcher
Cyornis superbus	Bornean Blue Flycatcher
Cyornis tickelliae	Tickell's Blue Flycatcher
Cyornis sumatrensis	Indochinese Blue Flycatcher
Cyornis rufigastra	Mangrove Blue Flycatcher
Cyornis omissus	Sulawesi Blue Flycatcher
Cyornis kalaoensis	Kalao Blue Flycatcher
Cyornis brunneatus	Brown-chested Jungle Flycatcher
Cyornis nicobaricus	Nicobar Jungle Flycatcher
Cyornis umbratilis	Grey-chested Jungle Flycatcher
Cyornis olivaceus	Fulvous-chested Jungle Flycatcher
Cyornis ruficauda	Philippine Jungle Flycatcher
Cyornis ocularis	Sulu Jungle Flycatcher
Cyornis ruficrissa	Crocker Jungle Flycatcher
Cyornis pelingensis	Banggai Jungle Flycatcher
Cyornis colonus	Sula Jungle Flycatcher
Erithacus rubecula	European Robin
Swynnertonia swynnertoni	Swynnerton's Robin
Pogonocichla stellata	White-starred Robin
Stiphrornis pyrrholaemus	Olive-backed Forest Robin
Stiphrornis erythrothorax	Orange-breasted Forest Robin
Stiphrornis mabirae	Yellow-breasted Forest Robin
Cossyphicula roberti	White-bellied Robin-Chat
Cossyphicula isabellae	Mountain Robin-Chat
Chamaetylas poliocephala	Brown-chested Alethe
Chamaetylas poliophrys	Red-throated Alethe
Chamaetylas choloensis	Thyolo Alethe
Chamaetylas fuelleborni	White-chested Alethe
Cossypha cyanocampter	Blue-shouldered Robin-Chat
Cossypha semirufa	Rüppell's Robin-Chat
Cossypha heuglini	White-browed Robin-Chat
Cossypha natalensis	Red-capped Robin-Chat
Cossypha dichroa	Chorister Robin-Chat
Cossypha heinrichi	White-headed Robin-Chat
Cossypha niveicapilla	Snowy-crowned Robin-Chat
Cossypha albicapillus	White-crowned Robin-Chat
Cichladusa arquata	Collared Palm Thrush
Cichladusa ruficauda	Rufous-tailed Palm Thrush
Cichladusa guttata	Spotted Palm Thrush
Xenocopsychus ansorgei	Angola Cave Chat
Dessonornis archeri	Archer's Ground Robin
Dessonornis anomalus	Olive-flanked Ground Robin
Dessonornis caffer	Cape Robin-Chat
Dessonornis humeralis	White-throated Robin-Chat
Sheppardia polioptera	Grey-winged Robin-Chat
Sheppardia poensis	Short-tailed Akalat
Sheppardia bocagei	Bocage's Akalat
Sheppardia cyornithopsis	Lowland Akalat
Sheppardia aequatorialis	Equatorial Akalat
Sheppardia sharpei	Sharpe's Akalat
Sheppardia gunningi	East Coast Akalat
Sheppardia gabela	Gabela Akalat
Sheppardia montana	Usambara Akalat
Sheppardia lowei	Iringa Akalat
Sheppardia aurantiithorax	Rubeho Akalat
Irania gutturalis	White-throated Robin
Luscinia luscinia	Thrush Nightingale
Luscinia megarhynchos	Common Nightingale
Luscinia phaenicuroides	White-bellied Redstart
Luscinia svecica	Bluethroat
Calliope pectardens	Firethroat
Calliope obscura	Blackthroat
Calliope calliope	Siberian Rubythroat
Calliope pectoralis	Himalayan Rubythroat
Calliope tschebaiewi	Chinese Rubythroat
Myiomela leucura	White-tailed Robin
Myiomela sumatrana	Sumatran Blue Robin
Myiomela diana	Javan Blue Robin
Enicurus scouleri	Little Forktail
Enicurus leschenaulti	White-crowned Forktail
Enicurus borneensis	Bornean Forktail
Enicurus maculatus	Spotted Forktail
Enicurus velatus	Sunda Forktail
Enicurus ruficapillus	Chestnut-naped Forktail
Enicurus immaculatus	Black-backed Forktail
Enicurus schistaceus	Slaty-backed Forktail
Cinclidium frontale	Blue-fronted Robin
Myophonus blighi	Sri Lanka Whistling Thrush
Myophonus melanurus	Shiny Whistling Thrush
Myophonus glaucinus	Javan Whistling Thrush
Myophonus castaneus	Brown-winged Whistling Thrush
Myophonus borneensis	Bornean Whistling Thrush
Myophonus robinsoni	Malayan Whistling Thrush
Myophonus horsfieldii	Malabar Whistling Thrush
Myophonus insularis	Taiwan Whistling Thrush
Myophonus caeruleus	Blue Whistling Thrush
Heinrichia calligyna	Great Shortwing
Leonardina woodi	Bagobo Babbler
Vauriella gularis	Eyebrowed Jungle Flycatcher
Vauriella insignis	White-browed Jungle Flycatcher
Vauriella albigularis	White-throated Jungle Flycatcher
Vauriella goodfellowi	Slaty-backed Jungle Flycatcher
Larvivora brunnea	Indian Blue Robin
Larvivora cyane	Siberian Blue Robin
Larvivora akahige	Japanese Robin
Larvivora tanensis	Izu Robin
Larvivora komadori	Ryukyu Robin
Larvivora namiyei	Okinawa Robin
Larvivora sibilans	Rufous-tailed Robin
Larvivora ruficeps	Rufous-headed Robin
Brachypteryx hyperythra	Rusty-bellied Shortwing
Brachypteryx leucophris	Lesser Shortwing
Brachypteryx cruralis	Himalayan Shortwing
Brachypteryx sinensis	Chinese Shortwing
Brachypteryx goodfellowi	Taiwan Shortwing
Brachypteryx poliogyna	Philippine Shortwing
Brachypteryx erythrogyna	Bornean Shortwing
Brachypteryx saturata	Sumatran Shortwing
Brachypteryx montana	Javan Shortwing
Brachypteryx floris	Flores Shortwing
Ficedula zanthopygia	Yellow-rumped Flycatcher
Ficedula elisae	Green-backed Flycatcher
Ficedula narcissina	Narcissus Flycatcher
Ficedula owstoni	Ryukyu Flycatcher
Ficedula mugimaki	Mugimaki Flycatcher
Ficedula erithacus	Slaty-backed Flycatcher
Ficedula hyperythra	Snowy-browed Flycatcher
Ficedula tricolor	Slaty-blue Flycatcher
Ficedula henrici	Damar Flycatcher
Ficedula hodgsoni	Pygmy Flycatcher
Ficedula strophiata	Rufous-gorgeted Flycatcher
Ficedula sapphira	Sapphire Flycatcher
Ficedula superciliaris	Ultramarine Flycatcher
Ficedula westermanni	Little Pied Flycatcher
Ficedula ruficauda	Rusty-tailed Flycatcher
Ficedula subrubra	Kashmir Flycatcher
Ficedula parva	Red-breasted Flycatcher
Ficedula albicilla	Taiga Flycatcher
Ficedula speculigera	Atlas Pied Flycatcher
Ficedula semitorquata	Semicollared Flycatcher
Ficedula albicollis	Collared Flycatcher
Ficedula hypoleuca	European Pied Flycatcher
Ficedula nigrorufa	Black-and-orange Flycatcher
Ficedula riedeli	Tanimbar Flycatcher
Ficedula dumetoria	Rufous-chested Flycatcher
Ficedula platenae	Palawan Flycatcher
Ficedula disposita	Furtive Flycatcher
Ficedula rufigula	Rufous-throated Flycatcher
Ficedula buruensis	Cinnamon-chested Flycatcher
Ficedula bonthaina	Lompobattang Flycatcher
Ficedula timorensis	Black-banded Flycatcher
Ficedula harterti	Sumba Flycatcher
Ficedula basilanica	Little Slaty Flycatcher
Ficedula crypta	Cryptic Flycatcher
Ficedula luzoniensis	Bundok Flycatcher
Tarsiger cyanurus	Red-flanked Bluetail
Tarsiger albocoeruleus	Qilian Bluetail
Tarsiger rufilatus	Himalayan Bluetail
Tarsiger hyperythrus	Rufous-breasted Bush Robin
Tarsiger indicus	White-browed Bush Robin
Tarsiger formosanus	Taiwan Bush Robin
Tarsiger chrysaeus	Golden Bush Robin
Tarsiger johnstoniae	Collared Bush Robin
Heteroxenicus stellatus	Gould's Shortwing
Phoenicurus erythronotus	Eversmann's Redstart
Phoenicurus alaschanicus	Przevalski's Redstart
Phoenicurus frontalis	Blue-fronted Redstart
Phoenicurus coeruleocephala	Blue-capped Redstart
Phoenicurus schisticeps	White-throated Redstart
Phoenicurus leucocephalus	White-capped Redstart
Phoenicurus bicolor	Luzon Water Redstart
Phoenicurus fuliginosus	Plumbeous Water Redstart
Phoenicurus auroreus	Daurian Redstart
Phoenicurus hodgsoni	Hodgson's Redstart
Phoenicurus erythrogastrus	Güldenst?dt's Redstart
Phoenicurus ochruros	Black Redstart
Phoenicurus moussieri	Moussier's Redstart
Phoenicurus phoenicurus	Common Redstart
Monticola cinclorhyncha	Blue-capped Rock Thrush
Monticola rufiventris	Chestnut-bellied Rock Thrush
Monticola gularis	White-throated Rock Thrush
Monticola brevipes	Short-toed Rock Thrush
Monticola explorator	Sentinel Rock Thrush
Monticola imerina	Littoral Rock Thrush
Monticola erythronotus	Amber Mountain Rock Thrush
Monticola sharpei	Forest Rock Thrush
Monticola rufocinereus	Little Rock Thrush
Monticola saxatilis	Common Rock Thrush
Monticola solitarius	Blue Rock Thrush
Monticola semirufus	White-winged Cliff Chat
Monticola rupestris	Cape Rock Thrush
Monticola angolensis	Miombo Rock Thrush
Saxicola jerdoni	Jerdon's Bush Chat
Saxicola ferreus	Grey Bush Chat
Saxicola gutturalis	White-bellied Bush Chat
Saxicola rubetra	Whinchat
Saxicola macrorhynchus	White-browed Bush Chat
Saxicola caprata	Pied Bush Chat
Saxicola insignis	White-throated Bush Chat
Saxicola leucurus	White-tailed Stonechat
Saxicola maurus	Siberian Stonechat
Saxicola tectes	Reunion Stonechat
Saxicola torquatus	African Stonechat
Saxicola dacotiae	Canary Islands Stonechat
Saxicola rubicola	European Stonechat
Campicoloides bifasciatus	Buff-streaked Chat
Emarginata sinuata	Sickle-winged Chat
Emarginata schlegelii	Karoo Chat
Emarginata tractrac	Tractrac Chat
Pinarochroa sordida	Moorland Chat
Thamnolaea cinnamomeiventris	Mocking Cliff Chat
Myrmecocichla nigra	Sooty Chat
Myrmecocichla aethiops	Anteater Chat
Myrmecocichla formicivora	Ant-eating Chat
Myrmecocichla tholloni	Congo Moor Chat
Myrmecocichla monticola	Mountain Chat
Myrmecocichla melaena	Rüppell's Black Chat
Myrmecocichla arnotti	Arnot's Chat
Oenanthe monacha	Hooded Wheatear
Oenanthe deserti	Desert Wheatear
Oenanthe hispanica	Western Black-eared Wheatear
Oenanthe pleschanka	Pied Wheatear
Oenanthe melanoleuca	Eastern Black-eared Wheatear
Oenanthe cypriaca	Cyprus Wheatear
Oenanthe seebohmi	Atlas Wheatear
Oenanthe oenanthe	Northern Wheatear
Oenanthe pileata	Capped Wheatear
Oenanthe bottae	Buff-breasted Wheatear
Oenanthe frenata	Rusty-breasted Wheatear
Oenanthe isabellina	Isabelline Wheatear
Oenanthe heuglinii	Heuglin's Wheatear
Oenanthe phillipsi	Somali Wheatear
Oenanthe albifrons	White-fronted Black Chat
Oenanthe moesta	Red-rumped Wheatear
Oenanthe melanura	Blackstart
Oenanthe familiaris	Familiar Chat
Oenanthe dubia	Sombre Rock Chat
Oenanthe scotocerca	Brown-tailed Rock Chat
Oenanthe fusca	Brown Rock Chat
Oenanthe picata	Variable Wheatear
Oenanthe albonigra	Hume's Wheatear
Oenanthe finschii	Finsch's Wheatear
Oenanthe lugens	Mourning Wheatear
Oenanthe xanthoprymna	Kurdish Wheatear
Oenanthe chrysopygia	Red-tailed Wheatear
Oenanthe leucura	Black Wheatear
Oenanthe leucopyga	White-crowned Wheatear
Oenanthe lugentoides	Arabian Wheatear
Oenanthe lugubris	Abyssinian Wheatear
Promerops cafer	Cape Sugarbird
Promerops gurneyi	Gurney's Sugarbird
Modulatrix stictigula	Spot-throat
Kakamega poliothorax	Grey-chested Babbler
Arcanator orostruthus	Dapple-throat
Prionochilus maculatus	Yellow-breasted Flowerpecker
Prionochilus percussus	Crimson-breasted Flowerpecker
Prionochilus plateni	Palawan Flowerpecker
Prionochilus xanthopygius	Yellow-rumped Flowerpecker
Prionochilus thoracicus	Scarlet-breasted Flowerpecker
Pachyglossa olivacea	Olive-backed Flowerpecker
Pachyglossa agilis	Thick-billed Flowerpecker
Pachyglossa everetti	Brown-backed Flowerpecker
Pachyglossa propria	Whiskered Flowerpecker
Pachyglossa chrysorrhea	Yellow-vented Flowerpecker
Pachyglossa melanozantha	Yellow-bellied Flowerpecker
Pachyglossa vincens	Legge's Flowerpecker
Dicaeum dayakorum	Spectacled Flowerpecker
Dicaeum annae	Golden-rumped Flowerpecker
Dicaeum aureolimbatum	Yellow-sided Flowerpecker
Dicaeum nigrilore	Olive-capped Flowerpecker
Dicaeum anthonyi	Yellow-crowned Flowerpecker
Dicaeum kampalili	Flame-crowned Flowerpecker
Dicaeum bicolor	Bicolored Flowerpecker
Dicaeum quadricolor	Cebu Flowerpecker
Dicaeum australe	Red-keeled Flowerpecker
Dicaeum haematostictum	Black-belted Flowerpecker
Dicaeum retrocinctum	Scarlet-collared Flowerpecker
Dicaeum trigonostigma	Orange-bellied Flowerpecker
Dicaeum hypoleucum	Buzzing Flowerpecker
Dicaeum erythrorhynchos	Pale-billed Flowerpecker
Dicaeum concolor	Nilgiri Flowerpecker
Dicaeum minullum	Plain Flowerpecker
Dicaeum virescens	Andaman Flowerpecker
Dicaeum pygmaeum	Pygmy Flowerpecker
Dicaeum nehrkorni	Crimson-crowned Flowerpecker
Dicaeum schistaceiceps	Halmahera Flowerpecker
Dicaeum erythrothorax	Buru Flowerpecker
Dicaeum vulneratum	Ashy Flowerpecker
Dicaeum pectorale	Olive-crowned Flowerpecker
Dicaeum geelvinkianum	Red-capped Flowerpecker
Dicaeum nitidum	Louisiade Flowerpecker
Dicaeum eximium	Red-banded Flowerpecker
Dicaeum aeneum	Midget Flowerpecker
Dicaeum tristrami	Mottled Flowerpecker
Dicaeum igniferum	Black-fronted Flowerpecker
Dicaeum maugei	Red-chested Flowerpecker
Dicaeum ignipectus	Fire-breasted Flowerpecker
Dicaeum cambodianum	Cambodian Flowerpecker
Dicaeum luzoniense	Fire-throated Flowerpecker
Dicaeum beccarii	Sumatran Flowerpecker
Dicaeum monticolum	Black-sided Flowerpecker
Dicaeum celebicum	Grey-sided Flowerpecker
Dicaeum sanguinolentum	Javan Flowerpecker
Dicaeum rhodopygiale	Flores Flowerpecker
Dicaeum wilhelminae	Sumba Flowerpecker
Dicaeum hanieli	Timor Flowerpecker
Dicaeum keiense	Pink-breasted Flowerpecker
Dicaeum hirundinaceum	Mistletoebird
Dicaeum cruentatum	Scarlet-backed Flowerpecker
Dicaeum trochileum	Scarlet-headed Flowerpecker
Kurochkinegramma hypogrammicum	Purple-naped Spiderhunter
Arachnothera crassirostris	Thick-billed Spiderhunter
Arachnothera robusta	Long-billed Spiderhunter
Arachnothera flammifera	Orange-tufted Spiderhunter
Arachnothera dilutior	Pale Spiderhunter
Arachnothera longirostra	Little Spiderhunter
Arachnothera juliae	Whitehead's Spiderhunter
Arachnothera clarae	Naked-faced Spiderhunter
Arachnothera chrysogenys	Yellow-eared Spiderhunter
Arachnothera flavigaster	Spectacled Spiderhunter
Arachnothera magna	Streaked Spiderhunter
Arachnothera affinis	Streaky-breasted Spiderhunter
Arachnothera modesta	Grey-breasted Spiderhunter
Arachnothera everetti	Bornean Spiderhunter
Chalcoparia singalensis	Ruby-cheeked Sunbird
Anthreptes reichenowi	Plain-backed Sunbird
Anthreptes anchietae	Anchieta's Sunbird
Anthreptes simplex	Plain Sunbird
Anthreptes malacensis	Brown-throated Sunbird
Anthreptes griseigularis	Grey-throated Sunbird
Anthreptes rhodolaemus	Red-throated Sunbird
Anthreptes gabonicus	Mangrove Sunbird
Anthreptes longuemarei	Western Violet-backed Sunbird
Anthreptes orientalis	Eastern Violet-backed Sunbird
Anthreptes neglectus	Uluguru Violet-backed Sunbird
Anthreptes aurantius	Violet-tailed Sunbird
Anthreptes seimundi	Little Green Sunbird
Anthreptes rectirostris	Yellow-chinned Sunbird
Anthreptes tephrolaemus	Grey-chinned Sunbird
Anthreptes rubritorques	Banded Green Sunbird
Leptocoma zeylonica	Purple-rumped Sunbird
Leptocoma minima	Crimson-backed Sunbird
Leptocoma brasiliana	Van Hasselt's Sunbird
Leptocoma sperata	Purple-throated Sunbird
Leptocoma aspasia	Black Sunbird
Leptocoma calcostetha	Copper-throated Sunbird
Aethopyga duyvenbodei	Elegant Sunbird
Aethopyga ignicauda	Fire-tailed Sunbird
Aethopyga saturata	Black-throated Sunbird
Aethopyga gouldiae	Mrs. Gould's Sunbird
Aethopyga nipalensis	Green-tailed Sunbird
Aethopyga shelleyi	Lovely Sunbird
Aethopyga temminckii	Temminck's Sunbird
Aethopyga mystacalis	Javan Sunbird
Aethopyga vigorsii	Vigors's Sunbird
Aethopyga siparaja	Crimson Sunbird
Aethopyga magnifica	Magnificent Sunbird
Aethopyga christinae	Fork-tailed Sunbird
Aethopyga bella	Handsome Sunbird
Aethopyga eximia	White-flanked Sunbird
Aethopyga flagrans	Flaming Sunbird
Aethopyga guimarasensis	Maroon-naped Sunbird
Aethopyga pulcherrima	Metallic-winged Sunbird
Aethopyga linaraborae	Lina's Sunbird
Aethopyga primigenia	Grey-hooded Sunbird
Aethopyga boltoni	Apo Sunbird
Aethopyga tibolii	Tboli Sunbird
Hedydipna collaris	Collared Sunbird
Hedydipna platura	Pygmy Sunbird
Hedydipna metallica	Nile Valley Sunbird
Hedydipna pallidigaster	Amani Sunbird
Anabathmis reichenbachii	Reichenbach's Sunbird
Anabathmis hartlaubii	Principe Sunbird
Anabathmis newtonii	Newton's Sunbird
Anthobaphes violacea	Orange-breasted Sunbird
Cyanomitra verticalis	Green-headed Sunbird
Cyanomitra bannermani	Bannerman's Sunbird
Cyanomitra cyanolaema	Blue-throated Brown Sunbird
Cyanomitra oritis	Cameroon Sunbird
Cyanomitra alinae	Blue-headed Sunbird
Cyanomitra olivacea	Olive Sunbird
Cyanomitra veroxii	Grey Sunbird
Deleornis axillaris	Grey-headed Sunbird
Deleornis fraseri	Fraser's Sunbird
Dreptes thomensis	Giant Sunbird
Nectarinia bocagii	Bocage's Sunbird
Nectarinia purpureiventris	Purple-breasted Sunbird
Nectarinia tacazze	Tacazze Sunbird
Nectarinia kilimensis	Bronze Sunbird
Nectarinia famosa	Malachite Sunbird
Nectarinia johnstoni	Scarlet-tufted Sunbird
Drepanorhynchus reichenowi	Golden-winged Sunbird
Chalcomitra adelberti	Buff-throated Sunbird
Chalcomitra fuliginosa	Carmelite Sunbird
Chalcomitra rubescens	Green-throated Sunbird
Chalcomitra amethystina	Amethyst Sunbird
Chalcomitra senegalensis	Scarlet-chested Sunbird
Chalcomitra hunteri	Hunter's Sunbird
Chalcomitra balfouri	Socotra Sunbird
Cinnyris chloropygius	Olive-bellied Sunbird
Cinnyris minullus	Tiny Sunbird
Cinnyris gertrudis	Western Miombo Sunbird
Cinnyris manoensis	Eastern Miombo Sunbird
Cinnyris chalybeus	Southern Double-collared Sunbird
Cinnyris neergaardi	Neergaard's Sunbird
Cinnyris stuhlmanni	Rwenzori Double-collared Sunbird
Cinnyris prigoginei	Prigogine's Double-collared Sunbird
Cinnyris ludovicensis	Ludwig's Double-collared Sunbird
Cinnyris reichenowi	Northern Double-collared Sunbird
Cinnyris afer	Greater Double-collared Sunbird
Cinnyris regius	Regal Sunbird
Cinnyris rockefelleri	Rockefeller's Sunbird
Cinnyris mediocris	Eastern Double-collared Sunbird
Cinnyris usambaricus	Usambara Double-collared Sunbird
Cinnyris fuelleborni	Forest Double-collared Sunbird
Cinnyris moreaui	Moreau's Sunbird
Cinnyris loveridgei	Loveridge's Sunbird
Cinnyris pulchellus	Beautiful Sunbird
Cinnyris melanogastrus	Gorgeous Sunbird
Cinnyris mariquensis	Marico Sunbird
Cinnyris shelleyi	Shelley's Sunbird
Cinnyris congensis	Congo Sunbird
Cinnyris erythrocercus	Red-chested Sunbird
Cinnyris nectarinioides	Black-bellied Sunbird
Cinnyris bifasciatus	Purple-banded Sunbird
Cinnyris tsavoensis	Tsavo Sunbird
Cinnyris chalcomelas	Violet-breasted Sunbird
Cinnyris pembae	Pemba Sunbird
Cinnyris bouvieri	Orange-tufted Sunbird
Cinnyris osea	Palestine Sunbird
Cinnyris habessinicus	Abyssinian Sunbird
Cinnyris hellmayri	Arabian Sunbird
Cinnyris coccinigastrus	Splendid Sunbird
Cinnyris johannae	Johanna's Sunbird
Cinnyris superbus	Superb Sunbird
Cinnyris rufipennis	Rufous-winged Sunbird
Cinnyris oustaleti	Oustalet's Sunbird
Cinnyris talatala	White-bellied Sunbird
Cinnyris venustus	Variable Sunbird
Cinnyris fuscus	Dusky Sunbird
Cinnyris ursulae	Ursula's Sunbird
Cinnyris batesi	Bates's Sunbird
Cinnyris cupreus	Copper Sunbird
Cinnyris asiaticus	Purple Sunbird
Cinnyris ornatus	Ornate Sunbird
Cinnyris infrenatus	Tukangbesi Sunbird
Cinnyris frenatus	Sahul Sunbird
Cinnyris jugularis	Garden Sunbird
Cinnyris aurora	Palawan Sunbird
Cinnyris clementiae	South Moluccan Sunbird
Cinnyris teysmanni	Flores Sea Sunbird
Cinnyris idenburgi	Mamberamo Sunbird
Cinnyris buettikoferi	Apricot-breasted Sunbird
Cinnyris solaris	Flame-breasted Sunbird
Cinnyris sovimanga	Souimanga Sunbird
Cinnyris notatus	Malagasy Green Sunbird
Cinnyris dussumieri	Seychelles Sunbird
Cinnyris humbloti	Humblot's Sunbird
Cinnyris comorensis	Anjouan Sunbird
Cinnyris coquerellii	Mayotte Sunbird
Cinnyris lotenius	Loten's Sunbird
Chloropsis flavipennis	Philippine Leafbird
Chloropsis palawanensis	Yellow-throated Leafbird
Chloropsis sonnerati	Greater Green Leafbird
Chloropsis cyanopogon	Lesser Green Leafbird
Chloropsis moluccensis	Blue-winged Leafbird
Chloropsis cochinchinensis	Javan Leafbird
Chloropsis kinabaluensis	Bornean Leafbird
Chloropsis jerdoni	Jerdon's Leafbird
Chloropsis aurifrons	Golden-fronted Leafbird
Chloropsis media	Sumatran Leafbird
Chloropsis hardwickii	Orange-bellied Leafbird
Chloropsis venusta	Blue-masked Leafbird
Irena puella	Asian Fairy-bluebird
Irena tweeddalii	Palawan Fairy-bluebird
Irena cyanogastra	Philippine Fairy-bluebird
Peucedramus taeniatus	Olive Warbler
Urocynchramus pylzowi	Przevalski's Finch
Amblyospiza albifrons	Thick-billed Weaver
Histurgops ruficauda	Rufous-tailed Weaver
Sporopipes frontalis	Speckle-fronted Weaver
Sporopipes squamifrons	Scaly-feathered Weaver
Philetairus socius	Sociable Weaver
Pseudonigrita cabanisi	Black-capped Social Weaver
Pseudonigrita arnaudi	Grey-capped Social Weaver
Plocepasser mahali	White-browed Sparrow-Weaver
Plocepasser superciliosus	Chestnut-crowned Sparrow-Weaver
Plocepasser rufoscapulatus	Chestnut-backed Sparrow-Weaver
Plocepasser donaldsoni	Donaldson Smith's Sparrow-Weaver
Dinemellia dinemelli	White-headed Buffalo Weaver
Bubalornis albirostris	White-billed Buffalo Weaver
Bubalornis niger	Red-billed Buffalo Weaver
Ploceus flavipes	Yellow-legged Weaver
Ploceus bertrandi	Bertram's Weaver
Ploceus baglafecht	Baglafecht Weaver
Ploceus nigrimentus	Black-chinned Weaver
Ploceus bannermani	Bannerman's Weaver
Ploceus batesi	Bates's Weaver
Ploceus luteolus	Little Weaver
Ploceus pelzelni	Slender-billed Weaver
Ploceus subpersonatus	Loango Weaver
Ploceus brachypterus	Olive-naped Weaver
Ploceus nigricollis	Black-necked Weaver
Ploceus ocularis	Spectacled Weaver
Ploceus melanogaster	Black-billed Weaver
Ploceus alienus	Strange Weaver
Ploceus capensis	Cape Weaver
Ploceus temporalis	Bocage's Weaver
Ploceus subaureus	Eastern Golden Weaver
Ploceus xanthops	Holub's Golden Weaver
Ploceus aurantius	Orange Weaver
Ploceus bojeri	Golden Palm Weaver
Ploceus castaneiceps	Taveta Weaver
Ploceus princeps	Principe Weaver
Ploceus xanthopterus	Southern Brown-throated Weaver
Ploceus castanops	Northern Brown-throated Weaver
Ploceus burnieri	Kilombero Weaver
Ploceus holoxanthus	Ruvu Weaver
Ploceus taeniopterus	Northern Masked Weaver
Ploceus intermedius	Lesser Masked Weaver
Ploceus velatus	Southern Masked Weaver
Ploceus vitellinus	Vitelline Masked Weaver
Ploceus reichardi	Tanzanian Masked Weaver
Ploceus katangae	Katanga Masked Weaver
Ploceus ruweti	Lufira Masked Weaver
Ploceus heuglini	Heuglin's Masked Weaver
Ploceus galbula	Rüppell's Weaver
Ploceus spekei	Speke's Weaver
Ploceus spekeoides	Fox's Weaver
Ploceus castaneofuscus	Chestnut-and-black Weaver
Ploceus nigerrimus	Vieillot's Black Weaver
Ploceus cucullatus	Village Weaver
Ploceus grandis	Giant Weaver
Ploceus weynsi	Weyns's Weaver
Ploceus golandi	Kilifi Weaver
Ploceus dichrocephalus	Juba Weaver
Ploceus melanocephalus	Black-headed Weaver
Ploceus jacksoni	Golden-backed Weaver
Ploceus rubiginosus	Chestnut Weaver
Ploceus badius	Cinnamon Weaver
Ploceus aureonucha	Golden-naped Weaver
Ploceus tricolor	Yellow-mantled Weaver
Ploceus albinucha	Maxwell's Black Weaver
Ploceus bicolor	Dark-backed Weaver
Ploceus insignis	Brown-capped Weaver
Ploceus dorsomaculatus	Yellow-capped Weaver
Ploceus preussi	Preuss's Weaver
Ploceus olivaceiceps	Olive-headed Weaver
Ploceus nicolli	Usambara Weaver
Ploceus angolensis	Bar-winged Weaver
Ploceus sanctithomae	Sao Tome Weaver
Ploceus nelicourvi	Nelicourvi Weaver
Ploceus sakalava	Sakalava Weaver
Ploceus manyar	Streaked Weaver
Ploceus philippinus	Baya Weaver
Ploceus hypoxanthus	Asian Golden Weaver
Ploceus megarhynchus	Finn's Weaver
Ploceus benghalensis	Black-breasted Weaver
Pachyphantes superciliosus	Compact Weaver
Quelea cardinalis	Cardinal Quelea
Quelea erythrops	Red-headed Quelea
Quelea quelea	Red-billed Quelea
Foudia madagascariensis	Red Fody
Foudia aldabrana	Aldabra Fody
Foudia eminentissima	Comoro Fody
Foudia omissa	Forest Fody
Foudia rubra	Mauritius Fody
Foudia sechellarum	Seychelles Fody
Foudia flavicans	Rodrigues Fody
Brachycope anomala	Bob-tailed Weaver
Euplectes franciscanus	Northern Red Bishop
Euplectes orix	Southern Red Bishop
Euplectes nigroventris	Zanzibar Red Bishop
Euplectes hordeaceus	Black-winged Red Bishop
Euplectes gierowii	Black Bishop
Euplectes afer	Yellow-crowned Bishop
Euplectes diadematus	Fire-fronted Bishop
Euplectes aureus	Golden-backed Bishop
Euplectes capensis	Yellow Bishop
Euplectes albonotatus	White-winged Widowbird
Euplectes macroura	Yellow-mantled Widowbird
Euplectes laticauda	Red-cowled Widowbird
Euplectes ardens	Red-collared Widowbird
Euplectes axillaris	Fan-tailed Widowbird
Euplectes hartlaubi	Marsh Widowbird
Euplectes psammacromius	Montane Widowbird
Euplectes progne	Long-tailed Widowbird
Euplectes jacksoni	Jackson's Widowbird
Anaplectes jubaensis	Red Weaver
Anaplectes rubriceps	Red-headed Weaver
Malimbus coronatus	Red-crowned Malimbe
Malimbus cassini	Cassin's Malimbe
Malimbus ballmanni	Gola Malimbe
Malimbus racheliae	Rachel's Malimbe
Malimbus scutatus	Red-vented Malimbe
Malimbus ibadanensis	Ibadan Malimbe
Malimbus erythrogaster	Red-bellied Malimbe
Malimbus nitens	Blue-billed Malimbe
Malimbus malimbicus	Crested Malimbe
Malimbus rubricollis	Red-headed Malimbe
Anomalospiza imberbis	Cuckoo-finch
Vidua paradisaea	Long-tailed Paradise Whydah
Vidua obtusa	Broad-tailed Paradise Whydah
Vidua togoensis	Togo Paradise Whydah
Vidua interjecta	Exclamatory Paradise Whydah
Vidua orientalis	Sahel Paradise Whydah
Vidua macroura	Pin-tailed Whydah
Vidua hypocherina	Steel-blue Whydah
Vidua regia	Shaft-tailed Whydah
Vidua fischeri	Straw-tailed Whydah
Vidua chalybeata	Village Indigobird
Vidua codringtoni	Zambezi Indigobird
Vidua purpurascens	Purple Indigobird
Vidua funerea	Dusky Indigobird
Vidua wilsoni	Wilson's Indigobird
Vidua nigeriae	Quailfinch Indigobird
Vidua maryae	Jos Plateau Indigobird
Vidua raricola	Jambandu Indigobird
Vidua larvaticola	Barka Indigobird
Vidua camerunensis	Cameroon Indigobird
Heteromunia pectoralis	Pictorella Mannikin
Oreostruthus fuliginosus	Mountain Firetail
Stagonopleura guttata	Diamond Firetail
Stagonopleura oculata	Red-eared Firetail
Stagonopleura bella	Beautiful Firetail
Neochmia phaeton	Crimson Finch
Neochmia temporalis	Red-browed Finch
Emblema pictum	Painted Finch
Emblema ruficauda	Star Finch
Emblema modestum	Plum-headed Finch
Stizoptera bichenovii	Double-barred Finch
Taeniopygia guttata	Zebra Finch
Poephila personata	Masked Finch
Poephila acuticauda	Long-tailed Finch
Poephila cincta	Black-throated Finch
Spermestes griseicapilla	Grey-headed Silverbill
Spermestes cucullata	Bronze Mannikin
Spermestes fringilloides	Magpie Mannikin
Spermestes bicolor	Black-and-white Mannikin
Lepidopygia nana	Madagascar Mannikin
Euodice malabarica	Indian Silverbill
Euodice cantans	African Silverbill
Padda oryzivora	Java Sparrow
Padda fuscata	Timor Sparrow
Mayrimunia leucosticta	White-spotted Mannikin
Mayrimunia tristissima	Streak-headed Mannikin
Lonchura punctulata	Scaly-breasted Munia
Lonchura kelaarti	Black-throated Munia
Lonchura molucca	Black-faced Munia
Lonchura striata	White-rumped Munia
Lonchura fuscans	Dusky Munia
Lonchura leucogastra	White-bellied Munia
Lonchura leucogastroides	Javan Munia
Lonchura malacca	Tricolored Munia
Lonchura atricapilla	Chestnut Munia
Lonchura ferruginosa	White-capped Munia
Lonchura maja	White-headed Munia
Lonchura pallida	Pale-headed Munia
Lonchura grandis	Great-billed Mannikin
Lonchura teerinki	Black-breasted Mannikin
Lonchura montana	Western Alpine Mannikin
Lonchura monticola	Eastern Alpine Mannikin
Lonchura vana	Grey-banded Mannikin
Lonchura nevermanni	Grey-crowned Mannikin
Lonchura caniceps	Grey-headed Mannikin
Lonchura spectabilis	Hooded Mannikin
Lonchura forbesi	Forbes's Mannikin
Lonchura hunsteini	Mottled Mannikin
Lonchura nigerrima	New Hanover Mannikin
Lonchura flaviprymna	Yellow-rumped Mannikin
Lonchura quinticolor	Five-colored Munia
Lonchura castaneothorax	Chestnut-breasted Mannikin
Lonchura stygia	Black Mannikin
Lonchura melaena	Buff-bellied Mannikin
Chloebia gouldiae	Gouldian Finch
Erythrura prasina	Pin-tailed Parrotfinch
Erythrura viridifacies	Green-faced Parrotfinch
Erythrura hyperythra	Tawny-breasted Parrotfinch
Erythrura psittacea	Red-throated Parrotfinch
Erythrura pealii	Fiji Parrotfinch
Erythrura cyaneovirens	Royal Parrotfinch
Erythrura kleinschmidti	Pink-billed Parrotfinch
Erythrura tricolor	Tricolored Parrotfinch
Erythrura coloria	Red-eared Parrotfinch
Erythrura papuana	Papuan Parrotfinch
Erythrura trichroa	Blue-faced Parrotfinch
Nesocharis ansorgei	White-collared Oliveback
Nesocharis shelleyi	Shelley's Oliveback
Coccopygia quartinia	Yellow-bellied Waxbill
Coccopygia bocagei	Angola Waxbill
Coccopygia melanotis	Swee Waxbill
Mandingoa nitidula	Green Twinspot
Cryptospiza shelleyi	Shelley's Crimsonwing
Cryptospiza jacksoni	Dusky Crimsonwing
Cryptospiza salvadorii	Abyssinian Crimsonwing
Cryptospiza reichenovii	Red-faced Crimsonwing
Parmoptila rubrifrons	Red-fronted Antpecker
Parmoptila woodhousei	Woodhouse's Antpecker
Parmoptila jamesoni	Jameson's Antpecker
Nigrita fusconotus	White-breasted Nigrita
Nigrita bicolor	Chestnut-breasted Nigrita
Nigrita canicapillus	Grey-headed Nigrita
Nigrita luteifrons	Pale-fronted Nigrita
Delacourella capistrata	Grey-headed Oliveback
Brunhilda erythronotos	Black-faced Waxbill
Brunhilda charmosyna	Black-cheeked Waxbill
Glaucestrilda caerulescens	Lavender Waxbill
Glaucestrilda perreini	Grey Waxbill
Glaucestrilda thomensis	Cinderella Waxbill
Estrilda nonnula	Black-crowned Waxbill
Estrilda kandti	Kandt's Waxbill
Estrilda atricapilla	Black-headed Waxbill
Estrilda melpoda	Orange-cheeked Waxbill
Estrilda poliopareia	Anambra Waxbill
Estrilda paludicola	Fawn-breasted Waxbill
Estrilda nigriloris	Black-lored Waxbill
Estrilda astrild	Common Waxbill
Estrilda troglodytes	Black-rumped Waxbill
Estrilda rufibarba	Arabian Waxbill
Estrilda rhodopyga	Crimson-rumped Waxbill
Paludipasser locustella	Locust Finch
Ortygospiza atricollis	Quailfinch
Amadina erythrocephala	Red-headed Finch
Amadina fasciata	Cut-throat Finch
Amandava formosa	Green Avadavat
Amandava subflava	Orange-breasted Waxbill
Amandava amandava	Red Avadavat
Granatina granatina	Violet-eared Waxbill
Granatina ianthinogaster	Purple Grenadier
Uraeginthus angolensis	Blue Waxbill
Uraeginthus bengalus	Red-cheeked Cordon-bleu
Uraeginthus cyanocephalus	Blue-capped Cordon-bleu
Pyrenestes minor	Lesser Seedcracker
Pyrenestes sanguineus	Crimson Seedcracker
Pyrenestes ostrinus	Black-bellied Seedcracker
Spermophaga poliogenys	Grant's Bluebill
Spermophaga haematina	Western Bluebill
Spermophaga ruficapilla	Red-headed Bluebill
Pytilia melba	Green-winged Pytilia
Pytilia afra	Orange-winged Pytilia
Pytilia phoenicoptera	Red-winged Pytilia
Pytilia lineata	Red-billed Pytilia
Pytilia hypogrammica	Yellow-winged Pytilia
Hypargos margaritatus	Pink-throated Twinspot
Hypargos niveoguttatus	Red-throated Twinspot
Euschistospiza dybowskii	Dybowski's Twinspot
Euschistospiza cinereovinacea	Dusky Twinspot
Clytospiza monteiri	Brown Twinspot
Lagonosticta senegala	Red-billed Firefinch
Lagonosticta nitidula	Brown Firefinch
Lagonosticta rufopicta	Bar-breasted Firefinch
Lagonosticta rara	Black-bellied Firefinch
Lagonosticta larvata	Black-faced Firefinch
Lagonosticta rubricata	African Firefinch
Lagonosticta virata	Mali Firefinch
Lagonosticta rhodopareia	Jameson's Firefinch
Lagonosticta umbrinodorsalis	Chad Firefinch
Lagonosticta sanguinodorsalis	Rock Firefinch
Prunella himalayana	Altai Accentor
Prunella collaris	Alpine Accentor
Prunella immaculata	Maroon-backed Accentor
Prunella rubeculoides	Robin Accentor
Prunella atrogularis	Black-throated Accentor
Prunella ocularis	Radde's Accentor
Prunella modularis	Dunnock
Prunella rubida	Japanese Accentor
Prunella montanella	Siberian Accentor
Prunella strophiata	Rufous-breasted Accentor
Prunella koslowi	Kozlov's Accentor
Prunella fulvescens	Brown Accentor
Hypocryptadius cinnamomeus	Cinnamon Ibon
Petronia petronia	Rock Sparrow
Montifringilla nivalis	White-winged Snowfinch
Montifringilla henrici	Tibetan Snowfinch
Montifringilla adamsi	Black-winged Snowfinch
Onychostruthus taczanowskii	White-rumped Snowfinch
Pyrgilauda davidiana	Pere David's Snowfinch
Pyrgilauda ruficollis	Rufous-necked Snowfinch
Pyrgilauda blanfordi	Blanford's Snowfinch
Pyrgilauda theresae	Afghan Snowfinch
Carpospiza brachydactyla	Pale Rockfinch
Gymnoris pyrgita	Yellow-spotted Bush Sparrow
Gymnoris xanthocollis	Yellow-throated Sparrow
Gymnoris superciliaris	Yellow-throated Bush Sparrow
Gymnoris dentata	Sahel Bush Sparrow
Passer griseus	Northern Grey-headed Sparrow
Passer swainsonii	Swainson's Sparrow
Passer gongonensis	Parrot-billed Sparrow
Passer suahelicus	Swahili Sparrow
Passer diffusus	Southern Grey-headed Sparrow
Passer melanurus	Cape Sparrow
Passer eminibey	Chestnut Sparrow
Passer motitensis	Great Sparrow
Passer rufocinctus	Kenya Sparrow
Passer shelleyi	Shelley's Sparrow
Passer cordofanicus	Kordofan Sparrow
Passer cinnamomeus	Russet Sparrow
Passer montanus	Eurasian Tree Sparrow
Passer ammodendri	Saxaul Sparrow
Passer iagoensis	Iago Sparrow
Passer zarudnyi	Zarudny's Sparrow
Passer simplex	Desert Sparrow
Passer moabiticus	Dead Sea Sparrow
Passer luteus	Sudan Golden Sparrow
Passer euchlorus	Arabian Golden Sparrow
Passer flaveolus	Plain-backed Sparrow
Passer insularis	Socotra Sparrow
Passer hemileucus	Abd al-Kuri Sparrow
Passer hispaniolensis	Spanish Sparrow
Passer pyrrhonotus	Sind Sparrow
Passer castanopterus	Somali Sparrow
Passer italiae	Italian Sparrow
Passer domesticus	House Sparrow
Dendronanthus indicus	Forest Wagtail
Motacilla flaviventris	Madagascar Wagtail
Motacilla bocagii	Sao Tome Shorttail
Motacilla capensis	Cape Wagtail
Motacilla clara	Mountain Wagtail
Motacilla cinerea	Grey Wagtail
Motacilla flava	Western Yellow Wagtail
Motacilla citreola	Citrine Wagtail
Motacilla tschutschensis	Eastern Yellow Wagtail
Motacilla aguimp	African Pied Wagtail
Motacilla maderaspatensis	White-browed Wagtail
Motacilla alba	White Wagtail
Motacilla grandis	Japanese Wagtail
Motacilla samveasnae	Mekong Wagtail
Tmetothylacus tenellus	Golden Pipit
Hemimacronyx chloris	Yellow-breasted Pipit
Macronyx sharpei	Sharpe's Longclaw
Macronyx capensis	Cape Longclaw
Macronyx croceus	Yellow-throated Longclaw
Macronyx fuelleborni	Fülleborn's Longclaw
Macronyx flavicollis	Abyssinian Longclaw
Macronyx aurantiigula	Pangani Longclaw
Macronyx ameliae	Rosy-throated Longclaw
Macronyx grimwoodi	Grimwood's Longclaw
Anthus sylvanus	Upland Pipit
Anthus godlewskii	Blyth's Pipit
Anthus hoeschi	Mountain Pipit
Anthus campestris	Tawny Pipit
Anthus berthelotii	Berthelot's Pipit
Anthus similis	Long-billed Pipit
Anthus vaalensis	Buffy Pipit
Anthus nyassae	Wood Pipit
Anthus nicholsoni	Nicholson's Pipit
Anthus novaeseelandiae	New Zealand Pipit
Anthus australis	Australian Pipit
Anthus pallidiventris	Long-legged Pipit
Anthus melindae	Malindi Pipit
Anthus leucophrys	Plain-backed Pipit
Anthus cinnamomeus	African Pipit
Anthus richardi	Richard's Pipit
Anthus rufulus	Paddyfield Pipit
Anthus lineiventris	Striped Pipit
Anthus crenatus	African Rock Pipit
Anthus sokokensis	Sokoke Pipit
Anthus brachyurus	Short-tailed Pipit
Anthus caffer	Bushveld Pipit
Anthus spragueii	Sprague's Pipit
Anthus chii	Yellowish Pipit
Anthus furcatus	Short-billed Pipit
Anthus brevirostris	Puna Pipit
Anthus peruvianus	Peruvian Pipit
Anthus chacoensis	Pampas Pipit
Anthus hellmayri	Hellmayr's Pipit
Anthus bogotensis	Paramo Pipit
Anthus nattereri	Ochre-breasted Pipit
Anthus antarcticus	South Georgia Pipit
Anthus correndera	Correndera Pipit
Anthus gustavi	Pechora Pipit
Anthus ruficollis	Madanga
Anthus gutturalis	Alpine Pipit
Anthus nilghiriensis	Nilgiri Pipit
Anthus trivialis	Tree Pipit
Anthus hodgsoni	Olive-backed Pipit
Anthus cervinus	Red-throated Pipit
Anthus roseatus	Rosy Pipit
Anthus japonicus	Siberian Pipit
Anthus rubescens	American Pipit
Anthus pratensis	Meadow Pipit
Anthus petrosus	European Rock Pipit
Anthus spinoletta	Water Pipit
Fringilla montifringilla	Brambling
Fringilla teydea	Tenerife Blue Chaffinch
Fringilla polatzeki	Gran Canaria Blue Chaffinch
Fringilla spodiogenys	African Chaffinch
Fringilla coelebs	Eurasian Chaffinch
Fringilla moreletti	Azores Chaffinch
Fringilla maderensis	Madeira Chaffinch
Fringilla canariensis	Canary Islands Chaffinch
Chlorophonia elegantissima	Elegant Euphonia
Chlorophonia musica	Hispaniolan Euphonia
Chlorophonia sclateri	Puerto Rican Euphonia
Chlorophonia flavifrons	Lesser Antillean Euphonia
Chlorophonia cyanocephala	Golden-rumped Euphonia
Chlorophonia cyanea	Blue-naped Chlorophonia
Chlorophonia pyrrhophrys	Chestnut-breasted Chlorophonia
Chlorophonia flavirostris	Yellow-collared Chlorophonia
Chlorophonia occipitalis	Blue-crowned Chlorophonia
Chlorophonia callophrys	Golden-browed Chlorophonia
Euphonia jamaica	Jamaican Euphonia
Euphonia saturata	Orange-crowned Euphonia
Euphonia plumbea	Plumbeous Euphonia
Euphonia chlorotica	Purple-throated Euphonia
Euphonia finschi	Finsch's Euphonia
Euphonia concinna	Velvet-fronted Euphonia
Euphonia trinitatis	Trinidad Euphonia
Euphonia godmani	West Mexican Euphonia
Euphonia affinis	Scrub Euphonia
Euphonia luteicapilla	Yellow-crowned Euphonia
Euphonia chrysopasta	White-lored Euphonia
Euphonia minuta	White-vented Euphonia
Euphonia chalybea	Green-chinned Euphonia
Euphonia violacea	Violaceous Euphonia
Euphonia hirundinacea	Yellow-throated Euphonia
Euphonia laniirostris	Thick-billed Euphonia
Euphonia imitans	Spot-crowned Euphonia
Euphonia gouldi	Olive-backed Euphonia
Euphonia fulvicrissa	Fulvous-vented Euphonia
Euphonia anneae	Tawny-capped Euphonia
Euphonia xanthogaster	Orange-bellied Euphonia
Euphonia mesochrysa	Bronze-green Euphonia
Euphonia cayennensis	Golden-sided Euphonia
Euphonia rufiventris	Rufous-bellied Euphonia
Euphonia pectoralis	Chestnut-bellied Euphonia
Mycerobas icterioides	Black-and-yellow Grosbeak
Mycerobas affinis	Collared Grosbeak
Mycerobas melanozanthos	Spot-winged Grosbeak
Mycerobas carnipes	White-winged Grosbeak
Hesperiphona vespertina	Evening Grosbeak
Hesperiphona abeillei	Hooded Grosbeak
Coccothraustes coccothraustes	Hawfinch
Eophona personata	Japanese Grosbeak
Eophona migratoria	Chinese Grosbeak
Carpodacus sipahi	Scarlet Finch
Carpodacus erythrinus	Common Rosefinch
Carpodacus ferreorostris	Bonin Grosbeak
Carpodacus rhodochlamys	Red-mantled Rosefinch
Carpodacus grandis	Blyth's Rosefinch
Carpodacus waltoni	Pink-rumped Rosefinch
Carpodacus davidianus	Chinese Beautiful Rosefinch
Carpodacus pulcherrimus	Himalayan Beautiful Rosefinch
Carpodacus edwardsii	Dark-rumped Rosefinch
Carpodacus rodochroa	Pink-browed Rosefinch
Carpodacus verreauxii	Sharpe's Rosefinch
Carpodacus rodopeplus	Spot-winged Rosefinch
Carpodacus vinaceus	Vinaceous Rosefinch
Carpodacus formosanus	Taiwan Rosefinch
Carpodacus synoicus	Sinai Rosefinch
Carpodacus stoliczkae	Pale Rosefinch
Carpodacus roborowskii	Tibetan Rosefinch
Carpodacus sillemi	Sillem's Rosefinch
Carpodacus rubicilloides	Streaked Rosefinch
Carpodacus rubicilla	Great Rosefinch
Carpodacus sibiricus	Long-tailed Rosefinch
Carpodacus subhimachalus	Crimson-browed Finch
Carpodacus puniceus	Red-fronted Rosefinch
Carpodacus roseus	Pallas's Rosefinch
Carpodacus trifasciatus	Three-banded Rosefinch
Carpodacus thura	Himalayan White-browed Rosefinch
Carpodacus dubius	Chinese White-browed Rosefinch
Melamprosops phaeosoma	Poo-uli
Oreomystis bairdi	Akikiki
Paroreomyza maculata	Oahu Alauahio
Paroreomyza flammea	Kakawahie
Paroreomyza montana	Maui Alauahio
Loxioides bailleui	Palila
Telespiza cantans	Laysan Finch
Telespiza ultima	Nihoa Finch
Chloridops kona	Kona Grosbeak
Rhodacanthis palmeri	Greater Koa Finch
Rhodacanthis flaviceps	Lesser Koa Finch
Ciridops anna	Ula-ai-hawane
Akialoa obscura	Lesser Akialoa
Akialoa ellisiana	Oahu Akialoa
Akialoa stejnegeri	Kauai Akialoa
Akialoa lanaiensis	Maui-nui Akialoa
Palmeria dolei	Akohekohe
Himatione sanguinea	Apapane
Himatione fraithii	Laysan Honeycreeper
Drepanis coccinea	Iiwi
Drepanis pacifica	Hawaii Mamo
Drepanis funerea	Black Mamo
Psittirostra psittacea	Ou
Dysmorodrepanis munroi	Lanai Hookbill
Pseudonestor xanthophrys	Maui Parrotbill
Hemignathus hanapepe	Kauai Nukupuu
Hemignathus lucidus	Oahu Nukupuu
Hemignathus affinis	Maui Nukupuu
Hemignathus wilsoni	Akiapolaau
Magumma parva	Anianiau
Chlorodrepanis virens	Hawaii Amakihi
Chlorodrepanis flava	Oahu Amakihi
Chlorodrepanis stejnegeri	Kauai Amakihi
Viridonia sagittirostris	Greater Amakihi
Loxops mana	Hawaii Creeper
Loxops caeruleirostris	Akekee
Loxops coccineus	Hawaii Akepa
Loxops wolstenholmei	Oahu Akepa
Loxops ochraceus	Maui Akepa
Pinicola enucleator	Pine Grosbeak
Pyrrhula leucogenis	White-cheeked Bullfinch
Pyrrhula nipalensis	Brown Bullfinch
Pyrrhula murina	Azores Bullfinch
Pyrrhula pyrrhula	Eurasian Bullfinch
Pyrrhula aurantiaca	Orange Bullfinch
Pyrrhula erythrocephala	Red-headed Bullfinch
Pyrrhula erythaca	Grey-headed Bullfinch
Pyrrhula owstoni	Taiwan Bullfinch
Rhodopechys sanguineus	Crimson-winged Finch
Bucanetes mongolicus	Mongolian Finch
Bucanetes githagineus	Trumpeter Finch
Agraphospiza rubescens	Blanford's Rosefinch
Pyrrhoplectes epauletta	Golden-naped Finch
Callacanthis burtoni	Spectacled Finch
Procarduelis nipalensis	Dark-breasted Rosefinch
Leucosticte nemoricola	Plain Mountain Finch
Leucosticte brandti	Brandt's Mountain Finch
Leucosticte arctoa	Asian Rosy Finch
Leucosticte tephrocotis	Grey-crowned Rosy Finch
Leucosticte atrata	Black Rosy Finch
Leucosticte australis	Brown-capped Rosy Finch
Haemorhous mexicanus	House Finch
Haemorhous purpureus	Purple Finch
Haemorhous cassinii	Cassin's Finch
Rhodospiza obsoleta	Desert Finch
Rhynchostruthus percivali	Arabian Golden-winged Grosbeak
Rhynchostruthus socotranus	Socotra Golden-winged Grosbeak
Rhynchostruthus louisae	Somali Golden-winged Grosbeak
Chloris chloris	European Greenfinch
Chloris sinica	Oriental Greenfinch
Chloris spinoides	Yellow-breasted Greenfinch
Chloris monguilloti	Vietnamese Greenfinch
Chloris ambigua	Black-headed Greenfinch
Linurgus olivaceus	Oriole Finch
Crithagra leucopygia	White-rumped Seedeater
Crithagra mozambica	Yellow-fronted Canary
Crithagra citrinelloides	African Citril
Crithagra frontalis	Western Citril
Crithagra hyposticta	Southern Citril
Crithagra capistrata	Black-faced Canary
Crithagra koliensis	Papyrus Canary
Crithagra scotops	Forest Canary
Crithagra rothschildi	Arabian Serin
Crithagra atrogularis	Black-throated Canary
Crithagra reichenowi	Reichenow's Seedeater
Crithagra xanthopygia	Yellow-rumped Seedeater
Crithagra citrinipectus	Lemon-breasted Canary
Crithagra dorsostriata	White-bellied Canary
Crithagra flavigula	Yellow-throated Seedeater
Crithagra xantholaema	Salvadori's Seedeater
Crithagra donaldsoni	Northern Grosbeak-Canary
Crithagra buchanani	Southern Grosbeak-Canary
Crithagra sulphurata	Brimstone Canary
Crithagra flaviventris	Yellow Canary
Crithagra albogularis	White-throated Canary
Crithagra striolata	Streaky Seedeater
Crithagra whytii	Yellow-browed Seedeater
Crithagra burtoni	Thick-billed Seedeater
Crithagra melanochroa	Kipengere Seedeater
Crithagra rufobrunnea	Principe Seedeater
Crithagra concolor	Sao Tome Grosbeak
Crithagra leucoptera	Protea Canary
Crithagra mennelli	Black-eared Seedeater
Crithagra canicapilla	West African Seedeater
Crithagra gularis	Streaky-headed Seedeater
Crithagra striatipectus	Stripe-breasted Seedeater
Crithagra reichardi	Reichard's Seedeater
Crithagra tristriata	Brown-rumped Seedeater
Crithagra menachensis	Yemen Serin
Crithagra ankoberensis	Ankober Serin
Crithagra totta	Cape Siskin
Crithagra symonsi	Drakensberg Siskin
Linaria flavirostris	Twite
Linaria cannabina	Common Linnet
Linaria yemenensis	Yemen Linnet
Linaria johannis	Warsangli Linnet
Acanthis flammea	Redpoll
Loxia megaplaga	Hispaniolan Crossbill
Loxia leucoptera	Two-barred Crossbill
Loxia pytyopsittacus	Parrot Crossbill
Loxia scotica	Scottish Crossbill
Loxia sinesciuris	Cassia Crossbill
Loxia curvirostra	Red Crossbill
Chrysocorythus mindanensis	Mindanao Serin
Chrysocorythus estherae	Indonesian Serin
Carduelis citrinella	Citril Finch
Carduelis corsicana	Corsican Finch
Carduelis caniceps	Grey-crowned Goldfinch
Carduelis carduelis	European Goldfinch
Serinus canaria	Atlantic Canary
Serinus serinus	European Serin
Serinus pusillus	Red-fronted Serin
Serinus syriacus	Syrian Serin
Serinus nigriceps	Ethiopian Siskin
Serinus alario	Black-headed Canary
Serinus canicollis	Cape Canary
Serinus flavivertex	Yellow-crowned Canary
Spinus thibetanus	Tibetan Serin
Spinus spinus	Eurasian Siskin
Spinus pinus	Pine Siskin
Spinus atriceps	Black-capped Siskin
Spinus notatus	Black-headed Siskin
Spinus dominicensis	Antillean Siskin
Spinus psaltria	Lesser Goldfinch
Spinus lawrencei	Lawrence's Goldfinch
Spinus tristis	American Goldfinch
Spinus spinescens	Andean Siskin
Spinus yarrellii	Yellow-faced Siskin
Spinus xanthogastrus	Yellow-bellied Siskin
Spinus cucullatus	Red Siskin
Spinus crassirostris	Thick-billed Siskin
Spinus magellanicus	Hooded Siskin
Spinus siemiradzkii	Saffron Siskin
Spinus olivaceus	Olivaceous Siskin
Spinus atratus	Black Siskin
Spinus uropygialis	Yellow-rumped Siskin
Spinus barbatus	Black-chinned Siskin
Rhodinocichla rosea	Rosy Thrush-tanager
Rhynchophanes mccownii	Thick-billed Longspur
Plectrophenax hyperboreus	McKay's Bunting
Plectrophenax nivalis	Snow Bunting
Calcarius lapponicus	Lapland Longspur
Calcarius ornatus	Chestnut-collared Longspur
Calcarius pictus	Smith's Longspur
Emberiza cabanisi	Cabanis's Bunting
Emberiza flaviventris	Golden-breasted Bunting
Emberiza poliopleura	Somali Bunting
Emberiza affinis	Brown-rumped Bunting
Emberiza capensis	Cape Bunting
Emberiza impetuani	Lark-like Bunting
Emberiza socotrana	Socotra Bunting
Emberiza sahari	House Bunting
Emberiza striolata	Striolated Bunting
Emberiza goslingi	Gosling's Bunting
Emberiza tahapisi	Cinnamon-breasted Bunting
Emberiza siemsseni	Slaty Bunting
Emberiza elegans	Yellow-throated Bunting
Emberiza yessoensis	Ochre-rumped Bunting
Emberiza pallasi	Pallas's Reed Bunting
Emberiza schoeniclus	Common Reed Bunting
Emberiza chrysophrys	Yellow-browed Bunting
Emberiza tristrami	Tristram's Bunting
Emberiza variabilis	Grey Bunting
Emberiza rutila	Chestnut Bunting
Emberiza aureola	Yellow-breasted Bunting
Emberiza pusilla	Little Bunting
Emberiza rustica	Rustic Bunting
Emberiza sulphurata	Yellow Bunting
Emberiza personata	Masked Bunting
Emberiza spodocephala	Black-faced Bunting
Emberiza lathami	Crested Bunting
Emberiza melanocephala	Black-headed Bunting
Emberiza bruniceps	Red-headed Bunting
Emberiza calandra	Corn Bunting
Emberiza fucata	Chestnut-eared Bunting
Emberiza koslowi	Tibetan Bunting
Emberiza jankowskii	Jankowski's Bunting
Emberiza cioides	Meadow Bunting
Emberiza godlewskii	Godlewski's Bunting
Emberiza cia	Rock Bunting
Emberiza buchanani	Grey-necked Bunting
Emberiza cineracea	Cinereous Bunting
Emberiza hortulana	Ortolan Bunting
Emberiza caesia	Cretzschmar's Bunting
Emberiza cirlus	Cirl Bunting
Emberiza stewarti	White-capped Bunting
Emberiza leucocephalos	Pine Bunting
Emberiza citrinella	Yellowhammer
Amphispizopsis quinquestriata	Five-striped Sparrow
Amphispiza bilineata	Black-throated Sparrow
Calamospiza melanocorys	Lark Bunting
Chondestes grammacus	Lark Sparrow
Spizella passerina	Chipping Sparrow
Spizella pallida	Clay-colored Sparrow
Spizella atrogularis	Black-chinned Sparrow
Spizella pusilla	Field Sparrow
Spizella breweri	Brewer's Sparrow
Spizella wortheni	Worthen's Sparrow
Oreothraupis arremonops	Tanager Finch
Chlorospingus flavigularis	Yellow-throated Chlorospingus
Chlorospingus parvirostris	Yellow-whiskered Chlorospingus
Chlorospingus canigularis	Ashy-throated Chlorospingus
Chlorospingus pileatus	Sooty-capped Chlorospingus
Chlorospingus flavopectus	Common Chlorospingus
Chlorospingus tacarcunae	Tacarcuna Chlorospingus
Chlorospingus inornatus	Pirre Chlorospingus
Chlorospingus semifuscus	Dusky Chlorospingus
Ammodramus savannarum	Grasshopper Sparrow
Ammodramus humeralis	Grassland Sparrow
Ammodramus aurifrons	Yellow-browed Sparrow
Rhynchospiza stolzmanni	Tumbes Sparrow
Rhynchospiza dabbenei	Yungas Sparrow
Rhynchospiza strigiceps	Chaco Sparrow
Arremonops rufivirgatus	Olive Sparrow
Arremonops chloronotus	Green-backed Sparrow
Arremonops conirostris	Black-striped Sparrow
Arremonops tocuyensis	Tocuyo Sparrow
Peucaea carpalis	Rufous-winged Sparrow
Peucaea sumichrasti	Cinnamon-tailed Sparrow
Peucaea ruficauda	Stripe-headed Sparrow
Peucaea humeralis	Black-chested Sparrow
Peucaea mystacalis	Bridled Sparrow
Peucaea botterii	Botteri's Sparrow
Peucaea cassinii	Cassin's Sparrow
Peucaea aestivalis	Bachman's Sparrow
Arremon costaricensis	Costa Rican Brushfinch
Arremon basilicus	Sierra Nevada Brushfinch
Arremon perijanus	Perija Brushfinch
Arremon atricapillus	Black-headed Brushfinch
Arremon phaeopleurus	Caracas Brushfinch
Arremon phygas	Paria Brushfinch
Arremon assimilis	Grey-browed Brushfinch
Arremon torquatus	White-browed Brushfinch
Arremon aurantiirostris	Orange-billed Sparrow
Arremon abeillei	Black-capped Sparrow
Arremon nigriceps	Maranon Sparrow
Arremon schlegeli	Golden-winged Sparrow
Arremon taciturnus	Pectoral Sparrow
Arremon axillaris	Yellow-mandibled Sparrow
Arremon franciscanus	Sao Francisco Sparrow
Arremon semitorquatus	Half-collared Sparrow
Arremon dorbignii	Moss-backed Sparrow
Arremon flavirostris	Saffron-billed Sparrow
Arremon virenticeps	Green-striped Brushfinch
Arremon brunneinucha	Chestnut-capped Brushfinch
Arremon crassirostris	Sooty-faced Finch
Arremon castaneiceps	Olive Finch
Spizelloides arborea	American Tree Sparrow
Passerella iliaca	Fox Sparrow
Junco hyemalis	Dark-eyed Junco
Junco insularis	Guadalupe Junco
Junco phaeonotus	Yellow-eyed Junco
Junco bairdi	Baird's Junco
Junco vulcani	Volcano Junco
Zonotrichia capensis	Rufous-collared Sparrow
Zonotrichia albicollis	White-throated Sparrow
Zonotrichia querula	Harris's Sparrow
Zonotrichia atricapilla	Golden-crowned Sparrow
Zonotrichia leucophrys	White-crowned Sparrow
Pooecetes gramineus	Vesper Sparrow
Artemisiospiza nevadensis	Sagebrush Sparrow
Artemisiospiza belli	Bell's Sparrow
Oriturus superciliosus	Striped Sparrow
Ammospiza leconteii	LeConte's Sparrow
Ammospiza maritima	Seaside Sparrow
Ammospiza nelsoni	Nelson's Sparrow
Ammospiza caudacuta	Saltmarsh Sparrow
Passerculus sandwichensis	Savannah Sparrow
Centronyx bairdii	Baird's Sparrow
Centronyx henslowii	Henslow's Sparrow
Xenospiza baileyi	Sierra Madre Sparrow
Melospiza melodia	Song Sparrow
Melospiza georgiana	Swamp Sparrow
Melospiza lincolnii	Lincoln's Sparrow
Aimophila rufescens	Rusty Sparrow
Aimophila ruficeps	Rufous-crowned Sparrow
Aimophila notosticta	Oaxaca Sparrow
Melozone kieneri	Rusty-crowned Ground Sparrow
Melozone fusca	Canyon Towhee
Melozone albicollis	White-throated Towhee
Melozone aberti	Abert's Towhee
Melozone crissalis	California Towhee
Melozone leucotis	White-eared Ground Sparrow
Melozone occipitalis	Grey-crowned Ground Sparrow
Melozone biarcuata	Prevost's Ground Sparrow
Melozone cabanisi	Cabanis's Ground Sparrow
Pezopetes capitalis	Large-footed Finch
Torreornis inexpectata	Zapata Sparrow
Pipilo chlorurus	Green-tailed Towhee
Pipilo maculatus	Spotted Towhee
Pipilo erythrophthalmus	Eastern Towhee
Pipilo naufragus	Bermuda Towhee
Pipilo ocai	Collared Towhee
Atlapetes pileatus	Rufous-capped Brushfinch
Atlapetes albinucha	White-naped Brushfinch
Atlapetes tibialis	Yellow-thighed Brushfinch
Atlapetes luteoviridis	Yellow-green Brushfinch
Atlapetes albofrenatus	Moustached Brushfinch
Atlapetes personatus	Tepui Brushfinch
Atlapetes melanocephalus	Santa Marta Brushfinch
Atlapetes semirufus	Ochre-breasted Brushfinch
Atlapetes flaviceps	Yellow-headed Brushfinch
Atlapetes fuscoolivaceus	Dusky-headed Brushfinch
Atlapetes leucopis	White-rimmed Brushfinch
Atlapetes albiceps	White-headed Brushfinch
Atlapetes rufigenis	Rufous-eared Brushfinch
Atlapetes crassus	Choco Brushfinch
Atlapetes tricolor	Tricolored Brushfinch
Atlapetes schistaceus	Slaty Brushfinch
Atlapetes taczanowskii	Taczanowski's Brushfinch
Atlapetes pallidinucha	Pale-naped Brushfinch
Atlapetes blancae	Antioquia Brushfinch
Atlapetes latinuchus	Yellow-breasted Brushfinch
Atlapetes nigrifrons	Black-fronted Brushfinch
Atlapetes leucopterus	White-winged Brushfinch
Atlapetes pallidiceps	Pale-headed Brushfinch
Atlapetes seebohmi	Bay-crowned Brushfinch
Atlapetes nationi	Rusty-bellied Brushfinch
Atlapetes forbesi	Apurimac Brushfinch
Atlapetes melanopsis	Black-spectacled Brushfinch
Atlapetes terborghi	Vilcabamba Brushfinch
Atlapetes canigenis	Cuzco Brushfinch
Atlapetes melanolaemus	Grey-eared Brushfinch
Atlapetes rufinucha	Bolivian Brushfinch
Atlapetes fulviceps	Fulvous-headed Brushfinch
Atlapetes citrinellus	Yellow-striped Brushfinch
Calyptophilus tertius	Western Chat-Tanager
Calyptophilus frugivorus	Eastern Chat-Tanager
Zeledonia coronata	Wrenthrush
Xenoligea montana	White-winged Warbler
Microligea palustris	Green-tailed Warbler
Phaenicophilus palmarum	Black-crowned Palm-tanager
Phaenicophilus poliocephalus	Grey-crowned Palm-tanager
Nesospingus speculiferus	Puerto Rican Tanager
Spindalis zena	Western Spindalis
Spindalis nigricephala	Jamaican Spindalis
Spindalis dominicensis	Hispaniolan Spindalis
Spindalis portoricensis	Puerto Rican Spindalis
Teretistris fernandinae	Yellow-headed Warbler
Teretistris fornsi	Oriente Warbler
Icteria virens	Yellow-breasted Chat
Xanthocephalus xanthocephalus	Yellow-headed Blackbird
Dolichonyx oryzivorus	Bobolink
Sturnella neglecta	Western Meadowlark
Sturnella magna	Eastern Meadowlark
Sturnella lilianae	Chihuahuan Meadowlark
Leistes militaris	Red-breasted Meadowlark
Leistes superciliaris	White-browed Meadowlark
Leistes bellicosus	Peruvian Meadowlark
Leistes defilippii	Pampas Meadowlark
Leistes loyca	Long-tailed Meadowlark
Amblycercus holosericeus	Yellow-billed Cacique
Cassiculus melanicterus	Mexican Cacique
Psarocolius angustifrons	Russet-backed Oropendola
Psarocolius atrovirens	Dusky-green Oropendola
Psarocolius viridis	Green Oropendola
Psarocolius decumanus	Crested Oropendola
Psarocolius wagleri	Chestnut-headed Oropendola
Psarocolius montezuma	Montezuma Oropendola
Psarocolius guatimozinus	Black Oropendola
Psarocolius cassini	Baudo Oropendola
Psarocolius bifasciatus	Olive Oropendola
Cacicus solitarius	Solitary Cacique
Cacicus chrysopterus	Golden-winged Cacique
Cacicus sclateri	Ecuadorian Cacique
Cacicus koepckeae	Selva Cacique
Cacicus uropygialis	Scarlet-rumped Cacique
Cacicus cela	Yellow-rumped Cacique
Cacicus chrysonotus	Mountain Cacique
Cacicus latirostris	Band-tailed Cacique
Cacicus haemorrhous	Red-rumped Cacique
Cacicus oseryi	Casqued Cacique
Icterus dominicensis	Hispaniolan Oriole
Icterus melanopsis	Cuban Oriole
Icterus northropi	Bahama Oriole
Icterus portoricensis	Puerto Rican Oriole
Icterus laudabilis	St. Lucia Oriole
Icterus oberi	Montserrat Oriole
Icterus bonana	Martinique Oriole
Icterus wagleri	Black-vented Oriole
Icterus maculialatus	Bar-winged Oriole
Icterus prosthemelas	Black-cowled Oriole
Icterus spurius	Orchard Oriole
Icterus cucullatus	Hooded Oriole
Icterus chrysater	Yellow-backed Oriole
Icterus auricapillus	Orange-crowned Oriole
Icterus graceannae	White-edged Oriole
Icterus mesomelas	Yellow-tailed Oriole
Icterus cayanensis	Epaulet Oriole
Icterus pyrrhopterus	Variable Oriole
Icterus icterus	Venezuelan Troupial
Icterus jamacaii	Campo Troupial
Icterus croconotus	Orange-backed Troupial
Icterus pustulatus	Streak-backed Oriole
Icterus bullockiorum	Bullock's Oriole
Icterus auratus	Orange Oriole
Icterus leucopteryx	Jamaican Oriole
Icterus nigrogularis	Yellow Oriole
Icterus pectoralis	Spot-breasted Oriole
Icterus gularis	Altamira Oriole
Icterus graduacauda	Audubon's Oriole
Icterus galbula	Baltimore Oriole
Icterus abeillei	Black-backed Oriole
Icterus parisorum	Scott's Oriole
Nesopsar nigerrimus	Jamaican Blackbird
Agelaius phoeniceus	Red-winged Blackbird
Agelaius assimilis	Red-shouldered Blackbird
Agelaius tricolor	Tricolored Blackbird
Agelaius humeralis	Tawny-shouldered Blackbird
Agelaius xanthomus	Yellow-shouldered Blackbird
Molothrus rufoaxillaris	Screaming Cowbird
Molothrus bonariensis	Shiny Cowbird
Molothrus aeneus	Bronzed Cowbird
Molothrus armenti	Bronze-brown Cowbird
Molothrus ater	Brown-headed Cowbird
Molothrus oryzivorus	Giant Cowbird
Dives dives	Melodious Blackbird
Dives warczewiczi	Scrub Blackbird
Ptiloxena atroviolacea	Cuban Blackbird
Euphagus cyanocephalus	Brewer's Blackbird
Euphagus carolinus	Rusty Blackbird
Quiscalus quiscula	Common Grackle
Quiscalus major	Boat-tailed Grackle
Quiscalus mexicanus	Great-tailed Grackle
Quiscalus palustris	Slender-billed Grackle
Quiscalus nicaraguensis	Nicaraguan Grackle
Quiscalus niger	Greater Antillean Grackle
Quiscalus lugubris	Carib Grackle
Macroagelaius subalaris	Colombian Mountain Grackle
Macroagelaius imthurni	Golden-tufted Mountain Grackle
Lampropsar tanagrinus	Velvet-fronted Grackle
Gymnomystax mexicanus	Oriole Blackbird
Hypopyrrhus pyrohypogaster	Red-bellied Grackle
Amblyramphus holosericeus	Scarlet-headed Blackbird
Curaeus curaeus	Austral Blackbird
Anumara forbesi	Forbes's Blackbird
Gnorimopsar chopi	Chopi Blackbird
Agelasticus xanthophthalmus	Pale-eyed Blackbird
Agelasticus cyanopus	Unicolored Blackbird
Agelasticus thilius	Yellow-winged Blackbird
Oreopsar bolivianus	Bolivian Blackbird
Agelaioides fringillarius	Pale Baywing
Agelaioides badius	Greyish Baywing
Chrysomus ruficapillus	Chestnut-capped Blackbird
Chrysomus icterocephalus	Yellow-hooded Blackbird
Xanthopsar flavus	Saffron-cowled Blackbird
Pseudoleistes virescens	Brown-and-yellow Marshbird
Pseudoleistes guirahuro	Yellow-rumped Marshbird
Seiurus aurocapilla	Ovenbird
Parkesia noveboracensis	Northern Waterthrush
Parkesia motacilla	Louisiana Waterthrush
Helmitheros vermivorum	Worm-eating Warbler
Mniotilta varia	Black-and-white Warbler
Protonotaria citrea	Prothonotary Warbler
Limnothlypis swainsonii	Swainson's Warbler
Vermivora bachmanii	Bachman's Warbler
Vermivora chrysoptera	Golden-winged Warbler
Vermivora cyanoptera	Blue-winged Warbler
Oreothlypis gutturalis	Flame-throated Warbler
Oreothlypis superciliosa	Crescent-chested Warbler
Leiothlypis peregrina	Tennessee Warbler
Leiothlypis celata	Orange-crowned Warbler
Leiothlypis crissalis	Colima Warbler
Leiothlypis luciae	Lucy's Warbler
Leiothlypis ruficapilla	Nashville Warbler
Leiothlypis virginiae	Virginia's Warbler
Oporornis agilis	Connecticut Warbler
Leucopeza semperi	Semper's Warbler
Geothlypis philadelphia	Mourning Warbler
Geothlypis tolmiei	MacGillivray's Warbler
Geothlypis poliocephala	Grey-crowned Yellowthroat
Geothlypis velata	Southern Yellowthroat
Geothlypis aequinoctialis	Masked Yellowthroat
Geothlypis auricularis	Black-lored Yellowthroat
Geothlypis formosa	Kentucky Warbler
Geothlypis speciosa	Black-polled Yellowthroat
Geothlypis nelsoni	Hooded Yellowthroat
Geothlypis semiflava	Olive-crowned Yellowthroat
Geothlypis rostrata	Bahama Yellowthroat
Geothlypis trichas	Common Yellowthroat
Geothlypis flavovelata	Altamira Yellowthroat
Geothlypis beldingi	Belding's Yellowthroat
Catharopeza bishopi	Whistling Warbler
Setophaga plumbea	Plumbeous Warbler
Setophaga pharetra	Arrowhead Warbler
Setophaga angelae	Elfin Woods Warbler
Setophaga kirtlandii	Kirtland's Warbler
Setophaga ruticilla	American Redstart
Setophaga citrina	Hooded Warbler
Setophaga caerulescens	Black-throated Blue Warbler
Setophaga cerulea	Cerulean Warbler
Setophaga americana	Northern Parula
Setophaga pitiayumi	Tropical Parula
Setophaga magnolia	Magnolia Warbler
Setophaga fusca	Blackburnian Warbler
Setophaga striata	Blackpoll Warbler
Setophaga castanea	Bay-breasted Warbler
Setophaga pensylvanica	Chestnut-sided Warbler
Setophaga aestiva	American Yellow Warbler
Setophaga petechia	Mangrove Warbler
Setophaga tigrina	Cape May Warbler
Setophaga palmarum	Palm Warbler
Setophaga coronata	Yellow-rumped Warbler
Setophaga flavescens	Bahama Warbler
Setophaga dominica	Yellow-throated Warbler
Setophaga pityophila	Olive-capped Warbler
Setophaga pinus	Pine Warbler
Setophaga discolor	Prairie Warbler
Setophaga vitellina	Vitelline Warbler
Setophaga adelaidae	Adelaide's Warbler
Setophaga delicata	St. Lucia Warbler
Setophaga subita	Barbuda Warbler
Setophaga nigrescens	Black-throated Grey Warbler
Setophaga graciae	Grace's Warbler
Setophaga virens	Black-throated Green Warbler
Setophaga chrysoparia	Golden-cheeked Warbler
Setophaga occidentalis	Hermit Warbler
Setophaga townsendi	Townsend's Warbler
Myiothlypis griseiceps	Grey-headed Warbler
Myiothlypis basilica	Santa Marta Warbler
Myiothlypis luteoviridis	Citrine Warbler
Myiothlypis leucophrys	White-striped Warbler
Myiothlypis flaveola	Flavescent Warbler
Myiothlypis leucoblephara	White-rimmed Warbler
Myiothlypis signata	Pale-legged Warbler
Myiothlypis nigrocristata	Black-crested Warbler
Myiothlypis fulvicauda	Buff-rumped Warbler
Myiothlypis rivularis	Riverbank Warbler
Myiothlypis bivittata	Two-banded Warbler
Myiothlypis chlorophrys	Choco Warbler
Myiothlypis chrysogaster	Cuzco Warbler
Myiothlypis cinereicollis	Grey-throated Warbler
Myiothlypis conspicillata	White-lored Warbler
Myiothlypis fraseri	Grey-and-gold Warbler
Myiothlypis coronata	Russet-crowned Warbler
Basileuterus lachrymosus	Fan-tailed Warbler
Basileuterus rufifrons	Rufous-capped Warbler
Basileuterus delattrii	Chestnut-capped Warbler
Basileuterus melanogenys	Black-cheeked Warbler
Basileuterus ignotus	Pirre Warbler
Basileuterus belli	Golden-browed Warbler
Basileuterus culicivorus	Golden-crowned Warbler
Basileuterus melanotis	Black-eared Warbler
Basileuterus tacarcunae	Tacarcuna Warbler
Basileuterus tristriatus	Three-striped Warbler
Basileuterus punctipectus	Yungas Warbler
Basileuterus trifasciatus	Three-banded Warbler
Cardellina canadensis	Canada Warbler
Cardellina pusilla	Wilson's Warbler
Cardellina rubrifrons	Red-faced Warbler
Cardellina versicolor	Pink-headed Warbler
Cardellina rubra	Red Warbler
Myioborus pictus	Painted Whitestart
Myioborus miniatus	Slate-throated Whitestart
Myioborus brunniceps	Brown-capped Whitestart
Myioborus castaneocapilla	Tepui Whitestart
Myioborus pariae	Paria Whitestart
Myioborus cardonai	Guaiquinima Whitestart
Myioborus albifacies	White-faced Whitestart
Myioborus torquatus	Collared Whitestart
Myioborus flavivertex	Yellow-crowned Whitestart
Myioborus ornatus	Golden-fronted Whitestart
Myioborus melanocephalus	Spectacled Whitestart
Myioborus albifrons	White-fronted Whitestart
Pheucticus chrysopeplus	Yellow Grosbeak
Pheucticus chrysogaster	Golden Grosbeak
Pheucticus tibialis	Black-thighed Grosbeak
Pheucticus aureoventris	Black-backed Grosbeak
Pheucticus ludovicianus	Rose-breasted Grosbeak
Pheucticus melanocephalus	Black-headed Grosbeak
Granatellus venustus	Red-breasted Chat
Granatellus sallaei	Grey-throated Chat
Granatellus pelzelni	Rose-breasted Chat
Granatellus paraensis	Rose-bellied Chat
Spiza americana	Dickcissel
Cyanoloxia glaucocaerulea	Glaucous-blue Grosbeak
Cyanoloxia cyanoides	Blue-black Grosbeak
Cyanoloxia rothschildii	Amazonian Grosbeak
Cyanoloxia brissonii	Ultramarine Grosbeak
Amaurospiza concolor	Blue Seedeater
Amaurospiza aequatorialis	Ecuadorian Seedeater
Amaurospiza carrizalensis	Carrizal Seedeater
Amaurospiza moesta	Blackish-blue Seedeater
Cyanocompsa parellina	Blue Bunting
Passerina cyanea	Indigo Bunting
Passerina amoena	Lazuli Bunting
Passerina caerulea	Blue Grosbeak
Passerina rositae	Rose-bellied Bunting
Passerina leclancherii	Orange-breasted Bunting
Passerina ciris	Painted Bunting
Passerina versicolor	Varied Bunting
Habia rubica	Red-crowned Ant Tanager
Chlorothraupis carmioli	Carmiol's Tanager
Chlorothraupis frenata	Yellow-lored Tanager
Chlorothraupis olivacea	Lemon-spectacled Tanager
Chlorothraupis stolzmanni	Ochre-breasted Tanager
Periporphyrus erythromelas	Red-and-black Grosbeak
Periporphyrus celaeno	Crimson-collared Grosbeak
Caryothraustes poliogaster	Black-faced Grosbeak
Caryothraustes canadensis	Yellow-green Grosbeak
Cardinalis phoeniceus	Vermilion Cardinal
Cardinalis cardinalis	Northern Cardinal
Cardinalis sinuatus	Pyrrhuloxia
Driophlox fuscicauda	Red-throated Ant Tanager
Driophlox gutturalis	Sooty Ant Tanager
Driophlox atrimaxillaris	Black-cheeked Ant Tanager
Driophlox cristata	Crested Ant Tanager
Piranga erythrocephala	Red-headed Tanager
Piranga rubriceps	Red-hooded Tanager
Piranga leucoptera	White-winged Tanager
Piranga roseogularis	Rose-throated Tanager
Piranga rubra	Summer Tanager
Piranga flava	Hepatic Tanager
Piranga olivacea	Scarlet Tanager
Piranga ludoviciana	Western Tanager
Piranga bidentata	Flame-colored Tanager
Orthogonys chloricterus	Olive-green Tanager
Lamprospiza melanoleuca	Red-billed Pied Tanager
Mitrospingus cassinii	Dusky-faced Tanager
Mitrospingus oleagineus	Olive-backed Tanager
Orchesticus abeillei	Brown Tanager
Parkerthraustes humeralis	Yellow-shouldered Grosbeak
Sericossypha albocristata	White-capped Tanager
Compsothraupis loricata	Scarlet-throated Tanager
Cyanicterus cyanicterus	Blue-backed Tanager
Nemosia rourei	Cherry-throated Tanager
Nemosia pileata	Hooded Tanager
Tersina viridis	Swallow Tanager
Cyanerpes nitidus	Short-billed Honeycreeper
Cyanerpes lucidus	Shining Honeycreeper
Cyanerpes caeruleus	Purple Honeycreeper
Cyanerpes cyaneus	Red-legged Honeycreeper
Dacnis albiventris	White-bellied Dacnis
Dacnis lineata	Black-faced Dacnis
Dacnis flaviventer	Yellow-bellied Dacnis
Dacnis hartlaubi	Turquoise Dacnis
Dacnis nigripes	Black-legged Dacnis
Dacnis venusta	Scarlet-thighed Dacnis
Dacnis cayana	Blue Dacnis
Dacnis viguieri	Viridian Dacnis
Dacnis berlepschi	Scarlet-breasted Dacnis
Iridophanes pulcherrimus	Golden-collared Honeycreeper
Chlorophanes spiza	Green Honeycreeper
Heterospingus rubrifrons	Sulphur-rumped Tanager
Heterospingus xanthopygius	Scarlet-browed Tanager
Chrysothlypis salmoni	Scarlet-and-white Tanager
Chrysothlypis chrysomelas	Black-and-yellow Tanager
Hemithraupis guira	Guira Tanager
Hemithraupis ruficapilla	Rufous-headed Tanager
Hemithraupis flavicollis	Yellow-backed Tanager
Creurgops verticalis	Rufous-crested Tanager
Creurgops dentatus	Slaty Tanager
Volatinia jacarina	Blue-black Grassquit
Conothraupis speculigera	Black-and-white Tanager
Conothraupis mesoleuca	Cone-billed Tanager
Eucometis penicillata	Grey-headed Tanager
Heliothraupis oneilli	Inti Tanager
Trichothraupis melanops	Black-goggled Tanager
Loriotus cristatus	Flame-crested Tanager
Loriotus rufiventer	Yellow-crested Tanager
Loriotus luctuosus	White-shouldered Tanager
Coryphospingus cucullatus	Red Pileated Finch
Coryphospingus pileatus	Grey Pileated Finch
Rhodospingus cruentus	Crimson-breasted Finch
Lanio fulvus	Fulvous Shrike-Tanager
Lanio versicolor	White-winged Shrike-Tanager
Lanio aurantius	Black-throated Shrike-Tanager
Lanio leucothorax	White-throated Shrike-Tanager
Tachyphonus surinamus	Fulvous-crested Tanager
Tachyphonus delatrii	Tawny-crested Tanager
Tachyphonus coronatus	Ruby-crowned Tanager
Tachyphonus rufus	White-lined Tanager
Tachyphonus phoenicius	Red-shouldered Tanager
Ramphocelus sanguinolentus	Crimson-collared Tanager
Ramphocelus flammigerus	Flame-rumped Tanager
Ramphocelus passerinii	Scarlet-rumped Tanager
Ramphocelus bresilia	Brazilian Tanager
Ramphocelus melanogaster	Huallaga Tanager
Ramphocelus carbo	Silver-beaked Tanager
Ramphocelus nigrogularis	Masked Crimson Tanager
Ramphocelus dimidiatus	Crimson-backed Tanager
Charitospiza eucosma	Coal-crested Finch
Conirostrum bicolor	Bicolored Conebill
Conirostrum margaritae	Pearly-breasted Conebill
Conirostrum speciosum	Chestnut-vented Conebill
Conirostrum leucogenys	White-eared Conebill
Conirostrum binghami	Giant Conebill
Conirostrum ferrugineiventre	White-browed Conebill
Conirostrum sitticolor	Blue-backed Conebill
Conirostrum albifrons	Capped Conebill
Conirostrum tamarugense	Tamarugo Conebill
Conirostrum rufum	Rufous-browed Conebill
Conirostrum cinereum	Cinereous Conebill
Phrygilus atriceps	Black-hooded Sierra Finch
Phrygilus punensis	Peruvian Sierra Finch
Phrygilus gayi	Grey-hooded Sierra Finch
Phrygilus patagonicus	Patagonian Sierra Finch
Nesospiza acunhae	Inaccessible Island Finch
Nesospiza questi	Nightingale Island Finch
Nesospiza wilkinsi	Wilkins's Finch
Rowettia goughensis	Gough Finch
Melanodera melanodera	White-bridled Finch
Melanodera xanthogramma	Yellow-bridled Finch
Sicalis citrina	Stripe-tailed Yellow Finch
Sicalis lutea	Puna Yellow Finch
Sicalis uropygialis	Bright-rumped Yellow Finch
Sicalis luteocephala	Citron-headed Yellow Finch
Sicalis auriventris	Greater Yellow Finch
Sicalis olivascens	Greenish Yellow Finch
Sicalis mendozae	Monte Yellow Finch
Sicalis lebruni	Patagonian Yellow Finch
Sicalis columbiana	Orange-fronted Yellow Finch
Sicalis flaveola	Saffron Finch
Sicalis luteola	Grassland Yellow Finch
Sicalis raimondii	Raimondi's Yellow Finch
Sicalis taczanowskii	Sulphur-throated Finch
Idiopsar dorsalis	Red-backed Sierra Finch
Idiopsar erythronotus	White-throated Sierra Finch
Idiopsar speculifer	Glacier Finch
Idiopsar brachyurus	Boulder Finch
Xenodacnis parina	Tit-like Dacnis
Xenodacnis petersi	Streaked Dacnis
Geospizopsis plebejus	Ash-breasted Sierra Finch
Geospizopsis unicolor	Plumbeous Sierra Finch
Haplospiza unicolor	Uniform Finch
Haplospiza rustica	Slaty Finch
Acanthidops bairdi	Peg-billed Finch
Catamenia analis	Band-tailed Seedeater
Catamenia inornata	Plain-colored Seedeater
Catamenia homochroa	Paramo Seedeater
Diglossa gloriosissima	Chestnut-bellied Flowerpiercer
Diglossa lafresnayii	Glossy Flowerpiercer
Diglossa mystacalis	Moustached Flowerpiercer
Diglossa gloriosa	Merida Flowerpiercer
Diglossa humeralis	Black Flowerpiercer
Diglossa brunneiventris	Black-throated Flowerpiercer
Diglossa carbonaria	Grey-bellied Flowerpiercer
Diglossa venezuelensis	Venezuelan Flowerpiercer
Diglossa albilatera	White-sided Flowerpiercer
Diglossa duidae	Scaled Flowerpiercer
Diglossa major	Greater Flowerpiercer
Diglossa indigotica	Indigo Flowerpiercer
Diglossa baritula	Cinnamon-bellied Flowerpiercer
Diglossa plumbea	Slaty Flowerpiercer
Diglossa sittoides	Rusty Flowerpiercer
Diglossa glauca	Golden-eyed Flowerpiercer
Diglossa caerulescens	Bluish Flowerpiercer
Diglossa cyanea	Masked Flowerpiercer
Saltatricula atricollis	Black-throated Saltator
Saltatricula multicolor	Many-colored Chaco Finch
Saltator maximus	Buff-throated Saltator
Saltator atripennis	Black-winged Saltator
Saltator atriceps	Black-headed Saltator
Saltator orenocensis	Orinoco Saltator
Saltator olivascens	Olive-grey Saltator
Saltator grandis	Cinnamon-bellied Saltator
Saltator coerulescens	Bluish-grey Saltator
Saltator striatipectus	Streaked Saltator
Saltator albicollis	Lesser Antillean Saltator
Saltator similis	Green-winged Saltator
Saltator nigriceps	Black-cowled Saltator
Saltator maxillosus	Thick-billed Saltator
Saltator aurantiirostris	Golden-billed Saltator
Saltator cinctus	Masked Saltator
Saltator grossus	Slate-colored Grosbeak
Saltator fuliginosus	Black-throated Grosbeak
Coryphaspiza melanotis	Black-masked Finch
Embernagra longicauda	Serra Finch
Embernagra platensis	Pampa Finch
Emberizoides herbicola	Wedge-tailed Grass Finch
Emberizoides duidae	Duida Grass Finch
Emberizoides ypiranganus	Lesser Grass Finch
Rhopospina fruticeti	Mourning Sierra Finch
Rhopospina caerulescens	Blue Finch
Rhopospina alaudina	Band-tailed Sierra Finch
Rhopospina carbonaria	Carbonated Sierra Finch
Incaspiza pulchra	Great Inca Finch
Incaspiza personata	Rufous-backed Inca Finch
Incaspiza ortizi	Grey-winged Inca Finch
Incaspiza laeta	Buff-bridled Inca Finch
Incaspiza watkinsi	Little Inca Finch
Sporophila bouvronides	Lesson's Seedeater
Sporophila lineola	Lined Seedeater
Sporophila leucoptera	White-bellied Seedeater
Sporophila peruviana	Parrot-billed Seedeater
Sporophila telasco	Chestnut-throated Seedeater
Sporophila simplex	Drab Seedeater
Sporophila castaneiventris	Chestnut-bellied Seedeater
Sporophila minuta	Ruddy-breasted Seedeater
Sporophila nigrorufa	Black-and-tawny Seedeater
Sporophila bouvreuil	Copper Seedeater
Sporophila pileata	Pearly-bellied Seedeater
Sporophila hypoxantha	Tawny-bellied Seedeater
Sporophila ruficollis	Dark-throated Seedeater
Sporophila iberaensis	Ibera Seedeater
Sporophila palustris	Marsh Seedeater
Sporophila hypochroma	Rufous-rumped Seedeater
Sporophila cinnamomea	Chestnut Seedeater
Sporophila melanogaster	Black-bellied Seedeater
Sporophila funerea	Thick-billed Seed Finch
Sporophila angolensis	Chestnut-bellied Seed Finch
Sporophila nuttingi	Nicaraguan Seed Finch
Sporophila maximiliani	Great-billed Seed Finch
Sporophila crassirostris	Large-billed Seed Finch
Sporophila atrirostris	Black-billed Seed Finch
Sporophila corvina	Variable Seedeater
Sporophila intermedia	Grey Seedeater
Sporophila americana	Wing-barred Seedeater
Sporophila morelleti	Morelet's Seedeater
Sporophila torqueola	Cinnamon-rumped Seedeater
Sporophila fringilloides	White-naped Seedeater
Sporophila luctuosa	Black-and-white Seedeater
Sporophila nigricollis	Yellow-bellied Seedeater
Sporophila ardesiaca	Dubois's Seedeater
Sporophila caerulescens	Double-collared Seedeater
Sporophila schistacea	Slate-colored Seedeater
Sporophila falcirostris	Temminck's Seedeater
Sporophila frontalis	Buffy-fronted Seedeater
Sporophila plumbea	Plumbeous Seedeater
Sporophila beltoni	Tropeiro Seedeater
Sporophila collaris	Rusty-collared Seedeater
Sporophila albogularis	White-throated Seedeater
Piezorina cinerea	Cinereous Finch
Xenospingus concolor	Slender-billed Finch
Pseudospingus verticalis	Black-headed Hemispingus
Pseudospingus xanthophthalmus	Drab Hemispingus
Poospiza goeringi	Slaty-backed Hemispingus
Poospiza rufosuperciliaris	Rufous-browed Hemispingus
Poospiza boliviana	Bolivian Warbling Finch
Poospiza ornata	Cinnamon Warbling Finch
Poospiza whitii	Black-and-chestnut Warbling Finch
Poospiza nigrorufa	Black-and-rufous Warbling Finch
Poospiza rubecula	Rufous-breasted Warbling Finch
Poospiza hispaniolensis	Collared Warbling Finch
Poospiza garleppi	Cochabamba Mountain Finch
Poospiza baeri	Tucuman Mountain Finch
Cnemoscopus rubrirostris	Grey-hooded Bush Tanager
Castanozoster thoracicus	Bay-chested Warbling Finch
Poospizopsis caesar	Chestnut-breasted Mountain Finch
Poospizopsis hypocondria	Rufous-sided Warbling Finch
Donacospiza albifrons	Long-tailed Reed Finch
Cypsnagra hirundinacea	White-rumped Tanager
Urothraupis stolzmanni	Black-backed Bush Tanager
Nephelornis oneilli	Pardusco
Microspingus alticola	Plain-tailed Warbling Finch
Microspingus erythrophrys	Rusty-browed Warbling Finch
Microspingus lateralis	Buff-throated Warbling Finch
Microspingus cabanisi	Grey-throated Warbling Finch
Microspingus torquatus	Ringed Warbling Finch
Microspingus melanoleucus	Black-capped Warbling Finch
Microspingus cinereus	Cinereous Warbling Finch
Microspingus trifasciatus	Three-striped Hemispingus
Kleinothraupis atropileus	Black-capped Hemispingus
Kleinothraupis calophrys	Orange-browed Hemispingus
Kleinothraupis parodii	Parodi's Hemispingus
Kleinothraupis reyi	Grey-capped Hemispingus
Sphenopsis frontalis	Oleaginous Hemispingus
Sphenopsis melanotis	Black-eared Hemispingus
Sphenopsis ochracea	Western Hemispingus
Sphenopsis piurae	Piura Hemispingus
Thlypopsis sordida	Orange-headed Tanager
Thlypopsis inornata	Buff-bellied Tanager
Thlypopsis fulviceps	Fulvous-headed Tanager
Thlypopsis pyrrhocoma	Chestnut-headed Tanager
Thlypopsis ruficeps	Rust-and-yellow Tanager
Thlypopsis superciliaris	Superciliaried Hemispingus
Thlypopsis ornata	Rufous-chested Tanager
Thlypopsis pectoralis	Brown-flanked Tanager
Catamblyrhynchus diadema	Plushcap
Coereba flaveola	Bananaquit
Tiaris olivaceus	Yellow-faced Grassquit
Euneornis campestris	Orangequit
Melopyrrha portoricensis	Puerto Rican Bullfinch
Melopyrrha grandis	St. Kitts Bullfinch
Melopyrrha nigra	Cuban Bullfinch
Melopyrrha taylori	Grand Cayman Bullfinch
Melopyrrha violacea	Greater Antillean Bullfinch
Loxipasser anoxanthus	Yellow-shouldered Grassquit
Phonipara canora	Cuban Grassquit
Loxigilla barbadensis	Barbados Bullfinch
Loxigilla noctis	Lesser Antillean Bullfinch
Melanospiza richardsoni	St. Lucia Black Finch
Melanospiza bicolor	Black-faced Grassquit
Asemospiza fuliginosa	Sooty Grassquit
Asemospiza obscura	Dull-colored Grassquit
Certhidea olivacea	Green Warbler-Finch
Certhidea fusca	Grey Warbler-Finch
Platyspiza crassirostris	Vegetarian Finch
Pinaroloxias inornata	Cocos Finch
Camarhynchus pallidus	Woodpecker Finch
Camarhynchus psittacula	Large Tree Finch
Camarhynchus pauper	Medium Tree Finch
Camarhynchus parvulus	Small Tree Finch
Camarhynchus heliobates	Mangrove Finch
Geospiza fuliginosa	Small Ground Finch
Geospiza magnirostris	Large Ground Finch
Geospiza septentrionalis	Vampire Ground Finch
Geospiza acutirostris	Genovesa Ground Finch
Geospiza difficilis	Sharp-beaked Ground Finch
Geospiza scandens	Common Cactus Finch
Geospiza fortis	Medium Ground Finch
Geospiza conirostris	Espanola Cactus Finch
Geospiza propinqua	Genovesa Cactus Finch
Calochaetes coccineus	Vermilion Tanager
Iridosornis porphyrocephalus	Purplish-mantled Tanager
Iridosornis analis	Yellow-throated Tanager
Iridosornis jelskii	Golden-collared Tanager
Iridosornis rufivertex	Golden-crowned Tanager
Iridosornis reinhardti	Yellow-scarfed Tanager
Pipraeidea melanonota	Fawn-breasted Tanager
Rauenia bonariensis	Blue-and-yellow Tanager
Pseudosaltator rufiventris	Rufous-bellied Mountain Tanager
Dubusia taeniata	Buff-banded Mountain Tanager
Dubusia carrikeri	Carriker's Mountain Tanager
Dubusia stictocephala	Streak-crowned Mountain Tanager
Dubusia castaneoventris	Chestnut-bellied Mountain Tanager
Sporathraupis cyanocephala	Blue-capped Tanager
Buthraupis montana	Hooded Mountain Tanager
Tephrophilus wetmorei	Masked Mountain Tanager
Chlorornis riefferii	Grass-green Tanager
Cnemathraupis aureodorsalis	Golden-backed Mountain Tanager
Cnemathraupis eximia	Black-chested Mountain Tanager
Anisognathus melanogenys	Santa Marta Mountain Tanager
Anisognathus lacrymosus	Lacrimose Mountain Tanager
Anisognathus igniventris	Scarlet-bellied Mountain Tanager
Anisognathus somptuosus	Blue-winged Mountain Tanager
Anisognathus notabilis	Black-chinned Mountain Tanager
Chlorochrysa phoenicotis	Glistening-green Tanager
Chlorochrysa calliparaea	Orange-eared Tanager
Chlorochrysa nitidissima	Multicolored Tanager
Neothraupis fasciata	Shrike-like Tanager
Lophospingus griseocristatus	Grey-crested Finch
Lophospingus pusillus	Black-crested Finch
Gubernatrix cristata	Yellow Cardinal
Diuca diuca	Diuca Finch
Stephanophorus diadematus	Diademed Tanager
Cissopis leverianus	Magpie Tanager
Schistochlamys ruficapillus	Cinnamon Tanager
Schistochlamys melanopis	Black-faced Tanager
Paroaria coronata	Red-crested Cardinal
Paroaria dominicana	Red-cowled Cardinal
Paroaria nigrogenis	Masked Cardinal
Paroaria gularis	Red-capped Cardinal
Paroaria baeri	Crimson-fronted Cardinal
Paroaria capitata	Yellow-billed Cardinal
Wetmorethraupis sterrhopteron	Orange-throated Tanager
Bangsia arcaei	Blue-and-gold Tanager
Bangsia melanochlamys	Black-and-gold Tanager
Bangsia rothschildi	Golden-chested Tanager
Bangsia edwardsi	Moss-backed Tanager
Bangsia aureocincta	Gold-ringed Tanager
Bangsia flavovirens	Yellow-green Tanager
Tangara vassorii	Blue-and-black Tanager
Tangara nigroviridis	Beryl-spangled Tanager
Tangara dowii	Spangle-cheeked Tanager
Tangara fucosa	Green-naped Tanager
Tangara labradorides	Metallic-green Tanager
Tangara cyanotis	Blue-browed Tanager
Tangara inornata	Plain-colored Tanager
Tangara mexicana	Turquoise Tanager
Tangara brasiliensis	White-bellied Tanager
Tangara chilensis	Paradise Tanager
Tangara velia	Opal-rumped Tanager
Tangara callophrys	Opal-crowned Tanager
Tangara seledon	Green-headed Tanager
Tangara fastuosa	Seven-colored Tanager
Tangara cyanocephala	Red-necked Tanager
Tangara desmaresti	Brassy-breasted Tanager
Tangara cyanoventris	Gilt-edged Tanager
Tangara lavinia	Rufous-winged Tanager
Tangara gyrola	Bay-headed Tanager
Tangara rufigenis	Rufous-cheeked Tanager
Tangara chrysotis	Golden-eared Tanager
Tangara xanthocephala	Saffron-crowned Tanager
Tangara parzudakii	Flame-faced Tanager
Tangara schrankii	Green-and-gold Tanager
Tangara johannae	Blue-whiskered Tanager
Tangara arthus	Golden Tanager
Tangara florida	Emerald Tanager
Tangara icterocephala	Silver-throated Tanager
Chalcothraupis ruficervix	Golden-naped Tanager
Thraupis episcopus	Blue-grey Tanager
Thraupis sayaca	Sayaca Tanager
Thraupis glaucocolpa	Glaucous Tanager
Thraupis cyanoptera	Azure-shouldered Tanager
Thraupis ornata	Golden-chevroned Tanager
Thraupis abbas	Yellow-winged Tanager
Thraupis palmarum	Palm Tanager
Ixothraupis varia	Dotted Tanager
Ixothraupis rufigula	Rufous-throated Tanager
Ixothraupis guttata	Speckled Tanager
Ixothraupis xanthogastra	Yellow-bellied Tanager
Ixothraupis punctata	Spotted Tanager
Poecilostreptus cabanisi	Azure-rumped Tanager
Poecilostreptus palmeri	Grey-and-gold Tanager
Stilpnia whitelyi	Black-hooded Tanager
Stilpnia cyanoptera	Black-headed Tanager
Stilpnia viridicollis	Silver-backed Tanager
Stilpnia heinei	Black-capped Tanager
Stilpnia argyrofenges	Straw-backed Tanager
Stilpnia phillipsi	Sira Tanager
Stilpnia peruviana	Black-backed Tanager
Stilpnia preciosa	Chestnut-backed Tanager
Stilpnia meyerdeschauenseei	Green-capped Tanager
Stilpnia cayana	Burnished-buff Tanager
Stilpnia cucullata	Lesser Antillean Tanager
Stilpnia vitriolina	Scrub Tanager
Stilpnia nigrocincta	Masked Tanager
Stilpnia larvata	Golden-hooded Tanager
Stilpnia cyanicollis	Blue-necked Tanager
